PAC,long,lat
3869809238466590,-38.46659000012835,-3.869809199734732
3858086238471499,-38.47149899987892,-3.8580861996183557
3858336238470831,-38.47083099965084,-3.8583362003553248
3859640738470982,-38.470982000319,-3.859640700258069
3857448938471999,-38.47199899955416,-3.857448900446343
3857448938471999,-38.47180100031585,-3.857874699757531
3859216538471156F,-38.47115600024915,-3.8592164999414535
3859640738470982,-38.470982000319,-3.859640700258069
3859923138470880,-38.47088000011189,-3.859923099971013
3858050538471601F,-38.471601000086025,-3.858050500130446
3858050538471601F,-38.47149899987892,-3.8580861996183557
3858279038470984,-38.47083099965084,-3.8583362003553248
3858449538470493,-38.47033400011395,-3.8585120996536375
3858704838469702,-38.469682999770555,-3.858711599860385
3858816238469416,-38.46941600004834,-3.8588162000075954
3858930138469131,-38.46913100039529,-3.858930100044063
3858930138469131,-38.46879200005071,-3.8590706002279944
3858081538471494F,-38.47141599964863,-3.8580044998077483
3858342438470833F,-38.47084999962772,-3.858384799718692
3859642838470988F,-38.47122499983385,-3.859721599672014
3859642838470988F,-38.47125200017962,-3.8597228002669794
3880168238459021F,-38.4590640002034,-3.880253800072751
3861237738466706,-38.46657500033598,-3.860779500073818
3863146338464668,-38.46466799962843,-3.863155499926336
3863487338463533F,-38.463566000070784,-3.86360690023821
3863146338464668,-38.46427699958383,-3.8632685995661973
3863146338464668,-38.46353300034764,-3.8634873002986296
3858443538471521,-38.47171700003946,-3.85807000013034
3859923138470880,-38.47088899962756,-3.859921799551387
3857563138466556,-38.466898999988814,-3.857537599680427
3857563138466556,-38.46757599973256,-3.8574765995653593
3857563138466556,-38.46752199994029,-3.857020500295789
3859868538465169F,-38.46508800011105,-3.8596260997646255
3859626138465088,-38.46500499988082,-3.8593114998258216
3859149538464936,-38.46493600029612,-3.859149500449064
3859149538464936,-38.46478399958187,-3.858679799832828
3858679838464784,-38.46470300034315,-3.8583857997647897
3858011938471711,-38.47171099976276,-3.858011900328904
3866459638468581,-38.468581000212964,-3.8664596001303835
3858086238471499,-38.47149899987892,-3.8580861996183557
3858086238471499,-38.47098400041125,-3.8582789998758926
3858279038470984,-38.4709800002268,-3.8582728997744766
3858590838470017F,-38.4699510004383,-3.858330100253852
3857488438469672F,-38.46964299972461,-3.8575229002615856
3858330138469951,-38.46986299997741,-3.8580279001674285
3858603538470021,-38.47001699988459,-3.8585908002252154
3858027938469863,-38.4697680000931,-3.8577354999932822
3858532838470239,-38.47002100006904,-3.858603499551805
3858871938471298,-38.471520999994084,-3.858443500267299
3858570938474443,-38.474534000443725,-3.8585687002852183
3858448838471529F,-38.471842999554724,-3.8586683002018276
3858668338471843,-38.4722229999914,-3.8586766998697613
3858668338471843,-38.47265700022035,-3.858641100206569
3858807638472544,-38.47250899969055,-3.8591131003892087
3858807638472544,-38.472474999921246,-3.8597039001148232
3858807638472544,-38.472441000152,-3.860033200371845
3858647338472653F,-38.472653000035905,-3.858647300132759
3858641138472657,-38.47265700022035,-3.858641100206569
3858443538471521,-38.471520999994084,-3.858443500267299
3858641138472657,-38.47265700022035,-3.858641100206569
3858641138472657,-38.473361000309865,-3.858604399773185
3858641138472657,-38.474083000330154,-3.8585831002298505
3860634738466538,-38.46653800042833,-3.8606347002311736
3860779538466575,-38.46657500033598,-3.860779500073818
3859948338466326,-38.46632599964511,-3.859948299874077
3860309338465312,-38.46531199964903,-3.8603093003338813
3860309338465312,-38.46565099999361,-3.860198299711726
3860309338465312,-38.46632599964511,-3.859948299874077
3860779538466575,-38.466584999897805,-3.8607882999400545
3861318138470187F,-38.47012100018395,-3.861203200367356
3861326538470194,-38.4701869996303,-3.8613180995506013
3861589938470061F,-38.470193999953096,-3.8613265001178547
3877362238462348,-38.462446999729195,-3.8771903998170387
3877362238462348,-38.4628019999123,-3.8764944999211934
3873535738464503F,-38.46470200029705,-3.8731886001737053
3859640738470982,-38.47108200043391,-3.859381500355937
3872623938465023,-38.46502299981154,-3.872623899673158
3871480338465686F,-38.46568599980901,-3.8714803001756763
3867568938467929,-38.467928999823414,-3.8675689003844127
3878995038460977,-38.46097700028827,-3.8789950001191187
3878725438461380,-38.461379999986946,-3.8787253995574815
3877546538462234F,-38.462233999799196,-3.8775464998710163
3877546538462234,-38.462233999799196,-3.8775464998710163
3877840938462076,-38.462075999707565,-3.8778409001373575
3855720338462802,-38.4628019999123,-3.8557203000517575
3855528738464300,-38.46429999974515,-3.8555287003891863
3855554738464367,-38.46436700013692,-3.8555546997895362
3857354938464406,-38.46440600013676,-3.8573548997088096
3857354938464406,-38.46440600013676,-3.8566312997946284
3856631338464406,-38.464411000367306,-3.856271300280241
3855906038464412,-38.46441200041346,-3.855906000161724
3855494838463914,-38.463913999931094,-3.85549480044466
3855494838463914,-38.463153999957115,-3.8556401003103247
3858518538470313,-38.47031300004488,-3.858518500128639
3858512138470334,-38.47033400011395,-3.8585120996536375
3858518538470313,-38.47031300004488,-3.858518500128639
3857430838472007F,-38.47200699992305,-3.85743079979153
3857448938471999,-38.47199899955416,-3.857448900446343
3866068538469640,-38.46963999958626,-3.866068500261008
3865630438469840,-38.46983999981609,-3.8656304000228943
3866068538469640,-38.46963999958626,-3.866068500261008
3866068538469640,-38.468997999657915,-3.8663917004166137
3875514938463254F,-38.4632629995877,-3.8755122001279005
3875533638463188,-38.463203000418105,-3.8755292000125223
3875801538463198F,-38.463198000187504,-3.8758015003389232
3875801538463198F,-38.4632629995877,-3.8755122001279005
3875441638463297F,-38.46331400014094,-3.8754388001604525
3875441638463297,-38.46321600011828,-3.8754537999528793
3875512238463263,-38.46331400014094,-3.8754388001604525
3875994738463061F,-38.46298300016531,-3.875945700333773
3876002238463069,-38.463061000165,-3.8759946998954433
3860309338465312,-38.46501600038806,-3.8604150003519635
3860082238469538,-38.46953800027842,-3.8600821999335153
3860169738469564F,-38.469563999678826,-3.86016970037133
3860082238469538,-38.46953800027842,-3.8600821999335153
3886460738450230F,-38.450230000214276,-3.886460699601571
3876295938462013,-38.46201300039962,-3.8762958999357693
3876295938462013,-38.46163199991685,-3.8762055999084737
3871229538465826,-38.46552799971738,-3.871001600043769
3866523438468545F,-38.46850800044382,-3.866587699562615
3879518338459855,-38.45985499980833,-3.8795183003292664
3878091238461912,-38.461912000238556,-3.8780912003485923
3878336838461775F,-38.46177500021605,-3.878336799803435
3860082238469573,-38.46957300009382,-3.8600821999335153
3860082238469538,-38.46953800027842,-3.8600821999335153
3858930138469131,-38.46913100039529,-3.858930100044063
3871717838465548,-38.46554799974035,-3.871717800336171
3871862338465744F,-38.46574399978573,-3.8718622998052297
3871862338465744F,-38.46587200029256,-3.8718974003447215
3871796338465478F,-38.46546799964841,-3.871815099787
3866459638468581,-38.468581000212964,-3.8664596001303835
3879631238459507,-38.45950699994802,-3.8796312003195794
3879523938459853F,-38.459852999716134,-3.879523900407605
3879518338459855,-38.45985499980833,-3.8795183003292664
3877552038462239,-38.4622390000298,-3.8775520001246377
3866656138468490F,-38.46848999961372,-3.8666561001988384
3866695438468447F,-38.46844700032875,-3.866695399672892
3866541438468901,-38.46890099968135,-3.866541399765765
3866541438468901,-38.46872999988955,-3.866726800401466
3884038538451155F,-38.45115499970342,-3.8840384997769206
3883714738451073,-38.4510730004186,-3.8837146997735204
3883714738451073,-38.45111699974967,-3.8833719996180207
3882433138455747,-38.45574700012389,-3.882433100207379
3882433138455747,-38.456033999869135,-3.8819799003520643
3880672138456075F,-38.45632499979888,-3.880620700085217
3880672138456075F,-38.45740400009447,-3.8804132004088387
3881979938456034,-38.456033999869135,-3.8819799003520643
3881979938456034,-38.45575799973187,-3.880729900264612
3887784838454170,-38.454170000245256,-3.887784800228303
3882470538455289,-38.455288999687525,-3.882470500313275
3880299638458122,-38.45812199993031,-3.8802995998465803
3880129238459262,-38.45926200034103,-3.880129199902626
3880129238459262,-38.459732000431416,-3.8800771003778323
3887586838452617,-38.45290300027318,-3.887596799652556
3887586838452617,-38.45386699976217,-3.8875148003676827
3887586838452617,-38.45413100024541,-3.8877067004038395
3880163138459018,-38.45901799988076,-3.8801630998471524
3879002238460982F,-38.46098199961955,-3.8790022000914064
3874114538464177F,-38.46417700036824,-3.8741144998842287
3874432838464001,-38.46400100034583,-3.8744327996339507
3874432838464001,-38.46417200013764,-3.874111100446896
3862810438465985F,-38.46599699976167,-3.86281820019974
3862810438465985,-38.46585899969301,-3.8627196003292283
3862541738467079,-38.46706799968837,-3.862544999651959
3862541738467079,-38.466469999990466,-3.8627079001494167
3862541738467079,-38.46600800026897,-3.862815600259694
3858011938471711,-38.47171099976276,-3.858011900328904
3858011938471711,-38.471601000086025,-3.858050500130446
3866475138469471,-38.46948999986358,-3.866472900204144
3882470538455289,-38.45574700012389,-3.882433100207379
3859827138466628,-38.466959000057784,-3.8597351002945857
3859827138466628,-38.466967999573455,-3.8597325003545393
3865545238469101F,-38.468995999565664,-3.8654970998112503
3865548538469108,-38.46910099991118,-3.865545200050917
3865733338469028,-38.46910800023397,-3.8655484996634755
3875270738463454,-38.46360900025513,-3.8750472002680567
3876002238463069,-38.463198000187504,-3.8758015003389232
3862206538460017,-38.46299699991158,-3.861129699675871
3860957538468258,-38.46684800033489,-3.8612814998413114
3859948338466326,-38.466628000082096,-3.8598271000406044
3860739538464112,-38.464496999836626,-3.860607100037612
3859425138467827F,-38.46782699961631,-3.859425100388023
3859425138467827F,-38.46850999963675,-3.859175099651054
3859732538466968F,-38.466967999573455,-3.8597325003545393
3859732538466968F,-38.46724999998747,-3.8596212002581183
3859621238467250,-38.46715300001091,-3.8593042000287596
3875270738463454,-38.46343200018663,-3.8752661995753783
3873802938464352,-38.4643439999756,-3.8738043003281746
3866724638468431,-38.46844200009821,-3.8667311000601785
3876494538462802,-38.462982000119155,-3.876163699594997
3876163738462982F,-38.46306899963457,-3.8760022002413166
3875438838463314,-38.46345400030185,-3.8752706997829023
3874962838463684,-38.463809999631735,-3.874752899826433
3874752938463810,-38.46400100034583,-3.8744327996339507
3874111138464172,-38.46435200034449,-3.8738029000837173
3873802938464352,-38.464496999836626,-3.873547099618918
3871717838465548,-38.46554799974035,-3.871717800336171
3866459638468581,-38.468581000212964,-3.8664596001303835
3865548538469108,-38.46910800023397,-3.8655484996634755
3865548538469108,-38.46927599988743,-3.865096200029541
3865068538468235F,-38.46822399993761,-3.8649196999841138
3863023938469513,-38.46990300002341,-3.861915899599012
3861915938469903F,-38.47006100011504,-3.861589899853925
3879518338459855,-38.45950699994802,-3.8796312003195794
3876494538462802,-38.462561999636534,-3.8764347004010347
3876441538462553F,-38.46252199959059,-3.8764878997967003
3875266238463432F,-38.46336599984096,-3.8753496000039718
3873804338464344F,-38.464263999883656,-3.873819499770036
3866731138468442F,-38.468784999727916,-3.866982900340531
3863094138464940,-38.46466799962843,-3.8631462998617963
3863155538464668F,-38.46471199985888,-3.8637045000625676
3858806438466980,-38.46693699994256,-3.8586746997775094
3858806438466980,-38.466732000381455,-3.858029300411829
3858806438466980,-38.46664299987452,-3.8577921995503175
3857503938464060,-38.464060000368704,-3.857503900284712
3860416738465012,-38.465012000203615,-3.8604167000706298
3860309338465312,-38.46531199964903,-3.8603093003338813
3860302438465309F,-38.46530900041,-3.8603023998358594
3858867738460957,-38.460957000265296,-3.858867699684538
3857714238464140,-38.46413999956127,-3.857714199550628
3857613438463989,-38.46398899979249,-3.8576133999384297
3857613438463989,-38.463524999978745,-3.857880100186435
3858515538462901F,-38.462900999981116,-3.8585154999902898
3858515538462901F,-38.46259700035125,-3.858828599859976
3858515538462901F,-38.46212600021471,-3.8591383002922726
3858299138458609,-38.45884900018115,-3.8581874003282337
3859138338462126,-38.46187300023871,-3.8592800999965675
3859138338462126,-38.46137799989475,-3.8594916996821667
3858515538462901,-38.46341500030201,-3.85796899996933
3857503938464060,-38.464054000092005,-3.85751289980044
3857711638464473,-38.46413999956127,-3.857714199550628
3857512938464054F,-38.46398899979249,-3.8576133999384297
3859488338461368F,-38.46129200042543,-3.859462399769882
3859488338461368F,-38.461127000011004,-3.8589484003483676
3858948438461127,-38.460957000265296,-3.858867699684538
3859491738461378,-38.4611350003799,-3.8596593000366397
3859648738460284,-38.46006899978448,-3.859621899930687
3859648738460284,-38.459548000040115,-3.859394900254415
3859648738460284,-38.4590979999727,-3.8590958999557756
3859648738460284,-38.45870900002029,-3.8586812999020026
3858460038458583,-38.45858299960571,-3.8584600001288436
3858697438469700F,-38.469699999655234,-3.858697399565301
3858603538470021,-38.47002100006904,-3.858603499551805
3858704838469702,-38.46970199974743,-3.8587048000864
3858057738471717F,-38.47171700003946,-3.8580577001027336
3858336238470831,-38.47083099965084,-3.8583362003553248
3858272938470980F,-38.4709800002268,-3.8582728997744766
3876434738462562,-38.462561999636534,-3.8764347004010347
3858524238470327F,-38.470326999791155,-3.858524200031752
3860788338466585F,-38.466584999897805,-3.8607882999400545
3857711638464473,-38.46447299962921,-3.8577115996105817
3857735538469768,-38.4697680000931,-3.8577354999932822
3858512138470334,-38.47033400011395,-3.8585120996536375
3857440938471980F,-38.471979999577286,-3.8574409000774494
3866391738468998F,-38.468997999657915,-3.8663917004166137
3866391738468998F,-38.46890099968135,-3.866541399765765
3878091238461912,-38.46177500021605,-3.878336799803435
3880077138459732,-38.45994100017697,-3.8800772002026065
3858807738466988F,-38.46698000012685,-3.8588064000952613
3859304238467153F,-38.46704200028802,-3.85899370009912
3858817338467040,-38.46704000019582,-3.858817299878467
PAC_ESB01S4,-38.45014599993789,-3.886480400150276
3865085038468555F,-38.468554999913295,-3.8650849998728063
3865096038469264F,-38.46926400023341,-3.865096000380049
3865080438468554,-38.46855399986714,-3.865080399840508
3863731738469375F,-38.469374999956244,-3.8637317000578832
3863731738469375F,-38.469426999656264,-3.8634171001190225
3864108438469344,-38.46934400032529,-3.8641083999826265
3866072538468874F,-38.468874000234905,-3.8660725004455117
3866072538468874,-38.468874000234905,-3.8660725004455117
3866072838468884,-38.46888399979673,-3.8660727999197206
3866072838468884,-38.46902800014203,-3.865733299552062
3872568338465056,-38.46511499955756,-3.8724367003933367
3871826438465483,-38.465494999994235,-3.8718067999438404
3873188638464702,-38.464979999627246,-3.872701000350844
3857231938464032,-38.4640210003688,-3.8569647998855316
3856688238464016,-38.46401600013826,-3.856688199900475
3856156038464013,-38.46401299999991,-3.8561559999993733
3856115338463864,-38.463864000323326,-3.8561153002808624
3876295938462013,-38.46201300039962,-3.8762958999357693
3876434738462562,-38.462561999636534,-3.8764347004010347
3876362338462275,-38.46227499989129,-3.8763622995804212
3875047238463609F,-38.46360900025513,-3.8750472002680567
3875047238463609F,-38.46368400011647,-3.874962799793309
3880228238458584F,-38.45812199993031,-3.8802995998465803
3867568938467929,-38.467940000330714,-3.8675716001491764
3867803338467790,-38.467928999823414,-3.8675689003844127
3867571638467940F,-38.46836600019071,-3.867675100425515
3864108438469344,-38.4693370000025,-3.864410699893824
3864108438469344,-38.46927599988743,-3.865096200029541
3865080438468554,-38.46823500044485,-3.865068500011205
3883143938451773,-38.45206700039171,-3.883093299715938
3883093338452067,-38.452654999628464,-3.8829737996011318
3883093338452067,-38.45392299964669,-3.8827260004045456
3883093338452067,-38.45494199987337,-3.8825490003360414
3886530538450347,-38.45040700028278,-3.8867796999231814
3886530538450347,-38.450713000004896,-3.8867872002690547
3886530538450347,-38.451095999680604,-3.8867124000571494
3888437338451978,-38.45197799988472,-3.888437299741554
3888437338451978,-38.45415899973801,-3.887826199619383
3863094138464940,-38.46493300015777,-3.8631029003785216
3863102938464933F,-38.464820000342684,-3.863249700313361
3862818238465997,-38.46569500022406,-3.862893100236363
3862818238465997,-38.46502299981154,-3.8630783003232523
3869809238466590,-38.46659000012835,-3.869809199734732
3870151238467305,-38.46730499982584,-3.870151200217663
3870010838467109F,-38.467108999780464,-3.8700107998585054
3870193138467674F,-38.46767399975522,-3.8701930996318197
3870410838468602,-38.46860200028203,-3.8704108003181545
3870410838468602,-38.46860200028203,-3.8704108003181545
3870151238467305,-38.46730499982584,-3.870151200217663
3870454638466202,-38.4662020002221,-3.870454599999732
3872701038464980,-38.464979999627246,-3.872701000350844
3872623938465023,-38.46502299981154,-3.872623899673158
3872651738465009,-38.465009000065265,-3.872651700415588
3872651738465009,-38.46499300022674,-3.8726237000236665
3872623938465023,-38.464997999557966,-3.8726127004157433
3872639838465015F,-38.465015000341964,-3.872639799686965
3886618438451785,-38.45178499997775,-3.8866184002189357
3886618438451785,-38.45169000009338,-3.8861527996119776
3886618438451785,-38.45142300037111,-3.885098799569903
3886618438451785,-38.45115499970342,-3.8840384997769206
3862451138467364FL,-38.46707900019567,-3.862541700039401
3870237238468474,-38.467674999801375,-3.8701832997194856
3870183338467675,-38.46767399975522,-3.8701930996318197
3869905838467048,-38.467108999780464,-3.8700107998585054
3883240938451160,-38.451486999725205,-3.8831931001813587
3883367338451115,-38.45111499965748,-3.883367299761005
3862206538460017,-38.46001700008446,-3.8622065002297745
3862474638459276,-38.4592760000873,-3.8624745998228605
3864676338470206,-38.470205999607174,-3.8646763002710145
3864859938470186,-38.470185999584146,-3.864859899564692
3864647438470180F,-38.470180000206824,-3.864647399657713
3864647438470180F,-38.470205999607174,-3.8646763002710145
3871806838465495F,-38.46550599960216,-3.87178870018829
3872436738465115F,-38.46548300034016,-3.8718263997685085
3871717838465548,-38.46550599960216,-3.87178870018829
3871788738465506,-38.465486999625284,-3.8717774002067813
3866724638468431,-38.46843099959091,-3.8667245997604027
3880163138459018,-38.45901799988076,-3.8801630998471524
3880163138459018,-38.45858399965181,-3.880228199971384
3859425138467827,-38.46724999998747,-3.8596212002581183
3861237738466706,-38.46684800033489,-3.8612814998413114
3862541738467079,-38.466706000081786,-3.861237700159677
3865096238469276,-38.46926400023341,-3.865096000380049
3866448638469486F,-38.46946899979446,-3.866449599669238
3866541438468901,-38.46890099968135,-3.866541399765765
3868604338467313F,-38.467313000194736,-3.868604299748597
3880163138459018,-38.45901799988076,-3.8801630998471524
3859921838470889F,-38.47088899962756,-3.859921799551387
3861129738462997,-38.46299699991158,-3.861129699675871
3861129738462997,-38.464112000068724,-3.8607395000278757
3886530538450347,-38.45023500044488,-3.8860497004332615
3885356738450073,-38.4500730001688,-3.8853566999516715
3885128538449963,-38.44996299959274,-3.8851284996804907
3885128538449963,-38.449839000169675,-3.8845565002822013
3884556538449839,-38.45051399982117,-3.884446800079729
3886745238451180,-38.45133900009472,-3.8870825996821736
3886745238451180,-38.45162299970161,-3.8876875997029288
3886745238451180,-38.45197799988472,-3.888437299741554
3886618438451785,-38.45181300036961,-3.8868667003379187
3886618438451785,-38.4521370000225,-3.8873601997133846
3886618438451785,-38.452606000066794,-3.8875863998923705
3859659338461135,-38.4611350003799,-3.8596593000366397
3859659338461135,-38.46057599978252,-3.859677799990436
3859659338461135,-38.46028399980668,-3.859648699727643
3855533238464492,-38.46436700013692,-3.8555546997895362
3855533238464492,-38.464736000066296,-3.8555642002276045
3855564238464736,-38.464762000365965,-3.8552493997399324
3855249438464762,-38.465889000177185,-3.855677700065769
3871229538465826,-38.46601100040732,-3.8708215998369155
3859491738461378,-38.46137799989475,-3.8594916996821667
3858048038464574,-38.46457399979022,-3.858048000015117
3868604338467313,-38.467313000194736,-3.868604299748597
3858081538471494,-38.47149399964832,-3.85808149976134
3858342438470833,-38.470832999743095,-3.858342400281515
3859642838470988,-38.470987999696376,-3.8596428001750382
3858070038471717,-38.47185300001587,-3.857757000085428
3858070038471717,-38.47171700003946,-3.85807000013034
3858871938471298,-38.47129799960294,-3.858871900417796
3859923138470880,-38.47088000011189,-3.859923099971013
3861326538470194,-38.470193999953096,-3.8613265001178547
3858086238471499,-38.471589000432004,-3.8580545003148927
3858336238470831,-38.47098400041125,-3.8582789998758926
3858512138470334,-38.470493000251736,-3.858449499644621
3858816238469416,-38.46970199974743,-3.8587048000864
3858816238469416,-38.46941600004834,-3.8588162000075954
3858930138469131,-38.46913100039529,-3.858930100044063
3859070638468792,-38.46880299965869,-3.859066600043491
3858004538471416,-38.47149399964832,-3.85808149976134
3858384838470850,-38.470832999743095,-3.858342400281515
3859722838471252,-38.470987999696376,-3.8596428001750382
3859722838471252,-38.47124900004127,-3.8597349995705486
3880253838459064,-38.459021000019106,-3.880168199902471
3860779538466575,-38.466706000081786,-3.861237700159677
3863155538464668,-38.46466799962843,-3.8631462998617963
3863606938463566,-38.46353300034764,-3.8634873002986296
3863487338463533,-38.46466799962843,-3.8631462998617963
3863487338463533,-38.46392699963127,-3.8633826003267018
3858070038471717,-38.471520999994084,-3.858443500267299
3859921838470889,-38.47088000011189,-3.859923099971013
3857020538467522,-38.466556000359105,-3.8575630999570762
3857020538467522,-38.46724000042565,-3.8575061000264554
3857020538467522,-38.46760800030893,-3.857396999671778
3859626138465088,-38.46516900024909,-3.859868500331004
3859149538464936,-38.46508800011105,-3.8596260997646255
3859149538464936,-38.46493600029612,-3.859149500449064
3858679838464784,-38.4648780003194,-3.8588987002148087
3858048038464574,-38.46478399958187,-3.858679799832828
3858048038464574,-38.46457399979022,-3.858048000015117
3858057738471717,-38.47171700003946,-3.8580577001027336
3866486238468109,-38.46810900003027,-3.8664862002778477
3858279038470984,-38.4710439995809,-3.858256800111178
3858272938470980,-38.47098400041125,-3.8582789998758926
3858330138469951,-38.47001699988459,-3.8585908002252154
3857522938469643,-38.46967200016263,-3.857488399569945
3858027938469863,-38.4699510004383,-3.858330100253852
3858590838470017,-38.47002100006904,-3.858603499551805
3857735538469768,-38.46986299997741,-3.8580279001674285
3858603538470021,-38.47023900022964,-3.858532800248497
3858443538471521,-38.47129799960294,-3.858871900417796
3858568738474534,-38.47444299984454,-3.8585709000269617
3858668338471843,-38.471529000363034,-3.858448799972109
3858641138472657,-38.471842999554724,-3.8586683002018276
3858641138472657,-38.472653000035905,-3.858641399680778
3860329638472411,-38.472544000405264,-3.8588075997908504
3860329638472411,-38.47248000015185,-3.859419299760816
3860329638472411,-38.4724719997829,-3.859732299805728
3860329638472411,-38.47241099966783,-3.8603295998311182
3858807638472544,-38.472544000405264,-3.8588075997908504
3858647338472653,-38.472653000035905,-3.858647300132759
3858448838471529,-38.471529000363034,-3.858448799972109
3858570938474443,-38.47300400003451,-3.8586192997408375
3858570938474443,-38.47372299991645,-3.8585892003312665
3858570938474443,-38.47444299984454,-3.8585709000269617
3860254738466429F,-38.46642899989837,-3.8602546997944955
3860634738466538,-38.46653800042833,-3.8606347002311736
3860254738466429,-38.46642899989837,-3.8602546997944955
3859948338466326,-38.46531499978738,-3.8603080997389725
3859948338466326,-38.46598600015375,-3.8600782995738427
3860788338466585,-38.46657500033598,-3.860779500073818
3861203238470121,-38.4701869996303,-3.8613180995506013
3861318138470187,-38.470193999953096,-3.8613265001178547
3861326538470194,-38.47006100011504,-3.861589899853925
3876494538462802,-38.46234799966044,-3.877362200005507
3876494538462802,-38.4626360003511,-3.8768304003027083
3873188638464702,-38.464503000113325,-3.873535699812635
3859216538471156,-38.470982000319,-3.859640700258069
3859216538471156,-38.47115600024915,-3.8592164999414535
3872568338465056,-38.465056000434004,-3.8725682999869946
3871229538465826,-38.465825999969866,-3.871229499941421
3866724638468431,-38.46843099959091,-3.8667245997604027
3878725438461380,-38.461379999986946,-3.8787253995574815
3878602238461628,-38.46162799973234,-3.8786021996317572
3877552038462239,-38.4622390000298,-3.8775520001246377
3877537638462220,-38.46222000005292,-3.8775376001800623
3877552038462239,-38.4622390000298,-3.8775520001246377
3855842938462464,-38.462463999613874,-3.8558429001296872
3855494838463914,-38.463913999931094,-3.85549480044466
3855528738464300,-38.46429999974515,-3.8555287003891863
3856631338464406,-38.46441799979084,-3.856993900148325
3855906038464412,-38.46440600013676,-3.8566312997946284
3855906038464412,-38.46441200041346,-3.855906000161724
3855554738464367,-38.46436700013692,-3.8555546997895362
3855720338462802,-38.46353200030154,-3.8555576999278856
3855720338462802,-38.4628019999123,-3.8557203000517575
3858508738470322,-38.47032199956061,-3.858508700216305
3858524238470327,-38.470326999791155,-3.858524200031752
3858532838470239,-38.47023900022964,-3.858532800248497
3857448938471999,-38.47199899955416,-3.857448900446343
3857440938471980,-38.471979999577286,-3.8574409000774494
3865630438469840,-38.46983999981609,-3.8656304000228943
3864859938470186,-38.470185999584146,-3.864859899564692
3866391738468998,-38.4693370000025,-3.866221299573283
3875512238463263,-38.46325400007203,-3.8755148998926643
3875514938463254,-38.46318799972636,-3.875533600395272
3875514938463254,-38.46325400007203,-3.8755148998926643
3875512238463263,-38.463198000187504,-3.8758037000806667
3875438838463314,-38.46329700025632,-3.8754415997499905
3875453838463216,-38.46329700025632,-3.8754415997499905
3875438838463314,-38.4632629995877,-3.8755122001279005
3875945738462983,-38.463061000165,-3.8759946998954433
3875994738463061,-38.46306899963457,-3.8760022002413166
3860416738465012,-38.46531199964903,-3.8603093003338813
3860416738465012,-38.465012000203615,-3.8604167000706298
3860169738469564,-38.469563999678826,-3.86016970037133
3860115238469472,-38.46947199993281,-3.8601151996567182
3860082638469548,-38.4695479998403,-3.8600826001318183
3886530538450347,-38.45034700021387,-3.8865304995828183
3876205638461632,-38.461995999615624,-3.8762916002770567
3871001638465528,-38.465825999969866,-3.871229499941421
3866656238468470,-38.46854500035147,-3.866523399834989
3866656238468470,-38.46846999959075,-3.866656200023556
3878995038460977,-38.46097700028827,-3.8789950001191187
3877840938462076,-38.462075999707565,-3.8778409001373575
3878602238461628,-38.46162799973234,-3.8786021996317572
3860082638469548F,-38.4695479998403,-3.8600826001318183
3858938738469134F,-38.46913399963432,-3.858938700260751
3858938738469134,-38.46913399963432,-3.858938700260751
3871862338465744,-38.46574399978573,-3.8718622998052297
3871897438465872,-38.46575000006243,-3.8718640004232157
3871826438465483,-38.465478000109556,-3.8717963003589375
3871826438465483,-38.46548300034016,-3.8718263997685085
3866523438468545,-38.46854500035147,-3.866523399834989
3879688038459286,-38.459285999649126,-3.879687999701389
3880077138459732,-38.459732000431416,-3.8800771003778323
3879523938459853,-38.459852999716134,-3.879523900407605
3877362238462348,-38.46234799966044,-3.877362200005507
3866656238468470,-38.46846999959075,-3.866656200023556
3866656238468470,-38.46846999959075,-3.866656200023556
3866656138468490,-38.468754000096965,-3.8667054999588117
3866656138468490,-38.46848999961372,-3.8666561001988384
3883714738451073,-38.4510730004186,-3.8837146997735204
3883367338451115,-38.45118300009534,-3.883628099557086
3883367338451115,-38.45111499965748,-3.883367299761005
3881979938456034,-38.456127999707405,-3.88235999971414
3880370938457661,-38.45607499996123,-3.880672099937442
3880370938457661,-38.4569459996581,-3.880489899988845
3880370938457661,-38.457661000254916,-3.880370899897059
3880672138456075,-38.45581100037731,-3.8810545995900725
3880672138456075,-38.45607499996123,-3.880672099937442
3887826238454159,-38.45415899973801,-3.887826199619383
3882549038454942,-38.45494199987337,-3.8825490003360414
3880370938457661,-38.457661000254916,-3.880370899897059
3880077138459732,-38.45951600036307,-3.8800938997136427
3887784838454170,-38.452616999674774,-3.8875868000907303
3887784838454170,-38.45362999962475,-3.8875143003446624
3887784838454170,-38.45401100010753,-3.88756909963422
3887784838454170,-38.454170000245256,-3.887784800228303
3880168238459021,-38.459021000019106,-3.880168199902471
3878995038460977,-38.46097700028827,-3.8789950001191187
3874111138464172,-38.46417200013764,-3.874111100446896
3874111138464172,-38.46417100009154,-3.874113300188583
3862818238465997,-38.46598500010765,-3.862810400379601
3862719638465859,-38.46598500010765,-3.862810400379601
3862818238465997,-38.46707900019567,-3.862541700039401
3862818238465997,-38.466824000127474,-3.8626222001543624
3862818238465997,-38.46606900038404,-3.86280049974323
3862818238465997,-38.46599699976167,-3.86281820019974
3858050538471601,-38.4716139997862,-3.858045999922922
3866472938469490F,-38.46947099988671,-3.8664750999458306
3882433138455747,-38.455288999687525,-3.882470500313275
3859732538466968,-38.466628000082096,-3.8598271000406044
3859732538466968,-38.46696700042668,-3.8597330003776165
3865497138468996,-38.46910099991118,-3.865545200050917
3865545238469101,-38.46910800023397,-3.8655484996634755
3865548538469108,-38.46902800014203,-3.865733299552062
3875047238463609,-38.46345400030185,-3.8752706997829023
3875801538463198,-38.46306899963457,-3.8760022002413166
3861129738462997,-38.46001700008446,-3.8622065002297745
3861281538466848,-38.46825799970685,-3.8609575001884195
3859827138466628,-38.46632599964511,-3.859948299874077
3860549738464678,-38.464112000068724,-3.8607395000278757
3860549738464678,-38.46467800008958,-3.860549699908688
3859070638468792,-38.46824299991448,-3.8592655004025005
3859070638468792,-38.46879200005071,-3.8590706002279944
3859621238467250,-38.46697800003466,-3.859728699819584
3859304238467153,-38.46724999998747,-3.8596212002581183
3875266238463432,-38.46345400030185,-3.8752706997829023
3873804338464344,-38.46435200034449,-3.8738029000837173
3866731138468442,-38.46843099959091,-3.8667245997604027
3876163738462982,-38.4628019999123,-3.8764944999211934
3876002238463069,-38.462982000119155,-3.876163699594997
3875270738463454,-38.46331400014094,-3.8754388001604525
3874752938463810,-38.46368400011647,-3.874962799793309
3874432838464001,-38.463809999631735,-3.874752899826433
3873802938464352,-38.46417200013764,-3.874111100446896
3873535738464503,-38.46435200034449,-3.8738029000837173
3873535738464503,-38.464503000113325,-3.873535699812635
3871480338465686,-38.46568599980901,-3.8714803001756763
3866072838468884,-38.46888399979673,-3.8660727999197206
3865096238469276,-38.4691240000725,-3.8655098998619337
3864919738468224,-38.46823500044485,-3.865068500011205
3861915938469903,-38.469513000024904,-3.863023900332678
3861589938470061,-38.46990300002341,-3.861915899599012
3879631238459507,-38.45985499980833,-3.8795183003292664
3876434738462562,-38.4628019999123,-3.8764944999211934
3876487938462522,-38.462553000120806,-3.8764415001750194
3875349638463366,-38.46343200018663,-3.8752661995753783
3873819538464264,-38.4643439999756,-3.8738043003281746
3866982938468785,-38.46844200009821,-3.8667311000601785
3863146338464668,-38.46493999958125,-3.8630940996129652
3863704538464712,-38.46466799962843,-3.863155499926336
3857563138466556,-38.46698000012685,-3.8588064000952613
3857563138466556,-38.46685399971227,-3.858396700447315
3857563138466556,-38.46673000028926,-3.858024400006002
3857563138466556,-38.466556000359105,-3.8575630999570762
3857231938464032,-38.46403199997678,-3.8572319003318967
3860549738464678F,-38.46467800008958,-3.860549699908688
3860302438465309,-38.46530900041,-3.8603023998358594
3859868538465169,-38.46516900024909,-3.859868500331004
3858884438460773,-38.460772999873996,-3.8588844000949507
3857503938464060,-38.464060000368704,-3.857503900284712
3857969038463415F,-38.46375699988562,-3.8577612997441406
3857969038463415F,-38.46341500030201,-3.85796899996933
3859138338462126,-38.46279699968176,-3.8586560001742214
3859138338462126,-38.46236000021378,-3.859008799716264
3858187438458849,-38.45860899990538,-3.858299099723638
3859491738461378,-38.46212600021471,-3.8591383002922726
3859491738461378,-38.46163800019349,-3.8593825004020346
3857969038463415,-38.462900999981116,-3.8585154999902898
3857512938464054,-38.464060000368704,-3.857503900284712
3857714238464140,-38.46447299962921,-3.8577115996105817
3857613438463989,-38.464054000092005,-3.85751289980044
3858948438461127,-38.461368000332925,-3.859488300244834
3858948438461127,-38.461227000125916,-3.859229399816911
3858867738460957,-38.461127000011004,-3.8589484003483676
3859659338461135,-38.46137799989475,-3.8594916996821667
3858460038458583,-38.46028399980668,-3.859648699727643
3858460038458583,-38.459797999877765,-3.85952129996798
3858460038458583,-38.459304999626,-3.859260299623088
3858460038458583,-38.458897999742874,-3.858904900140999
3858460038458583,-38.45858299960571,-3.8584600001288436
3858299138458609,-38.45860899990538,-3.858299099723638
3858685638469696,-38.46969600037005,-3.858685599560715
3858704838469702,-38.46970199974743,-3.8587048000864
3858697438469700,-38.469699999655234,-3.858697399565301
3858070038471717,-38.47171700003946,-3.85807000013034
3858449538470493,-38.470493000251736,-3.858449499644621
3857972538470976,-38.4709760000423,-3.8579725001307565
3876441538462553,-38.462553000120806,-3.8764415001750194
3858518538470313,-38.47031300004488,-3.858518500128639
3860764838466630,-38.46663000017435,-3.860764799755657
3857354938464406,-38.46440600013676,-3.8573548997088096
3857488438469672,-38.46967200016263,-3.857488399569945
3858508738470322F,-38.47032199956061,-3.858508700216305
3857415838471978,-38.471978000384354,-3.857415799999103
3866541438468901,-38.468995999565664,-3.866395800425778
3878336838461775,-38.461912000238556,-3.8780912003485923
3880077238459941FL,-38.459732000431416,-3.8800771003778323
3858806438466980,-38.46698799959648,-3.8588076996156246
3858806438466980,-38.46715300001091,-3.8593042000287596
3858806438466980,-38.46698000012685,-3.8588064000952613
3858807738466988,-38.46698799959648,-3.8588076996156246
3886460738450230,-38.450230000214276,-3.886460699601571
3865121138468560,-38.46856000014384,-3.865121099559076
3865080438468554,-38.46855399986714,-3.865080399840508
3865085038468555,-38.468554999913295,-3.8650849998728063
3863023938469513,-38.469374999956244,-3.8637287997442513
3863023938469513,-38.469513000024904,-3.863023900332678
3863731738469375,-38.469374999956244,-3.8637317000578832
3866072838468884,-38.46888399979673,-3.8660727999197206
3866027338468701,-38.46870100035085,-3.866027299620157
3865733338469028,-38.46892399984267,-3.8659750004458715
3872436738465115,-38.465056000434004,-3.8725682999869946
3871806838465495,-38.46548300034016,-3.8718263997685085
3872701038464980,-38.46470200029705,-3.8731886001737053
3856688238464016,-38.46403199997678,-3.8572319003318967
3856688238464016,-38.46401600013826,-3.856688199900475
3856156038464013,-38.46401299999991,-3.8561559999993733
3856115338463864,-38.463864000323326,-3.8561153002808624
3856119338463566,-38.463566000070784,-3.8561192995659894
3876606338461804,-38.46180399975475,-3.8766063000406916
3876362338462275,-38.46227499989129,-3.8763622995804212
3876295938462013,-38.46201300039962,-3.8762958999357693
3874962838463684,-38.46361599967861,-3.8750381000282346
3880299638458122,-38.45858399965181,-3.880228199971384
3867571638467940,-38.467928999823414,-3.8675689003844127
3867568938467929,-38.46778999970866,-3.867803299682464
3867675138468366,-38.467940000330714,-3.8675716001491764
3865096238469276,-38.46934400032529,-3.8641083999826265
3865096238469276,-38.46931599993343,-3.8647329000032755
3865068538468235,-38.46855399986714,-3.865080399840508
3883093338452067,-38.45177300032367,-3.883143900070877
3882549038454942,-38.45206700039171,-3.883093299715938
3882549038454942,-38.453172000087704,-3.882869700376318
3882549038454942,-38.45463800024345,-3.882595700331251
3886745238451180,-38.45034700021387,-3.8865304995828183
3886745238451180,-38.450440000005926,-3.8868246003749505
3886745238451180,-38.45104900021113,-3.886739600052465
3886745238451180,-38.45117999995699,-3.8867452001308607
3887826238454159,-38.45205199969996,-3.8884618997967664
3863102938464933,-38.46493999958125,-3.8630940996129652
3863249738464820,-38.46493300015777,-3.8631029003785216
3863094138464940,-38.46599699976167,-3.86281820019974
3863094138464940,-38.46536400024837,-3.8629900003881517
3863094138464940,-38.46493999958125,-3.8630940996129652
3869905838467048,-38.4670479996654,-3.8699058004123117
3870080038467189,-38.467188999872405,-3.870079999991958
3870080038467189,-38.467188999872405,-3.870079999991958
3870426438467670,-38.467669999570774,-3.870426399958319
3870237238468474,-38.4684739997752,-3.870237199686983
3870453138468880F,-38.46887999961223,-3.8704530999305575
3870183338467675,-38.467674999801375,-3.8701832997194856
3869809238466590,-38.46659000012835,-3.869809199734732
3872651738465009,-38.465009000065265,-3.872651700415588
3872639838465015,-38.465015000341964,-3.872639799686965
3872623738464993F,-38.464982999765596,-3.8726369002727097
3872623738464993,-38.46502299981154,-3.872623899673158
3872623738464993,-38.46499300022674,-3.8726237000236665
3872651738465009,-38.465009000065265,-3.872651700415588
3884038538451155,-38.451749000116195,-3.8864048004411416
3884038538451155,-38.45156599977105,-3.8856481000797203
3884038538451155,-38.45125699991058,-3.8844430004440937
3862541738467079,-38.46736399984866,-3.862451099638463
3870183338467675,-38.4684739997752,-3.870237199686983
3870193138467674,-38.467674999801375,-3.8701832997194856
3870010838467109,-38.4670479996654,-3.8699058004123117
3883143938451773,-38.45115999993402,-3.88324090004744
3883143938451773,-38.45177300032367,-3.883143900070877
3883240938451160,-38.45115999993402,-3.88324090004744
3862248138460007,-38.46000699962332,-3.8622481001696656
3862206538460017,-38.46001700008446,-3.8622065002297745
3864647838470209,-38.47020899974552,-3.864647799856016
3864676338470206,-38.470205999607174,-3.8646763002710145
3864676338470206,-38.47017499997622,-3.86467530022486
3871788738465506,-38.465494999994235,-3.8718067999438404
3871826438465483,-38.46511499955756,-3.8724367003933367
3871788738465506,-38.46554799974035,-3.871717800336171
3871796338465478,-38.46550599960216,-3.87178870018829
3871796338465478,-38.465478000109556,-3.8717963003589375
3866695438468447,-38.46844700032875,-3.866695399672892
3880228238458584,-38.458589999928506,-3.8802286999944613
3859621238467250,-38.46782699961631,-3.859425100388023
3861281538466848,-38.466706000081786,-3.861237700159677
3861237738466706,-38.46707900019567,-3.862541700039401
3865096038469264,-38.46927599988743,-3.865096200029541
3866475138469471,-38.46948599967908,-3.8664485996231406
3866475138469471,-38.46947099988671,-3.8664750999458306
3866475138469471,-38.46947099988671,-3.8664750999458306
3867803338467790,-38.46778999970866,-3.867803299682464
3880129238459262,-38.45926200034103,-3.880129199902626
3860191038470992,-38.47099199988082,-3.860190999914664
3860739538464112,-38.46336299970261,-3.86099769988391
3885356738450073,-38.45034700021387,-3.8865304995828183
3885356738450073,-38.4500730001688,-3.8853566999516715
3885128538449963,-38.44996299959274,-3.8851284996804907
3884556538449839,-38.449894000008044,-3.884811100152092
3884446838450514,-38.449839000169675,-3.8845565002822013
3888437338451978,-38.45117999995699,-3.8867452001308607
3888437338451978,-38.45147500007113,-3.8873800999116384
3888437338451978,-38.45177500041592,-3.888011799904575
3887586838452617,-38.45178499997775,-3.8866184002189357
3887586838452617,-38.45195100043827,-3.8871516001661917
3887586838452617,-38.45238000043662,-3.8875088999157583
3887586838452617,-38.452616999674774,-3.8875868000907303
3859648738460284,-38.460874000035005,-3.8596860000088213
3859648738460284,-38.46029400026788,-3.859650000147326
3855554738464367,-38.46449199960608,-3.8555331996973337
3855564238464736,-38.46449199960608,-3.8555331996973337
3855249438464762,-38.464736000066296,-3.8555642002276045
3855677738465889,-38.464762000365965,-3.8552493997399324
3870454638466202,-38.465825999969866,-3.871229499941421
3870454638466202,-38.4662020002221,-3.870454599999732
3859488338461368,-38.461368000332925,-3.859488300244834
3857711638464473,-38.46447299962921,-3.8577115996105817
3869554438466496,-38.466496000290135,-3.8695544002153497
1051622TR,-38.46941600004834,-3.8588162000075954
3857493538469677,-38.46967700039323,-3.8574934996252637
3859203738469233,-38.46923299970314,-3.85920369989077
3859768738469435,-38.469435000025214,-3.859768699865583
3860095438469545,-38.46954499970195,-3.8600954001825016
3860397738469637,-38.469637000347234,-3.860397700093756
3860740438469751,-38.469751000208475,-3.860740400249199
3861022838469835,-38.469834999585544,-3.8610227999621998
3859072038468808,-38.468807999889236,-3.859071999573075
3859187138468508,-38.46850800044382,-3.8591871002044513
3858813138469394,-38.46939399993312,-3.858813100044472
3858941038469142,-38.46914200000327,-3.8589409998272117
3859072038468808,-38.468807999889236,-3.859071999573075
3859187138468508,-38.46850800044382,-3.8591871002044513
3859274938468241,-38.46824099982223,-3.859274900116475
3859274938468241,-38.46798100042281,-3.858463799764479
3858813138469394,-38.469688000001156,-3.8587171001140064
3858717138469688,-38.47002400020739,-3.8585996999161694
3858599738470024,-38.47024999983756,-3.858543700031703
3858180438469918,-38.46981300036964,-3.8578520997945134
3857852138469813,-38.46967700039323,-3.8574934996252637
3858941038469142,-38.46923299970314,-3.85920369989077
3859203738469233,-38.469323000256225,-3.859477100088043
3859477138469323,-38.469435000025214,-3.859768699865583
3859768738469435,-38.46954499970195,-3.8600954001825016
3860095438469545,-38.469637000347234,-3.860397700093756
3860397738469637,-38.469751000208475,-3.860740400249199
3860740438469751,-38.469834999585544,-3.8610227999621998
3861022838469835,-38.46989000032323,-3.8612110001874385
3860740438469751,-38.470062000161136,-3.8606209001343927
3859827838466643,-38.46667000022029,-3.8598486999574675
3857568738466558,-38.46656299978258,-3.8575810998877955
3857515438467085,-38.467085999619144,-3.8575288996389645
3860330438466450,-38.46643700026732,-3.8603341998633596
3861695438466855,-38.46684200005819,-3.861699100033377
3862642038466738,-38.46673399957439,-3.862628999928347
3862735438466418,-38.466414000106,-3.862722300094049
3860083738465991,-38.465987000199846,-3.860070999776781
3860203838465656,-38.46565200003971,-3.860190900089947
3860313638465320,-38.46531599983348,-3.8603007999419106
3860432838464994,-38.46504900011121,-3.860397299895453
3860550438464691,-38.464686999605306,-3.8605376004298932
3860633838464418,-38.46441299956024,-3.86062099995911
3861015438463355,-38.463350000002436,-3.8610027001144545
3859827838466643,-38.46633099987571,-3.8599538001276983
3859953838466331,-38.46599100038429,-3.86008370000269
3860203838465656,-38.465320000017925,-3.860313599992594
192507084TR,-38.46499400027284,-3.8604327997338714
3860432838464994,-38.46469099978975,-3.8605503995812
3860625438464486,-38.46441799979084,-3.8606338000097935
3860496838464412,-38.46428299986053,-3.860219899628646
3860496838464412,-38.46414199965352,-3.8599159998234995
3860746538464099,-38.464105999792025,-3.860753499774148
3860883738463695,-38.46335500023304,-3.8610154003404205
3861142138463010,-38.46268399986667,-3.861235700067482
3859827838466643,-38.46698600040355,-3.8597337000501852
3858958138467043,-38.46685999998897,-3.8584020999768995
3859525438467541,-38.46783800012355,-3.85945690041558
3858402138466860,-38.466734999620485,-3.8580327996739356
3858032838466735,-38.46655799955198,-3.857568700035415
3857568738466558,-38.467084999573046,-3.8575153999157124
3857515438467085,-38.46758099996316,-3.8574820998189807
3857482138467581,-38.46760800030893,-3.857396999671778
3857397038467608,-38.46753000030924,-3.857031099705466
3859953838466331,-38.466449999967494,-3.860330400227724
3860330438466450,-38.4665859999439,-3.860798699700183
3861255438466701,-38.46685499975837,-3.8616954002225157
3861695438466855,-38.46698600040355,-3.8621620998010258
3862527138467098,-38.466737999758834,-3.862641999628522
3862642038466738,-38.466418000290446,-3.8627353996189413
3862735438466418,-38.466070999576914,-3.86281729997836
3861255438466701,-38.46745300035565,-3.8612851996521727
3861400038466241,-38.465797999578,-3.8615621000108717
3859579738466219,-38.46621800006062,-3.8595766001799348
3859165438466088,-38.46608800036091,-3.8591653995634942
3858720438465915,-38.465914999577535,-3.8587203997266215
3858294638465773,-38.46577300022375,-3.8582946004154337
3862478838459274,-38.45927399999505,-3.8624787996568557
3862785138460192,-38.460192000060715,-3.8627850997525
3863084038460311,-38.4603110001525,-3.8630840002263653
3863167038459951,-38.459950999738794,-3.863166999557336
3861892838459899,-38.459899000038774,-3.861892799612974
3861590438459795,-38.459794999739415,-3.8615903998770023
3862620438458916,-38.45891599967359,-3.862620399711602
3862742138458573,-38.458573000043884,-3.8627420995682087
3862920438458475,-38.45847500002117,-3.862920400056396
3863270438458391,-38.45839099974478,-3.8632704000089007
3864288738458121,-38.458120999884216,-3.864288699663689
3864635438458025,-38.45802499995375,-3.8646354000036354
3863362938457718,-38.45771800018554,-3.8633628997779397
3863067138457505,-38.45750500025554,-3.8630671001665178
3863155438457088,-38.45708799991121,-3.8631554001015616
3863923738456865,-38.456865000419384,-3.8639236999187574
3863235738456699,-38.45669899995886,-3.8632356996677686
3863287138456339,-38.45633900044447,-3.8632871004193134
3862574838459041,-38.45904100004208,-3.8625747995872644
3862620438458916,-38.45891599967359,-3.862620399711602
3862742138458573,-38.458573000043884,-3.8627420995682087
3862920438458475,-38.45847500002117,-3.862920400056396
3862952538458168,-38.458168000252954,-3.862952499558162
3863008738457823,-38.457822999631674,-3.8630086999914397
3863067138457505,-38.45750500025554,-3.8630671001665178
3863287138456339,-38.45633900044447,-3.8632871004193134
3862491238459269,-38.459268999764504,-3.862491200408499
3862351138459652,-38.459652000339474,-3.862351100422927
3862225438460021,-38.46002100026891,-3.862225400381874
3862095738460346,-38.4603459999679,-3.862095700156374
3861970438460686,-38.46068600035858,-3.8619704003136803
3861846938461041,-38.461040999642364,-3.8618469000143705
3861721138461385,-38.46138500021755,-3.8617211001486
3861593738461720,-38.46172000037768,-3.861593700388937
3861472638462040,-38.46203999984607,-3.861472600380182
3862785138460192,-38.460192000060715,-3.8627850997525
3863084038460311,-38.4603110001525,-3.8630840002263653
3861892838459899,-38.459899000038774,-3.861892799612974
3861590438459795,-38.459794999739415,-3.8615903998770023
3861265438459693,-38.45969300043157,-3.861265400178013
3861372638459379,-38.45937900034056,-3.8613726002652697
3862920438458475,-38.45847500002117,-3.862920400056396
3863270438458391,-38.45839099974478,-3.8632704000089007
3863567038458313,-38.45831299974509,-3.8635670000169853
3863930438458228,-38.458228000321924,-3.863930399868025
3864288738458121,-38.458120999884216,-3.864288699663689
3863008738457823,-38.457822999631674,-3.8630086999914397
3863155438457088,-38.45708799991121,-3.8631554001015616
3863515438456963,-38.4569630004421,-3.863515399615949
3864074638456804,-38.45680400030432,-3.8640745998628745
1058794TR,-38.47130599997189,-3.8588882995553604
3859887138470135,-38.47013499993028,-3.8598871001095176
3861317138469948,-38.46994800029995,-3.8613171004038236
3858894738471288,-38.47128800004111,-3.858894700030362
3858894738471288,-38.47108699976519,-3.8593868998854646
3860952238470387,-38.470193999953096,-3.8613282996612384
3858894738471288,-38.47128800004111,-3.858894700030362
3857436938472013,-38.47201300019975,-3.857436899892946
3857436938472013,-38.47220199992233,-3.857112599866525
3858621338471431,-38.471431000340374,-3.8586212998330893
3858929438471600,-38.47160000003993,-3.858929400371494
3858929438471600,-38.47143399957935,-3.8592616998674885
3858672238471737,-38.47173700006243,-3.8586721996622373
3858673738471848,-38.471847999785325,-3.858673699731412
3858672238471737,-38.47173700006243,-3.8586721996622373
3858672238471737,-38.47197600029216,-3.8581833003190127
3859613738471282,-38.471281999764415,-3.859613699912302
3859386938471087,-38.47108699976519,-3.8593868998854646
3859515438470806,-38.47080600029665,-3.8595154004153756
3859752538470417,-38.47041700034424,-3.8597525003775672
3884814438449889,-38.4498889997775,-3.884814399764707
3884549938449845,-38.44984500044637,-3.884549900157708
3882426638455744,-38.45574399998554,-3.8824265999076033
3881634138455686,-38.455686000008825,-3.881634100233498
3882421538455752,-38.455752000354494,-3.882421499852285
3882476038455294,-38.455293999918126,-3.8824759996675766
3882597538454642,-38.45464200042795,-3.8825974998746915
3882659538454273,-38.4542729995992,-3.8826595000358566
3882799438453572,-38.453571999648034,-3.8827994003719937
3882875138453178,-38.4531780003644,-3.8828750999059025
3882979338452660,-38.452659999859065,-3.882979299854753
3882979338452660,-38.452524999928755,-3.882517800156279
3882284838456446,-38.45653499959053,-3.8822621004155735
3882167638457125,-38.45684899968154,-3.882202700194398
3881985438456040,-38.45613299993795,-3.882365400143044
3881620138455951,-38.455817999800786,-3.8810604002172227
3881060438455818,-38.45576299996242,-3.880735299794196
3880735338455763,-38.456950999888704,-3.8804954002424665
3880495438456951,-38.45741000037117,-3.8804186997631405
3881620138455951,-38.45587199959306,-3.8816114004457063
3881634138455686,-38.45533199987187,-3.8816598999843563
3881778838457021,-38.45712499981886,-3.882167599654963
3881778838457021,-38.45696200039595,-3.881481999694472
3882529338455032,-38.45495999980409,-3.8821270995859436
3882127138454960,-38.4548930003117,-3.8817204000763468
3881720438454893,-38.45479600033508,-3.881292099750567
3881292138454796,-38.454751000058536,-3.8809054002639414
3880905438454751,-38.45504199998828,-3.8808219000106305
3877351638462337,-38.46223599989145,-3.877538299852631
2296520TR,-38.46620999969167,-3.870460499552337
3870460538466210,-38.466015999738545,-3.870827100090537
3871226538465835,-38.46583100020047,-3.8712349003703252
3871724238465552,-38.4655519999248,-3.871724199911853
3870827138466016,-38.466015999738545,-3.870827100090537
3870147138466346,-38.466345999668135,-3.8701471002084418
3869758838466576,-38.46657600038208,-3.8697587999286043
3870147138466346,-38.466345999668135,-3.8701471002084418
3870827138466016,-38.466015999738545,-3.870827100090537
3871551138465908,-38.46590800015406,-3.871551100203078
3871551138465908,-38.46578399983167,-3.871806700119066
3872145438465583,-38.46558299955575,-3.872145400090119
3870972138466305,-38.46630499957604,-3.870972099582673
3869745038467071,-38.46707099982672,-3.8697449998318234
3870647038466540,-38.46653999962126,-3.870647000058966
3872145438465583,-38.46558299955575,-3.872145400090119
3864733338469321,-38.46932100016397,-3.8647333002015785
3865107138469286,-38.469286000348575,-3.8651070998127466
3864516738469832,-38.469832000346514,-3.864516700285435
3865267738469493,-38.46949300000193,-3.8652676998444235
3865267738469493,-38.46898499995774,-3.865858100271055
3859733738466986,-38.46698600040355,-3.8597337000501852
3870972138466305,-38.46630499957604,-3.870972099582673
3870065438466413,-38.466413000059845,-3.870065400397891
3866083238468870,-38.4688700000504,-3.8660831996798493
3879632138459521,-38.45952099969435,-3.87963209964164
3859613738471282,-38.471281999764415,-3.859613699912302
3857001438472267,-38.47226700022185,-3.8570013995948784
3858067738471722,-38.47172200027006,-3.8580676996645593
3858402138466860,-38.46685999998897,-3.8584020999768995
3858599738470024,-38.47002400020739,-3.8585996999161694
3857584038469324,-38.46932400030232,-3.8575840002014274
3860620938470062,-38.470062000161136,-3.8606209001343927
3875351638463362,-38.46336199965651,-3.8753516000962236
4629077TR,-38.46252199959059,-3.8764878997967003
3876496938462504,-38.462503999659816,-3.876496900211748
4629197TR,-38.468784999727916,-3.866982900340531
3866991938468767,-38.46876699979714,-3.8669918998562594
3861142138463010,-38.46300999961176,-3.8611421004275712
3861010338463096,-38.463095999980396,-3.861010300285102
3861142138463010,-38.46300999961176,-3.8611421004275712
3860754638463603,-38.463602999978434,-3.86075459964502
3860883738463695,-38.463694999724396,-3.8608837000226686
3860586638464098,-38.464098000322394,-3.8605865999915636
3860746538464099,-38.46409900036855,-3.860746500350672
3864094938469354,-38.46935399988712,-3.8640949002593743
3863730038469381,-38.46938100023294,-3.863730000339217
3863930438458228,-38.458228000321924,-3.863930399868025
3861135138463029,-38.46302899958863,-3.8611351001047183
3871303338466059,-38.46605899992289,-3.871303300107172
3858543738470250,-38.47024999983756,-3.858543700031703
3858800138461151,-38.46115100021842,-3.858800100344297
3858800138461151,-38.46143599987147,-3.8587003997036504
3882365438456133,-38.45613299993795,-3.882365400143044
3882365438456133,-38.45644599998286,-3.8822848002033084
3865267738469493,-38.46958899993234,-3.865073000218729
3865267738469493,-38.46974700002397,-3.8647215001970494
3859953838466331,-38.46633099987571,-3.8599538001276983
3858525938470262,-38.47026200039096,-3.8585258997504184
3862607638458912,-38.458912000388466,-3.8626075996609757
3862498038458583,-38.45858299960571,-3.8624980001825406
3872972038464783,-38.46478300043509,-3.872972000257562
3858198338458841,-38.45884099981225,-3.8581983001114395
3858057138459329,-38.45932899983342,-3.858057100254939
3858057138459329,-38.45960700006293,-3.8584586997091606
3857894038458307,-38.45826700032177,-3.857815300435732
3857894038458307,-38.45807000023029,-3.857354299861015
3858193038458863,-38.45887100029637,-3.8581721999869956
3858198338458841,-38.45861200004373,-3.858304799626751
3858664638458713,-38.45871300020474,-3.8586646003909664
3857715438459947,-38.45994699955435,-3.857715400145537
3857715438459947,-38.45979399969326,-3.857300100419252
3857715438459947,-38.45968400001652,-3.8568086002366613
3857681138459862,-38.45994699955435,-3.857715400145537
3857779138459659,-38.45986200013118,-3.857681100002708
3858091638460279,-38.4600980002225,-3.8579074998311853
3876613338461817,-38.461817000354245,-3.8766133003634877
3855880138463999,-38.46399900025364,-3.8558800996868285
64573208TR,-38.46403199997678,-3.8572319003318967
3856690038464022,-38.46402200041496,-3.8566900003431783
3856690038464022,-38.4636589998629,-3.856758699554291
3856690038464022,-38.463120000187814,-3.856780800393551
3857776438463734,-38.46373399972424,-3.8577764002606045
3857776438463734,-38.4634180004403,-3.8579761001169004
3856795038462854,-38.46260900000533,-3.8568066001444095
3856795038462854,-38.462607999959175,-3.8565871997394083
3856117138463553,-38.463536999632765,-3.85610000011485
3856690038464022,-38.46402200041496,-3.8564197001090292
3858552638464299,-38.464298999699054,-3.858552599722657
3858552638464299,-38.46435000025224,-3.8587955003120555
3857236838464038,-38.46406399965383,-3.8575006995975514
3858552638464299,-38.46395199988484,-3.8585765001053574
3858033738464196,-38.464250000137326,-3.858289700009607
3856118838463043,-38.46304300023422,-3.856118800442232
3859470938461288,-38.461288000240984,-3.8594709001618526
64573272TR,-38.46212600021471,-3.8591383002922726
3860061238464333,-38.46433300036762,-3.8600611998644467
3858828738463705,-38.46370500018554,-3.858828699684693
3858517638462908,-38.46290800030391,-3.858517599907259
3858517638462908,-38.463281000417794,-3.8583410000370577
3858517638462908,-38.46370500018554,-3.858828699684693
3859194038463404,-38.46333700030226,-3.859264399632309
3859194038463404,-38.4629860003036,-3.8596771003178674
3858779838462658,-38.462657999567,-3.8587797999477402
3858779838462658,-38.462366999637254,-3.8590090002650754
3860389438461006,-38.461005999826966,-3.8603894002505967
3859328638461774,-38.46177400016995,-3.8593286004345373
3859328638461774,-38.461383000125295,-3.85949879982968
3858838838460205,-38.46020499976089,-3.858838799970613
3858901438460778,-38.4607780001046,-3.8589013999795725
3860406238460340,-38.4603399996912,-3.860406199586407
3857979238462272,-38.46227199975294,-3.857979200079967
3859738738459995,-38.45999499996924,-3.8597387002807295
3859738738459995,-38.45985799994668,-3.860323399904928
3858838838460205,-38.46050199996728,-3.8588748996568256
3858800138461151,-38.46115100021842,-3.858800100344297
3858800138461151,-38.460980000426616,-3.858406799833915
3858901438460778,-38.46096099955042,-3.8588746001826166
3858114538460871,-38.46087099989671,-3.858114500383863
3858114538460871,-38.46087099989671,-3.858114500383863
3858406838460980,-38.460980000426616,-3.858406799833915
3858406838460980,-38.46087099989671,-3.858114500383863
3858600538473136,-38.47316000003394,-3.858570300179167
3858645438472676,-38.47270000040464,-3.8586151997316165
3858682138472228,-38.47225200042942,-3.8586519001650004
3858673738471848,-38.47187199999274,-3.858643499597804
3859893738471431,-38.47166999967072,-3.860316899605209
3860316938471670,-38.47169399987814,-3.860286700370864
3859893738471431,-38.47145499964847,-3.859863599925177
3859515438470806,-38.470829999604746,-3.8594852002817106
3859740338470411,-38.47043400022886,-3.8597101000410134
3858543738470250,-38.47025400002207,-3.858556699731878
3858556738470254,-38.47027700018339,-3.858526499598213
3859874438470130,-38.470152999861,-3.8598442995747178
3860600938470042,-38.470065000299485,-3.860570799802531
3858634438470008,-38.47003199967702,-3.8586042001236933
3861303538469948,-38.46997199960805,-3.8612733996476436
3861317138469948,-38.46991999990803,-3.8612578000074222
3861257838469920,-38.46994300006935,-3.8612276996985315
3858180438469918,-38.46994200002325,-3.8581501998717727
3859887138470135,-38.46981400041574,-3.859999799551076
3859999838469814,-38.46983799972389,-3.859969600316731
3861026638469822,-38.46984600009279,-3.8609965001882642
3857852138469813,-38.46983699967774,-3.8578218996609053
3860744338469738,-38.4697619998164,-3.8607142003000376
3858717138469688,-38.4696920001856,-3.8587298003399724
3858729838469692,-38.46971600039308,-3.8586996002063643
3857480538469673,-38.469697000416204,-3.8574502997914806
3860402038469624,-38.469647999955214,-3.860371799618804
3861317138469948,-38.46956799986327,-3.861296899832041
3861296938469568,-38.46959200007069,-3.861266699698376
3860099438469532,-38.4695550001631,-3.8600692002333403
3859773138469422,-38.46944599963314,-3.8597429001147248
3859477138469323,-38.46934699956432,-3.8594468999544347
3857564138469304,-38.46932799958745,-3.857533899869509
3859208038469220,-38.46924400021038,-3.8591778003151944
3858941038469142,-38.469165000164594,-3.8589107996936036
3859059438468803,-38.46882699986611,-3.859029199937595
3859274938468241,-38.46826399998355,-3.8592446999828667
3870154638467305,-38.46766600028565,-3.870187100254441
3869745038467071,-38.46709500003419,-3.8697147996982153
3857397038467608,-38.467631999617026,-3.857366900262207
3857482138467581,-38.46760500017058,-3.8574518996853726
3857031138467530,-38.467559999894036,-3.856992800277453
3859525438467541,-38.46756500012464,-3.8594951998435363
3870647038466540,-38.46674400003553,-3.870336699778818
3870013338466934,-38.46693399980421,-3.8700132999737775
3858253438467293,-38.467293000171765,-3.858253399774526
3859625438467258,-38.46725800035637,-3.8596254000921135
3859625438467258,-38.46725800035637,-3.8596254000921135
3857528938467086,-38.467085999619144,-3.8575288996389645
3870013338466934,-38.46693399980421,-3.8700132999737775
3862162138466986,-38.46698600040355,-3.8621620998010258
3862166138466973,-38.46697299980406,-3.8621660999854726
3859733738466986,-38.46698600040355,-3.8597337000501852
3858402138466860,-38.46685999998897,-3.8584020999768995
3861699138466842,-38.46684200005819,-3.861699100033377
3862629038466734,-38.46673399957439,-3.862628999928347
3858032838466735,-38.466734999620485,-3.8580327996739356
3860802038466573,-38.46657300024373,-3.860802000212118
3857581138466563,-38.46656299978258,-3.8575810998877955
3860802038466573,-38.46657300024373,-3.860802000212118
3869524338466520,-38.46651999959823,-3.869524299906459
3860334238466437,-38.46643700026732,-3.8603341998633596
3862722338466414,-38.466414000106,-3.862722300094049
3859941138466326,-38.46632599964511,-3.859941099901789
3861255438466701,-38.46670099985124,-3.8612553997168675
3861400038466241,-38.46624100022194,-3.86139999991002
3862817338466071,-38.466070999576914,-3.86281729997836
3859165438466088,-38.46608800036091,-3.8591653995634942
3860071038465987,-38.465987000199846,-3.860070999776781
3858294638465773,-38.46577300022375,-3.8582946004154337
3857870438465633,-38.46563300006284,-3.857870400098818
3860190938465652,-38.46565200003971,-3.860190900089947
3860300838465316,-38.46531599983348,-3.8603007999419106
3860397338465049,-38.46504900011121,-3.860397299895453
3872958638464781,-38.46478100034284,-3.872958600359084
3873027538464373,-38.464373000413616,-3.873027500119008
3860621038464413,-38.46441299956024,-3.86062099995911
3860720738464069,-38.464068999884375,-3.8607206997004937
3860586638464098,-38.464098000322394,-3.8605865999915636
3859974138463861,-38.46386100018498,-3.859974099624935
3859974138463861,-38.46386100018498,-3.859974099624935
3860883738463695,-38.463694999724396,-3.8608837000226686
3860754638463603,-38.463602999978434,-3.86075459964502
3860754638463603,-38.463602999978434,-3.86075459964502
3876505438462813,-38.4628130004196,-3.8765053997043992
3876826638462631,-38.462631000120496,-3.8768265997676963
3861002738463350,-38.463350000002436,-3.8610027001144545
3877186638462444,-38.462443999590846,-3.8771866001814033
3861010338463096,-38.463095999980396,-3.861010300285102
3861135138463029,-38.46302899958863,-3.8611351001047183
3861135138463029,-38.46302899958863,-3.8611351001047183
3860379838462898,-38.46289799984277,-3.8603797999877543
3860379838462898,-38.46289799984277,-3.8603797999877543
3860379838462898,-38.46289799984277,-3.8603797999877543
3861235738462684,-38.46268399986667,-3.861235700067482
3876466838462528,-38.462527999867234,-3.8764667999028575
3861363338462383,-38.4623830003751,-3.861363300375956
3861472638462040,-38.46203999984607,-3.861472600380182
3861593738461720,-38.46172000037768,-3.861593700388937
3861721138461385,-38.46138500021755,-3.8617211001486
3861846938461041,-38.461040999642364,-3.8618469000143705
3861970438460686,-38.46068600035858,-3.8619704003136803
3862095738460346,-38.4603459999679,-3.862095700156374
3863064538460299,-38.460298999599104,-3.8630645002264714
3862644938460135,-38.460135000130094,-3.862644899942154
3862225438460021,-38.46002100026891,-3.862225400381874
3863153938459948,-38.459947999600445,-3.863153900032387
3861586338459808,-38.45980800033891,-3.8615862998677812
3861265438459693,-38.45969300043157,-3.861265400178013
3862351138459652,-38.459652000339474,-3.862351100422927
3861372638459379,-38.45937900034056,-3.8613726002652697
3862478838459274,-38.45927399999505,-3.8624787996568557
3862478838459274,-38.45927399999505,-3.8624787996568557
3862942138459160,-38.45916000013386,-3.8629420997980333
3861506038459004,-38.45900400013443,-3.861506000301631
3862735538458561,-38.45856100038981,-3.8627355003430353
3862906938458473,-38.45847299992897,-3.8629069003331438
3863267038458378,-38.458378000044604,-3.8632669996722484
3863567038458313,-38.45831299974509,-3.8635670000169853
3863910138458196,-38.458195999745556,-3.863910100370788
3862939138458166,-38.45816600016076,-3.862939099659684
3864285138458108,-38.45810800018404,-3.864285099677545
3864631638458012,-38.458012000253575,-3.864631600368
255480380TR,-38.45810500004569,-3.880306799818925
3863008738457823,-38.457822999631674,-3.8630086999914397
3862995438457821,-38.4578210004388,-3.862995399917736
3863359838457705,-38.45770499958604,-3.863359799814873
3863362938457718,-38.45771800018554,-3.8633628997779397
3863053838457502,-38.45750200011719,-3.8630538000927572
3882167638457125,-38.457123999772705,-3.882167599654963
3863142138457085,-38.45708499977286,-3.863142100027858
3881778838457021,-38.457020000372665,-3.8817753999147158
3863515438456963,-38.4569630004421,-3.863515399615949
3881482038456962,-38.45696100034985,-3.8814804996252974
3863919038456852,-38.45685199981989,-3.863919000061742
3864294038456715,-38.456714999797384,-3.8642940002678756
3863222338456697,-38.45669699986661,-3.8632222997692907
3882284838456446,-38.45644599998286,-3.8822848002033084
3863273738456338,-38.456338000398375,-3.863273699621516
3882365438456133,-38.45613299993795,-3.882365400143044
3881985438456040,-38.45604000014583,-3.881985399706366
3881620138455951,-38.4559509996389,-3.8816200995879058
3863315338455930,-38.455929999569776,-3.863315299561407
3881060438455818,-38.455817999800786,-3.8810604002172227
3880735338455763,-38.45576299996242,-3.880735299794196
3882426638455744,-38.45574399998554,-3.8824265999076033
3882426638455744,-38.45574399998554,-3.8824265999076033
3881620738455685,-38.45568499996273,-3.88162070033502
3882529338455032,-38.455032000426456,-3.882529299787336
3882127138454960,-38.45495999980409,-3.8821270995859436
3881720438454893,-38.4548930003117,-3.8817204000763468
3881292138454796,-38.45479600033508,-3.881292099750567
3882659538454273,-38.4542729995992,-3.8826595000358566
3882979338452660,-38.452659999859065,-3.882979299854753
3882517838452525,-38.452524999928755,-3.882517800156279
3884483338450205,-38.45020499996076,-3.8844832999643018
3884549938449845,-38.44984500044637,-3.884549900157708
3884812338449902,-38.449902000376994,-3.884812299847738
3859969738471094,-38.47109400008799,-3.859969700141505
3867004538468804,-38.46880399970479,-3.867004500257451
3866083238468870,-38.4688700000504,-3.8660831996798493
3870827138466016,-38.466015999738545,-3.870827100090537
3879632138459521,-38.45952099969435,-3.87963209964164
3879632138459521,-38.45952099969435,-3.87963209964164
3865267738469493,-38.46949300000193,-3.8652676998444235
3862942138459160,-38.45916000013386,-3.8629420997980333
3857500738464064,-38.46406399965383,-3.8575006995975514
3857500738464064,-38.46376200011616,-3.8577621001407465
3859936638461477,-38.46147699996351,-3.859936599694265
3859936638461477,-38.46153499994023,-3.8602744003432576
3859936638461477,-38.461005999826966,-3.8603894002505967
40213872TR,-38.46753000030924,-3.857031099705466
3857500738464064,-38.46413800036839,-3.85771619964288
3857500738464064,-38.46419600034511,-3.858033699895259
3858898638463695,-38.46352399993259,-3.859068000287948
3858057138459329,-38.45932899983342,-3.858057100254939
3860203838465656,-38.465656000224214,-3.8602037999653476
3860275038470701,-38.470700999951134,-3.860275000191052
3860275038470701,-38.470406999883096,-3.860913099759671
3871724238465552,-38.4655519999248,-3.871724199911853
3870827138466016,-38.466015999738545,-3.870827100090537
3858828738463705,-38.46370500018554,-3.858828699684693
3858828738463705,-38.4641310000456,-3.8593514000470464
3858828738463705,-38.4642979996529,-3.8598050999253815
3860061238464333,-38.46433300036762,-3.8600611998644467
3863923738456865,-38.456865000419384,-3.8639236999187574
3864046738457095,-38.457095000234006,-3.86404670019499
3864074638456804,-38.45680400030432,-3.8640745998628745
3858695438474436,-38.474436000421065,-3.858695400372369
3858695438474436,-38.47454500005165,-3.858892199915033
3858458738459607,-38.45962499999371,-3.8584355997231228
3860323438459858,-38.459945000361415,-3.860364599646516
3860323438459858,-38.4603399996912,-3.860406199586407
3859591438464499,-38.4645159998135,-3.8595684001614927
3858552638464299,-38.46403900029958,-3.8584648996353508
3859140938462130,-38.46187799956999,-3.8592817997152338
3858461338458591,-38.458590999974604,-3.858461299649207
3858461338458591,-38.45838100018295,-3.8580372998814596
3856795038462854,-38.46285399961232,-3.856794999789372
3859512238459797,-38.45979699983161,-3.859512199728215
3859512238459797,-38.45931600013324,-3.859252099604646
3858552638464299,-38.46444500013661,-3.85865669984679
3882546038454937,-38.45464399962083,-3.8825970996763886
3863910138458196,-38.458195999745556,-3.863910100370788
3858517638462908,-38.46290800030391,-3.858517599907259
3858517638462908,-38.462657999567,-3.8587797999477402
3856116638463585,-38.46359000027826,-3.8561006997874188
3857354338458070,-38.458087000114915,-3.8573312996996947
3876877538461667,-38.46163700014739,-3.8769313995643984
3858672238471737,-38.47160000003993,-3.858929400371494
3881522938456141,-38.45597499984632,-3.8815899003535606
3859252138459316,-38.459311999948795,-3.8592550997429953
3859252138459316,-38.45890800020402,-3.8589019000026497
3881589938455975,-38.45597499984632,-3.8815899003535606
3881461038456294,-38.45629400016793,-3.8814609996254035
3856993938464425,-38.464425000113636,-3.856993900148325
3856270438464422,-38.464421999975286,-3.856270400058861
3858040138464583,-38.464583000205266,-3.8580401003702605
3859306838465023,-38.46502299981154,-3.859306799968806
3859139338464940,-38.46493999958125,-3.85913930033837
3858890538464887,-38.46488699983513,-3.8588905001963667
3858371938464716,-38.464716000043325,-3.8583718998432346
3857721538464485,-38.46448500018255,-3.8577215002470098
3855908638464425,-38.464425000113636,-3.8559086001017704
3856632138464414,-38.464413999606336,-3.8566321001912343
3857343438464427,-38.46442700020583,-3.8573434000778093
3856993938464425,-38.464425000113636,-3.856993900148325
3857721538464485,-38.46448500018255,-3.8577215002470098
3858549438474969,-38.47496899981945,-3.858549399934816
3858549438474969,-38.47515899958813,-3.858923200445304
3858549438474969,-38.47535200039448,-3.8592862999227577
3862995438457821,-38.4576319998169,-3.862340699763422
3858652138474568,-38.47454800019,-3.8585458997733895
3859286338475352,-38.47540200000225,-3.85937569972873
3859286338475352,-38.47567199986287,-3.859828199911476
3859286338475352,-38.47594199972349,-3.8602626003386717
3858652138474568,-38.47456800021297,-3.858652099814492
3858578138474755,-38.4747549998433,-3.8585780999992494
3858652138474568,-38.47456800021297,-3.858652099814492
3856850038463184,-38.46318400044123,-3.856849999627741
154652903TR,-38.47241099966783,-3.8603295998311182
3860324638473879,-38.47387899991588,-3.860324599600517
3860324638473879,-38.47413099984573,-3.860740900272276
3860324638473879,-38.47439200019062,-3.8611481996296675
3860462238473306,-38.473305999572176,-3.8604622003701934
3860462238473306,-38.47380199996229,-3.860399200162931
3860489238473063,-38.47306300005738,-3.8604891998166977
3860489238473063,-38.47314000001097,-3.8612830997352035
3860462238473306,-38.473305999572176,-3.8604622003701934
3860462238473306,-38.47342000033268,-3.8607676002445146
3860462238473306,-38.47362699998604,-3.8611115000956033
3860462238473306,-38.47377300042359,-3.861331899647382
3860489238473063,-38.473305999572176,-3.8604622003701934
3858591638461668,-38.461949000146205,-3.8584288997738554
3858591638461668,-38.46227199975294,-3.857979200079967
3859977338473162,-38.47331900017167,-3.8599590998325652
3859977338473162,-38.47364499991676,-3.8598993003124065
3859977338473162,-38.473521999640525,-3.859650799644669
3859943938463885,-38.46390000018482,-3.859955400021647
3859650838473522,-38.47342999989456,-3.859464899885154
3860324638473879,-38.47387899991588,-3.860324599600517
3860324638473879,-38.473760999870194,-3.860105000445344
3858547038474456,-38.47443899966004,-3.8585154999902898
154652959TR,-38.474456000444036,-3.858546999644261
3859643438460272,-38.46007800019953,-3.8596192001659233
3858892238474545,-38.47462800028194,-3.859058599674597
3858892238474545,-38.47474300018928,-3.859298699775138
3860265838475945,-38.47596199974646,-3.8602427999651923
3861151038474395,-38.47441200021359,-3.8611279001324306
3860842938459302,-38.45912600036456,-3.8604691997936698
3861157638459451,-38.45930200038697,-3.8608428995801205
3863287138456339,-38.45624199956859,-3.8633801002114296
3856702138467460,-38.46752700017089,-3.8570195002496916
3856702138467460,-38.46740599998685,-3.856421600376507
3856114138467469,-38.46740599998685,-3.856421600376507
3861506038459004,-38.458566999767186,-3.861690200342423
3861915938457792,-38.45812600011476,-3.861825499746942
3861915938457792,-38.45743199958707,-3.86195179963579
3861157638459451,-38.45937900034056,-3.8613726002652697
3864635438458025,-38.45797100016148,-3.864919299785811
3857816838459131,-38.459024000157456,-3.857562500109225
3860432838464994,-38.46499400027284,-3.8604327997338714
3875351638463362,-38.46336199965651,-3.8753516000962236
3866083238468870,-38.4688700000504,-3.8660831996798493
3859298738474743,-38.47474300018928,-3.859298699775138
3859298738474743,-38.4749790002806,-3.8597192002808356
3859298738474743,-38.475230000164345,-3.8601535998087115
3859298738474743,-38.47537799979483,-3.860379999637246
3860343438472435,-38.47263800024348,-3.860287700417018
3860343438472435,-38.47265199998975,-3.8600129998000625
3860343438472435,-38.4730850001726,-3.8599861001783324
3863380138456242,-38.45624199956859,-3.8633801002114296
3856440238461187,-38.461187000079974,-3.8564402001550775
3856144638461805,-38.46180499980085,-3.8561446001930904
169123749TR,-38.462463999613874,-3.8558429001296872
3855995538462114,-38.46211399966131,-3.8559954997924137
4629127TR,-38.46336599984096,-3.8753496000039718
3863584238458392,-38.45839199979093,-3.8635841995510987
3863567038458313,-38.45831299974509,-3.8635670000169853
3864046738457095,-38.457095000234006,-3.86404670019499
3864115638456346,-38.45634599986795,-3.864115599954914
3863519538458747,-38.45874699997404,-3.86351949962517
3863930438458228,-38.458228000321924,-3.863930399868025
3860379838462898,-38.46289799984277,-3.8603797999877543
3876826638462631,-38.462631000120496,-3.8768265997676963
3855995538462114,-38.46211399966131,-3.8559954997924137
3857436938472013,-38.47201300019975,-3.857436899892946
3857751638471860,-38.47186000033872,-3.857751599656524
3858067738471722,-38.47172200027006,-3.8580676996645593
3859845238462836,-38.4628359996816,-3.859845199796098
3862742138458573,-38.458573000043884,-3.8627420995682087
3862607638458912,-38.458912000388466,-3.8626075996609757
3873027538464373,-38.464373000413616,-3.873027500119008
3857236838464038,-38.46403800025348,-3.857236799838404
3858671438464789,-38.46478899981247,-3.858671400164951
3860343438472435,-38.472434999875304,-3.860343399927899
3860343438472435,-38.47281999964321,-3.8605070999226996
3857979238462272,-38.46227199975294,-3.857979200079967
3856114138467469,-38.46746900019417,-3.8561140996858967
3861825538458126,-38.45812600011476,-3.861825499746942
3857976138463418,-38.4634180004403,-3.8579761001169004
3860324638473879,-38.47387899991588,-3.860324599600517
3856294638461497,-38.46149699998654,-3.8562945999158273
3858006038471713,-38.471712999855015,-3.858005999876923
3863991438457569,-38.45756899960958,-3.8639913999830924
3863991438457569,-38.45756899960958,-3.8639913999830924
3859319038467161,-38.467161000379804,-3.859319000171695
2296525TR,-38.46900700007296,-3.865704899861214
3864094938469354,-38.46935399988712,-3.8640949002593743
206957932TR,-38.46234200028306,-3.8773380001485407
3860380038475378,-38.47537799979483,-3.860379999637246
3860380038475378,-38.47550300016326,-3.860564300402075
3884814438449889,-38.449869999800626,-3.884689699769808
3872722238464980,-38.464979999627246,-3.872722200069404
3872583838465063,-38.46506299985754,-3.8725837998024986
3872880438464885,-38.46488499974288,-3.872880399810583
243862438TR,-38.46494399976575,-3.872726599552891
3856111938463858,-38.46385800004663,-3.8561118999441533
3856111938463858,-38.46358500004766,-3.856116599801169
3856118838463043,-38.463335000210066,-3.856120400336181
3860736838464126,-38.464125999814996,-3.860736800263055
3860633838464418,-38.46441799979084,-3.8606338000097935
3876349038462278,-38.46227800002964,-3.8763490004059804
3876349038462278,-38.46227800002964,-3.8763490004059804
3876589938461798,-38.46179800037737,-3.8765899000038075
3876589938461798,-38.46179800037737,-3.8765899000038075
154652970TR,-38.474534000443725,-3.8585687002852183
3881640138455364,-38.45536400044824,-3.881640099610877
40213872TR,-38.46753899982497,-3.857008999765469
3862630638459042,-38.459042000088175,-3.862630599822296
3862491238459269,-38.459268999764504,-3.862491200408499
3881611438455872,-38.45587199959306,-3.8816114004457063
3862574838459041,-38.45904100004208,-3.8625747995872644
3860975438468236,-38.468235999591684,-3.8609754002944214
3860975438468236,-38.46895400032679,-3.860822000235089
3861015438463355,-38.46302899958863,-3.8611351001047183
3879744938459096,-38.45913699997254,-3.879696300443868
3879520838459859,-38.460163999668794,-3.8793813003067044
3870013338466934,-38.46707099982672,-3.8697449998318234
3869745038467071,-38.46704300033417,-3.869912299812711
3869912338467043,-38.46710400044924,-3.8700153998907467
3870015438467104,-38.467183999641804,-3.8700852996967683
273702789TR,-38.46768500026252,-3.870415000152093
273702789TR,-38.46768600030862,-3.8704385003364905
3882529338455032,-38.455032000426456,-3.882529299787336
3883158638451769,-38.45176900013922,-3.883158600389038
3883158638451769,-38.45176900013922,-3.883158600389038
3883158638451769,-38.45176900013922,-3.883158600389038
3857609238472247,-38.47224700019888,-3.8576092001044344
3862225438460021,-38.46002100026891,-3.862225400381874
3862785138460192,-38.460192000060715,-3.8627850997525
3862225438460021,-38.46002100026891,-3.862225400381874
3866083238468870,-38.4688700000504,-3.8660831996798493
3866083238468870,-38.46836700023681,-3.8664544002503476
258104281TR,-38.46823699963778,-3.8649268999564015
272545091TR,-38.468235999591684,-3.8609754002944214
3868050438467646,-38.46786699966225,-3.868182399897762
300657961TR,-38.46779700003151,-3.867795599687156
300657961TR,-38.46778699957031,-3.867815200411144
3867815238467787,-38.467646000262675,-3.868050400105858
3859386938471087,-38.47098699965028,-3.8596460997876534
3860275038470701,-38.470700999951134,-3.860275000191052
3859928338470886,-38.47088600038859,-3.8599282998511057
3858832838458851,-38.4588510002734,-3.8588327996939142
3858832838458851,-38.45871300020474,-3.8586646003909664
3879520838459859,-38.45952099969435,-3.87963209964164
3879632138459521,-38.45909599988045,-3.8797448998072355
304981351TR,-38.45929600011027,-3.8801322000409755
3860736838464126,-38.464125999814996,-3.8607457997787833
3884444738450531,-38.45053099970585,-3.884455199747606
3884483338450205,-38.45049699993655,-3.884445899858349
310537494TR,-38.45049699993655,-3.884445899858349
3859646638460298,-38.460568000312946,-3.8596710002164514
3859646638460298,-38.4603059999219,-3.8596297995755435
3859643438460272,-38.460273000198754,-3.8596321998660983
3859651738461140,-38.46083700012741,-3.8596776003409445
3858838838460205,-38.46015700024532,-3.8591419002784164
3859470938461288,-38.461288000240984,-3.8594709001618526
3859470938461288,-38.461473999825216,-3.859930100293866
3859619238460078,-38.46007800019953,-3.8596192001659233
3855670038465878,-38.465877999669885,-3.855670000070404
3855247838464770,-38.464769999835596,-3.8552477998460404
3855691438465891,-38.46589100026938,-3.8556914003378324
3855247838464770,-38.464769999835596,-3.8552477998460404
3858057138459329,-38.45932899983342,-3.858057100254939
3858057138459329,-38.458862999927476,-3.8581930004065725
3859671038460568,-38.46083700012741,-3.8596776003409445
3864411638469343,-38.46932100016397,-3.8647333002015785
3858599738470024,-38.469998999953816,-3.858526600322307
3857493538469677,-38.46967700039323,-3.8574934996252637
3859953838466331,-38.46633099987571,-3.8599538001276983
3859625438467258,-38.46725800035637,-3.8596254000921135
3860798738466586,-38.4665859999439,-3.860798699700183
3862162138466986,-38.46698600040355,-3.8621620998010258
3857870438465633,-38.46563300006284,-3.857870400098818
3857870438465633,-38.465383000225245,-3.8570133003235014
3862952538458168,-38.458168000252954,-3.862952499558162
3863155438457088,-38.45708799991121,-3.8631554001015616
3863235738456699,-38.45669899995886,-3.8632356996677686
3863045438460277,-38.4602770003832,-3.8630454004248236
3862103738459930,-38.459929999669725,-3.8621036996260045
3859752538470417,-38.47041700034424,-3.8597525003775672
3858682138472228,-38.472228000222,-3.8586821002986653
3858645438472676,-38.472676000197225,-3.8586453998652814
3858057138459329,-38.45932899983342,-3.858057100254939
3858057138459329,-38.45965899976301,-3.857779100025425
3857451238458972,-38.458914999627495,-3.8573271996904737
3856690038464022,-38.46402200041496,-3.8566900003431783
3856690038464022,-38.46402899983843,-3.856962100120768
3858795538464350,-38.46435000025224,-3.8587955003120555
3858795538464350,-38.46444099995216,-3.859269300038136
3859174238468504,-38.46850400025937,-3.8591742003290506
3859456938467838,-38.46783800012355,-3.85945690041558
3859625438467258,-38.46725800035637,-3.8596254000921135
3862527138467098,-38.46709800017254,-3.862527100445277
3861255438466701,-38.46670099985124,-3.8612553997168675
3860798738466586,-38.4665859999439,-3.860798699700183
3858720438465915,-38.465914999577535,-3.8587203997266215
3860537638464687,-38.464686999605306,-3.8605376004298932
3860586638464098,-38.464098000322394,-3.8605865999915636
3860736838464126,-38.464125999814996,-3.860736800263055
3860122538463396,-38.46339600032513,-3.860122500353043
3860122538463396,-38.46339600032513,-3.860122500353043
3877186638462444,-38.462443999590846,-3.8771866001814033
3861888438459911,-38.45991099969285,-3.8618884001294873
3863705538457623,-38.45762300030117,-3.863705500108722
3882167638457125,-38.457123999772705,-3.882167599654963
3882202738456849,-38.45684799963544,-3.8822033000421925
3882476038455294,-38.455293999918126,-3.8824759996675766
3860275038470701,-38.470700999951134,-3.860275000191052
3858525938470262,-38.47026200039096,-3.8585258997504184
3862607638458912,-38.458912000388466,-3.8626075996609757
3882421538455752,-38.455752000354494,-3.882421499852285
3882202738456849,-38.45684899968154,-3.882202700194398
3881985438456040,-38.45604000014583,-3.881985399706366
3872972038464783,-38.46478300043509,-3.872972000257562
3864092838469363,-38.46936300030217,-3.864092800342405
3869524338466520,-38.46651999959823,-3.869524299906459
3858813138469394,-38.46939399993312,-3.858813100044472
3857480538469673,-38.46967300020873,-3.8574804999250887
3859208038469220,-38.46922000000296,-3.8592080004488025
3859773138469422,-38.46942200032504,-3.859773100248333
3860099438469532,-38.46953200000178,-3.8600994003670053
3860402038469624,-38.46962399974774,-3.860401999752412
3860744338469738,-38.469737999608924,-3.8607442997096086
3861026638469822,-38.46982199988537,-3.8610265995978352
3859059438468803,-38.46880299965869,-3.859059400071203
3859174238468504,-38.46850400025937,-3.8591742003290506
3858941038469142,-38.46914200000327,-3.8589409998272117
3859072038468808,-38.468807999889236,-3.859071999573075
3859187138468508,-38.46850800044382,-3.8591871002044513
3859274938468241,-38.46824099982223,-3.859274900116475
3858463838467981,-38.468068999984325,-3.8587982999015935
3858717138469688,-38.46939399993312,-3.858813100044472
3858599738470024,-38.469688000001156,-3.8587171001140064
3858543738470250,-38.47002400020739,-3.8585996999161694
3857852138469813,-38.46991799981578,-3.8581804000053808
3857493538469677,-38.46981300036964,-3.8578520997945134
3859203738469233,-38.46914200000327,-3.8589409998272117
3859477138469323,-38.46923299970314,-3.85920369989077
3859768738469435,-38.469323000256225,-3.859477100088043
3860095438469545,-38.469435000025214,-3.859768699865583
3860397738469637,-38.46954499970195,-3.8600954001825016
3860740438469751,-38.469637000347234,-3.860397700093756
3861022838469835,-38.469751000208475,-3.860740400249199
3861211038469890,-38.469834999585544,-3.8610227999621998
3860620938470062,-38.469751000208475,-3.860740400249199
1051627TR,-38.46664299987452,-3.8598277997131163
3857581138466563,-38.46655799955198,-3.857568700035415
3857528938467086,-38.467084999573046,-3.8575153999157124
3860334238466437,-38.466449999967494,-3.860330400227724
3861699138466842,-38.46685499975837,-3.8616954002225157
3862629038466734,-38.466737999758834,-3.862641999628522
3862722338466414,-38.466418000290446,-3.8627353996189413
3860071038465987,-38.46599100038429,-3.86008370000269
3860190938465652,-38.465656000224214,-3.8602037999653476
3860300838465316,-38.465320000017925,-3.860313599992594
3860397338465049,-38.46499400027284,-3.8604327997338714
3860537638464687,-38.46469099978975,-3.8605503995812
3860621038464413,-38.46441799979084,-3.8606338000097935
3861002738463350,-38.46335500023304,-3.8610154003404205
3859953838466331,-38.46664299987452,-3.8598277997131163
3860083738465991,-38.46633099987571,-3.8599538001276983
3860313638465320,-38.465656000224214,-3.8602037999653476
3860432838464994,-38.46499500031899,-3.8604095999230594
3860550438464691,-38.46499400027284,-3.8604327997338714
3860633838464418,-38.4644860002287,-3.8606254003419167
3859916038464142,-38.46441200041346,-3.8604967999872883
3859916038464142,-38.464281999814375,-3.8602169003896165
307124533TR,-38.46409900036855,-3.860746500350672
3861015438463355,-38.463694999724396,-3.8608837000226686
3861235738462684,-38.46300999961176,-3.8611421004275712
3859733738466986,-38.46664299987452,-3.8598277997131163
3858402138466860,-38.46704300033417,-3.8589581004359275
3859456938467838,-38.46754099991716,-3.8595253999772012
3858032838466735,-38.46685999998897,-3.8584020999768995
3857568738466558,-38.466734999620485,-3.8580327996739356
3857515438467085,-38.46655799955198,-3.857568700035415
3857482138467581,-38.467084999573046,-3.8575153999157124
3857397038467608,-38.46758099996316,-3.8574820998189807
3857031138467530,-38.46760800030893,-3.857396999671778
3860330438466450,-38.46633099987571,-3.8599538001276983
3860798738466586,-38.466449999967494,-3.860330400227724
3861695438466855,-38.46670099985124,-3.8612553997168675
3862162138466986,-38.46685499975837,-3.8616954002225157
3862642038466738,-38.46709800017254,-3.862527100445277
3862735438466418,-38.466737999758834,-3.862641999628522
3862817338466071,-38.466418000290446,-3.8627353996189413
3861285238467453,-38.46670099985124,-3.8612553997168675
3861562138465798,-38.46624100022194,-3.86139999991002
3859165438466088,-38.46621900010672,-3.8595797001430014
3859165438466088,-38.46608800036091,-3.8591653995634942
3858720438465915,-38.465914999577535,-3.8587203997266215
3858294638465773,-38.46577300022375,-3.8582946004154337
3857870438465633,-38.46563300006284,-3.857870400098818
3862491238459269,-38.459268999764504,-3.862491200408499
3862644938460135,-38.460135000130094,-3.862644899942154
3863064538460299,-38.460298999599104,-3.8630645002264714
3863153938459948,-38.459947999600445,-3.863153900032387
3861888438459911,-38.45991099969285,-3.8618884001294873
3861586338459808,-38.45980800033891,-3.8615862998677812
3862607638458912,-38.458912000388466,-3.8626075996609757
3862735538458561,-38.45856100038981,-3.8627355003430353
3862906938458473,-38.45847299992897,-3.8629069003331438
3863267038458378,-38.458378000044604,-3.8632669996722484
3864285138458108,-38.45810800018404,-3.864285099677545
3864631638458012,-38.458012000253575,-3.864631600368
3863359838457705,-38.45770499958604,-3.863359799814873
3863053838457502,-38.45750200011719,-3.8630538000927572
3863142138457085,-38.45708499977286,-3.863142100027858
3863919038456852,-38.45685199981989,-3.863919000061742
3863222338456697,-38.45669699986661,-3.8632222997692907
3863273738456338,-38.456338000398375,-3.863273699621516
3862620438458916,-38.45891599967359,-3.862620399711602
3862742138458573,-38.458573000043884,-3.8627420995682087
3862920438458475,-38.45847500002117,-3.862920400056396
3862952538458168,-38.458168000252954,-3.862952499558162
3863008738457823,-38.457822999631674,-3.8630086999914397
3863067138457505,-38.45750500025554,-3.8630671001665178
3863155438457088,-38.45708799991121,-3.8631554001015616
3863315338455930,-38.455929999569776,-3.863315299561407
3862351138459652,-38.459652000339474,-3.862351100422927
3862225438460021,-38.46002100026891,-3.862225400381874
3862095738460346,-38.4603459999679,-3.862095700156374
3861970438460686,-38.46068600035858,-3.8619704003136803
3861846938461041,-38.461040999642364,-3.8618469000143705
3861721138461385,-38.46138500021755,-3.8617211001486
3861593738461720,-38.46172000037768,-3.861593700388937
3861472638462040,-38.46203999984607,-3.861472600380182
3861363338462383,-38.4623830003751,-3.861363300375956
3862253638460015,-38.46001499999221,-3.862253600423287
3863167038459951,-38.459950999738794,-3.863166999557336
3861590438459795,-38.459794999739415,-3.8615903998770023
3861265438459693,-38.45969300043157,-3.861265400178013
3861372638459379,-38.45937900034056,-3.8613726002652697
3861506038459004,-38.45900400013443,-3.861506000301631
3863270438458391,-38.45839099974478,-3.8632704000089007
3863567038458313,-38.45831299974509,-3.8635670000169853
3863930438458228,-38.458228000321924,-3.863930399868025
3864288738458121,-38.458120999884216,-3.864288699663689
3864635438458025,-38.45802499995375,-3.8646354000036354
3863362938457718,-38.45771800018554,-3.8633628997779397
3863515438456963,-38.4569630004421,-3.863515399615949
3863923738456865,-38.456865000419384,-3.8639236999187574
3864294038456715,-38.456714999797384,-3.8642940002678756
3858894738471288,-38.47128800004111,-3.858894700030362
3859874438470130,-38.47012999969968,-3.8598743998836085
3861303538469948,-38.46994800029995,-3.8613034999565343
3859386938471087,-38.47114299964966,-3.859212700305818
3861317138469948,-38.470386999860125,-3.8609521995842897
3861317138469948,-38.46994800029995,-3.8613171004038236
3858621338471431,-38.471431000340374,-3.8586212998330893
3857001438472267,-38.47209999971517,-3.8572927997228703
3857001438472267,-38.47226700022185,-3.8570013995948784
3858672238471737,-38.47173700006243,-3.8586721996622373
3859613738471282,-38.471597999947676,-3.858933299831847
3859613738471282,-38.471281999764415,-3.859613699912302
3858673738471848,-38.471847999785325,-3.858673699731412
3858682138472228,-38.472228000222,-3.8586821002986653
3857853738472136,-38.471810999877675,-3.858514800317721
3857853738472136,-38.472135999576665,-3.8578536996884623
3859893738471431,-38.471431000340374,-3.859893700234011
3859515438470806,-38.47080600029665,-3.8595154004153756
3859752538470417,-38.47041700034424,-3.8597525003775672
3859887138470135,-38.47013499993028,-3.8598871001095176
3884812338449902,-38.449902000376994,-3.884812299847738
3884483338450205,-38.45020499996076,-3.8844832999643018
3882421538455752,-38.455752000354494,-3.882421499852285
3881620738455685,-38.45568499996273,-3.88162070033502
3882476038455294,-38.455293999918126,-3.8824759996675766
3882529338455032,-38.455032000426456,-3.882529299787336
3882659538454273,-38.4542729995992,-3.8826595000358566
3882799438453572,-38.453571999648034,-3.8827994003719937
3882875138453178,-38.4531780003644,-3.8828750999059025
3882979338452660,-38.452659999859065,-3.882979299854753
3882517838452525,-38.452574000389745,-3.8827609003951693
3882262138456535,-38.45644599998286,-3.8822848002033084
3882202738456849,-38.45712499981886,-3.882167599654963
3882365438456133,-38.45604000014583,-3.881985399706366
3881060438455818,-38.4559509996389,-3.8816200995879058
3880735338455763,-38.455817999800786,-3.8810604002172227
3880495438456951,-38.45576299996242,-3.880735299794196
3880418738457410,-38.456950999888704,-3.8804954002424665
3881611438455872,-38.4559509996389,-3.8816200995879058
3881659938455332,-38.455686000008825,-3.881634100233498
3882167638457125,-38.45702100041876,-3.881778800251368
3881482038456962,-38.45702100041876,-3.881778800251368
3882127138454960,-38.455032000426456,-3.882529299787336
3881720438454893,-38.45495999980409,-3.8821270995859436
3881292138454796,-38.4548930003117,-3.8817204000763468
3880905438454751,-38.45479600033508,-3.881292099750567
3880821938455042,-38.454751000058536,-3.8809054002639414
3877538338462236,-38.46233700005246,-3.87735159969651
3870460538466210,-38.4662020002221,-3.870454599999732
3870827138466016,-38.46620999969167,-3.870460499552337
3871488738465691,-38.465835000384914,-3.871226499803072
3871488738465691,-38.465691000039556,-3.871488699843553
3872107138465345,-38.4653450002715,-3.872107099762786
3870147138466346,-38.466345999668135,-3.8701471002084418
3869758838466576,-38.46657600038208,-3.8697587999286043
3869554438466496,-38.466496000290135,-3.8695544002153497
3870065438466413,-38.466413000059845,-3.870065400397891
3870972138466305,-38.46630499957604,-3.870972099582673
3872145438465583,-38.46590800015406,-3.8715516002260983
3872145438465583,-38.46558299955575,-3.872145400090119
3872445438465395,-38.46539499987932,-3.872445400434856
3870647038466540,-38.46653999962126,-3.870647000058966
3869460438467243,-38.46724299966468,-3.869460400377136
3870707038466736,-38.46673599966658,-3.8707070001278794
3872327138465746,-38.465745999877925,-3.872327100015582
3865107138469286,-38.469286000348575,-3.8651070998127466
3865267738469493,-38.46949300000193,-3.8652676998444235
3864500938469839,-38.46983899976999,-3.8645009000964023
3866354038468928,-38.46928800044083,-3.8657037999903423
3866354038468928,-38.46892800002712,-3.8663539999370755
3859625438467258,-38.46725800035637,-3.8596254000921135
3871303338466059,-38.46605899992289,-3.871303300107172
3870085838466393,-38.466393000036874,-3.8700857997198455
3865721638469014,-38.46901400039576,-3.86572160027157
3879640238459489,-38.4594890000173,-3.8796401998353076
3859713438471229,-38.4712290000183,-3.8597133996536286
3857021838472247,-38.47224700019888,-3.8570217998161525
3858621338471431,-38.471431000340374,-3.8586212998330893
3858253438467293,-38.467293000171765,-3.858253399774526
3858634438470008,-38.470008000368864,-3.8586344002573014
3857564138469304,-38.46930400027935,-3.8575641000031737
3860600938470042,-38.470042000138164,-3.8606009001114217
3875358638463348,-38.46334799991024,-3.8753586004190197
3876496938462504,-38.462503999659816,-3.876496900211748
3876466838462528,-38.462527999867234,-3.8764667999028575
3866991938468767,-38.46876699979714,-3.8669918998562594
3867004538468804,-38.46880399970479,-3.867004500257451
32272140TR,-38.462987000349756,-3.861143499772652
3860379838462898,-38.46289799984277,-3.8603797999877543
3861010338463096,-38.463095999980396,-3.861010300285102
3860122538463396,-38.46339600032513,-3.860122500353043
3860754638463603,-38.463602999978434,-3.86075459964502
3859974138463861,-38.46386100018498,-3.859974099624935
3860586638464098,-38.464098000322394,-3.8605865999915636
3864411638469343,-38.469343000279196,-3.8644116001152042
3864094938469354,-38.46935399988712,-3.8640949002593743
3863910138458196,-38.458195999745556,-3.863910100370788
3861179438463102,-38.46310200025704,-3.86117939980943
3871551138465908,-38.46590800015406,-3.871551100203078
3858525938470262,-38.47026200039096,-3.8585258997504184
3858591638461668,-38.4611569995958,-3.8587978997032337
3858591638461668,-38.46166799977834,-3.8585915997225015
3882284838456446,-38.456310000006454,-3.8823208000648037
3864516738469832,-38.46949300000193,-3.8652676998444235
3864516738469832,-38.46965899956314,-3.864929900094751
3864516738469832,-38.469832000346514,-3.864516700285435
3859579738466219,-38.46621900010672,-3.8595797001430014
3858495738470286,-38.47028599969906,-3.8584956996168103
3862577538458935,-38.45893499965047,-3.8625775002514047
3862330038458309,-38.45830899956064,-3.862329999629708
3873027538464373,-38.464373000413616,-3.873027500119008
64573392TR,-38.45881999974313,-3.8581923996594583
3858458738459607,-38.45946299971763,-3.858277099608415
3857354338458070,-38.45830700036771,-3.85789400010799
3857354338458070,-38.458167000206856,-3.857617199574065
64573392TR,-38.458862999927476,-3.8581930004065725
3858461338458591,-38.45884099981225,-3.8581983001114395
3858461338458591,-38.458590999974604,-3.858461299649207
3858461338458591,-38.458590999974604,-3.858461299649207
3856808638459684,-38.459869999600755,-3.8575690004090006
3856808638459684,-38.45972800024697,-3.8570374003556935
3857715438459947,-38.45986200013118,-3.857681100002708
3857681138459862,-38.45965899976301,-3.857779100025425
3857715438459947,-38.46027899957613,-3.85809160004726
3857715438459947,-38.45994699955435,-3.857715400145537
3876877538461667,-38.46166699973219,-3.876877499596901
3856146638464017,-38.464017000184356,-3.856146600285342
3857236838464038,-38.46403800025348,-3.857236799838404
3856795038462854,-38.46389499995422,-3.856749399665034
3856795038462854,-38.46339100009453,-3.856772600375166
3856795038462854,-38.46285399961232,-3.856794999789372
3857976138463418,-38.463528000117094,-3.857882600301707
3856587238462608,-38.46285399961232,-3.856794999789372
3856587238462608,-38.46260900000533,-3.8568050002505174
249037024TR,-38.46355300037061,-3.856117099824246
3856146638464017,-38.46402200041496,-3.8566900003431783
3856146638464017,-38.464017000184356,-3.856146600285342
3858795538464350,-38.46429999974515,-3.8585576997779754
3857500738464064,-38.46403800025348,-3.857236799838404
3858576538463952,-38.464298999699054,-3.858552599722657
3858552638464299,-38.46419600034511,-3.858033699895259
3858552638464299,-38.464298999699054,-3.858552599722657
3856132438462774,-38.462774000419756,-3.8561323999902015
3859235738461222,-38.461221999895315,-3.8592356995678188
3859140938462130,-38.462130000399156,-3.859140900232319
3860100638464339,-38.464338999744996,-3.8601006000625944
3858898638463695,-38.463694999724396,-3.8588986003900345
3858828738463705,-38.46313499998024,-3.858351299972469
3858828738463705,-38.46350099977127,-3.858594599860851
3859845238462836,-38.46340399979471,-3.8591939998032103
3859845238462836,-38.46315199986486,-3.8594618997468046
3859845238462836,-38.4628359996816,-3.859845199796098
3859140938462130,-38.46260099963638,-3.8588293004318075
3859140938462130,-38.462130000399156,-3.859140900232319
3860402138460884,-38.46088399959689,-3.860402099577186
3859470938461288,-38.46164000028574,-3.8593889998024338
3859470938461288,-38.461288000240984,-3.8594709001618526
3858710638459940,-38.45994000013087,-3.8587105998142874
64573317TR,-38.4607430002892,-3.8589111998919066
3860421938460524,-38.4605240000825,-3.8604218999506656
3857973438462274,-38.462273999845195,-3.85797340035208
3860323438459858,-38.4599139998312,-3.8600471002934
3858901438460778,-38.46020499976089,-3.858838799970613
3858901438460778,-38.4607780001046,-3.8589013999795725
3858406838460980,-38.46106199971149,-3.8587907995557202
3858800138461151,-38.4607780001046,-3.8589013999795725
3858800138461151,-38.46115100021842,-3.858800100344297
3858064238460997,-38.460997000311295,-3.8580642004024526
3858218938460615,-38.460614999782365,-3.858218899982205
3858114538460871,-38.46087199994281,-3.8582208002496827
3858570338473160,-38.47313599982647,-3.8586005003127752
3858615238472700,-38.472676000197225,-3.8586453998652814
3858651938472252,-38.472228000222,-3.8586821002986653
3858643538471872,-38.471847999785325,-3.858673699731412
3860316938471670,-38.471431000340374,-3.859893700234011
3860286738471694,-38.47166999967072,-3.860316899605209
3859863638471455,-38.471431000340374,-3.859893700234011
3859485238470830,-38.47080600029665,-3.8595154004153756
3859710138470434,-38.47041100006754,-3.8597403001746784
3858556738470254,-38.47024999983756,-3.858543700031703
3858526538470277,-38.47025400002207,-3.858556699731878
3859844338470153,-38.47012999969968,-3.8598743998836085
3860570838470065,-38.470042000138164,-3.8606009001114217
3858604238470032,-38.470008000368864,-3.8586344002573014
3861273438469972,-38.46994800029995,-3.8613034999565343
3861257838469920,-38.46994800029995,-3.8613171004038236
3861227738469943,-38.46991999990803,-3.8612578000074222
3858150238469942,-38.46991799981578,-3.8581804000053808
3859999838469814,-38.47013499993028,-3.8598871001095176
3859969638469838,-38.46981400041574,-3.859999799551076
3860996538469846,-38.46982199988537,-3.8610265995978352
3857821938469837,-38.46981300036964,-3.8578520997945134
3860714238469762,-38.469737999608924,-3.8607442997096086
3858729838469692,-38.469688000001156,-3.8587171001140064
3858699638469716,-38.4696920001856,-3.8587298003399724
3857450338469697,-38.46967300020873,-3.8574804999250887
3860371838469648,-38.46962399974774,-3.860401999752412
3861296938469568,-38.46994800029995,-3.8613171004038236
3861266738469592,-38.46956799986327,-3.861296899832041
3860069238469555,-38.46953200000178,-3.8600994003670053
3859742938469446,-38.46942200032504,-3.859773100248333
3859446938469347,-38.469323000256225,-3.859477100088043
3857533938469328,-38.46930400027935,-3.8575641000031737
3859177838469244,-38.46922000000296,-3.8592080004488025
3858910838469165,-38.46914200000327,-3.8589409998272117
3859029238468827,-38.46880299965869,-3.859059400071203
3859244738468264,-38.46824099982223,-3.859274900116475
3870187138467666,-38.46730499982584,-3.8701545996549953
3869714838467095,-38.46707099982672,-3.8697449998318234
3857366938467632,-38.46760800030893,-3.857396999671778
3857451938467605,-38.46758099996316,-3.8574820998189807
3856992838467560,-38.46753000030924,-3.857031099705466
3859495238467565,-38.46754099991716,-3.8595253999772012
3870013338466934,-38.46653999962126,-3.870647000058966
3870013338466934,-38.46693399980421,-3.8700132999737775
3869983138466958,-38.46695800001163,-3.8699830998401126
3858218838467312,-38.46731200014864,-3.858218800157431
3859595338467282,-38.46728199966452,-3.859595299783223
3859590738467277,-38.46727700033324,-3.8595906997509246
3857498838467109,-38.467108999780464,-3.8574988002293935
3869978638466953,-38.466952999781086,-3.8699785996326455
3862166138466973,-38.46697299980406,-3.8621660999854726
3862135938466997,-38.466997000011474,-3.8621358998518645
3859703638467010,-38.46700999971165,-3.8597035997412945
3858371938466883,-38.46688300015029,-3.8583718998432346
3861668938466865,-38.466865000219514,-3.861668899899769
3862598838466758,-38.466757999781805,-3.862598799794739
3858002738466759,-38.46675899982796,-3.8580027002643646
3860771938466597,-38.466596999551825,-3.8607718999032272
3857550938466587,-38.46658699999,-3.8575508997541874
3860767338466592,-38.4665920002206,-3.860767299870929
3869494138466544,-38.46654399980571,-3.869494099772851
3860304038466460,-38.46646000042864,-3.8603039997297515
3862692138466438,-38.46643800031342,-3.862692099960384
3859910938466350,-38.46634999985258,-3.859910899768181
3861400038466241,-38.46624100022194,-3.86139999991002
3861369838466265,-38.46626500042936,-3.861369799776412
3862787238466095,-38.46609499978439,-3.8627871996694694
3859135238466112,-38.46611199966901,-3.859135200329206
3860040838466010,-38.466010000361166,-3.860040799643116
3858264438465797,-38.46579700043117,-3.8582644002818256
3857840238465657,-38.46565700027031,-3.85784019996521
3860160738465676,-38.465676000247186,-3.860160699956282
3860270638465340,-38.46534000004095,-3.8602705998083024
3860377638465040,-38.46503999969616,-3.860377600246011
3872928538464804,-38.46480399960484,-3.872928500050193
3872997338464396,-38.46439599967562,-3.872997299985343
3860590838464437,-38.464436999767656,-3.860590799825502
3860736838464126,-38.464125999814996,-3.860736800263055
3860551938464117,-38.46411700029927,-3.8605518996503747
3859994438463841,-38.463841000162006,-3.859994400021492
3859943938463885,-38.463885000392395,-3.859943900390647
3860853638463718,-38.463717999885716,-3.8608535997138347
3860724438463626,-38.463626000139755,-3.8607244004107315
3860719938463622,-38.46362199995531,-3.8607199002032075
3876826638462631,-38.462631000120496,-3.8768265997676963
3876796438462655,-38.46265500032797,-3.876796399634088
3860972538463374,-38.46337400020991,-3.8609724999808464
3877156438462468,-38.46246799979832,-3.877156400047795
3860980138463119,-38.46311900014172,-3.860980100151437
32272140TR,-38.46303800000368,-3.8611238001232095
3861142538463101,-38.46310100021094,-3.8611424997265544
3860400238462878,-38.462877999819796,-3.8604002002090283
3860349638462922,-38.46292200005024,-3.8603495998540893
3860345138462917,-38.46291699981964,-3.8603450996465654
3861205538462707,-38.46270700002799,-3.861205499933817
3876436638462551,-38.46255100002861,-3.8764365997691925
3861333138462407,-38.46240699968325,-3.861333100242348
3861442438462064,-38.462064000053545,-3.861442400246517
3861563538461743,-38.46174299963968,-3.861563500255272
3861691038461409,-38.461409000424965,-3.861690999839709
3861816738461064,-38.461063999803685,-3.8618166998807624
3861940238460710,-38.46070999966673,-3.8619402001800722
3862065638460370,-38.46037000017532,-3.862065599847483
3863034338460323,-38.46032299980658,-3.8630343000928065
3862614738460159,-38.46015900033757,-3.862614699808489
3862195338460045,-38.46004499957701,-3.862195300072983
3863123838459972,-38.45997199980792,-3.863123799723553
3861556238459831,-38.45983099960091,-3.8615561995588905
3861235238459717,-38.459716999739726,-3.861235200044405
3862321038459676,-38.45967599964763,-3.8623210001140365
3861342438459403,-38.45940299964866,-3.861342400131605
1051602TR,-38.45929299997192,-3.862476099892035
3862448638459298,-38.45929800020252,-3.8624486004225105
3862907138459208,-38.459207999649436,-3.8629070999826354
3861475838459027,-38.459027000295805,-3.861475800168023
3862705338458585,-38.45858499969796,-3.8627053002093703
3862876838458497,-38.45849700013639,-3.862876800024253
3863236838458402,-38.45840200025208,-3.86323680043796
3863536938458337,-38.458336999952564,-3.8635368997080946
3863880038458219,-38.458218999906876,-3.863880000061897
3862908938458190,-38.45819000036818,-3.8629089004253387
3864254938458132,-38.45813200039146,-3.8642549004432567
3864601538458035,-38.458035000414895,-3.864601500059109
3880299738458105,-38.45810500004569,-3.8802996996713546
3862995438457821,-38.4578210004388,-3.862995399917736
3862965338457844,-38.4578439997008,-3.8629652996088453
3863329638457729,-38.45772899979346,-3.863329599681208
3863705538457623,-38.45762300030117,-3.863705500108722
3863023638457526,-38.457526000324606,-3.863023599959149
3882137538457147,-38.45714699993408,-3.882137500245392
3863111938457109,-38.457108999980335,-3.863111899894193
3881745238457043,-38.457042999634666,-3.8817451997811077
3863480738456982,-38.45698200041892,-3.8634807001741365
3881450338456985,-38.45698499965795,-3.881450300391009
3863888938456876,-38.456876000027364,-3.863888899752851
3864263938456739,-38.4567390000048,-3.864263899958985
3863192138456721,-38.456721000074026,-3.8631920996356257
3882254638456470,-38.456470000190336,-3.8822546000697002
3863243538456361,-38.456360999660376,-3.8632435003871706
3882335238456157,-38.456157000145424,-3.882335200009436
3881955238456063,-38.456063000307154,-3.881955199572758
3881589938455975,-38.45597499984632,-3.8815899003535606
3863285138455954,-38.45595399977725,-3.8632851003270616
3881030238455842,-38.45584200000826,-3.8810302000836145
3880705238455787,-38.45578700016989,-3.880705200384625
4628967TR,-38.45578099989319,-3.882453299879842
3882412638455700,-38.455699999755154,-3.882412600161331
3881590538455708,-38.45570800012405,-3.881590500201355
3882535338455056,-38.455055999734554,-3.882535300063978
3882096938454983,-38.45498299996541,-3.8820969003515984
3881690238454917,-38.4549169996198,-3.8816901999427387
3881261938454820,-38.454819999643234,-3.881261899616902
3882677938454284,-38.4542840001065,-3.8826779001649356
3882991638452678,-38.45267799978984,-3.8829915998823594
3882487738452548,-38.452548000090076,-3.882487699847445
3884453138450228,-38.45022800012208,-3.884453099830637
3884526638449873,-38.449872999938975,-3.8845265996228022
3884782238449926,-38.44992599968509,-3.884782200438167
3860208838470991,-38.470990999834726,-3.8602088001959487
3866974338468827,-38.46882699986611,-3.866974300123786
3866047238468885,-38.46888499984283,-3.866047199818354
3870796938466040,-38.46603999994602,-3.870796899956929
2296985TR,-38.45950299976357,-3.879645700088929
3879603038459527,-38.45952699997105,-3.8796030002781663
3865053338469808,-38.46980800013904,-3.8650532996700235
3863138338459195,-38.45919499994926,-3.8631383003922224
3857776438463734,-38.46399299997694,-3.857615999878419
3857776438463734,-38.46373399972424,-3.8577764002606045
3860389438461006,-38.46157199984788,-3.8601564002975692
3860389438461006,-38.461235999641644,-3.860365400043122
3857031138467530,-38.46754600014776,-3.857026899871471
3858033738464196,-38.46406399965383,-3.8575006995975514
3858033738464196,-38.46419300020676,-3.858023099586319
3859194038463404,-38.463694999724396,-3.8588986003900345
3859194038463404,-38.46340399979471,-3.8591939998032103
3857816838459131,-38.459130999695844,-3.8578167996055868
3860083738465991,-38.46599100038429,-3.86008370000269
3860952238470387,-38.470534000343775,-3.860600999936139
3860952238470387,-38.470386999860125,-3.8609521995842897
3871488738465691,-38.465691000039556,-3.871488699843553
3871226538465835,-38.465835000384914,-3.871226499803072
3860061238464333,-38.46392699963127,-3.8590681999374397
3860061238464333,-38.46423200020661,-3.859522399838852
3860061238464333,-38.46433300036762,-3.8600611998644467
3860026938464583,-38.464583000205266,-3.8600268997216176
3864074638456804,-38.45680400030432,-3.8640745998628745
3864070438456830,-38.45682999970467,-3.8640704000288792
3864070438456830,-38.45682999970467,-3.8640704000288792
3858892238474545,-38.47451999979813,-3.8588413999106024
3858435638459625,-38.45960700006293,-3.8584586997091606
3860406238460340,-38.45985799994668,-3.860323399904928
3860406238460340,-38.46020099957644,-3.860394299757104
3859568438464516,-38.46449899992888,-3.859591400322813
3858464938464039,-38.464298999699054,-3.858552599722657
3859328638461774,-38.462130000399156,-3.859140900232319
3859328638461774,-38.46177400016995,-3.8593286004345373
3857894038458307,-38.458509999836565,-3.8582859003739713
3857894038458307,-38.45830700036771,-3.85789400010799
3856850038463184,-38.46318400044123,-3.856849999627741
3859252138459316,-38.459556000409066,-3.859389499825511
3858656738464445,-38.464298999699054,-3.858552599722657
3882597538454642,-38.45493699964277,-3.882546000197692
3882597538454642,-38.45464200042795,-3.8825974998746915
3863924038458034,-38.4580340003688,-3.863924000292343
3858779838462658,-38.462799999820106,-3.8586569003956015
249037024TR,-38.46358500004766,-3.856116599801169
3857331338458087,-38.45807000023029,-3.857354299861015
3876931438461637,-38.46166699973219,-3.876877499596901
3858929438471600,-38.47173700006243,-3.8586721996622373
3881589938455975,-38.4561410003069,-3.8815228999617943
3858832838458851,-38.45931600013324,-3.859252099604646
3858832838458851,-38.4591040002494,-3.859090799900457
3858832838458851,-38.4588510002734,-3.8588327996939142
3881601538455990,-38.455989999638746,-3.881601499809335
3881522938456141,-38.4561410003069,-3.8815228999617943
3856632138464414,-38.464413999606336,-3.8566321001912343
3855908638464425,-38.464425000113636,-3.8559086001017704
3858371938464716,-38.464716000043325,-3.8583718998432346
3859614238465096,-38.46509599958068,-3.859614199935322
3859306838465023,-38.46502299981154,-3.859306799968806
3859139338464940,-38.46493999958125,-3.85913930033837
3858671438464789,-38.46478899981247,-3.858671400164951
3858040138464583,-38.464583000205266,-3.8580401003702605
3855550338464374,-38.464373999560394,-3.8555503003060494
3856270438464422,-38.464421999975286,-3.856270400058861
147874444TR,-38.46440600013676,-3.8573548997088096
3857343438464427,-38.46442700020583,-3.8573434000778093
3857343438464427,-38.46442700020583,-3.8573434000778093
3859286338475352,-38.47504199958854,-3.8586879000264958
3859286338475352,-38.475275999587666,-3.85914939972497
3862340738457632,-38.4578210004388,-3.862995399917736
3858545938474548,-38.47456800021297,-3.858652099814492
3860265838475945,-38.47535200039448,-3.8592862999227577
3860265838475945,-38.47553699993256,-3.859601899907716
3860265838475945,-38.47580699979318,-3.860045399675414
3860265838475945,-38.47594499986184,-3.8602658001265127
3858578138474755,-38.4747549998433,-3.8585780999992494
3858549438474969,-38.47496899981945,-3.858549399934816
3858695438474436,-38.474436000421065,-3.858695400372369
3857090738463145,-38.463145000441386,-3.8570906995760765
3860343438472435,-38.472434999875304,-3.860343399927899
3861151038474395,-38.474005000330465,-3.8605418002638316
3861151038474395,-38.474268999914386,-3.8609227998472875
3861151038474395,-38.47439500032897,-3.861151000118525
3860324638473879,-38.473550000032446,-3.860435200024426
3860324638473879,-38.47387899991588,-3.860324599600517
3861288438473138,-38.47314400019542,-3.8606610998298265
3861288438473138,-38.47313799991872,-3.8612884003393333
3861331938473773,-38.47337500005614,-3.8606681001526795
3861331938473773,-38.47352799991722,-3.8609415003498953
3861331938473773,-38.47377100033134,-3.8613286998595413
3860462238473306,-38.47306300005738,-3.8604891998166977
3857979238462272,-38.46166799977834,-3.8585915997225015
3857979238462272,-38.462165000214554,-3.858264900304846
3859650838473522,-38.47316200012614,-3.859977300312096
3859650838473522,-38.473571000101515,-3.859923099971013
3859650838473522,-38.47353700033227,-3.8596820996491488
3859955438463900,-38.463885000392395,-3.859943900390647
3859461638473428,-38.473521999640525,-3.859650799644669
3859461638473428,-38.47342799980231,-3.8594616002725957
3860105038473761,-38.47376199991629,-3.860107399836579
3858515538474439,-38.474456000444036,-3.858546999644261
3858547038474456,-38.47444299984454,-3.8585709000269617
3859619238460078,-38.460272000152656,-3.859643400022833
3859298738474743,-38.47454500005165,-3.858892199915033
3859298738474743,-38.47473599986648,-3.859284799853583
3860242838475962,-38.47594499986184,-3.8602658001265127
3861127938474412,-38.47439500032897,-3.861151000118525
3860469238459126,-38.45930200038697,-3.8608428995801205
3860842938459302,-38.45945100006355,-3.8611576002430184
3863380138456242,-38.45633900044447,-3.8632871004193134
3857019538467527,-38.46745999977912,-3.85670209982203
3856421638467406,-38.46745999977912,-3.85670209982203
3856421638467406,-38.46746900019417,-3.8561140996858967
3861690238458567,-38.45900400013443,-3.861506000301631
3861825538458126,-38.45779200000078,-3.861915899599012
3861951838457432,-38.45779200000078,-3.861915899599012
3861372638459379,-38.45945100006355,-3.8611576002430184
3864919338457971,-38.45802499995375,-3.8646354000036354
3857451238458972,-38.459130999695844,-3.8578167996055868
3857451238458972,-38.458971999558116,-3.857451200012804
3860702038465159,-38.465158999787946,-3.8607020000972057
3875352238463364,-38.463363999748765,-3.875352199944018
3866185338468704,-38.46870399958988,-3.8661852997117876
3860380038475378,-38.474852999866016,-3.859501999617521
3860380038475378,-38.47510399974976,-3.8599364000447736
3860380038475378,-38.475365000094655,-3.8603617002322608
3859977338473162,-38.472434999875304,-3.860343399927899
3859977338473162,-38.47263400005903,-3.86014899977647
3859977338473162,-38.472832000196604,-3.86001309962478
3859977338473162,-38.47316200012614,-3.859977300312096
3863357138456260,-38.45626000039863,-3.8633571000500524
3856571238460851,-38.460850999873685,-3.856571199900884
3856294638461497,-38.46149699998654,-3.8562945999158273
3855855738462446,-38.4624459996831,-3.8558557001803706
3856144638461805,-38.46180499980085,-3.8561446001930904
3875351638463362,-38.46336199965651,-3.8753516000962236
3863519538458747,-38.45874699997404,-3.86351949962517
3863584238458392,-38.45839199979093,-3.8635841995510987
3863938338457521,-38.45752100009406,-3.863938300412201
3864074638456804,-38.45680400030432,-3.8640745998628745
3863403138459088,-38.45908800041087,-3.86340310037275
3863886938457906,-38.457905999861964,-3.863886899660656
3860132338462784,-38.46278399998158,-3.860132300265377
3877186638462444,-38.462443999590846,-3.8771866001814033
3855855738462446,-38.4624459996831,-3.8558557001803706
3857751638471860,-38.47186000033872,-3.857751599656524
3858067738471722,-38.47172200027006,-3.8580676996645593
3858006038471713,-38.471712999855015,-3.858005999876923
3859822238462853,-38.46285299956622,-3.8598221996347775
3862498038458583,-38.45858299960571,-3.8624980001825406
3862375038458720,-38.458719999628215,-3.862374999906251
3872985038464211,-38.46421100013748,-3.872984999957737
3856988038463778,-38.46377799995469,-3.8569879996964005
3858890538464887,-38.46488699983513,-3.8588905001963667
3860489238473063,-38.47263099992068,-3.860488900342432
3860489238473063,-38.47306300005738,-3.8604891998166977
3857743838462634,-38.462634000258845,-3.8577437998364417
3855725138467532,-38.467532000401434,-3.8557250997334904
3861690238458567,-38.458566999767186,-3.861690200342423
3857953138463435,-38.46343500032498,-3.857953099955523
3859991638474436,-38.474436000421065,-3.859991600431954
3856440238461187,-38.461187000079974,-3.8564402001550775
3858081438471503,-38.471503000063365,-3.858081399936623
3863705538457623,-38.45762300030117,-3.863705500108722
3864276238457518,-38.45751799995571,-3.864276199986591
3858958138467043,-38.46704300033417,-3.8589581004359275
3865721638469014,-38.46901400039576,-3.86572160027157
3864092838469363,-38.46936300030217,-3.864092800342405
3877351638462337,-38.46233700005246,-3.87735159969651
3860564338475503,-38.475500000024965,-3.8605608002407052
3884549938449845,-38.4498889997775,-3.884814399764707
3884549938449845,-38.44984500044637,-3.884549900157708
3872880438464885,-38.46488499974288,-3.872880399810583
3872722238464980,-38.464979999627246,-3.872722200069404
3872972038464783,-38.46478300043509,-3.872972000257562
3872722238464980,-38.464979999627246,-3.872722200069404
3856116638463585,-38.46360099988618,-3.85611630032696
3856117138463553,-38.46304300023422,-3.856118800442232
3856117138463553,-38.46355300037061,-3.856117099824246
3860633838464418,-38.46441799979084,-3.8606338000097935
3860496838464412,-38.46441200041346,-3.8604967999872883
252046076TR,-38.46229299982207,-3.876354499760282
3876334438462273,-38.46227299979904,-3.8763343999125937
252046114TR,-38.4618019996625,-3.8765726995703744
3876613338461817,-38.461817000354245,-3.8766133003634877
3858545938474548,-38.47454800019,-3.8585458997733895
3881659938455332,-38.45533199987187,-3.8816598999843563
3857019538467527,-38.46752700017089,-3.8570195002496916
3862942138459160,-38.45916000013386,-3.8629420997980333
3862574838459041,-38.45904100004208,-3.8625747995872644
3881634138455686,-38.455686000008825,-3.881634100233498
3862630638459042,-38.459042000088175,-3.862630599822296
3860822038468954,-38.468598000097586,-3.8609268998565085
3861135138463029,-38.46335500023304,-3.8610154003404205
3879696338459137,-38.45909599988045,-3.8797448998072355
3879381338460164,-38.45985899999283,-3.8795208004445385
3869745038467071,-38.46693399980421,-3.8700132999737775
3869912338467043,-38.46707099982672,-3.8697449998318234
3870015438467104,-38.46704300033417,-3.869912299812711
3870154638467305,-38.46710400044924,-3.8700153998907467
3870154638467305,-38.46730499982584,-3.8701545996549953
3870417138467704,-38.467704000239394,-3.870417100069062
3870439338467703,-38.46770300019324,-3.8704392998337767
3882546038454937,-38.45493699964277,-3.882546000197692
277818204TR,-38.45175899967808,-3.883164800315228
3883038738452335,-38.452335000160076,-3.8830387000759288
3883251338451167,-38.45116700025682,-3.8832512998075686
3857853738472136,-38.472135999576665,-3.8578536996884623
3862253638460015,-38.46001499999221,-3.862253600423287
3863045438460277,-38.4602770003832,-3.8630454004248236
3862103738459930,-38.459929999669725,-3.8621036996260045
3866454438468367,-38.468571999797916,-3.8664466004302085
3864926938468237,-38.46823799968388,-3.864930900140905
3860975438468236,-38.46821699961481,-3.860988700368182
3868182438467867,-38.467646000262675,-3.868050400105858
3867795638467797,-38.46779199980091,-3.867784100056099
3867815238467787,-38.467772999824035,-3.8678137003419693
3868050438467646,-38.46778699957031,-3.867815200411144
3859928338470886,-38.47108699976519,-3.8593868998854646
3859928338470886,-38.47088600038859,-3.8599282998511057
3859928338470886,-38.47088600038859,-3.8599282998511057
3859969738471094,-38.47109400008799,-3.859969700141505
3858664638458713,-38.45871800043534,-3.858673000058843
3879632138459521,-38.45985899999283,-3.8795208004445385
3879744938459096,-38.45952099969435,-3.87963209964164
3880132238459296,-38.4592750000412,-3.8801330004375814
307124533TR,-38.464125999814996,-3.860736800263055
310537494TR,-38.45053099970585,-3.88444470016276
3884445938450497,-38.45020499996076,-3.8844832999643018
3884445938450497,-38.4504929997521,-3.8844566998167807
3859671038460568,-38.460297999553006,-3.8596465998106737
320935726TR,-38.460297999553006,-3.8596465998106737
320935726TR,-38.460272000152656,-3.859643400022833
3859677638460837,-38.46113999971118,-3.859651699865992
3859494538460040,-38.46020499976089,-3.858838799970613
3859494538460040,-38.46004000024578,-3.8594945001710244
3859936638461477,-38.46140300014832,-3.859686300382407
3859936638461477,-38.46147699996351,-3.859936599694265
3859738738459995,-38.45999499996924,-3.8597387002807295
329182557TR,-38.46586800010806,-3.855655600125772
3855563238464743,-38.46474300038909,-3.855563200181507
329182557TR,-38.46591699966973,-3.8556859999089284
3855670038465878,-38.465877999669885,-3.855670000070404
3858193038458863,-38.459147999580466,-3.858083499853592
3859677638460837,-38.460568000312946,-3.8596710002164514
3864733338469321,-38.469343000279196,-3.8644116001152042
3858180438469918,-38.47002400020739,-3.8585996999161694
3858180438469918,-38.46991799981578,-3.8581804000053808
3857584038469324,-38.46932400030232,-3.8575840002014274
3859941138466326,-38.46632599964511,-3.859941099901789
3859525438467541,-38.46754099991716,-3.8595253999772012
3861255438466701,-38.46670099985124,-3.8612553997168675
3862527138467098,-38.46709800017254,-3.862527100445277
3856590438465250,-38.46550599960216,-3.857436600418737
3856590438465250,-38.465250000387186,-3.856590400426569
3862939138458166,-38.45816600016076,-3.862939099659684
3863235738456699,-38.45669899995886,-3.8632356996677686
3863287138456339,-38.45633900044447,-3.8632871004193134
3863084038460311,-38.4603110001525,-3.8630840002263653
3861892838459899,-38.459899000038774,-3.861892799612974
3859740338470411,-38.47041100006754,-3.8597403001746784
3858645438472676,-38.472676000197225,-3.8586453998652814
3858600538473136,-38.47313599982647,-3.8586005003127752
3857779138459659,-38.45933700020237,-3.8579925001537276
3857110938458816,-38.458971999558116,-3.857451200012804
3857110938458816,-38.45881599955868,-3.857110900147859
3857236838464038,-38.46402200041496,-3.856693799978814
3857236838464038,-38.46403800025348,-3.857236799838404
3859591438464499,-38.464315999583675,-3.858907400256271
3859591438464499,-38.46449899992888,-3.859591400322813
3859144038468527,-38.46852700042069,-3.8591440001953856
3859426738467862,-38.467862000331024,-3.859426700281972
3859586238467273,-38.46727300014879,-3.8595862004427772
3862496938467122,-38.46712200037996,-3.862496900311669
3861225238466725,-38.46672500005866,-3.8612251995832594
3860802038466573,-38.46657300024373,-3.860802000212118
3858690238465938,-38.465937999738856,-3.8586901995930134
3860507438464710,-38.464709999766626,-3.8605074002962283
3860556538464122,-38.46412199963055,-3.860556499682673
3860716238464064,-38.46406399965383,-3.8607162003922895
3860142838463376,-38.463376000302105,-3.86014279985028
3860092338463420,-38.46341999963323,-3.860092300219435
3877351638462337,-38.46233700005246,-3.87735159969651
3861858238459935,-38.45993499990027,-3.861858199995879
3863675438457647,-38.457646999609324,-3.863675399799831
3882132938457143,-38.45714299974958,-3.8821329002131506
3882173138456871,-38.45687099979676,-3.8821730999085844
3882497438455301,-38.45530100024092,-3.882497399935005
3860244838470725,-38.47072500015861,-3.860244800057444
3858491238470281,-38.470281000367834,-3.858491200308606
3862572938458931,-38.45893100036534,-3.8625729002191065
3882365438456133,-38.45613299993795,-3.882365400143044
3882262138456535,-38.45653499959053,-3.8822621004155735
3881620138455951,-38.4559509996389,-3.8816200995879058
3872958638464781,-38.46478100034284,-3.872958600359084
2296530TR,-38.4693709997718,-3.8640913002732304
