Element, Terminal, P(kW), Q(kvar),  P_Normal, Q_Normal, P_Emergency, Q_Emergency
"Transformer.TRF_TEJ0018A",   1, 5339366653091439968256.0, 5050508317419275026432.0, 5339366652570771652608.0, 5050508316926774607872.0, 5339366652381437624320.0, 5050508316747683069952.0
"Transformer.TRF_TEJ0018A",   2, -5220371942469142577152.0, -4644572948764439347200.0
"Reactor.TRF_TEJ0018A_R",   1, 6025783652902728704.0,      0.0, 6025783651510773760.0,      0.0, 6025783651023588352.0,      0.0
"Reactor.TRF_TEJ0018A_R",   2,      0.0,      0.0
"Transformer.TRF_TEJ0087A",   1, 9610226621145078038528.0, 4676275953743117680640.0, 9610226620251945041920.0, 4676275953308524347392.0, 9610226619927169597440.0, 4676275953150490836992.0
"Transformer.TRF_TEJ0087A",   2, -9447993242916304715776.0, -4234286091490762424320.0
"Reactor.TRF_TEJ0087A_R",   1, 63163532412702564352.0,      0.0, 63163532408195932160.0,      0.0, 63163532406618611712.0,      0.0
"Reactor.TRF_TEJ0087A_R",   2,      0.0,      0.0
"Transformer.TRF_TEJ0109A",   1, 1001960223036536782848.0, 453602634293118369792.0, 1001960222315614437376.0, 453602633966745878528.0, 1001960222053460869120.0, 453602633848064966656.0
"Transformer.TRF_TEJ0109A",   2, -959854904095647989760.0, -445421919802024067072.0
"Reactor.TRF_TEJ0109A_R",   1,      0.0,      0.0,      0.0,      0.0,      0.0,      0.0
"Reactor.TRF_TEJ0109A_R",   2,      0.0,      0.0
"Transformer.TRF_TEJ0110A",   1, 2616484718426173472768.0, 296438570229264809984.0, 2616484717008596238336.0, 296438570068658290688.0, 2616484716493114179584.0, 296438570010255949824.0
"Transformer.TRF_TEJ0110A",   2, -2545146644688503570432.0, -269918652070659784704.0
"Reactor.TRF_TEJ0110A_R",   1, 437283705.9,     -0.0, 437271848.2,      0.0, 437267698.0,      0.0
"Reactor.TRF_TEJ0110A_R",   2,      0.0,      0.0
"Transformer.TRF_TEJ0154A",   1, 86321966795396694016.0, 30976726473171224.0, 86321965945439879168.0, 30976726168163348.0, 86321965636364681216.0, 30976726057251392.0
"Transformer.TRF_TEJ0154A",   2, -5651173760.4, 11805844167710090.0
"Reactor.TRF_TEJ0154A_R",   1,      0.0,      0.0,      0.0,      0.0,      0.0,      0.0
"Reactor.TRF_TEJ0154A_R",   2,      0.0,      0.0
"Transformer.TRF_TEK0015A",   1, 1504518895688932392960.0, 494132908569805389824.0, 1504518891212850593792.0, 494132907099714617344.0, 1504518889585184604160.0, 494132906565136154624.0
"Transformer.TRF_TEK0015A",   2, -1063962206997407989760.0, -490096090524438167552.0
"Reactor.TRF_TEK0015A_R",   1, 1283348.6,      0.0, 1282706.2,      0.0, 1282481.4,      0.0
"Reactor.TRF_TEK0015A_R",   2,      0.0,      0.0
"Transformer.TRF_TEK0025A",   1, 7065616755329645568.0, 1416138580536604672.0, 7065616575360375808.0, 1416138544465949184.0, 7065616509917004800.0, 1416138531349347584.0
"Transformer.TRF_TEK0025A",   2, -3040659392991395328.0, -1411452088479671296.0
"Reactor.TRF_TEK0025A_R",   1,      0.0,      0.0,      0.0,      0.0,      0.0,      0.0
"Reactor.TRF_TEK0025A_R",   2,      0.0,      0.0
"Transformer.TRF_TEK0031A",   1, 16891585555018946560.0, 8218421781734189.0, 16891585045543960576.0, 8218421533854539.0, 16891584860280332288.0, 8218421443716485.0
"Transformer.TRF_TEK0031A",   2, -701408642.3, 10810350009646.7
"Reactor.TRF_TEK0031A_R",   1,      0.0,      0.0,      0.0,      0.0,      0.0,      0.0
"Reactor.TRF_TEK0031A_R",   2,      0.0,      0.0
"Transformer.TRF_TEK0080A",   1, 21209080194669289472.0, 9923596168064508.0, 21209079623783034880.0, 9923595900950394.0, 21209079416188035072.0, 9923595803817990.0
"Transformer.TRF_TEK0080A",   2, -2103375331.4, 409030256066381.7
"Reactor.TRF_TEK0080A_R",   1,      0.0,      0.0,      0.0,      0.0,      0.0,      0.0
"Reactor.TRF_TEK0080A_R",   2,      0.0,      0.0
"Transformer.TRF_TEK0082A",   1, 24834682711151283798016.0, 12022605976661257093120.0, 24834682707661849362432.0, 12022605974972003254272.0, 24834682706392963350528.0, 12022605974357728559104.0
"Transformer.TRF_TEK0082A",   2, -24353549429102958608384.0, -11191536561844853407744.0
"Reactor.TRF_TEK0082A_R",   1, 6082473.8,      0.0, 6081075.3,      0.0, 6080585.8,      0.0
"Reactor.TRF_TEK0082A_R",   2,      0.0,      0.0
"Transformer.TRF_TEK0121A",   1, -8306665943460116168704.0, 792619109184516521984.0, 8306665942177390002176.0, 792619109062119260160.0, 8306665941710943551488.0, 792619109017611141120.0
"Transformer.TRF_TEK0121A",   2, 8471361636029358407680.0, -633817904077937836032.0
"Reactor.TRF_TEK0121A_R",   1, 35753991567984316.0,      0.0, 35753991460763080.0,      0.0, 35753991423235644.0,      0.0
"Reactor.TRF_TEK0121A_R",   2,      0.0,      0.0
"Transformer.TRF_TEK0128A",   1, 140476186279644758016.0, 10385554054122706944.0, 140476185124376526848.0, 10385553968712495104.0, 140476184704278970368.0, 10385553937654237184.0
"Transformer.TRF_TEK0128A",   2, -22209073556191989760.0, -10307305357194536960.0
"Reactor.TRF_TEK0128A_R",   1, 82066195.5,      0.0, 82061058.6,      0.0, 82059260.7,      0.0
"Reactor.TRF_TEK0128A_R",   2,      0.0,      0.0
"Transformer.TRF_TEK0218A",   1, -17864755578878832934912.0, 1715563528421384126464.0, 17864755577494605660160.0, 1715563528288455884800.0, 17864755576991251431424.0, 1715563528240118628352.0
"Transformer.TRF_TEK0218A",   2, 18139264555994616692736.0, -1036363952512043319296.0
"Reactor.TRF_TEK0218A_R",   1, 3315455868155659.0,      0.0, 3315455835505133.5,      0.0, 3315455824077449.5,      0.0
"Reactor.TRF_TEK0218A_R",   2,      0.0,      0.0
"Transformer.TRF_TEK0222A",   1, -22602183040412100.0, 22423003171714180.0, 22602161722701364.0, 22422982023000596.0, 22602153970806548.0, 22422974332559296.0
"Transformer.TRF_TEK0222A",   2, 32668780272025720.0, -22400873979594996.0
"Reactor.TRF_TEK0222A_R",   1,  18370.6,      0.0,  18293.7,      0.0,  18266.8,      0.0
"Reactor.TRF_TEK0222A_R",   2,      0.0,      0.0
"Transformer.TRF_TEK0332A",   1, 215115142387417251840.0, 89725551325348400.0, 215115139551499649024.0, 89725550142473648.0, 215115138520256839680.0, 89725549712337360.0
"Transformer.TRF_TEK0332A",   2, -1324292710.0, 14401848517423768.0
"Reactor.TRF_TEK0332A_R",   1,      0.0,      0.0,      0.0,      0.0,      0.0,      0.0
"Reactor.TRF_TEK0332A_R",   2,      0.0,      0.0
"Transformer.TRF_TKS0915A",   1, -96963929188389688967168.0, 30333416327595713101824.0, 96963929186399240060928.0, 30333416326973035118592.0, 96963929185675420631040.0, 30333416326746605617152.0
"Transformer.TRF_TKS0915A",   2, 99900247595757749665792.0, -15814885702598779731968.0
"Reactor.TRF_TKS0915A_R",   1, 234474517414503968.0,     -8.2, 234474517139925568.0,      8.2, 234474517043823136.0,      8.2
"Reactor.TRF_TKS0915A_R",   2,      0.0,      0.0
"Transformer.TRF_TKS0916A",   1, -79770556138608773824512.0, 24154392295938017198080.0, 79770556136602017464320.0, 24154392295330371600384.0, 79770556135872275677184.0, 24154392295109411471360.0
"Transformer.TRF_TKS0916A",   2, 81833918718756203266048.0, -14220410020695598170112.0
"Reactor.TRF_TKS0916A_R",   1, 852488766793371648.0,      0.0, 852488766269815936.0,      0.0, 852488766086571520.0,      0.0
"Reactor.TRF_TKS0916A_R",   2,      0.0,      0.0
"Transformer.TRF_TKS0917A",   1, -121438824991831921524736.0, 44619493396149134426112.0, 121438824989197563068416.0, 44619493395181206503424.0, 121438824988239617589248.0, 44619493394829237288960.0
"Transformer.TRF_TKS0917A",   2, 124762746630561570226176.0, -26939087033230807793664.0
"Reactor.TRF_TKS0917A_R",   1, 164874129448889312.0,      0.0, 164874129218641856.0,      0.0, 164874129138055264.0,      0.0
"Reactor.TRF_TKS0917A_R",   2,      0.0,      0.0
"Transformer.TRF_TKS0918A",   1, -66858902992050383224832.0, 19733308876672341114880.0, 66858902988097855684608.0, 19733308875505758371840.0, 66858902986660568367104.0, 19733308875081546465280.0
"Transformer.TRF_TKS0918A",   2, 67714451554687736872960.0, -16294127500434138464256.0
"Reactor.TRF_TKS0918A_R",   1, 1231434514881573888.0,      0.0, 1231434514252322560.0,      0.0, 1231434514032084480.0,      0.0
"Reactor.TRF_TKS0918A_R",   2,      0.0,      0.0
"Transformer.TRF_TKS1630A",   1, 1453156341646744616960.0, 690767590235758919680.0, 1453156341430511206400.0, 690767590132970815488.0, 1453156341351880851456.0, 690767590095593406464.0
"Transformer.TRF_TKS1630A",   2, -1404319564924862332928.0, -651919202994035228672.0
"Reactor.TRF_TKS1630A_R",   1, 9283549658.3,     -0.0, 9283495022.7,      0.0, 9283475900.2,      0.0
"Reactor.TRF_TKS1630A_R",   2,      0.0,      0.0
"Transformer.TRF_TKS2146A",   1, 1670916369644936232960.0, 639011206959351332864.0, 1670916369491698122752.0, 639011206900748255232.0, 1670916369435975221248.0, 639011206879438045184.0
"Transformer.TRF_TKS2146A",   2, -1632475027629810909184.0, -538299759742790336512.0
"Reactor.TRF_TKS2146A_R",   1, 1048830082293200322560.0, -67108.9, 1048830082274836086784.0,  67108.9, 1048830082268408709120.0,  67108.9
"Reactor.TRF_TKS2146A_R",   2,      0.0,      0.0
"Transformer.TRF_TKT3119A",   1, 6384031276897585332224.0, 8177182146788504633344.0, 6384031276402147852288.0, 8177182146153907486720.0, 6384031276221988864000.0, 8177182145923146317824.0
"Transformer.TRF_TKT3119A",   2, -6205879814279307198464.0, -7765450495942163693568.0
"Reactor.TRF_TKT3119A_R",   1, 496004930074271040.0,      0.0, 496004929674913792.0,      0.0, 496004929535138752.0,      0.0
"Reactor.TRF_TKT3119A_R",   2,      0.0,      0.0
"Transformer.TRF_TOK4790A",   1, -632175821704321826816.0, 182078032731710128128.0, 632175821511781122048.0, 182078032676254908416.0, 632175821441766260736.0, 182078032656089382912.0
"Transformer.TRF_TOK4790A",   2, 648703291083342479360.0, -165728165498024919040.0
"Reactor.TRF_TOK4790A_R",   1, 28651721758980252.0,      0.0, 28651721662997340.0,      0.0, 28651721629403324.0,      0.0
"Reactor.TRF_TOK4790A_R",   2,      0.0,      0.0
"Transformer.TRF_TOK5044A",   1, -2883441065436723544064.0, 1090596385629856202752.0, 2883441064980291518464.0, 1090596385457221009408.0, 2883441064814315569152.0, 1090596385394444599296.0
"Transformer.TRF_TOK5044A",   2, 2936658458389079654400.0, -994785206449491542016.0
"Reactor.TRF_TOK5044A_R",   1, 6193837995500659.0,     -0.0, 6193837950873579.0,      0.0, 6193837935254101.0,      0.0
"Reactor.TRF_TOK5044A_R",   2,      0.0,      0.0
"Transformer.TRF_TOK5079A",   1, 85868452930820853727232.0, 66901285122929946787840.0, 85868452929023812567040.0, 66901285121529837780992.0, 85868452928370323226624.0, 66901285121020707995648.0
"Transformer.TRF_TOK5079A",   2, -82533941758100531838976.0, -48626062289586423332864.0
"Reactor.TRF_TOK5079A_R",   1, 97609233304026624.0,      0.0, 97609233126867296.0,      0.0, 97609233064861536.0,      0.0
"Reactor.TRF_TOK5079A_R",   2,      0.0,      0.0
"Transformer.TRF_TOK5095A",   1, 375463856552709914624.0, 134860668559013462016.0, 375463855756216893440.0, 134860668272925786112.0, 375463855466583031808.0, 134860668168893890560.0
"Transformer.TRF_TOK5095A",   2, -288974392652003704832.0, -134189788984198840320.0
"Reactor.TRF_TOK5095A_R",   1, 3023747.6,      0.0, 3022761.5,      0.0, 3022416.4,      0.0
"Reactor.TRF_TOK5095A_R",   2,      0.0,      0.0
"Transformer.TRF_TOK5109A",   1, 13251738047662981644288.0, 7906354278246448627712.0, 13251738047018921099264.0, 7906354277862184321024.0, 13251738046784717455360.0, 7906354277722451083264.0
"Transformer.TRF_TOK5109A",   2, -12895553811122676039680.0, -6746287243770620542976.0
"Reactor.TRF_TOK5109A_R",   1, 104013550059473403904.0,      0.0, 104013550053690261504.0,      0.0, 104013550051666165760.0,      0.0
"Reactor.TRF_TOK5109A_R",   2,      0.0,      0.0
"Transformer.TRF_TOP7583A",   1, -3397195050638673182720.0, 2518580277170196185088.0, 3397195050184172109824.0, 2518580276833242578944.0, 3397195050018898706432.0, 2518580276710713851904.0
"Transformer.TRF_TOP7583A",   2, 3477509030433285210112.0, -2165723796517162057728.0
"Reactor.TRF_TOP7583A_R",   1, 178815110064129088.0,      4.1, 178815109824344832.0,      4.1, 178815109740420352.0,      4.1
"Reactor.TRF_TOP7583A_R",   2,      0.0,      0.0
"Transformer.TRF_TOP9748A",   1, 354365139835020247040.0, 157414578224741253120.0, 354365139575273816064.0, 157414578109357785088.0, 354365139480820580352.0, 157414578067400196096.0
"Transformer.TRF_TOP9748A",   2, -333085409916938813440.0, -154599324196491165696.0
"Reactor.TRF_TOP9748A_R",   1,  21055.7,      0.0,  20973.4,      0.0,  20944.6,      0.0
"Reactor.TRF_TOP9748A_R",   2,      0.0,      0.0
"Transformer.TRF_TOQ0606A",   1, -28851911298649325406519296.0, -33530012474896782318370816.0, 28851911298648943154429952.0, 33530012474896335641772032.0, 28851911298648801420509184.0, 33530012474896176727982080.0
"Transformer.TRF_TOQ0606A",   2, 3774628017178021379035889664.0, 14453532873213598090726998016.0
"Reactor.TRF_TOQ0606A_R",   1, 695129273770137006330603372544.0,      0.0, 695129273770136584118138306560.0,      0.0, 695129273770136443380649951232.0,      0.0
"Reactor.TRF_TOQ0606A_R",   2,      0.0,      0.0
"Transformer.TRF_18L0205A",   1, -9573432502529034289152.0, 9990494919656227209216.0, 9573432501266991284224.0, 9990494918339205267456.0, 9573432500808067317760.0, 9990494917860287053824.0
"Transformer.TRF_18L0205A",   2, 9815931787278848884736.0, -9602016013478470352896.0
"Reactor.TRF_18L0205A_R",   1, 490064514018443520.0,      0.0, 490064513621484992.0,      0.0, 490064513482549440.0,      0.0
"Reactor.TRF_18L0205A_R",   2,      0.0,      0.0
"Transformer.TRF_29L1163A",   1, -34029203684865473511424.0, 18088136307299955245056.0, 34029203683648760446976.0, 18088136306653214539776.0, 34029203683206320095232.0, 18088136306418035720192.0
"Transformer.TRF_29L1163A",   2, 34817402031065224183808.0, -14926177122618982793216.0
"Reactor.TRF_29L1163A_R",   1, 148060818753594080.0,      0.0, 148060818535402176.0,      0.0, 148060818459035008.0,      0.0
"Reactor.TRF_29L1163A_R",   2,      0.0,      0.0
"Transformer.TRF_29L1290A",   1, 511808165199206219776.0, 138111147840588283904.0, 511808162560784859136.0, 138111147128611749888.0, 511808161601358921728.0, 138111146869711192064.0
"Transformer.TRF_29L1290A",   2, -296785712391021264896.0, -137757740340358627328.0
"Reactor.TRF_29L1290A_R",   1, 993565761.4,      0.0, 993547887.6,      0.0, 993541631.8,      0.0
"Reactor.TRF_29L1290A_R",   2,      0.0,      0.0
"Transformer.TRF_29L1390A",   1, -5728662014518584410112.0, 7308279959953522819072.0, 5728662013218009382912.0, 7308279958294328508416.0, 5728662012745074343936.0, 7308279957690985218048.0
"Transformer.TRF_29L1390A",   2, 5921820481746927353856.0, -7186411315405509361664.0
"Reactor.TRF_29L1390A_R",   1, 2246845817724874.0,      0.1, 2246845790846364.2,      0.1, 2246845781438886.0,      0.1
"Reactor.TRF_29L1390A_R",   2,      0.0,      0.0
"Transformer.TRF_29L1610A",   1, -51809678711664033136640.0, 17568117341024465977344.0, 51809678709094275350528.0, 17568117340153086738432.0, 51809678708159809585152.0, 17568117339836221751296.0
"Transformer.TRF_29L1610A",   2, 52602746855550068195328.0, -14267605362833927176192.0
"Reactor.TRF_29L1610A_R",   1, 717125488135052288.0,      0.0, 717125487654859008.0,      0.0, 717125487486791296.0,      0.0
"Reactor.TRF_29L1610A_R",   2,      0.0,      0.0
"Transformer.TRF_29L2218A",   1, 13858699445743279669248.0, 18867209654492528115712.0, 13858699444959014027264.0, 18867209653424830283776.0, 13858699444673826521088.0, 18867209653036576145408.0
"Transformer.TRF_29L2218A",   2, -13333033522990050967552.0, -16927951133098102489088.0
"Reactor.TRF_29L2218A_R",   1, 2584036402176930304.0,      0.0, 2584036401265406976.0,      0.0, 2584036400946373632.0,      0.0
"Reactor.TRF_29L2218A_R",   2,      0.0,      0.0
"Transformer.TRF_61L0274A",   1, -48237008915875707748352.0, 10966198586146514010112.0, 48237008913840446898176.0, 10966198585683817267200.0, 48237008913100353568768.0, 10966198585515564859392.0
"Transformer.TRF_61L0274A",   2, 49070114279924663582720.0, -7495629384457619767296.0
"Reactor.TRF_61L0274A_R",   1, 33323955791155464.0,      0.0, 33323955687642004.0,      0.0, 33323955651412292.0,      0.0
"Reactor.TRF_61L0274A_R",   2,      0.0,      0.0
"Transformer.TRF_61L0284A",   1, -47990807153693788471296.0, 12681830644594046402560.0, 47990807151943916453888.0, 12681830644131632775168.0, 47990807151307606982656.0, 12681830643963485224960.0
"Transformer.TRF_61L0284A",   2, 48883597748932156850176.0, -8893857054888830173184.0
"Reactor.TRF_61L0284A_R",   1, 2892353862882886144.0,      0.0, 2892353861918514688.0,      0.0, 2892353861580984832.0,      0.0
"Reactor.TRF_61L0284A_R",   2,      0.0,      0.0
"Transformer.TRF_62L1170A",   1, -56936246989379508109312.0, 19056090082587564834816.0, 56936246987397355536384.0, 19056090081924155965440.0, 56936246986676572782592.0, 19056090081682916376576.0
"Transformer.TRF_62L1170A",   2, 58076205203907776872448.0, -13960028624131459121152.0
"Reactor.TRF_62L1170A_R",   1, 91486565563652144.0,     -8.2, 91486565392139072.0,      8.2, 91486565332109504.0,      8.2
"Reactor.TRF_62L1170A_R",   2,      0.0,      0.0
"Transformer.TRF_67E3739A",   1, 12067629199883258298368.0, 10339962871239877328896.0, 12067629198825974923264.0, 10339962870333960093696.0, 12067629198441510338560.0, 10339962870004537360384.0
"Transformer.TRF_67E3739A",   2, -11830247493704962015232.0, -9794377341915442970624.0
"Reactor.TRF_67E3739A_R",   1, 35546076314132472.0,      0.5, 35546076207223444.0,      0.5, 35546076169805284.0,      0.5
"Reactor.TRF_67E3739A_R",   2,      0.0,      0.0
"Line.SMT_100024720"    ,   1, -21315284308624779939676160.0, -28556863714583162149404672.0, 21315284308558396925149184.0, 28556863714494226261606400.0, 21315284308498336102481920.0, 28556863714413760049315840.0
"Line.SMT_100024720"    ,   2, 23309765937625358000979968.0, 29946154694644376954470400.0
"Line.SMT_1071302"      ,   1, -7352398992356.4, -1459748376723358208.0, 7352023803329.0, 1459673886536634112.0, 7351162105452.7, 1459502804679212800.0
"Line.SMT_1071302"      ,   2, 15217111482736.6, 1350137986145709056.0
"Line.SMT_1071308"      ,   1, 473307385971136043941888.0, 219809663373001837510656.0, 473307385903594663313408.0, 219809663341634818932736.0, 473307385748472188633088.0, 219809663269594057408512.0
"Line.SMT_1071308"      ,   2, -473302244338533637554176.0, -219808241370136299175936.0
"Line.SMT_1071320"      ,   1, -5857161951787.0, -3658181094451558912.0, 5857042583184.7, 3658106540944643584.0, 5856768428922.4, 3657935313659531264.0
"Line.SMT_1071320"      ,   2, 12145748023966.6, 3548385131148862464.0
"Line.SMT_1071684"      ,   1, -9443945394837.4, 802321864326401280.0, 9441064028919.8, 802077074381296256.0, 9441054392244.5, 802076255685827712.0
"Line.SMT_1071684"      ,   2, 9413002424680.8, -9025681553675751424.0
"Line.SMT_1071706"      ,   1, 202247947215925554446336.0, 632303822416671559122944.0, 202247947141829516853248.0, 632303822185019276787712.0, 202247947141581717372928.0, 632303822184244437843968.0
"Line.SMT_1071706"      ,   2, -202196083208178118950912.0, -632222394531776858947584.0
"Line.SMT_1071716"      ,   1, -202317714960204922093568.0, -632406669167503752560640.0, 202317714886082342944768.0, 632406668935810668036096.0, 202317714885834442801152.0, 632406668935035829092352.0
"Line.SMT_1071716"      ,   2, 202359457563057162551296.0, 632472203681967846195200.0
"Line.SMT_1071722"      ,   1, -202359457560503536058368.0, -632468544656302617395200.0, 202359457486364884336640.0, 632468544424584434155520.0, 202359457486116950638592.0, 632468544423809595211776.0
"Line.SMT_1071722"      ,   2, 202578280607311644852224.0, 632812074800069904171008.0
"Line.SMT_1079010"      ,   1, 343008056708111745941504.0, 578964283557502638882816.0, 343008056584012155584512.0, 578964283348034533720064.0, 343008056583597087260672.0, 578964283347333984288768.0
"Line.SMT_1079010"      ,   2, -342992453246887932198912.0, -578939747476808004534272.0
"Line.SMT_1079016"      ,   1, 82696270715641602768896.0, 457978410135064749801472.0, 82696270672541505290240.0, 457978409896373016068096.0, 82696270672397355450368.0, 457978409895574689021952.0
"Line.SMT_1079016"      ,   2, -82685069070955387551744.0, -457961823532091885748224.0
"Line.SMT_1079024"      ,   1, -390645773539821452525568.0, 238117570269614065057792.0, 390645773331504465707008.0, 238117570142634732683264.0, 390645773330807741480960.0, 238117570142210067791872.0
"Line.SMT_1079024"      ,   2, 390657201226168561303552.0, -238100718631058831048704.0
"Line.SMT_1079036"      ,   1, -390828214710530111176704.0, 238041148230714259406848.0, 390828214647101564387328.0, 238041148192081900994560.0, 390828214501424863641600.0, 238041148103354855981056.0
"Line.SMT_1079036"      ,   2, 390962617817002101702656.0, -238004840524987481718784.0
"Line.SMT_1079044"      ,   1, -397346649093639103315968.0, 229827658378561548451840.0, 397346649029239088611328.0, 229827658341312203063296.0, 397346648881331420790784.0, 229827658255761521246208.0
"Line.SMT_1079044"      ,   2, 397481832089117381361664.0, -229791119917242621362176.0
"Line.SMT_1079050"      ,   1, -445394684488957760110592.0, 207556620675731913965568.0, 445394684421441142652928.0, 207556620644268761939968.0, 445394684266375509180416.0, 207556620572007245807616.0
"Line.SMT_1079050"      ,   2, 445581403515745871069184.0, -207505501035411399507968.0
"Line.SMT_1079128"      ,   1, 1193336810708.1, -1315360782572169728.0, 1193269231075.1, 1315286292622542080.0, 1193114020709.2, 1315115211309660928.0
"Line.SMT_1079128"      ,   2, -359841642420.4, 979957271344.4
"Line.SMT_1079134"      ,   1, 473298994306871206084608.0, 219805026061634282455040.0, 473298994239331033415680.0, 219805026030267901411328.0, 473298994084211377307648.0, 219805025958228716945408.0
"Line.SMT_1079134"      ,   2, -473273286167362778693632.0, -219797916036541926342656.0
"Line.SMT_1079146"      ,   1, 526143387678.9, -3513555188578256896.0, 526132223574.4, 3513480635332789760.0, 526106582938.9, 3513309408648144896.0
"Line.SMT_1079146"      ,   2, 87173254588.6, 53291277490.5
"Line.SMT_112631633"    ,   1, -113427850592.0, -190975781081146848.0, 113410243227.6, 190946135979380768.0, 113369804335.6, 190878049976423552.0
"Line.SMT_112631633"    ,   2, 108156568101.8, 321269705516.6
"Line.SMT_119412019"    ,   1, -550655711199917178880.0, -118096956667142225920.0, 550655638163750715392.0, 118096941003363926016.0, 550655470421346549760.0, 118096905028312645632.0
"Line.SMT_119412019"    ,   2, 550656026038644244480.0, 112255028653141606400.0
"Line.SMT_119412045"    ,   1, -2426998329148.3, -6868978271338507264.0, 2426971936735.0, 6868903574578006016.0, 2426911321192.6, 6868732018281909248.0
"Line.SMT_119412045"    ,   2, 6102618612671.1, 6758755034636166144.0
"Line.SMT_119412053"    ,   1, -34557910744.1, -1543165539448811264.0, 34556237971.8, 1543090842667516160.0, 34552396109.9, 1542919286323662080.0
"Line.SMT_119412053"    ,   2, -509883738337.1, -1519906994617.0
"Line.SMT_119412066"    ,   1, 5744196302195.5, -16127992882864844800.0, 5744169697963.5, 16127918186102681600.0, 5744108595936.1, 16127746629802770432.0
"Line.SMT_119412066"    ,   2, -5532070765064.9, 1578135142699440896.0
"Line.SMT_13222128"     ,   1, 343111921880227326722048.0, 579101324860425334947840.0, 343111921756087605264384.0, 579101324650903341367296.0, 343111921755672402722816.0, 579101324650202590609408.0
"Line.SMT_13222128"     ,   2, -343050810578680103829504.0, -579005231110802506776576.0
"Line.SMT_142649126"    ,   1, 1673287247707.6, -3659036181762414592.0, 1673228233310.4, 3658907132900708352.0, 1673174839331.9, 3658790374406783488.0
"Line.SMT_142649126"    ,   2, -12228901464619.5, 3549190003700428288.0
"Line.SMT_14453361"     ,   1, -9572694374943597527040.0, 9972447159429581766656.0, 9572694330553856425984.0, 9972447113186138652672.0, 9572694228603791998976.0, 9972447006978671116288.0
"Line.SMT_14453361"     ,   2, 9573432502370896445440.0, -9990494919690987503616.0
"Line.SMT_147874701"    ,   1, -387665047842273502429184.0, 122744225551754444406784.0, 387665047581784474124288.0, 122744225469277264674816.0, 387665047610727721861120.0, 122744225478441399484416.0
"Line.SMT_147874701"    ,   2, 387675568689616106029056.0, -122731647791029771304960.0
"Line.SMT_147874704"    ,   1, -387675568688674031796224.0, 122731647792048366419968.0, 387675568428178561040384.0, 122731647709579826954240.0, 387675568457122479865856.0, 122731647718742988685312.0
"Line.SMT_147874704"    ,   2, 387696234779948055789568.0, -122706941504175999025152.0
"Line.SMT_147874707"    ,   1, -387696234779551106859008.0, 122706941505341545775104.0, 387696234519042885419008.0, 122706941422889968074752.0, 387696234547988213530624.0, 122706941432051250757632.0
"Line.SMT_147874707"    ,   2, 387716901056012376604672.0, -122682235250846073880576.0
"Line.SMT_147874710"    ,   1, -387716901057100479725568.0, 122682235251337042329600.0, 387716900796579574710272.0, 122682235168902443171840.0, 387716900825526312108032.0, 122682235178061830029312.0
"Line.SMT_147874710"    ,   2, 387744706886714353778688.0, -122648994161740413403136.0
"Line.SMT_151270669"    ,   1, -343030362041046016196608.0, -578996230918870459744256.0, 343030361916938104340480.0, 578996230709390409203712.0, 343030361916523036016640.0, 578996230708689859772416.0
"Line.SMT_151270669"    ,   2, 343036863442053475860480.0, 579006454124348090351616.0
"Line.SMT_152399170"    ,   1, 601948668665.0, -5748010694037697536.0, 601922928689.3, 5747764902887163904.0, 601922842602.4, 5747764080843182080.0
"Line.SMT_152399170"    ,   2, -587279823970.9, 123160110867.3
"Line.SMT_153416646"    ,   1, 342992453248971326881792.0, 578941207234547084689408.0, 342992453124877843431424.0, 578941207025088106332160.0, 342992453124462775107584.0, 578941207024387624009728.0
"Line.SMT_153416646"    ,   2, -342913134551779124445184.0, -578816478514116802117632.0
"Line.SMT_153416650"    ,   1, 260216863832721210736640.0, 120838068378041023725568.0, 260216863765175904239616.0, 120838068346674709790720.0, 260216863610044403417088.0, 120838068274635609210880.0
"Line.SMT_153416650"    ,   2, -260215309891513356386304.0, -120837715074575927083008.0
"Line.SMT_154526653"    ,   1, 4452073664193.9, -14605409162270631936.0, 4452050964132.3, 14605334692773402624.0, 4451998828826.0, 14605163658433613824.0
"Line.SMT_154526653"    ,   2, -4120122557361.7, 11318792322423586816.0
"Line.SMT_154526659"    ,   1, 735969219440.6, -547767269822195712.0, 735869164131.0, 547692800642845120.0, 735639366771.5, 547521767033127936.0
"Line.SMT_154526659"    ,   2, 914558446290.7, 79003311942.7
"Line.SMT_154526671"    ,   1, 4408735646382.3, -11318792205637210112.0, 4408706640080.1, 11318717736144510976.0, 4408640021210.3, 11318546701815126016.0
"Line.SMT_154526671"    ,   2, -4707107978690.3, 7484405717609740288.0
"Line.SMT_154526677"    ,   1, -42355699178.4, -14749706244042928128.0, 42355485329.3, 14749631774470221824.0, 42354994181.5, 14749460739957086208.0
"Line.SMT_154526677"    ,   2, -906093230853.1, 14640150194451896320.0
"Line.SMT_154526683"    ,   1, 3793228453827.0, -7484406576619030528.0, 3793190711388.0, 7484332107136817152.0, 3793104028203.9, 7484161072831514624.0
"Line.SMT_154526683"    ,   2, -3475859625351.8, 3759574027508408832.0
"Line.SMT_154526697"    ,   1, -390666917311525370724352.0, 238087830657939273678848.0, 390666917103197914923008.0, 238087830530976315867136.0, 390666917102501190696960.0, 238087830530551684530176.0
"Line.SMT_154526697"    ,   2, 390681953874057860481024.0, -238065657235158979313664.0
"Line.SMT_154652767"    ,   1, 190128454007467928453120.0, 621882431659679414222848.0, 190128453936377361334272.0, 621882431427152569171968.0, 190128453936139594629120.0, 621882431426374777438208.0
"Line.SMT_154652767"    ,   2, -190064099221852466970624.0, -621781624254613545811968.0
"Line.SMT_154652841"    ,   1, -47990301628479142100992.0, 12680882870607516008448.0, 47990301566965865512960.0, 12680882854353344397312.0, 47990301425688117248000.0, 12680882817022329618432.0
"Line.SMT_154652841"    ,   2, 47990807152174183743488.0, -12681830645694761795584.0
"Line.SMT_154652870"    ,   1, -153048609579856277012480.0, 42679995437462459514880.0, 153048609512406600646656.0, 42679995418653069672448.0, 153048609357494780690432.0, 42679995375453483302912.0
"Line.SMT_154652870"    ,   2, 153068859885412436410368.0, -42678570679265954627584.0
"Line.SMT_154652883"    ,   1, -153068859885266071977984.0, 42678570679026023661568.0, 153068859817808007004160.0, 42678570660217397182464.0, 153068859662876792586240.0, 42678570617019572420608.0
"Line.SMT_154652883"    ,   2, 153112736615496159330304.0, -42675486899673791201280.0
"Line.SMT_154652887"    ,   1, -56924759699897536479232.0, 19040958314812960407552.0, 56924759630225508139008.0, 19040958291508123926528.0, 56924759470209530593280.0, 19040958237983830441984.0
"Line.SMT_154652887"    ,   2, 56936246989326508883968.0, -19056090082603675156480.0
"Line.SMT_154652923"    ,   1, -56923332442246415908864.0, 19039078412041926475776.0, 56923332372575268372480.0, 19039078388739103260672.0, 56923332212561329258496.0, 19039078335219431899136.0
"Line.SMT_154652923"    ,   2, 56924759699844478533632.0, -19040958315460930043904.0
"Line.SMT_154652934"    ,   1, -56923221488653823901696.0, 19038997069975888330752.0, 56923221418982760251392.0, 19038997046673149001728.0, 56923221258969005686784.0, 19038996993153662189568.0
"Line.SMT_154652934"    ,   2, 56923289469672891613184.0, -19039086575847643021312.0
"Line.SMT_154652952"    ,   1, -153047822659206976110592.0, 42680299377847017930752.0, 153047822591757635289088.0, 42680299359037485481984.0, 153047822436846553530368.0, 42680299315837580345344.0
"Line.SMT_154652952"    ,   2, 153048304802669021626368.0, -42680265447331214655488.0
"Line.SMT_154652964"    ,   1, -96189515111981404651520.0, 23636489842690875195392.0, 96189515045832935604224.0, 23636489826436323999744.0, 96189514893909540470784.0, 23636489789104438902784.0
"Line.SMT_154652964"    ,   2, 96227310544412253093888.0, -23647081455523540762624.0
"Line.SMT_156904098"    ,   1, -550656149968078766080.0, -109574656776085880832.0, 550656076707422011392.0, 109574642198002401280.0, 550655908449430077440.0, 109574608716470026240.0
"Line.SMT_156904098"    ,   2, 550656409919743393792.0, 104724746619127103488.0
"Line.SMT_156904104"    ,   1, -550656050143973736448.0, -111448483811270098944.0, 550655976931409985536.0, 111448468993619001344.0, 550655808783873605632.0, 111448434961870913536.0
"Line.SMT_156904104"    ,   2, 550656150365332307968.0, 109574656719628550144.0
"Line.SMT_156904110"    ,   1, 550656494555831992320.0, 100721679208485912576.0, 550656375456860995584.0, 100721657423855271936.0, 550656252320636796928.0, 100721634900762558464.0
"Line.SMT_156904110"    ,   2, -550656413064744271872.0, -104689791671374184448.0
"Line.SMT_156904119"    ,   1, 413015141637406024794112.0, -167097766043128497700864.0, 413015141568949010825216.0, 167097766015432132657152.0, 413015141411723545673728.0, 167097765951821821509632.0
"Line.SMT_156904119"    ,   2, -412572357758646417883136.0, 167216531458489562693632.0
"Line.SMT_156904134"    ,   1, 9890406707728.8, -806543403333510784.0, 9889490726208.0, 806468706824557312.0, 9887386988429.4, 806297151106191744.0
"Line.SMT_156904134"    ,   2, -24713383417799.2, 696312271267720064.0
"Line.SMT_160287032"    ,   1, 1600277522934.3, -1649409780864765184.0, 1600039682888.9, 1649164638574407168.0, 1600038887437.3, 1649163818700526080.0
"Line.SMT_160287032"    ,   2, -1875530242196.2, -2288760605655.2
"Line.SMT_160287038"    ,   1, -211958360923.5, -1794240732645557760.0, 211929401558.9, 1793995589819868928.0, 211929304704.9, 1793994769944197888.0
"Line.SMT_160287038"    ,   2, 11168717511824.7, 1684262037832202752.0
"Line.SMT_160287048"    ,   1, 202620019855298157084672.0, 632875804140014370029568.0, 202620019781061459312640.0, 632875803908138883612672.0, 202620019780813190070272.0, 632875803907363373580288.0
"Line.SMT_160287048"    ,   2, -202578280611474374131712.0, -632810280543361169358848.0
"Line.SMT_161188180"    ,   1, -12320241642712944657563648.0, -18152665320913025022033920.0, 12320241642636900114104320.0, 18152665320800980062699520.0, 12320241642639114169745408.0, 18152665320804242090360832.0
"Line.SMT_161188180"    ,   2, 12860817757126770747768832.0, 19015377116802767327854592.0
"Line.SMT_162395039"    ,   1, -16966281618309548431376384.0, -24218360770408843608850432.0, 16966281618256211380011008.0, 24218360770332706723594240.0, 16966281618207955274956800.0, 24218360770263824038100992.0
"Line.SMT_162395039"    ,   2, 17518201803070255180808192.0, 24602811583964464331882496.0
"Line.SMT_165499508"    ,   1, 202317714977585648107520.0, 632410327349625056395264.0, 202317714903463471611904.0, 632410327117931837652992.0, 202317714903215537913856.0, 632410327117156998709248.0
"Line.SMT_165499508"    ,   2, -202253202152781672087552.0, -632309042518119097040896.0
"Line.SMT_166122419"    ,   1, -17933960476963016926035968.0, -25243700384345324328583168.0, 17933960476852436550549504.0, 25243700384189674713776128.0, 17933960476855657776021504.0, 25243700384194205904273408.0
"Line.SMT_166122419"    ,   2, 17969075394179871075729408.0, 25299740487608721142185984.0
"Line.SMT_166122433"    ,   1, -18842596223565057541275648.0, -26621763621922911150931968.0, 18842596223449604525391872.0, 26621763621759792587997184.0, 18842596223452969632268288.0, 26621763621764547116793856.0
"Line.SMT_166122433"    ,   2, 19005156376894030449999872.0, 26881194146497613541670912.0
"Line.SMT_166122467"    ,   1, -25051751666009789075292160.0, -31160806916496080565698560.0, 25051751665931809649065984.0, 31160806916399087319252992.0, 25051751665861260516261888.0, 31160806916311332547461120.0
"Line.SMT_166122467"    ,   2, 26446783108639457491812352.0, 32132538268975424881033216.0
"Line.SMT_167582451"    ,   1, -11084305360946505082470400.0, -16179782204917912432541696.0, 11084305360880280981733376.0, 16179782204821245603610624.0, 11084305360880059790917632.0, 16179782204820921333579776.0
"Line.SMT_167582451"    ,   2, 11344494304803716144824320.0, 16610856563202717621682176.0
"Line.SMT_167582487"    ,   1, -11344494304803632392962048.0, -16610856563202348254494720.0, 11344494304733587918815232.0, 16610856563099786582949888.0, 11344494304735628028280832.0, 16610856563102773732704256.0
"Line.SMT_167582487"    ,   2, 11499558244410771644612608.0, 16858325121278884708352000.0
"Line.SMT_168237001"    ,   1, 8106398942893.0, 71308737663387832.0, 8091163781863.1, 71174720067067360.0, 8091607524417.4, 71178623492202912.0
"Line.SMT_168237001"    ,   2, -10449788485610.7, -102080936404368688.0
"Line.SMT_168237007"    ,   1, 1859793144990.5, -61545483763271776.0, 1855743159868.5, 61411459022809008.0, 1855861120600.2, 61415362656026368.0
"Line.SMT_168237007"    ,   2, 1470038138131.0, -1073440053664.6
"Line.SMT_168237051"    ,   1, -12009776560031086017511424.0, -17660661046877455537668096.0, 12009776559956933407145984.0, 17660661046768410612989952.0, 12009776559959093775695872.0, 17660661046771588888788992.0
"Line.SMT_168237051"    ,   2, 12194852819795889633624064.0, 17956026528716647907196928.0
"Line.SMT_169123925"    ,   1, 1453157350234506395648.0, 686350726557739778048.0, 1453157262125104889856.0, 686350684942183301120.0, 1453157162100552892416.0, 686350637698900295680.0
"Line.SMT_169123925"    ,   2, -1453156341706884382720.0, -690767590224920182784.0
"Line.SMT_169123937"    ,   1, 1453161588520708472832.0, 667689398036338966528.0, 1453161500039035486208.0, 667689357381345476608.0, 1453161399591869612032.0, 667689311228523708416.0
"Line.SMT_169123937"    ,   2, -1453160513766406488064.0, -672437558240271794176.0
"Line.SMT_169123943"    ,   1, 1453161788179486605312.0, 666806019246257471488.0, 1453161699680286670848.0, 666805978637015187456.0, 1453161599213223542784.0, 666805932536131485696.0
"Line.SMT_169123943"    ,   2, -1453161587838306484224.0, -667689397675847712768.0
"Line.SMT_169123955"    ,   1, 1668283082079929368576.0, 621730478877767106560.0, 1668282989273128370176.0, 621730444290821062656.0, 1668282883915941412864.0, 621730405026636890112.0
"Line.SMT_169123955"    ,   2, -1668280647940097179648.0, -630564066846423252992.0
"Line.SMT_169123967"    ,   1, 1668280647826277400576.0, 630564066443954094080.0, 1668280555164762112000.0, 630564031420457287680.0, 1668280449972507770880.0, 630563991660686868480.0
"Line.SMT_169123967"    ,   2, -1668278205906878464000.0, -639397624376663080960.0
"Line.SMT_169123979"    ,   1, 1668278205414829981696.0, 639397623952144203776.0, 1668278112899584229376.0, 639397588494012514304.0, 1668278007873380024320.0, 639397548240830988288.0
"Line.SMT_169123979"    ,   2, -1668277012226248540160.0, -643703972863027052544.0
"Line.SMT_169123985"    ,   1, 1453160513548172656640.0, 672437558618964492288.0, 1453160425160857616384.0, 672437517718492807168.0, 1453160324820809285632.0, 672437471286996500480.0
"Line.SMT_169123985"    ,   2, -1453157350203406942208.0, -686350726387848970240.0
"Line.SMT_170656463"    ,   1, 20114851194755.5, -109551020155070224.0, 20069927473820.2, 109306353196812544.0, 20069777227261.9, 109305534912671216.0
"Line.SMT_170656463"    ,   2, 16018220614801.6, 5979482875422.6
"Line.SMT_170656469"    ,   1, -390657201221529325535232.0, 238100828124140328189952.0, 390657201013206701572096.0, 238100827997170223284224.0, 390657201012509977346048.0, 238100827996745591947264.0
"Line.SMT_170656469"    ,   2, 390658404147659364368384.0, -238099054258320501112832.0
"Line.SMT_170656475"    ,   1, -390662105630814567923712.0, 238094926121519296806912.0, 390662105422489460932608.0, 238094925994552413126656.0, 390662105421792736706560.0, 238094925994127781789696.0
"Line.SMT_170656475"    ,   2, 390666917313088738820096.0, -238087830656620987154432.0
"Line.SMT_190195485"    ,   1, 4233827028577.1, -10840926462763.9,      0.0,      0.0,      0.0,      0.0
"Line.SMT_190195485"    ,   2, -9878737837944.7, -219303361388799008.0
"Line.SMT_190195537"    ,   1, 9633960421610.6, -583017618162035200.0, 9629915531630.4, 582772833876158208.0, 9629902003570.3, 582772015199616768.0
"Line.SMT_190195537"    ,   2, 1700492959855.5, 363713326877301440.0
"Line.SMT_190928595"    ,   1, -5021946750958.9, -19465344114390302720.0, 5021883320922.6, 19465098256051884032.0, 5021883108782.0, 19465097433783193600.0
"Line.SMT_190928595"    ,   2, 4798071057542.3, 13603623735908782080.0
"Line.SMT_190928665"    ,   1, -5433777066626.6, -13603623853290518528.0, 5433678861961.1, 13603377994965080064.0, 5433678533517.4, 13603377172696432640.0
"Line.SMT_190928665"    ,   2, 5481583746125.8, 3317964761633662464.0
"Line.SMT_190928683"    ,   1, 5765175946238.5, 19465344297427648512.0, 5765103128797.7, 19465098439093260288.0, 5765102885261.2, 19465097616824582144.0
"Line.SMT_190928683"    ,   2, -5727885345151.6, -28313223194196787200.0
"Line.SMT_191624120"    ,   1, -8031121265921259208704.0, -3729502938568477114368.0, 8031121204160682262528.0, 3729502909888017203200.0, 8031121134048140853248.0, 3729502877329060265984.0
"Line.SMT_191624120"    ,   2, 8031123256857109463040.0, 3729465692424629649408.0
"Line.SMT_191624198"    ,   1, -8031102656063522996224.0, -3729810407049125167104.0, 8031102594304028180480.0, 3729810378366736400384.0, 8031102524192714653696.0, 3729810345805590560768.0
"Line.SMT_191624198"    ,   2, 8031118590953954213888.0, 3729512460388869865472.0
"Line.SMT_191624219"    ,   1, -13758797677767743691030528.0, -19741416512578867511164928.0, 13758797677657552010084352.0, 19741416512420761175064576.0, 13758797677685306088751104.0, 19741416512460584111833088.0
"Line.SMT_191624219"    ,   2, 13855241399152848828104704.0, 19923511792006719399264256.0
"Line.SMT_191624290"    ,   1, 2800209444684.0, 359870283784262336.0, 2799865387138.0, 359826067060777216.0, 2799075189037.8, 359724514366179520.0
"Line.SMT_191624290"    ,   2, -111951593171.6, -437116536616717120.0
"Line.SMT_191624360"    ,   1, 806521834044.7, -347613474299690176.0, 806419243067.0, 347569257262166336.0, 806183622030.2, 347467703846314880.0
"Line.SMT_191624360"    ,   2, -519621413512.0, -526254327884.9
"Line.SMT_191624393"    ,   1, -13863272522403018233085952.0, -19927241257693606737608704.0, 13863272522292023393255424.0, 19927241257534061587464192.0, 13863272522319981482868736.0, 19927241257574245301485568.0
"Line.SMT_191624393"    ,   2, 13892516313635362049097728.0, 19982456422320169577086976.0
"Line.SMT_191624407"    ,   1, 1288917408752405053440.0, 598228100385519960064.0, 1288917347987747241984.0, 598228072182684319744.0, 1288917279005804593152.0, 598228040165942099968.0
"Line.SMT_191624407"    ,   2, -1288916879125798715392.0, -598599692473374998528.0
"Line.SMT_191624424"    ,   1, 1288917534079533711360.0, 598179208743123419136.0, 1288917473313988280320.0, 598179180542183473152.0, 1288917404331037687808.0, 598179148527593324544.0
"Line.SMT_191624424"    ,   2, -1288917479924623474688.0, -598216366726768230400.0
"Line.SMT_192507117"    ,   1, -25373175518629325701120.0, 44326782160351594020864.0, 25373175481598037983232.0, 44326782095658162585600.0, 25373175396548164452352.0, 44326781947076553998336.0
"Line.SMT_192507117"    ,   2, 25374888700706474164224.0, -44330136083170869641216.0
"Line.SMT_194821447"    ,   1, 47909466941411343466496.0, 22247789798810942701568.0, 47909466837070498496512.0, 22247789750358028320768.0, 47909466718619503165440.0, 22247789695352768036864.0
"Line.SMT_194821447"    ,   2, -47909218595603977601024.0, -22248738987604529119232.0
"Line.SMT_194821453"    ,   1, 47909185338028616318976.0, 22248740500499784007680.0, 47909185233689323241472.0, 22248740452045238042624.0, 47909185115240097906688.0, 22248740397038119682048.0
"Line.SMT_194821453"    ,   2, -47908887318772685209600.0, -22249879510062366457856.0
"Line.SMT_194821464"    ,   1, 22930830806789.0, -473502572406285440.0, 22925259592167.1, 473387531460882112.0, 22918934974856.1, 473256933376954496.0
"Line.SMT_194821464"    ,   2, -9062176698690.9, 363814623327200640.0
"Line.SMT_196315228"    ,   1, -64927015173747445334016.0, -105920701765611012751360.0, 64927015173227192254464.0, 105920701764762270171136.0, 64927015173358222311424.0, 105920701764976045457408.0
"Line.SMT_196315228"    ,   2, 108716724637988709990400.0, 188600572751231733202944.0
"Line.SMT_197064798"    ,   1, -229267357436.7, -1479132771792372480.0, 229246105682.0, 1478995664760699392.0, 229246034605.9, 1478995206208753920.0
"Line.SMT_197064798"    ,   2, 199992206396.5, 202413291071.2
"Line.SMT_197064912"    ,   1, -40915509676.9, -2927578781599022592.0, 40914679491.4, 2927519380318522368.0, 40912772801.4, 2927382953201769472.0
"Line.SMT_197064912"    ,   2, 21173860938.8, 40358553787.7
"Line.SMT_197064998"    ,   1, -741329337560143092514816.0, -886632961826762921082880.0, 741329337478052443062272.0, 886632961728582250397696.0, 741329337403780110483456.0, 886632961639752126169088.0
"Line.SMT_197064998"    ,   2, 741497327361130516971520.0, 886748099339694488158208.0
"Line.SMT_197065164"    ,   1, -9369699887710245731958784.0, -14985435369678124523454464.0, 9369699887680757560246272.0, 14985435369630963635060736.0, 9369699887654078297145344.0, 14985435369588293134974976.0
"Line.SMT_197065164"    ,   2, 11084305360946941021650944.0, 16179782230046172648570880.0
"Line.SMT_197752434"    ,   1, -11844708531236093902716928.0, -17397226916845982733828096.0, 11844708531162959199600640.0, 17397226916738565601755136.0, 11844708531165089503379456.0, 17397226916741694485430272.0
"Line.SMT_197752434"    ,   2, 12009776560030897038950400.0, 17660661046877620893908992.0
"Line.SMT_197752446"    ,   1, 11669628359549079779278848.0, 17129742202316092143042560.0, 11669628359477027407921152.0, 17129742202210326425894912.0, 11669628359479125499445248.0, 17129742202213408064929792.0
"Line.SMT_197752446"    ,   2, -11499558244410793119449088.0, -16858325121278719352111104.0
"Line.SMT_198211149"    ,   1, 3605084323512.1, 5089346126254.4,      0.0,      0.0,      0.0,      0.0
"Line.SMT_198211149"    ,   2, -2342666126363.2, -329040832631372288.0
"Line.SMT_198211189"    ,   1, -47909466940648424734720.0, -22247316286458124304384.0, 47909466836307185500160.0, 22247316238006061367296.0, 47909466717855737184256.0, 22247316183001757384704.0
"Line.SMT_198211189"    ,   2, 47912794311622957989888.0, 22234595717061340561408.0
"Line.SMT_198211299"    ,   1, 47912852402502142787584.0, 22234499226502292307968.0, 47912852298141181935616.0, 22234499178072413044736.0, 47912852179667352813568.0, 22234499123093295857664.0
"Line.SMT_198211299"    ,   2, -47912827585052167634944.0, -22234594179896148230144.0
"Line.SMT_198413095"    ,   1, 185989829978015731286016.0, 116919949262581309374464.0, 185989829901834185080832.0, 116919949214690830188544.0, 185989829815350488727552.0, 116919949160324043636736.0
"Line.SMT_198413095"    ,   2, -185970873083917496221696.0, -116910495442869466169344.0
"Line.SMT_198413106"    ,   1, 185969932726819400712192.0, 116909576369395369771008.0, 185969932650646343778304.0, 116909576321509353324544.0, 185969932564172311101440.0, 116909576267147633491968.0
"Line.SMT_198413106"    ,   2, -185959401045880079384576.0, -116904324034862755348480.0
"Line.SMT_198413123"    ,   1, 18393574585137782795010048.0, 26109145720200238320320512.0, 18393574585024367741108224.0, 26109145720039250061164544.0, 18393574585027672718442496.0, 26109145720043940165451776.0
"Line.SMT_198413123"    ,   2, -18373508925131356259745792.0, -26077122830263366029672448.0
"Line.SMT_199769933"    ,   1, -741234479132537088114688.0, -886563009926961557405696.0, 741234479050457041862656.0, 886563009828788671348736.0, 741234478976194238742528.0, 886563009739965660659712.0
"Line.SMT_199769933"    ,   2, 741313533305365469331456.0, 886617192647154756222976.0
"Line.SMT_206627440"    ,   1, -108646894246.2, -510053851663110784.0, 108623649949.7, 509944728958477632.0, 108624326968.0, 509947907289680512.0
"Line.SMT_206627440"    ,   2, 212382490898.0, 269083423001.6
"Line.SMT_206627447"    ,   1, 9345496970598574148550656.0, 14957254935625802767663104.0, 9345496970542738499960832.0, 14957254935536439530618880.0, 9345496970542552742625280.0, 14957254935536141030391808.0
"Line.SMT_206627447"    ,   2, -9041936831321765148884992.0, -14454323909028778868736000.0
"Line.SMT_206627462"    ,   1, 9370332062714223365455872.0, 14985254637615361527119872.0, 9370332062658239540494336.0, 14985254637525830786351104.0, 9370332062658052709416960.0, 14985254637525532286124032.0
"Line.SMT_206627462"    ,   2, -9365513648110933217640448.0, -14977271606692296393752576.0
"Line.SMT_206957950"    ,   1, -12194852819789728503037952.0, -17956026426626097767514112.0, 12194852819714433431371776.0, 17956026426515229629218816.0, 12194852819716626012176384.0, 17956026426518459444625408.0
"Line.SMT_206957950"    ,   2, 12314902276060485813010432.0, 18147614812595809551384576.0
"Line.SMT_207258977"    ,   1, 37307814575240.9, 44641347346875219968.0, 37307609105642.1, 44641101488471760896.0, 37307608418452.8, 44641100666202857472.0
"Line.SMT_207258977"    ,   2, -15984155350484.8, -44862536677921751040.0
"Line.SMT_207258987"    ,   1, 741546733068535115808768.0, 886737098546882201780224.0, 741546732986417891246080.0, 886737098448686901362688.0, 741546732912121399476224.0, 886737098359843623796736.0
"Line.SMT_207258987"    ,   2, -741497327319766358032384.0, -886703236794256753426432.0
"Line.SMT_207259013"    ,   1, 18586923052910.5, 38412741382636519424.0, 18586804088456.3, 38412495524255375360.0, 18586803690581.9, 38412494701986545664.0
"Line.SMT_207259013"    ,   2, -17820148658150.6, -44606256229921488896.0
"Line.SMT_209048504"    ,   1, -3681535855276773068505088.0, -6916706121536688944578560.0, 3681535855247273085632512.0, 6916706121481265612849152.0, 3681535855254703379054592.0, 6916706121495225330302976.0
"Line.SMT_209048504"    ,   2, 3789550416530641438900224.0, 7120649545906921383395328.0
"Line.SMT_209048551"    ,   1, -3789550416530631775223808.0, -7120649545906925678362624.0, 3789550416500266356441088.0, 7120649545849868111577088.0, 3789550416507914082582528.0, 7120649545864239072149504.0
"Line.SMT_209048551"    ,   2, 3920919472504357875875840.0, 7368688824191213409140736.0
"Line.SMT_209048593"    ,   1, -5470604391149539053010944.0, -10303584755958045690822656.0, 5470604391105705690529792.0, 10303584755875487829458944.0, 5470604391116744830222336.0, 10303584755896279766138880.0
"Line.SMT_209048593"    ,   2, 5721692485120632545083392.0, 10777666370737997273366528.0
"Line.SMT_209048626"    ,   1, -6258483368907203086909440.0, -11773408710258321176657920.0, 6258483368857056122503168.0, 11773408710163986514968576.0, 6258483368869686547578880.0, 11773408710187744126566400.0
"Line.SMT_209048626"    ,   2, 6781096719885838026014720.0, 12760158931228767060754432.0
"Line.SMT_209048659"    ,   1, -5721692485120526244642816.0, -10777666370738005863301120.0, 5721692485074680689983488.0, 10777666370651649103364096.0, 5721692485086227709558784.0, 10777666370673398817751040.0
"Line.SMT_209048659"    ,   2, 6238466722385619702513664.0, 11753392067410701135642624.0
"Line.SMT_209048692"    ,   1, 1813596098976530676318208.0, 3407603439305173325840384.0, 1813596098961998386036736.0, 3407603439277868608126976.0, 1813596098965658503479296.0, 3407603439284745387638784.0
"Line.SMT_209048692"    ,   2, -1798999530161215322980352.0, -3380043489027139538255872.0
"Line.SMT_209048783"    ,   1, 5325116592281729814757376.0, 10019955089843619440361472.0, 5325116592239060388413440.0, 10019955089763329321730048.0, 5325116592249807470329856.0, 10019955089783552175243264.0
"Line.SMT_209048783"    ,   2, -5211263354931431486783488.0, -9804987759964775306493952.0
"Line.SMT_209048825"    ,   1, 6932917328929778881789952.0, 13046812502735548646948864.0, 6932917328874227774783488.0, 13046812502631009142964224.0, 6932917328888219704492032.0, 13046812502657339439972352.0
"Line.SMT_209048825"    ,   2, -6781096719885991571095552.0, -12760158931228831485263872.0
"Line.SMT_209048874"    ,   1, -8786560802078505830449152.0, -14031223512081479279575040.0, 8786560802026009518931968.0, 14031223511997647960408064.0, 8786560802025834499014656.0, 14031223511997368787533824.0
"Line.SMT_209048874"    ,   2, 9041936831321847827005440.0, 14454324345712809821077504.0
"Line.SMT_209048917"    ,   1, 2356588435819750620135424.0, 4432833482016911498674176.0, 2356588435800867527983104.0, 4432833481981391582265344.0, 2356588435805623398957056.0, 4432833481990337462272000.0
"Line.SMT_209048917"    ,   2, -1813596098976495779708928.0, -3407603439305128228683776.0
"Line.SMT_209049086"    ,   1, -1246488814734.7, -213844448928513408.0, 1246316016894.3, 213814804170760224.0, 1245919151524.6, 213746718957898560.0
"Line.SMT_209049086"    ,   2, -1256553981958.8, 196480217670553888.0
"Line.SMT_209701799"    ,   1, 448918912304.4, 9572185486887.9,      0.0,      0.0,      0.0,      0.0
"Line.SMT_209701799"    ,   2, -1994192276406.2, -25135193958925628.0
"Line.SMT_209701992"    ,   1, -13033498572263.1, -5003878195718.2,      0.0,      0.0,      0.0,      0.0
"Line.SMT_209701992"    ,   2, 1600849567957.7, -46408879821277296.0
"Line.SMT_209702002"    ,   1, -15358738537167168894664704.0, -21096592881022476245532672.0, 15358738537118869839937536.0, 21096592880956131885711360.0, 15358738537075170695184384.0, 21096592880896109717749760.0
"Line.SMT_209702002"    ,   2, 15860146643241116677177344.0, 21445859027872920987762688.0
"Line.SMT_210357859"    ,   1, -464332478872424087552.0, -213736842548369948672.0, 464332374109899718656.0, 213736794325141553152.0, 464332255180201197568.0, 213736739580622471168.0
"Line.SMT_210357859"    ,   2, 464332473341013196800.0, 213516380309877096448.0
"Line.SMT_210357885"    ,   1, 464332476941692370944.0, 213771778641493557248.0, 464332372182162604032.0, 213771730411761369088.0, 464332253255863631872.0, 213771675659858968576.0
"Line.SMT_210357885"    ,   2, -464332437860648878080.0, -215645599811988815872.0
"Line.SMT_210357897"    ,   1, 464333052820642136064.0, 157747371360847888384.0, 464332982093857947648.0, 157747347332913135616.0, 464332819655419428864.0, 157747292147876200448.0
"Line.SMT_210357897"    ,   2, -464332488180718370816.0, -171415266987155652608.0
"Line.SMT_210474153"    ,   1, 343030362036902110953472.0, 578996230916938663985152.0, 343030361912794199097344.0, 578996230707458613444608.0, 343030361912379130773504.0, 578996230706758064013312.0
"Line.SMT_210474153"    ,   2, -343013458350072724979712.0, -578969650433501203267584.0
"Line.SMT_211948168"    ,   1, -14511192868577.6, -221208827065550816.0, 14494525124728.6, 220954743745174208.0, 14495010592996.0, 220962144230233728.0
"Line.SMT_211948168"    ,   2, -3278565180107.7, -4895748780708.5
"Line.SMT_212196051"    ,   1, -5325116592281840410165248.0, -10019955089843619440361472.0, 5325116592239170983821312.0, 10019955089763329321730048.0, 5325116592249918065737728.0, 10019955089783552175243264.0
"Line.SMT_212196051"    ,   2, 5474001586200171530682368.0, 10301066175680845336018944.0
"Line.SMT_214383361"    ,   1, 463697714450031433482240.0, -184921218537221408161792.0, 463697714381086672289792.0, 184921218509726436818944.0, 463697714222740891762688.0, 184921218446578639962112.0
"Line.SMT_214383361"    ,   2, -463515208500053599584256.0, 184971286543605604286464.0
"Line.SMT_214439806"    ,   1, 30372954151556271308800.0, 14104410809622486581248.0, 30372954046880657965056.0, 14104410761013850275840.0, 30372953928049625137152.0, 14104410705831806369792.0
"Line.SMT_214439806"    ,   2, -30372825215842805350400.0, -14105769078555576107008.0
"Line.SMT_214439812"    ,   1, 30372977332647182204928.0, 14104284595492363436032.0, 30372977227971300425728.0, 14104284546884075257856.0, 30372977109139957219328.0, 14104284491702421422080.0
"Line.SMT_214439812"    ,   2, -30372967426370486403072.0, -14104389078098458443776.0
"Line.SMT_214439834"    ,   1, 727859811127918524891136.0, 879982725871612356198400.0, 727859810973204273430528.0, 879982725684562772361216.0, 727859810972686864089088.0, 879982725683937183531008.0
"Line.SMT_214439834"    ,   2, -727777975570192897409024.0, -879849571006524982034432.0
"Line.SMT_217039446"    ,   1, -13959817973758026781294592.0, -20116062401528830302879744.0, 13959817973714127920562176.0, 20116062401465569729576960.0, 13959817973674408063008768.0, 20116062401408334995390464.0
"Line.SMT_217039446"    ,   2, 14335874170727283847856128.0, 20378012261816528525066240.0
"Line.SMT_217039452"    ,   1, -13662775118810294670852096.0, -19577910897462206753931264.0, 13662775118700871789051904.0, 19577910897305410382856192.0, 13662775118728432594190336.0, 19577910897344902607142912.0
"Line.SMT_217039452"    ,   2, 13738761086948135887962112.0, 19721379933723924050739200.0
"Line.SMT_32272147"     ,   1, -13859622807894910566400.0, -18857218939582888804352.0, 13859622766524716023808.0, 18857218883295150866432.0, 13859622671509656436736.0, 18857218754018923249664.0
"Line.SMT_32272147"     ,   2, 13863310076638956355584.0, 18819455749146770669568.0
"Line.SMT_33353170"     ,   1, -86321966857499869184.0, -30976620843068112.0, 86321892160568049664.0, 30976594038088812.0, 86321720603878506496.0, 30976532475004480.0
"Line.SMT_33353170"     ,   2, 86321989536937361408.0, -17715520763165284352.0
"Line.SMT_36456426"     ,   1, 412021701264938878631936.0, -167317253136873773072384.0, 412021701196574340677632.0, 167317253109111708450816.0, 412021701039561342189568.0, 167317253045350536577024.0
"Line.SMT_36456426"     ,   2, -411888035738852807147520.0, 167353101195920610951168.0
"Line.SMT_36456436"     ,   1, 19649740982405528813568.0, -37032533096908044894208.0, 19649740947541727379456.0, 37032533031202603401216.0, 19649740867469922271232.0, 37032532880296708669440.0
"Line.SMT_36456436"     ,   2, -19647565609482485497856.0, 37025894014338134441984.0
"Line.SMT_40213889"     ,   1, 446100581075948773834752.0, -207363375271892653965312.0, 446100581008326191480832.0, 207363375240459264720896.0, 446100580853017087049728.0, 207363375168266098966528.0
"Line.SMT_40213889"     ,   2, -445581403515595547213824.0, 207505501035263390908416.0
"Line.SMT_40213913"     ,   1, 463512250482807185342464.0, -184974209624130965209088.0, 463512250413889737457664.0, 184974209596628007911424.0, 463512250255606837936128.0, 184974209533461957443584.0
"Line.SMT_40213913"     ,   2, -463353143688912231727104.0, 185017860491366973308928.0
"Line.SMT_40213923"     ,   1, 16939993679734165733376.0, 22257902416457837314048.0, 16939993639053919518720.0, 22257902363006994481152.0, 16939993545623463788544.0, 22257902240246263709696.0
"Line.SMT_40213923"     ,   2, -16939418042566321373184.0, -22261802699453991223296.0
"Line.SMT_4632213"      ,   1, -2883433654653642866688.0, 1090039047853478903808.0, 2883433614538740072448.0, 1090039032688638820352.0, 2883433522406711361536.0, 1090038997859500687360.0
"Line.SMT_4632213"      ,   2, 2883434669554710085632.0, -1090116940553427091456.0
"Line.SMT_4632243"      ,   1, 8655086588304411328512.0, 4019096592965015961600.0, 8655086543393984086016.0, 4019096572110303133696.0, 8655086440248056479744.0, 4019096524213214773248.0
"Line.SMT_4632243"      ,   2, -8655082695637222817792.0, -4019143870791988281344.0
"Line.SMT_4632261"      ,   1, -27188385169541118686134272.0, -33019318224983262385668096.0, 27188385169493530448494592.0, 33019318224925465010765824.0, 27188385169384227825778688.0, 33019318224792724751515648.0
"Line.SMT_4632261"      ,   2, 27222591510089005730365440.0, 33029507236994704172122112.0
"Line.SMT_4632783"      ,   1, -12864790586199199962890240.0, -19016278323614996198588416.0, 12864790586158730633543680.0, 19016278323555173746606080.0, 12864790586122113889861632.0, 19016278323501050716225536.0
"Line.SMT_4632783"      ,   2, 13390915849649044360003584.0, 19382762138359307427643392.0
"Line.SMT_4632789"      ,   1, -13410950381388711153631232.0, -19402796658599394707243008.0, 13410950381346521689882624.0, 19402796658538358926999552.0, 13410950381308352315523072.0, 19402796658483134237507584.0
"Line.SMT_4632789"      ,   2, 13661486201271761240064000.0, 19577312718249344859373568.0
"Line.SMT_4632795"      ,   1, -13892516313634973354557440.0, -19982455985205100001886208.0, 13892516313523744439009280.0, 19982455985045112470110208.0, 13892516313551760510681088.0, 19982455985085407853281280.0
"Line.SMT_4632795"      ,   2, 13962701407413637182652416.0, 20114972362478535464452096.0
"Line.SMT_4632807"      ,   1, -14506344630725835428462592.0, -20502840164090052830298112.0, 14506344630680216433328128.0, 20502840164025576781250560.0, 14506344630638941797613568.0, 20502840163967242535436288.0
"Line.SMT_4632807"      ,   2, 14844795171168054929260544.0, 20738594959039573713223680.0
"Line.SMT_4632813"      ,   1, -14844795171168115058802688.0, -20738594959039655317602304.0, 14844795171121433059262464.0, 20738594958974440534179840.0, 14844795171079194203389952.0, 20738594958915431978500096.0
"Line.SMT_4632813"      ,   2, 15358738537167050783064064.0, 21096592881022386051219456.0
"Line.SMT_4632819"      ,   1, -15860146643240088032509952.0, -21445858981466241736114176.0, 15860146643190212724785152.0, 21445858981398802159632384.0, 15860146643145085503406080.0, 21445858981337779264290816.0
"Line.SMT_4632819"      ,   2, 16361554691810874762461184.0, 21795125007694969511608320.0
"Line.SMT_4632825"      ,   1, -16370209778393181721722880.0, -21799144104290837413756928.0, 16370209778341717276098560.0, 21799144104222306915581952.0, 16370209778295155535642624.0, 21799144104160300472729600.0
"Line.SMT_4632825"      ,   2, 16796669677545269808332800.0, 22096203401141969452269568.0
"Line.SMT_4632831"      ,   1, -18669867911931009857224704.0, -26358219308359518305386496.0, 18669867911816615550779392.0, 26358219308198014650155008.0, 18669867911819948445401088.0, 26358219308202721934311424.0
"Line.SMT_4632831"      ,   2, 18822268072014082186674176.0, 26601435492050581359427584.0
"Line.SMT_4632861"      ,   1, 741234479132323279273984.0, 886568757931901290807296.0, 741234478976502134210560.0, 886568757745528164319232.0, 741234478975980966772736.0, 886568757744904857190400.0
"Line.SMT_4632861"      ,   2, -741029038952232217739264.0, -886234355880397992099840.0
"Line.SMT_4632867"      ,   1, 697404998238046796120064.0, 865745286433730990178304.0, 697404998085852885155840.0, 865745286244800344883200.0, 697404998085343931531264.0, 865745286244168447819776.0
"Line.SMT_4632867"      ,   2, -697218109977680228122624.0, -865441501854753682882560.0
"Line.SMT_4632873"      ,   1, 379590712218257362780160.0, 176780219303971537289216.0, 379590712116723530596352.0, 176780219256685960626176.0, 379590712001459157729280.0, 176780219203005882302464.0
"Line.SMT_4632873"      ,   2, -379564228398843883945984.0, -176766353780899596730368.0
"Line.SMT_4632879"      ,   1, 202812100311825447387136.0, 633222369868352118063104.0, 202812100227948158648320.0, 633222369606469439979520.0, 202812100237267868581888.0, 633222369635567574974464.0
"Line.SMT_4632879"      ,   2, -202681120871508351123456.0, -632965663246959998140416.0
"Line.SMT_4632885"      ,   1, 202675866616056814501888.0, 632960443909967649439744.0, 202675866541799178764288.0, 632960443678059682332672.0, 202675866541550842413056.0, 632960443677284172300288.0
"Line.SMT_4632885"      ,   2, -202625274180027851735040.0, -632881023576673313882112.0
"Line.SMT_4634205"      ,   1, -632175004969530163200.0, 180732060648168292352.0, 632174961022690263040.0, 180732048084237615104.0, 632174921261263749120.0, 180732036716871811072.0
"Line.SMT_4634205"      ,   2, 632175821734725156864.0, -181567978734857945088.0
"Line.SMT_4635369"      ,   1, 3972829072036442669056.0, 901206812450630402048.0, 3972828948563804291072.0, 901206784441778044928.0, 3972828948150852517888.0, 901206784348102983680.0
"Line.SMT_4635369"      ,   2, -3972824727301909905408.0, -902162775708377939968.0
"Line.SMT_4635441"      ,   1, 354365195770098810880.0, 157208202329657835520.0, 354365161522399543296.0, 157208187136237862912.0, 354365082865595645952.0, 157208152241460150272.0
"Line.SMT_4635441"      ,   2, -354365139795959676928.0, -157414577723526021120.0
"Line.SMT_4635549"      ,   1, -2883434987561435004928.0, 1090129021083731623936.0, 2883434947446880862208.0, 1090129005917778608128.0, 2883434855315652739072.0, 1090128971086084440064.0
"Line.SMT_4635549"      ,   2, 2883441065526888497152.0, -1090596385762461745152.0
"Line.SMT_4635711"      ,   1, 8655080237516165480448.0, 4019156765608454389760.0, 8655080192605896572928.0, 4019156744753487806464.0, 8655080089460335968256.0, 4019156696855817486336.0
"Line.SMT_4635711"      ,   2, -8655045238523210760192.0, -4019582263249586356224.0
"Line.SMT_4635777"      ,   1, -27244213449414054412025856.0, -33051129141184845903298560.0, 27244213449366367390138368.0, 33051129141126992693821440.0, 27244213449256841429123072.0, 33051129140994123585552384.0
"Line.SMT_4635777"      ,   2, 28851911298648801420509184.0, 33530012474897340664119296.0
"Line.SMT_4635831"      ,   1, 6104133858548.7, -26414000164340035584.0, 6104116596522.1, 26413925467555319808.0, 6104076950768.8, 26413753911203614720.0
"Line.SMT_4635831"      ,   2, -5840693791950.5, 22996988226853216256.0
"Line.SMT_4635837"      ,   1, 126437357557.8, -6723797921403740160.0, 126435952925.9, 6723723224640454656.0, 126432726903.0, 6723551668337965056.0
"Line.SMT_4635837"      ,   2, -181615715443.9, 99086896560.7
"Line.SMT_52714305"     ,   1, -9572050555266721120256.0, 9956682888052400455680.0, 9572050510855312244736.0, 9956682841856413794304.0, 9572050408855480303616.0, 9956682735757937344512.0
"Line.SMT_52714305"     ,   2, 9572694374936920195072.0, -9972447159222875979776.0
"Line.SMT_57927068"     ,   1, -105269672912700535996416.0, 31105342899106753806336.0, 105269672653432553472000.0, 31105342822497606696960.0, 105269672682240107085824.0, 31105342831009736949760.0
"Line.SMT_57927068"     ,   2, 105270495234599352795136.0, -31107431519293219536896.0
"Line.SMT_57927082"     ,   1, -19646226685634952560640.0, 37021856124281550798848.0, 19646226650768726818816.0, 37021856058578739134464.0, 19646226570691355869184.0, 37021855907678871617536.0
"Line.SMT_57927082"     ,   2, 19647544766898594906112.0, -37025879834282009034752.0
"Line.SMT_57927097"     ,   1, -387641966128236947570688.0, 122770983876416141000704.0, 387641965867762347671552.0, 122770983793920623771648.0, 387641965896703984795648.0, 122770983803086788624384.0
"Line.SMT_57927097"     ,   2, 387642341882397590552576.0, -122770534717141525987328.0
"Line.SMT_64573414"     ,   1, -387644301286881856847872.0, 122768610312222828134400.0, 387644301026405713444864.0, 122768610229728921518080.0, 387644301055347484786688.0, 122768610238894918598656.0
"Line.SMT_64573414"     ,   2, 387663088392848845832192.0, -122746149972819836928000.0
"Line.SMT_64573426"     ,   1, -121438064919392068567040.0, 44618415903951512666112.0, 121438064661799693713408.0, 44618415809307680440320.0, 121438064690421070561280.0, 44618415819823664594944.0
"Line.SMT_64573426"     ,   2, 121438824993063755055104.0, -44619493395135245320192.0
"Line.SMT_64573438"     ,   1, -391112655785656053661696.0, 121358244970811780759552.0, 391112655523878468059136.0, 121358244889584889495552.0, 391112655552964859002880.0, 121358244898610092179456.0
"Line.SMT_64573438"     ,   2, 391122178218400730316800.0, -121346823711696365813760.0
"Line.SMT_64573449"     ,   1, -285856425999110558973952.0, 90237743429150197153792.0, 285856425736413615489024.0, 90237743346223320924160.0, 285856425765602146123776.0, 90237743355437418283008.0
"Line.SMT_64573449"     ,   2, 285871729588288505249792.0, -90223234536706783838208.0
"Line.SMT_64573471"     ,   1, -285890794068836725293056.0, 90205119998799869116416.0, 285890793806112904708096.0, 90205119915904466944000.0, 285890793835304455241728.0, 90205119925115057864704.0
"Line.SMT_64573471"     ,   2, 285913444267721450586112.0, -90183647114558800134144.0
"Line.SMT_64573481"     ,   1, -66858582078176840646656.0, 19730582875449281478656.0, 66858581820517021384704.0, 19730582799411499237376.0, 66858581849145897648128.0, 19730582807860140310528.0
"Line.SMT_64573481"     ,   2, 66858902991371266686976.0, -19733308875248085499904.0
"Line.SMT_64573493"     ,   1, -206142888128564128907264.0, 66029254818794980769792.0, 206142887868394639458304.0, 66029254735460560797696.0, 206142887897302353051648.0, 66029254744719939862528.0
"Line.SMT_64573493"     ,   2, 206152680403406524776448.0, -66024833843150322663424.0
"Line.SMT_64573510"     ,   1, 285889729957882067156992.0, -90206149074190086438912.0, 285889729695159219650560.0, 90206148991293727965184.0, 285889729724350635966464.0, 90206149000504436326400.0
"Line.SMT_64573510"     ,   2, -285872793688135169998848.0, 90222205485173566341120.0
"Line.SMT_64573533"     ,   1, -285852505281649283432448.0, 90241480772163437854720.0, 285852505018955494064128.0, 90241480689232988078080.0, 285852505048143689154560.0, 90241480698447488090112.0
"Line.SMT_64573533"     ,   2, 285852709336813806813184.0, -90241287320584966897664.0
"Line.SMT_64573556"     ,   1, -391098562655419753299968.0, 121375148452848167026688.0, 391098562393650824740864.0, 121375148371609716260864.0, 391098562422736209051648.0, 121375148380636194013184.0
"Line.SMT_64573556"     ,   2, 391112655784791490166784.0, -121358244971467149148160.0
"Line.SMT_64573567"     ,   1, -285853773400957448617984.0, 90240258307084691439616.0, 285853773138262551953408.0, 90240258224155382513664.0, 285853773167450881261568.0, 90240258233369748307968.0
"Line.SMT_64573567"     ,   2, 285856425997182219321344.0, -90237743427790336688128.0
"Line.SMT_64573578"     ,   1, -121434644698937014878208.0, 44613567168857660981248.0, 121434644441345042677760.0, 44613567074221596606464.0, 121434644469966385971200.0, 44613567084736716734464.0
"Line.SMT_64573578"     ,   2, 121437266850067517538304.0, -44617284538664082210816.0
"Line.SMT_64573589"     ,   1, -121437266855863089364992.0, 44617284538509807321088.0, 121437266598270815174656.0, 44617284443867795423232.0, 121437266626892175245312.0, 44617284454383569862656.0
"Line.SMT_64573589"     ,   2, 121438064922387254607872.0, -44618415905272970084352.0
"Line.SMT_64573600"     ,   1, -84718271906159009988608.0, 21411157420774822772736.0, 84718271642974336057344.0, 21411157354259201130496.0, 84718271672217073876992.0, 21411157361649824825344.0
"Line.SMT_64573600"     ,   2, 84718844788112164388864.0, -21413949808541039591424.0
"Line.SMT_64573611"     ,   1, -66855738479084073648128.0, 19706425034679450075136.0, 66855738221405765894144.0, 19706424958726086590464.0, 66855738250036688977920.0, 19706424967165349199872.0
"Line.SMT_64573611"     ,   2, 66858382894168794988544.0, -19728890877448734900224.0
"Line.SMT_64573622"     ,   1, -66858382893556443381760.0, 19728890877871558492160.0, 66858382635895332274176.0, 19728890801839686025216.0, 66858382664524342755328.0, 19728890810287672786944.0
"Line.SMT_64573622"     ,   2, 66858582077859877093376.0, -19730582875130724089856.0
"Line.SMT_66902184"     ,   1, 5770566350280.1, -109591090382326800.0, 5766643529909.1, 109516590561038768.0, 5757633975430.8, 109345486575882768.0
"Line.SMT_66902184"     ,   2, -6453215789132.5, -2024335853206.8
"Line.SMT_66902198"     ,   1, -390681953872776215396352.0, 238080406919781761941504.0, 390681953809371089600512.0, 238080406881142860414976.0, 390681953663748210163712.0, 238080406792400715907072.0
"Line.SMT_66902198"     ,   2, 390828214698763377180672.0, -238040894264849568104448.0
"Line.SMT_66902208"     ,   1, 4379078703914.1, -253949862334467296.0, 4377794132949.1, 253875367984906816.0, 4374843854579.0, 253704276566685472.0
"Line.SMT_66902208"     ,   2, -14527344046626.3, 144347105051083360.0
"Line.SMT_85797564"     ,   1, -343042265068192332251136.0, -579011820991535596437504.0, 343042265030419034406912.0, 579011820927779021520896.0, 343042264943664922886144.0, 579011820781349157994496.0
"Line.SMT_85797564"     ,   2, 343050810552897079607296.0, 579014256804123543339008.0
"Line.SMT_85894562"     ,   1, -390622316884139926618112.0, 238152160187293924065280.0, 390622316675834348306432.0, 238152160060295499218944.0, 390622316675137691189248.0, 238152160059870767218688.0
"Line.SMT_85894562"     ,   2, 390645773541074911887360.0, -238117570267827257999360.0
"Line.SMT_85894571"     ,   1, 260214327645109462499328.0, 120836767541881254969344.0, 260214327577564827090944.0, 120836767510515293356032.0, 260214327422434903326720.0, 120836767438476964528128.0
"Line.SMT_85894571"     ,   2, -260163047313468194553856.0, -120825107396796404989952.0
"Line.SMT_98901703"     ,   1, 354365209006307934208.0, 157162909474857189376.0, 354365174757144264704.0, 157162894285165690880.0, 354365096096977256448.0, 157162859398951141376.0
"Line.SMT_98901703"     ,   2, -354365203928666406912.0, -157197305622325297152.0
"Line.SMT_1079030"      ,   1, -390660902710887468498944.0, 238096590420193365196800.0, 390660902502562965487616.0, 238096590293225541992448.0, 390660902501866241261568.0, 238096590292800910655488.0
"Line.SMT_1079030"      ,   2, 390662105629202680119296.0, -238094816560509737762816.0
"Line.SMT_119412001"    ,   1, 399350970614.1, -661365046702179584.0, 399305866566.3, 661290349899438208.0, 399202275951.0, 661118793506328960.0
"Line.SMT_119412001"    ,   2, 53900607844.0, 1481315911137.1
"Line.SMT_147874600"    ,   1, 3339201210840520851456.0, 1256326782185176563712.0, 3339201027629046562816.0, 1256326713254474940416.0, 3339201047985877155840.0, 1256326720913441816576.0
"Line.SMT_147874600"    ,   2, -3339199450110913150976.0, -1260741684175779921920.0
"Line.SMT_154526665"    ,   1, 3180008443819.8, -3759574328484340736.0, 3179945454385.9, 3759499859041082880.0, 3179800786345.6, 3759328824825247744.0
"Line.SMT_154526665"    ,   2, -3696074911274.0, 582510916867395072.0
"Line.SMT_170656457"    ,   1, 13622690621614.2, -109562230999971504.0, 13592270162039.9, 109317570564556400.0, 13592168421372.4, 109316752302230592.0
"Line.SMT_170656457"    ,   2, -12778674947084.6, -3029518215812.1
"Line.SMT_190195548"    ,   1, 628188267314.0, -328946049586569728.0, 627720793333.1, 328701260361252544.0, 627719229874.9, 328700441668191296.0
"Line.SMT_190195548"    ,   2, -7155136992086.5, 9543522408804.8
"Line.SMT_190928627"    ,   1, 8574323318367.5, 28348297718926041088.0, 8574248955219.8, 28348051860615094272.0, 8574248706513.6, 28348051038346498048.0
"Line.SMT_190928627"    ,   2, -7410899256270.7, -30560267370395529216.0
"Line.SMT_197752495"    ,   1, 11844708531235962906214400.0, 17397226916845533909745664.0, 11844708531162828203098112.0, 17397226916738116777672704.0, 11844708531164958506876928.0, 17397226916741245661347840.0
"Line.SMT_197752495"    ,   2, -11689644614121174394208256.0, -17149758447980291442081792.0
"Line.SMT_209048853"    ,   1, 144145251272.8, -436683595121112768.0, 144111627754.1, 436581733707898304.0, 144111515300.9, 436581393034275520.0
"Line.SMT_209048853"    ,   2, -146408088318.2, -158170509941.0
"Line.SMT_222273088"    ,   1, -26510548534694779027456.0, -12311364005886133534720.0, 26510548430184886829056.0, 12311363957352269086720.0, 26510548311541981118464.0, 12311363902255109505024.0
"Line.SMT_222273088"    ,   2, 26510556125986518204416.0, 12311258459632176201728.0
"Line.SMT_222273110"    ,   1, 16939408204843022548992.0, 22261827759727261515776.0, 16939408164168189083648.0, 22261827706272257933312.0, 16939408070750163173376.0, 22261827583501972537344.0
"Line.SMT_222273110"    ,   2, -16938505599140868653056.0, -22267941366299705212928.0
"Line.SMT_222273127"    ,   1, -26510492929138928648192.0, -12312021974046795104256.0, 26510492824630303129600.0, 12312021925510825115648.0, 26510492705988836065280.0, 12312021870411270586368.0
"Line.SMT_222273127"    ,   2, 26510538404521563914240.0, 12311388760445525426176.0
"Line.SMT_224616471"    ,   1, 468074903237561.0, -2001450653733132435456.0, 468074903234900.0, 2001450653721754075136.0, 468074903234755.0, 2001450653721134104576.0
"Line.SMT_224616471"    ,   2, 44912522066712275714048.0, 85906208658833197236224.0
"Line.SMT_224633096"    ,   1, 101020816655157219557376.0, 46915775736005542281216.0, 101020816550565202886656.0, 46915775687431240548352.0, 101020816431829053603840.0, 46915775632288163823616.0
"Line.SMT_224633096"    ,   2, -101020377101187445424128.0, -46915955358343907770368.0
"Line.SMT_224633108"    ,   1, 480865430308423374733312.0, 223835038389835424333824.0, 480865430206186107437056.0, 223835038342245609635840.0, 480865430090123071979520.0, 223835038288220155543552.0
"Line.SMT_224633108"    ,   2, -480668397642932163706880.0, -223726659482053104369664.0
"Line.SMT_224633125"    ,   1, 101021073709141027979264.0, 46915843059727948840960.0, 101021073604548675764224.0, 46915843011153546444800.0, 101021073485812174159872.0, 46915842956010369056768.0
"Line.SMT_224633125"    ,   2, -101020963821264392159232.0, -46915887966982326190080.0
"Line.SMT_225981019"    ,   1, 202892700376854800891904.0, 633380331282866030772224.0, 202892700292943118860288.0, 633380331020914767429632.0, 202892700302266620444672.0, 633380331050020418617344.0
"Line.SMT_225981019"    ,   2, -202812100311633583144960.0, -633222369868451573399552.0
"Line.SMT_225981181"    ,   1, 202951072119075509370880.0, 633468926367831292903424.0, 202951072044714089775104.0, 633468926135727904784384.0, 202951072044465384325120.0, 633468926134951589445632.0
"Line.SMT_225981181"    ,   2, -202897954272615342276608.0, -633385550229070445281280.0
"Line.SMT_227255737"    ,   1, -12641159610550978609152.0, -5868577716066242789376.0, 12641159505828405837824.0, 5868577667449456951296.0, 12641159386944063406080.0, 5868577612258158313472.0
"Line.SMT_227255737"    ,   2, 12641161327551124078592.0, 5868468265834067787776.0
"Line.SMT_227255763"    ,   1, 12641157300978047778816.0, 5868610455704904400896.0, 12641157196255605030912.0, 5868610407087898361856.0, 12641157077371409399808.0, 5868610351896351211520.0
"Line.SMT_227255763"    ,   2, -12641122969841555210240.0, -5870799317351585021952.0
"Line.SMT_227255777"    ,   1, 728387877612543685951488.0, 880365887619428314513408.0, 728387877457762191409152.0, 880365887432351752912896.0, 728387877457244647849984.0, 880365887431726029864960.0
"Line.SMT_227255777"    ,   2, -728235274984788416528384.0, -880117586539212255002624.0
"Line.SMT_243862498"    ,   1, -17969075394179783028899840.0, -25299740487606616608210944.0, 17969075394068985757564928.0, 25299740487450619101052928.0, 17969075394072213425487872.0, 25299740487455163176452096.0
"Line.SMT_243862498"    ,   2, 18049338059063172888788992.0, 25427832140323779608838144.0
"Line.SMT_243862521"    ,   1, -3091236361960.1, -198833737159473728.0, 3087896570615.1, 198618915930458176.0, 3088267658542.3, 198642784955904352.0
"Line.SMT_243862521"    ,   2, -2020156106007.0, 1048156812986.3
"Line.SMT_243862543"    ,   1, -17518201803070128479272960.0, -24602811583964640425541632.0, 17518201802962082134491136.0, 24602811583812899230973952.0, 17518201802965230345519104.0, 24602811583817318752321536.0
"Line.SMT_243862543"    ,   2, 17829030298608336854056960.0, 25098864731363799189159936.0
"Line.SMT_249036985"    ,   1, -8306566045775839625216.0, 774015190897737990144.0, 8306565941328659611648.0, 774015181165231996928.0, 8306565822756951162880.0, 774015170116586569728.0
"Line.SMT_249036985"    ,   2, 8306604103133625843712.0, -780619339365582635008.0
"Line.SMT_249036991"    ,   1, -8306604102494663475200.0, 780619339699948355584.0, 8306603998053422596096.0, 780619329885004627968.0, 8306603879488455442432.0, 780619318742773006336.0
"Line.SMT_249036991"    ,   2, 8306641531030597533696.0, -787113469797785272320.0
"Line.SMT_249037002"    ,   1, -8306641529444211097600.0, 787113469086937776128.0, 8306641296415868846080.0, 787113447005842046976.0, 8306641306450582831104.0, 787113447956702691328.0
"Line.SMT_249037002"    ,   2, 8306645006422527442944.0, -788986772794710032384.0
"Line.SMT_249037013"    ,   1, -8306645005237305212928.0, 788986774492661415936.0, 8306644900803755638784.0, 788986764573290921984.0, 8306644782247517880320.0, 788986753312510705664.0
"Line.SMT_249037013"    ,   2, 8306665943213136674816.0, -792619109090102214656.0
"Line.SMT_252046103"    ,   1, 2616493108353939013632.0, 295033224898590507008.0, 2616493050645353857024.0, 295033218391426433024.0, 2616492985132760694784.0, 295033211004289974272.0
"Line.SMT_252046103"    ,   2, -2616484718497810087936.0, -296438570124178227200.0
"Line.SMT_252046164"    ,   1, 3618459515162818772992.0, 744999865555032735744.0, 3618459390752712556544.0, 744999839940399726592.0, 3618459390336625541120.0, 744999839854732115968.0
"Line.SMT_252046164"    ,   2, -3618455310376513830912.0, -746128051139403055104.0
"Line.SMT_252046170"    ,   1, 2616495087320725716992.0, 292525416641593933824.0, 2616494964495011020800.0, 292525402909619585024.0, 2616494964084222984192.0, 292525402863693266944.0
"Line.SMT_252046170"    ,   2, -2616493108558426013696.0, -293554091993725698048.0
"Line.SMT_254813281"    ,   1, -14355922160463133301276672.0, -20398060238694165017264128.0, 14355922160417988900028416.0, 20398060238630019680698368.0, 14355922160377141613559808.0, 20398060238571981787627520.0
"Line.SMT_254813281"    ,   2, 14506344630725912737873920.0, 20502840164090374952845312.0
"Line.SMT_255480388"    ,   1, 7084754979154543205416960.0, 13333466332358609760944128.0, 7084754979097775548923904.0, 13333466332251774596939776.0, 7084754979112073495052288.0, 13333466332278682567049216.0
"Line.SMT_255480388"    ,   2, -6932934220515447247208448.0, -13046812510953856898695168.0
"Line.SMT_257614990"    ,   1, 20973189958077777969152.0, 9735299528981888368640.0, 20973189845209581617152.0, 9735299476590920990720.0, 20973189743090740494336.0, 9735299429189571051520.0
"Line.SMT_257614990"    ,   2, -20973185679192592744448.0, -9735398665525970075648.0
"Line.SMT_257615000"    ,   1, -24647222749126645702983680.0, -30883899612690937855082496.0, 24647222749049886047469568.0, 30883899612594756357455872.0, 24647222748980436426293248.0, 30883899612507731730104320.0
"Line.SMT_257615000"    ,   2, 25030778476058042611793920.0, 31151071616972957300031488.0
"Line.SMT_257615027"    ,   1, 20973178832036036608000.0, 9735424210587590066176.0, 20973178719168179994624.0, 9735424158196081623040.0, 20973178617049636667392.0, 9735424110794238853120.0
"Line.SMT_257615027"    ,   2, -20972969068801399193600.0, -9740281205948199993344.0
"Line.SMT_258104266"    ,   1, -216202810166721705410560.0, -641375280646159656288256.0, 216202810089075877347328.0, 641375280415819754897408.0, 216202810088816166043648.0, 641375280415049479356416.0
"Line.SMT_258104266"    ,   2, 216346845235224665653248.0, 641601786254098421514240.0
"Line.SMT_258104278"    ,   1, 379647323917678364590080.0, 176810816432247402397696.0, 379647323816129030258688.0, 176810816384953437126656.0, 379647323700847007760384.0, 176810816331263862898688.0
"Line.SMT_258104278"    ,   2, -379592798724619486887936.0, -176782270868510086266880.0
"Line.SMT_260627768"    ,   1, -4166148760620774929203200.0, -7831696826926468188602368.0, 4166148760587391759024128.0, 7831696826863713347698688.0, 4166148760595799694376960.0, 7831696826879518827347968.0
"Line.SMT_260627768"    ,   2, 4262486155815658719281152.0, 8013592434448506155958272.0
"Line.SMT_260627786"    ,   1, -4262486155815658719281152.0, -8013592434448512598409216.0, 4262486155781503528730624.0, 8013592434384300689850368.0, 4262486155790106348224512.0, 8013592434400473389203456.0
"Line.SMT_260627786"    ,   2, 5211263354931481952649216.0, 9804987759964833288552448.0
"Line.SMT_260627800"    ,   1, -108716702035824196190208.0, -188600594239392611041280.0, 108716702034953056026624.0, 188600594237881352978432.0, 108716702035172468457472.0, 188600594238261994455040.0
"Line.SMT_260627800"    ,   2, 456115086603452407611392.0, 844527610287502974255104.0
"Line.SMT_260627812"    ,   1, -1060413106033798221398016.0, -1985509844252051919339520.0, 1060413106025301165473792.0, 1985509844236142286733312.0, 1060413106027441267146752.0, 1985509844240149222785024.0
"Line.SMT_260627812"    ,   2, 1798999530161135597649920.0, 3380043489027054175780864.0
"Line.SMT_262496952"    ,   1, 31467134327992.3, -2349711630996548608.0, 31465589852003.6, 2349596301994656256.0, 31463836514493.3, 2349465376899981312.0
"Line.SMT_262496952"    ,   2, -26283423038080.5, 2239479683315978496.0
"Line.SMT_262496978"    ,   1, -195730371136.3, -2204524967617847296.0, 195720131609.7, 2204409639108036864.0, 195708507378.5, 2204278714571988736.0
"Line.SMT_262496978"    ,   2, 168023842240.6, 706306844986.9
"Line.SMT_262497055"    ,   1, 13167251721333.6, -42101114559749562368.0, 13167228359684.9, 42101039862958522368.0, 13167174704909.2, 42100868306592292864.0
"Line.SMT_262497055"    ,   2, -10238185815792.2, 28763746210326872064.0
"Line.SMT_266138323"    ,   1, -44633193632890410237952.0, 28332473402463585566720.0, 44633193457128277278720.0, 28332473290892456755200.0, 44633193456540445573120.0, 28332473290519306305536.0
"Line.SMT_266138323"    ,   2, 44633757792227190374400.0, -28335760693523990446080.0
"Line.SMT_266138329"    ,   1, 44634236872084307312640.0, -28338269997504613318656.0, 44634236696330898505728.0, 28338269885918800248832.0, 44634236695743091965952.0, 28338269885545603661824.0
"Line.SMT_266138329"    ,   2, -44634074118771674447872.0, 28337321768761132318720.0
"Line.SMT_266138335"    ,   1, -44633943917464230297600.0, 28336563176355433283584.0, 44633943741708221022208.0, 28336563064773957124096.0, 44633943741120406093824.0, 28336563064400773120000.0
"Line.SMT_266138335"    ,   2, 44634074118421777219584.0, -28337321765168236986368.0
"Line.SMT_266138347"    ,   1, -44634737697589936783360.0, 28352597303397242109952.0, 44634737499233054621696.0, 28352597177398227632128.0, 44634737521272704466944.0, 28352597191398122323968.0
"Line.SMT_266138347"    ,   2, 44634962503990033514496.0, -28354243131212795215872.0
"Line.SMT_266138365"    ,   1, -171038983632.6, 2516944370248079360.0, 171024669124.1, 2516733723406565376.0, 171024621249.5, 2516733018902078976.0
"Line.SMT_266138365"    ,   2, 777171327437.2, -4465547440564042752.0
"Line.SMT_266138377"    ,   1, 187749493002.4, -2516945396478661632.0, 187733779973.6, 2516734749649733632.0, 187733727421.7, 2516734045145289216.0
"Line.SMT_266138377"    ,   2, -412051132812.8, -785390444002.3
"Line.SMT_266138383"    ,   1, -44634236874012739239936.0, 28338269997168544710656.0, 44634236698259330433024.0, 28338269885582731640832.0, 44634236697671523893248.0, 28338269885209535053824.0
"Line.SMT_266138383"    ,   2, 44634681755259342159872.0, -28340861791609152339968.0
"Line.SMT_266138517"    ,   1, -20298510426219462531219456.0, -27789188940819681280786432.0, 20298510426156257792491520.0, 27789188940733150574673920.0, 20298510426099070302945280.0, 27789188940654857615835136.0
"Line.SMT_266138517"    ,   2, 21359917502256555076091904.0, 28528531241180452626628608.0
"Line.SMT_268349986"    ,   1, -17838640525229852324790272.0, -25103541007317112281104384.0, 17838640525119860359823360.0, 25103541007162325954723840.0, 17838640525123064405426176.0, 25103541007166835670384640.0
"Line.SMT_268349986"    ,   2, 17868739027660093018603520.0, 25151575388874984698937344.0
"Line.SMT_268350002"    ,   1, 2808893437010.8, -124903755503448672.0, 2804599851178.5, 124712831565939200.0, 2804724907076.5, 124718392457322976.0
"Line.SMT_268350002"    ,   2, 4593588905285.6, 2877261983798.1
"Line.SMT_268350013"    ,   1, -17868739027655896835555328.0, -25151575264860024525029376.0, 17868739027545718039511040.0, 25151575264704941845905408.0, 17868739027548928527564800.0, 25151575264709460151500800.0
"Line.SMT_268350013"    ,   2, 17893821112398990924578816.0, 25191603914134061370572800.0
"Line.SMT_268350024"    ,   1, 17933960476971868853633024.0, 25243700509258211840229376.0, 17933960476861288478146560.0, 25243700509102562225422336.0, 17933960476864509703618560.0, 25243700509107093415919616.0
"Line.SMT_268350024"    ,   2, -17913894809492830583521280.0, -25211677591482555537817600.0
"Line.SMT_268350040"    ,   1, 1149409046413.9, -5604800665414.6,      0.0,      0.0,      0.0,      0.0
"Line.SMT_268350040"    ,   2, -80199317241.1, -123994956695661680.0
"Line.SMT_268960847"    ,   1, -2803243378733031683522560.0, -5276167685287427753115648.0, 2803243378710569541435392.0, 5276167685245150242537472.0, 2803243378716227087106048.0, 5276167685255798540206080.0
"Line.SMT_268960847"    ,   2, 3661521372104171997626368.0, 6896691639631925712257024.0
"Line.SMT_272545130"    ,   1, -66953677984.6, -282230494782.7,      0.0,      0.0,      0.0,      0.0
"Line.SMT_272545130"    ,   2, -141803606723.2, -3637473304761201152.0
"Line.SMT_273702770"    ,   1, -359011806405.5, 4465547790592234496.0, 358994871260.6, 4465337143762622464.0, 358994814621.4, 4465336439258176000.0
"Line.SMT_273702770"    ,   2, 287515381173.9, -11691616500354963456.0
"Line.SMT_273702787"    ,   1, -44634681756195418537984.0, 28352553426586913734656.0, 44634681580465950818304.0, 28352553314961179279360.0, 44634681579878228164608.0, 28352553314587848474624.0
"Line.SMT_273702787"    ,   2, 44634692621674500587520.0, -28352616652016856334336.0
"Line.SMT_273702818"    ,   1, -44633757791386735738880.0, 28335760693574204653568.0, 44633757615629610778624.0, 28335760581994716594176.0, 44633757615041795850240.0, 28335760581621540978688.0
"Line.SMT_273702818"    ,   2, 44633898837007931539456.0, -28336582504866446835712.0
"Line.SMT_277818251"    ,   1, -3964709156564386243936256.0, -7451368578205012700692480.0, 3964709156532617444589568.0, 7451368578145305139085312.0, 3964709156540618968662016.0, 7451368578160343967072256.0
"Line.SMT_277818251"    ,   2, 4166141695004073093234688.0, 7831695410787917542457344.0
"Line.SMT_277818272"    ,   1, -3920919472504503904763904.0, -7368688824191136099729408.0, 3920919472473085682122752.0, 7368688824132091036827648.0, 3920919472480999159365632.0, 7368688824146962361090048.0
"Line.SMT_277818272"    ,   2, 3964709156564417919320064.0, 7451368578204884925415424.0
"Line.SMT_279900264"    ,   1, -1198337416896.9, -551940918544427008.0, 1198074356361.5, 551819755780532416.0, 1197802378519.9, 551694485804302464.0
"Line.SMT_279900264"    ,   2, -812488475261.1, 2879567036788.7
"Line.SMT_279900311"    ,   1, -13858699445735243382784.0, -18867209654337642954752.0, 13858699404380970418176.0, 18867209598038005776384.0, 13858699309402474676224.0, 18867209468734445977600.0
"Line.SMT_279900311"    ,   2, 13859622806762259742720.0, 18857770876496370466816.0
"Line.SMT_280454783"    ,   1, -7468251450515.4, -331808364497546496.0, 7462717835877.2, 331562510480040448.0, 7462699328804.8, 331561688225801280.0
"Line.SMT_280454783"    ,   2, 2088338478032.0, 3686336677220.5
"Line.SMT_280454796"    ,   1, -7536385422619.8, -3317966002402037248.0, 7535826983681.1, 3317720144300437504.0, 7535825115992.4, 3317719322032539136.0
"Line.SMT_280454796"    ,   2, 8411346700154.8, 1105996578313902208.0
"Line.SMT_280454865"    ,   1, 2060234867420.3, -1152528744018.3,      0.0,      0.0,      0.0,      0.0
"Line.SMT_280454865"    ,   2, 604973448488.5, -774185522725108608.0
"Line.SMT_281378159"    ,   1, 1226327085332.8, -7768577208011.8,      0.0,      0.0,      0.0,      0.0
"Line.SMT_281378159"    ,   2, 1632486990684.6, -133489669795657392.0
"Line.SMT_281378170"    ,   1, -18069411754225445495635968.0, -25447905815379306700865536.0, 18069411754103754039754752.0, 25447905815207924620853248.0, 18069411754117276744286208.0, 25447905815226968505843712.0
"Line.SMT_281378170"    ,   2, 18373508925124194401779712.0, 26077123029093087382077440.0
"Line.SMT_281378182"    ,   1, 18483878081953817383927808.0, 26241299359096398346715136.0, 18483878081839846131761152.0, 26241299358934594043772928.0, 18483878081843166141480960.0, 26241299358939309917863936.0
"Line.SMT_281378182"    ,   2, -18438730349061047901487104.0, -26169247865243109815222272.0
"Line.SMT_281378193"    ,   1, 18438730349064793112969216.0, 26169247998748513194213376.0, 18438730348951101033676800.0, 26169247998587155567869952.0, 18438730348954412453462016.0, 26169247998591854262091776.0
"Line.SMT_281378193"    ,   2, -18413648274467552090914816.0, -26129219388447817046425600.0
"Line.SMT_281619160"    ,   1, 741602060895267061760000.0, 886779956029608156987392.0, 741602060813143663181824.0, 886779955931408158949376.0, 741602060738841668485120.0, 886779955842560452198400.0
"Line.SMT_281619160"    ,   2, -741562536327677445406720.0, -886752866711807698403328.0
"Line.SMT_281673617"    ,   1, 8656442538062840508448768.0, 13815682037476160786399232.0, 8656442538047100527050752.0, 13815682037451039522684928.0, 8656442538010948713578496.0, 13815682037393343079514112.0
"Line.SMT_281673617"    ,   2, -7104771637874422120972288.0, -13353482986345390692892672.0
"Line.SMT_281727912"    ,   1, -446103459821331899482112.0, 207360531388922580697088.0, 446103459753708847366144.0, 207360531357489627660288.0, 446103459598398736302080.0, 207360531285297434984448.0
"Line.SMT_281727912"    ,   2, 446413150008472034607104.0, -207275762908439896915968.0
"Line.SMT_296746936"    ,   1, 86321991816834252800.0, -19479148608077512704.0, 86321918952018116608.0, 19479132165632753664.0, 86321751603154698240.0, 19479094402215677952.0
"Line.SMT_296746936"    ,   2, -86321989815216046080.0, 17715521360831563776.0
"Line.SMT_296746956"    ,   1, -464333052251834351616.0, -154109897672420327424.0, 464332981357650903040.0, 154109874142983225344.0, 464332818534746226688.0, 154109820102847463424.0
"Line.SMT_296746956"    ,   2, 464333718939037204480.0, 137576104821468889088.0
"Line.SMT_298636198"    ,   1, 480871264769053120528384.0, 223839715587283249790976.0, 480871264666814578163712.0, 223839715539692462014464.0, 480871264550750133420032.0, 223839715485665867071488.0
"Line.SMT_298636198"    ,   2, -480868770701567605080064.0, -223838343775980588367872.0
"Line.SMT_299889384"    ,   1, 9013260554116.1, -1240963524946.9,      0.0,      0.0,      0.0,      0.0
"Line.SMT_299889384"    ,   2, -5664891527696.9, -552984805699093696.0
"Line.SMT_299889396"    ,   1, -11413032437583.1, -7852470752403796992.0, 11412663147649.9, 7852216671079141376.0, 11412673903667.3, 7852224071506072576.0
"Line.SMT_299889396"    ,   2, 11184827585882.9, 774167589537742848.0
"Line.SMT_300657969"    ,   1, -23330213647085177101352960.0, -29966602374884962309505024.0, 23330213647012519139606528.0, 29966602374791636965130240.0, 23330213646946780370173952.0, 29966602374707197908090880.0
"Line.SMT_300657969"    ,   2, 24647082272940321092403200.0, 30883889227136781183352832.0
"Line.SMT_304981359"    ,   1, -8656442538061472561364992.0, -13815681823632414883184640.0, 8656442538009754712670208.0, 13815681823549872054206464.0, 8656442538009580766494720.0, 13815681823549597176299520.0
"Line.SMT_304981359"    ,   2, 8786539592998171709538304.0, 14031223502157837083082752.0
"Line.SMT_305670263"    ,   1, -787026001210.2, -3514386697118363648.0, 786971137229.3, 3514141707443061248.0, 786970953737.8, 3514140888079599104.0
"Line.SMT_305670263"    ,   2, 461591253290.3, -17795195545.9
"Line.SMT_307124541"    ,   1, 20165893608080456810496.0, -36907592056281065586688.0, 20165893572406357786624.0, 36907591990990377844736.0, 20165893490473544187904.0, 36907591841037047300096.0
"Line.SMT_307124541"    ,   2, -20161549147288599789568.0, 36894421949242249576448.0
"Line.SMT_310537450"    ,   1, -22602164562217964.0, 21488160904152672.0, 22600900357007660.0, 21486959008427148.0, 22601218772783820.0, 21487261730293180.0
"Line.SMT_310537450"    ,   2, 22602172609517824.0, -21899863226537128.0
"Line.SMT_310537461"    ,   1, -22602172548195820.0, 21899863233470432.0, 22600919794781560.0, 21898649406420000.0, 22601235326190140.0, 21898955133432704.0
"Line.SMT_310537461"    ,   2, 22602174277148232.0, -21986537364287620.0
"Line.SMT_310537472"    ,   1, -22602174322859720.0, 21986537306648160.0, 22600923968094936.0, 21985321008990696.0, 22601238895354892.0, 21985627358275992.0
"Line.SMT_310537472"    ,   2, 22602178330241124.0, -22187745011981624.0
"Line.SMT_310537483"    ,   1, -22602178334160084.0, 22187745045771084.0, 22600933530939548.0, 22186523067248436.0, 22601247059930256.0, 22186830847375088.0
"Line.SMT_310537483"    ,   2, 22602183043616864.0, -22423003201580076.0
"Line.SMT_310537601"    ,   1, -456115086603451937849344.0, -844527610287502974255104.0, 456115086599797122007040.0, 844527610280735850627072.0, 456115086600717654294528.0, 844527610282440281554944.0
"Line.SMT_310537601"    ,   2, 1060413106033798221398016.0, 1985509844252051919339520.0
"Line.SMT_310537612"    ,   1, 2803243378733026851684352.0, 5276167685287429900599296.0, 2803243378710564709597184.0, 5276167685245152390021120.0, 2803243378716222255267840.0, 5276167685255800687689728.0
"Line.SMT_310537612"    ,   2, -2356588435819753304489984.0, -4432833482016915256770560.0
"Line.SMT_320935737"    ,   1, -84718844788125988814848.0, 21413949808856736464896.0, 84718844524942254407680.0, 21413949742333128867840.0, 84718844554184891564032.0, 21413949749724641755136.0
"Line.SMT_320935737"    ,   2, 84720494057343219138560.0, -21421988563390197399552.0
"Line.SMT_329182518"    ,   1, -215115222492538863616.0, 21555929524385439744.0, 215115107627907153920.0, 21555918014210207744.0, 215114977229980041216.0, 21555904947498819584.0
"Line.SMT_329182518"    ,   2, 215115227844914708480.0, -23102049112957620224.0
"Line.SMT_329182524"    ,   1, 215115222106561282048.0, -21555928313068421120.0, 215115107241929244672.0, 21555916802893778944.0, 215114976844001705984.0, 21555903736183066624.0
"Line.SMT_329182524"    ,   2, -215115210990258520064.0, 18574128746242985984.0
"Line.SMT_329182535"    ,   1, 215115211887820144640.0, -18574127950978383872.0, 215115096875875500032.0, 18574118020269359104.0, 215114966310714114048.0, 18574106746617479168.0
"Line.SMT_329182535"    ,   2, -215115197634356346880.0, 14708831850532970496.0
"Line.SMT_329182546"    ,   1, 215115197248999391232.0, -14708831665499906048.0, 215115082078042816512.0, 14708823790509041664.0, 215114951332366123008.0, 14708814850572793856.0
"Line.SMT_329182546"    ,   2, -215115142365330112512.0, -89725672042397632.0
"Line.SMT_4632837"      ,   1, -19005156376892817121738752.0, -26881191218919068454092800.0, 19005156376833462821191680.0, 26881191218835119023325184.0, 19005156376779760697606144.0, 26881191218759162526695424.0
"Line.SMT_4632837"      ,   2, 20212641973288839363428352.0, 27722287655696561634017280.0
"Line.SMT_64573503"     ,   1, -121434408505539687350272.0, 44613676417739992858624.0, 121434408247948134580224.0, 44613676323103668436992.0, 121434408276569410764800.0, 44613676333618813730816.0
"Line.SMT_64573503"     ,   2, 121434446543854629814272.0, -44613730298647388618752.0
"Line.SMT_64573545"     ,   1, -387744706885888646316032.0, 122648994162114562097152.0, 387744706625350561431552.0, 122648994079702779953152.0, 387744706654299312095232.0, 122648994088859650228224.0
"Line.SMT_64573545"     ,   2, 387759361445250581135360.0, -122631475233186021113856.0
"Line.CMT_FEJ0070"      ,   1, 30372967432517897420800.0, 14104389083779716612096.0, 30372967283513335218176.0, 14104389014586004602880.0, 30372967209011054116864.0, 14104388979989151744000.0
"Line.CMT_FEJ0070"      ,   2, -30372954149721141673984.0, -14104410814521540608000.0
"Line.CMT_FEK0005"      ,   1, -12641157309041809031168.0, -5868610472069836046336.0, 12641157159970716778496.0, 5868610402864133570560.0, 12641157085435170652160.0, 5868610368261282856960.0
"Line.CMT_FEK0005"      ,   2, 12641159604321694777344.0, 5868577732141576617984.0
"Line.CMT_FF67E3688"    ,   1, -153048304814769789992960.0, 42680265416876281036800.0, 153048304666529060880384.0, 42680265375536700719104.0, 153048304592408696324096.0, 42680265354866902171648.0
"Line.CMT_FF67E3688"    ,   2, 153048609579771283636224.0, -42679995432855528275968.0
"Line.CMT_FF67E3780"    ,   1, -8725577510956.1, -3548390723221509632.0, 8725174591750.1, 3548226869909688320.0, 8724973132147.1, 3548144943253777920.0
"Line.CMT_FF67E3780"    ,   2, 10920300648533.3, 3513564340537262080.0
"Line.CMT_FF67E3995"    ,   1, 8720375043519.5, -1684290263658126080.0, 8719526071738.5, 1684126289643497472.0, 8719101585847.9, 1684044302636183040.0
"Line.CMT_FF67E3995"    ,   2, -8152388279368.2, 1649411850662790144.0
"Line.CMT_FKS0217"      ,   1, -10867877566183.7, -1350119981204301568.0, 10866559738725.6, 1349956267068572160.0, 10865900824996.6, 1349874410000707328.0
"Line.CMT_FKS0217"      ,   2, 12850011459507.4, 1315350714098119936.0
"Line.CMT_FKS0255"      ,   1, 2854332981741.8, -1578125616863827456.0, 2854036052305.3, 1577961448228557056.0, 2853887587587.0, 1577879363910921984.0
"Line.CMT_FKS0255"      ,   2, 898826492386.8, 1543163974986482944.0
"Line.CMT_FKS0258"      ,   1, 8584755350043.3, -696304856857030656.0, 8582731315647.4, 696140688523420928.0, 8581719298449.5, 696058604356616064.0
"Line.CMT_FKS0258"      ,   2, -5478427684921.4, 661350416320427008.0
"Line.CMT_FKS0911"      ,   1, -387642341855908983734272.0, 122770534730589202808832.0, 387642341701553563369472.0, 122770534681703163625472.0, 387642341624375819632640.0, 122770534657260135645184.0
"Line.CMT_FKS0911"      ,   2, 387644301292905884024832.0, -122768610312046315044864.0
"Line.CMT_FKS1415"      ,   1, -1186637237755.3, -196483423210841568.0, 1186243746768.4, 196418268963501760.0, 1186047001275.0, 196385691839831840.0
"Line.CMT_FKS1415"      ,   2, -165379901490.1, 190976508491452064.0
"Line.CMT_FKS1439"      ,   1, -390658404133485972291584.0, 238099054270840263671808.0, 390658403994139382251520.0, 238099054185911110598656.0, 390658403924466087231488.0, 238099054143446500507648.0
"Line.CMT_FKS1439"      ,   2, 390660902720397264289792.0, -238096590433639498514432.0
"Line.CMT_FKS1661"      ,   1, 2760186253692.3, 61541888475412416.0, 2756295713603.2, 61455143900132176.0, 2754350443558.7, 61411771612492064.0
"Line.CMT_FKS1661"      ,   2, 1835330323735.7, -71300753818596008.0
"Line.CMT_FKS1750"      ,   1, 8655082694458020462592.0, 4019143860822456401920.0, 8655082595754039050240.0, 4019143814987481350144.0, 8655082546402048344064.0, 4019143792069993562112.0
"Line.CMT_FKS1750"      ,   2, -8655080238113475264512.0, -4019156766902501507072.0
"Line.CMT_FKS1912"      ,   1, 260215309889893885280256.0, 120837715033283507519488.0, 260215309741443608739840.0, 120837714964346765836288.0, 260215309667218453692416.0, 120837714929878411771904.0
"Line.CMT_FKS1912"      ,   2, -260214327640450698051584.0, -120836767536750748762112.0
"Line.CMT_FKS2103"      ,   1, 7389785378001.8, -144366839580320512.0, 7381405402251.8, 144203128382647808.0, 7377215414376.9, 144121272783811488.0
"Line.CMT_FKS2103"      ,   2, -1579850669899.0, 109603184915145312.0
"Line.CMT_FKS2198"      ,   1, -2121544744917.0, -14640157802581602304.0, 2121521027155.8, 14639994133270851584.0, 2121509168275.2, 14639912298615476224.0
"Line.CMT_FKS2198"      ,   2, 479096740556.1, 14605406481606477824.0
"Line.CMT_FKS2199"      ,   1, -5882818347084.9, -582513900556206592.0, 5881165477563.8, 582350234195108608.0, 5880339042803.2, 582268401014559616.0
"Line.CMT_FKS2199"      ,   2, 9196613867509.9, 547773288892600192.0
"Line.CMT_FKX1007"      ,   1, 1288917484286076780544.0, 598216381052755509248.0, 1288917397788035907584.0, 598216340907016454144.0, 1288917354539015733248.0, 598216320834147057664.0
"Line.CMT_FKX1007"      ,   2, -1288917408923287814144.0, -598228102759909294080.0
"Line.CMT_FOP0511"      ,   1, -6320796815945.3, -6758760948767092736.0, 6320643285408.3, 6758596780193444864.0, 6320566520139.9, 6758514695906620416.0
"Line.CMT_FOP0511"      ,   2, 7280498209095.9, 6723797581532370944.0
"Line.CMT_FOP9012"      ,   1, 1567197202824.4, 347615793898159360.0, 1566759075962.2, 347518614157941376.0, 1566540012531.1, 347470024287832384.0
"Line.CMT_FOP9012"      ,   2, -2641897099858.0, -359867169540779776.0
"Line.CMT_FOP9748"      ,   1, 354365201704104427520.0, 157197299394536275968.0, 354365126433660010496.0, 157197266004376813568.0, 354365088798437801984.0, 157197249309297115136.0
"Line.CMT_FOP9748"      ,   2, -354365195579261190144.0, -157208202962513362944.0
"Line.CMT_FOQ0592"      ,   1, -27222591510089718694936576.0, -33029507237012498221629440.0, 27222591509984994507358208.0, 33029507236885431614177280.0, 27222591509932630266085376.0, 33029507236821900457934848.0
"Line.CMT_FOQ0592"      ,   2, 27244213449415257002868736.0, 33051129141175285306097664.0
"Line.CMT_FT29L1103"    ,   1, 473302244345380150968320.0, 219808241358965793882112.0, 473302244196939236114432.0, 219808241290027743576064.0, 473302244122718778687488.0, 219808241255558718423040.0
"Line.CMT_FT29L1103"    ,   2, -473298994307288153456640.0, -219805026069187989078016.0
"Line.CMT_FT29L1373"    ,   1, 19647565611282265538560.0, -37025894009514559012864.0, 19647565534655196168192.0, 37025893865110628204544.0, 19647565496341663580160.0, 37025893792908662800384.0
"Line.CMT_FT29L1373"    ,   2, -19647544773631744671744.0, 37025879822675526811648.0
"Line.CMT_FT29L1920"    ,   1, 47912827561980861612032.0, 22234594183044283760640.0, 47912827413424536289280.0, 22234594114104719310848.0, 47912827339146382016512.0, 22234594079634934988800.0
"Line.CMT_FT29L1920"    ,   2, -47912794311431748059136.0, -22234595718891097292800.0
"Line.CMT_FW30L1207"    ,   1, 16939418047704924684288.0, 22261802685997598638080.0, 16939417958309559271424.0, 22261802568514107604992.0, 16939417913611874467840.0, 22261802509772359991296.0
"Line.CMT_FW30L1207"    ,   2, -16939408209666184839168.0, -22261827755161744834560.0
"Line.CMT_FY61L0075"    ,   1, -56923289467796099956736.0, 19039086553938628968448.0, 56923289314672789946368.0, 19039086502723601825792.0, 56923289238111147524096.0, 19039086477116088254464.0
"Line.CMT_FY61L0075"    ,   2, 56923332424417696284672.0, -19039078409944430542848.0
"Line.CMT_FZ34L1129"    ,   1, 463260963609.5, -363825648673473920.0, 463052443002.1, 363661885371113920.0, 462948182698.3, 363580003719933888.0
"Line.CMT_FZ34L1129"    ,   2, -4514481552338.5, 329034611113969088.0
"Line.CMT_FZ34L1139"    ,   1, 47909218597390382006272.0, 22248738988218554253312.0, 47909218448864549273600.0, 22248738919244097388544.0, 47909218374601637101568.0, 22248738884756868956160.0
"Line.CMT_FZ34L1139"    ,   2, -47909185333978772537344.0, -22248740513725594730496.0
"Line.CMT_REJ0089"      ,   1, 18413648274476307381747712.0, 26129219388455453498277888.0, 18413648274402820491313152.0, 26129219388351175987298304.0, 18413648274366077046095872.0, 26129219388299035084324864.0
"Line.CMT_REJ0089"      ,   2, -18393574585135235879403520.0, -26109145720207724448317440.0
"Line.CMT_REJ0100"      ,   1, 343013458349300973043712.0, 578969650440827746385920.0, 343013458266289925521408.0, 578969650300714034921472.0, 343013458224784368205824.0, 578969650230657145634816.0
"Line.CMT_REJ0100"      ,   2, -343008056689032360361984.0, -578964283559095803314176.0
"Line.CMT_REK0112"      ,   1, 17913894809489809074028544.0, 25211677591475675000209408.0, 17913894809418317195902976.0, 25211677591375056801366016.0, 17913894809382570183098368.0, 25211677591324749849427968.0
"Line.CMT_REK0112"      ,   2, -17893821112396927192793088.0, -25191603914123663254749184.0
"Line.CMT_SEJ0088"      ,   1, -18049338059069063436435456.0, -25427832140325527660527616.0, 18049338058997030392430592.0, 25427832140224046173257728.0, 18049338058961014944169984.0, 25427832140173309724590080.0
"Line.CMT_SEJ0088"      ,   2, 18069411754226620169191424.0, 25447905815379993895632896.0
"Line.CMT_SEJ0099"      ,   1, -464332457769018982400.0, -213771775513875283968.0, 464332308645133877248.0, 213771706859450728448.0, 464332234083191357440.0, 213771672532238467072.0
"Line.CMT_SEJ0099"      ,   2, 464332472372335214592.0, 213736829455088418816.0
"Line.CMT_SEJ0130"      ,   1, 9279459194443.9, -2239470863203478272.0, 9278778943606.1, 2239306693945439232.0, 9278438818187.1, 2239224609316419840.0
"Line.CMT_SEJ0130"      ,   2, -4448605945666.8, 2204513740042889984.0
"Line.CMT_SEJ0151"      ,   1, 20973185671985025253376.0, 9735398666608872259584.0, 20973185528660628602880.0, 9735398600080107765760.0, 20973185456998432374784.0, 9735398566815724470272.0
"Line.CMT_SEJ0151"      ,   2, -20973178823219643154432.0, -9735424204757197127680.0
"Line.CMT_SEJ0155"      ,   1, 202681120861160231403520.0, 632965663264686267695104.0, 202681120811488263536640.0, 632965663109562517946368.0, 202681120786652313157632.0, 632965663032000777289728.0
"Line.CMT_SEJ0155"      ,   2, -202675866615938669346816.0, -632960443912582747652096.0
"Line.CMT_SEJ0156"      ,   1, 202897954273155837067264.0, 633385550231442340970496.0, 202897954223429108367360.0, 633385550076210680168448.0, 202897954198565744017408.0, 633385549998594849767424.0
"Line.CMT_SEJ0156"      ,   2, -202892700366155097833472.0, -633380331275762960171008.0
"Line.CMT_SEK0015"      ,   1, -44634692607861994815488.0, 28352616634130624413696.0, 44634692490317262749696.0, 28352616559464471855104.0, 44634692431544896716800.0, 28352616522131399770112.0
"Line.CMT_SEK0015"      ,   2, 44634737693742006796288.0, -28352597299884076302336.0
"Line.CMT_SEK0016"      ,   1, -44633898837952170033152.0, 28336582505929690316800.0, 44633898720389712838656.0, 28336582431293183098880.0, 44633898661608480047104.0, 28336582393974925295616.0
"Line.CMT_SEK0016"      ,   2, 44633943914295886610432.0, -28336563182756599693312.0
"Line.CMT_SEK0082"      ,   1, 379592798719113741467648.0, 176782270866591544508416.0, 379592798574580777091072.0, 176782270799280313729024.0, 379592798502314395566080.0, 176782270765624715116544.0
"Line.CMT_SEK0082"      ,   2, -379590712212164012146688.0, -176780219307473881792512.0
"Line.CMT_SEK0100"      ,   1, 101020963833040705945600.0, 46915887976088764153856.0, 101020963684155027095552.0, 46915887906943674613760.0, 101020963609712187670528.0, 46915887872371125649408.0
"Line.CMT_SEK0100"      ,   2, -101020816651122131337216.0, -46915775748984522407936.0
"Line.CMT_SEK0122"      ,   1, 480868770685138080104448.0, 223838343787107909107712.0, 480868770539603515932672.0, 223838343719363389947904.0, 480868770466836233846784.0, 223838343685491163922432.0
"Line.CMT_SEK0122"      ,   2, -480865430300361788227584.0, -223835038382151627177984.0
"Line.CMT_SEK0161"      ,   1, -3661521372104580556390400.0, -6896691639631970809413632.0, 3661521372089947602812928.0, 6896691639604407856791552.0, 3661521372082630589153280.0, 6896691639590626380480512.0
"Line.CMT_SEK0161"      ,   2, 3681535855277052241379328.0, 6916706121536735115476992.0
"Line.CMT_SEK0340"      ,   1, 741562536333426259132416.0, 886752866711463295713280.0, 741562536229148211281920.0, 886752866586768583950336.0, 741562536177009187356672.0, 886752866524421362286592.0
"Line.CMT_SEK0340"      ,   2, -741546733073949727391744.0, -886737098544926783700992.0
"Line.CMT_SEL0003"      ,   1, -23309765937617450966188032.0, -29946154694644222335647744.0, 23309765937525268083113984.0, 29946154694525792907427840.0, 23309765937479178789060608.0, 29946154694466582488285184.0
"Line.CMT_SEL0003"      ,   2, 23330213647082544286400512.0, 29966602374881689544425472.0
"Line.CMT_SEL0004"      ,   1, 185970873075440472293376.0, 116910495436213223161856.0, 185970872967008519979008.0, 116910495368047528771584.0, 185970872912792543821824.0, 116910495333964681576448.0
"Line.CMT_SEL0004"      ,   2, -185969932720167570112512.0, -116909576356256662159360.0
"Line.CMT_SEL0009"      ,   1, 21084164751653.2, 44606255061934170112.0, 21084087018823.3, 44606090608161562624.0, 21084048152408.4, 44606008381275258880.0
"Line.CMT_SEL0009"      ,   2, -14189356095614.8, -44641333726459641856.0
"Line.CMT_SEL0018"      ,   1, -13738761086946505947873280.0, -19721379933724589770670080.0, 13738761086891627003248640.0, 19721379933645811480526848.0, 13738761086864188604678144.0, 19721379933606426630422528.0
"Line.CMT_SEL0018"      ,   2, 13758797677767735101095936.0, 19741416512574022788055040.0
"Line.CMT_SEL0019"      ,   1, -14335874170730073429114880.0, -20378012261814853487820800.0, 14335874170672825810026496.0, 20378012261733476742463488.0, 14335874170644202000482304.0, 20378012261692790517268480.0
"Line.CMT_SEL0019"      ,   2, 14355922160464426086432768.0, 20398060238694156427329536.0
"Line.CMT_SEL2001"      ,   1, -6238466722384984047353856.0, -11753392067410776297570304.0, 6238466722360052835942400.0, 11753392067363806535221248.0, 6238466722347587767107584.0, 11753392067340319506563072.0
"Line.CMT_SEL2001"      ,   2, 6258483368907548831776768.0, 11773408710257318301794304.0
"Line.CMT_SEL2002"      ,   1, 9365513648111151187230720.0, 14977271606684894017617920.0, 9365513648073723768471552.0, 14977271606625039353380864.0, 9365513648055009522221056.0, 14977271606595112021262336.0
"Line.CMT_SEL2002"      ,   2, -9345496970597483226857472.0, -14957254935624918004400128.0
"Line.CMT_SEL2004"      ,   1, 7104771637874544527540224.0, 13353482986346636233408512.0, 7104771637846151572488192.0, 13353482986293271264755712.0, 7104771637831954558091264.0, 13353482986266588780429312.0
"Line.CMT_SEL2004"      ,   2, -7084754979154444421169152.0, -13333466332358379980193792.0
"Line.CMT_SESB04"       ,   1, -44912522066712275714048.0, -85906208658833063018496.0, 44912522066532784668672.0, 85906208658489734070272.0, 44912522066443034951680.0, 85906208658318069596160.0
"Line.CMT_SESB04"       ,   2, 64927015173747428556800.0, 105920701765610979196928.0
"Line.CMT_SF67E3724"    ,   1, 202253202147855176826880.0, 632309042532052373602304.0, 202253202098291321339904.0, 632309042377099751456768.0, 202253202073509393596416.0, 632309042299623373275136.0
"Line.CMT_SF67E3724"    ,   2, -202247947218620411543552.0, -632303822411785094299648.0
"Line.CMT_SF67E3825"    ,   1, -5636491611993.6, -3549204774840548864.0, 5636231365585.5, 3549040902017196032.0, 5636101242381.4, 3548958965605518848.0
"Line.CMT_SF67E3825"    ,   2, 1261975025295.7, 3514370820888865792.0
"Line.CMT_SF67E4029"    ,   1, 202625274187215076851712.0, 632881023582149397184512.0, 202625274137557134737408.0, 632881023427047390707712.0, 202625274112728163680256.0, 632881023349496521687040.0
"Line.CMT_SF67E4029"    ,   2, -202620019867224677285888.0, -632875804150006074572800.0
"Line.CMT_SKS0913"      ,   1, -387663088385407814991872.0, 122746149976900961828864.0, 387663088231044744216576.0, 122746149928024837980160.0, 387663088153863175274496.0, 122746149903586759278592.0
"Line.CMT_SKS0913"      ,   2, 387665047837657419218944.0, -122744225549386323591168.0
"Line.CMT_SKS0914"      ,   1, -285852709337268838465536.0, 90241287346394700447744.0, 285852709181598352801792.0, 90241287297250845786112.0, 285852709103763109969920.0, 90241287272678918455296.0
"Line.CMT_SKS0914"      ,   2, 285853773408515014000640.0, -90240258306024941813760.0
"Line.CMT_SKS0919"      ,   1, 285872793699936465059840.0, -90222205477241348947968.0, 285872793544256617709568.0, 90222205428108382699520.0, 285872793466416710811648.0, 90222205403541891186688.0
"Line.CMT_SKS0919"      ,   2, -285871729611437271678976.0, 90223234536639691751424.0
"Line.CMT_SKS0920"      ,   1, -285889729954770799558656.0, 90206149081565954572288.0, 285889729799083167580160.0, 90206149032442182238208.0, 285889729721239368368128.0, 90206149007880304459776.0
"Line.CMT_SKS0920"      ,   2, 285890794068181809889280.0, -90205120006402984640512.0
"Line.CMT_SKS0921"      ,   1, -121434446513053036969984.0, 44613730305144466178048.0, 121434446360406174728192.0, 44613730249063626964992.0, 121434446284082760384512.0, 44613730221023211552768.0
"Line.CMT_SKS0921"      ,   2, 121434644690346107207680.0, -44613567168996869931008.0
"Line.CMT_SKS1519"      ,   1, 550656407834435911680.0, 104689786455169892352.0, 550656246553949306880.0, 104689755792819535872.0, 550656165913705971712.0, 104689740461644349440.0
"Line.CMT_SKS1519"      ,   2, -550656406589799596032.0, -104724740637756243968.0
"Line.CMT_SKS1675"      ,   1, -741313533315130614349824.0, -886617192643001120194560.0, 741313533210890818551808.0, 886617192518329493880832.0, 741313533158770853543936.0, 886617192455993546506240.0
"Line.CMT_SKS1675"      ,   2, 741329337565198940110848.0, 886632961829153473036288.0
"Line.CMT_SKS1845"      ,   1, 11689644614117465689948160.0, 17149758447978397361504256.0, 11689644614070749330669568.0, 17149758447909860420878336.0, 11689644614047391151030272.0, 17149758447875593024307200.0
"Line.CMT_SKS1845"      ,   2, -11669628359542600821112832.0, -17129742202315374883504128.0
"Line.CMT_SKX1019"      ,   1, -8031118595659457888256.0, -3729512457509210161152.0, 8031118507744126042112.0, 3729512416682851696640.0, 8031118463786460119040.0, 3729512396269672726528.0
"Line.CMT_SKX1019"      ,   2, 8031121260857080676352.0, 3729502935112894906368.0
"Line.CMT_SKX1026"      ,   1, 10325098961694.1, 28313215687486058496.0, 10325038989664.9, 28313051233759666176.0, 10325009003650.2, 28312969006896472064.0
"Line.CMT_SKX1026"      ,   2, -12958409705974.4, -28348304034503004160.0
"Line.CMT_SOI0610"      ,   1, -13390915849650465994178560.0, -19382762138363327517032448.0, 13390915849596974323990528.0, 19382762138285897846620160.0, 13390915849570227415154688.0, 19382762138247187306381312.0
"Line.CMT_SOI0610"      ,   2, 13410950381391758432927744.0, 19402796658603466336239616.0
"Line.CMT_SOK5036"      ,   1, -2883434668689852989440.0, 1090116942690760392704.0, 2883434580525897482240.0, 1090116909359323152384.0, 2883434536443919728640.0, 1090116892693604597760.0
"Line.CMT_SOK5036"      ,   2, 2883434990061629734912.0, -1090129020171650465792.0
"Line.CMT_SOP8955"      ,   1, -343036863442809390104576.0, -579006454116528632627200.0, 343036863359792437002240.0, 579006453976405660139520.0, 343036863318283994005504.0, 579006453906344140341248.0
"Line.CMT_SOP8955"      ,   2, 343042265069642152148992.0, 579011820964364156928000.0
"Line.CMT_SOP9535"      ,   1, -18822268072019895424909312.0, -26601435492053678030848000.0, 18822268071945248893304832.0, 26601435491948180749156352.0, 18822268071907927774986240.0, 26601435491895434255794176.0
"Line.CMT_SOP9535"      ,   2, 18842596223567003161460736.0, 26621763621921218933817344.0
"Line.CMT_ST29L1658"    ,   1, 463515208500888836505600.0, -184971286543689725247488.0, 463515208349420976340992.0, 184971286483244670779392.0, 463515208273687079813120.0, 184971286453022126768128.0
"Line.CMT_ST29L1658"    ,   2, -463512250497403296153600.0, 184974209624143346794496.0
"Line.CMT_ST29L1765"    ,   1, 446103459828120430837760.0, -207360531382251523407872.0, 446103459679498389159936.0, 207360531313168115302400.0, 446103459605187267657728.0, 207360531278626377695232.0
"Line.CMT_ST29L1765"    ,   2, -446100581074893218512896.0, 207363375265556402798592.0
"Line.CMT_SW30L1149"    ,   1, -26510538402938440646656.0, -12311388757544079982592.0, 26510538254170042925056.0, 12311388688456626470912.0, 26510538179785839869952.0, 12311388653912898666496.0
"Line.CMT_SW30L1149"    ,   2, 26510548555772779823104.0, 12311364007973005295616.0
"Line.CMT_5F67E3562"    ,   1, 2355520270214.7, -363712286573518784.0, 2354459839372.2, 363548547067060928.0, 2353929623950.9, 363466677313832000.0
"Line.CMT_5F67E3562"    ,   2, 796498034545.2, 328935184680439104.0
"Line.SBT_14554968"     ,   1, 132079347872608829440.0, 61231287734324215808.0, 132079347102872797184.0, 61231287377478656000.0, 132079345504190267392.0, 61231286636337881088.0
"Line.SBT_14554968"     ,   2, -132072660524912689152.0, -61228492953827663872.0
"Line.SBT_6297590"      ,   1, 6056451400927421661184.0, 7696295850284154880000.0, 6056451399688575254528.0, 7696295848709878448128.0, 6056451396704081543168.0, 7696295844917302788096.0
"Line.SBT_6297590"      ,   2, -6049796515877398511616.0, -7694313691265645936640.0
"Line.SBT_6297620"      ,   1, 258014330567120289792.0, 119633481291865096192.0, 258014330095014051840.0, 119633481072963649536.0, 258014328957667213312.0, 119633480545610121216.0
"Line.SBT_6297620"      ,   2, -257955783506885541888.0, -119616192858504036352.0
"Line.SBT_6297638"      ,   1, -1603539661.1, -461995675891215.1, 1597797701.7, 460341360446465.3, 1583964799.4, 456355964147750.1
"Line.SBT_6297638"      ,   2, -2042130125.5, 307993973778818.1
"Line.SBT_6297650"      ,   1, 473596693694406787072.0, 219534492738232647680.0, 473596692669462544384.0, 219534492263122436096.0, 473596690200278663168.0, 219534491118538817536.0
"Line.SBT_6297650"      ,   2, -473575767811043622912.0, -219528337170301878272.0
"Line.SBT_6297656"      ,   1, 67199662536583569408.0, 31207804686238326784.0, 67199662056540962816.0, 31207804463304531968.0, 67199660900074684416.0, 31207803926236745728.0
"Line.SBT_6297656"      ,   2, -67195821295704367104.0, -31206817364500254720.0
"Line.SBT_6297662"      ,   1, 270490689194347331584.0, 125620160192213909504.0, 270490687848709259264.0, 125620159567278276608.0, 270490684606944772096.0, 125620158061751500800.0
"Line.SBT_6297662"      ,   2, -270488045634459860992.0, -125619451896115003392.0
"Line.SBT_6297668"      ,   1, 66496486809651478528.0, 30881628975215906816.0, 66496486332133867520.0, 30881628753451982848.0, 66496485181750534144.0, 30881628219202539520.0
"Line.SBT_6297668"      ,   2, -66494586231542620160.0, -30881142880543076352.0
"Line.SBT_6297674"      ,   1, 1790845965.2, -203215283043279.0, 1776341402.0, 201569385532605.6, 1741398590.7, 197604268802346.7
"Line.SBT_6297674"      ,   2, -1033502336.8, 42584988873358.5
"Line.SBT_6297680"      ,   1, 74907987787410112512.0, 34786578934877995008.0, 74907987291399176192.0, 34786578704535089152.0, 74907986096463740928.0, 34786578149618089984.0
"Line.SBT_6297680"      ,   2, -74905752460117819392.0, -34785989210735128576.0
"Line.SBT_6297686"      ,   1, 6375943323.7, -377040915468219.9, 6348134874.0, 375396464947718.0, 6281141790.8, 371434834148327.1
"Line.SBT_6297686"      ,   2, -5121711422.3, 301631290466948.4
"Line.SBT_6297698"      ,   1, 2573855557265997692928.0, 6412910905306038403072.0, 2573855556602347126784.0, 6412910903652514791424.0, 2573855555003552366592.0, 6412910899669023850496.0
"Line.SBT_6297698"      ,   2, -2531939761628006842368.0, -6400427620327050182656.0
"Line.SBT_6297704"      ,   1, 4696776798026361995264.0, 879145597337859522560.0, 4696776796773037375488.0, 879145597103261483008.0, 4696776793753664356352.0, 879145596538093305856.0
"Line.SBT_6297704"      ,   2, -4653906777783745380352.0, -866378864943991226368.0
"Line.SBT_6297710"      ,   1, 4507251310707354370048.0, 798271270659200516096.0, 4507251309504604667904.0, 798271270446183612416.0, 4507251306607070412800.0, 798271269933006454784.0
"Line.SBT_6297710"      ,   2, -4466796017168547315712.0, -786223485113129238528.0
"Line.SBT_6297716"      ,   1, 4389855484847738322944.0, 750493656446040932352.0, 4389855483660599296000.0, 750493656243086557184.0, 4389855480800674316288.0, 750493655754151297024.0
"Line.SBT_6297716"      ,   2, -4355648089568466436096.0, -740306548133719441408.0
"Line.SBT_6297722"      ,   1, 4278611631506561957888.0, 704529265007440429056.0, 4278611630349506576384.0, 704529264816916135936.0, 4278611627562055499776.0, 704529264357925847040.0
"Line.SBT_6297722"      ,   2, -4171676276100012965888.0, -672683132611918430208.0
"Line.SBT_6297728"      ,   1, 3224490218036310573056.0, 1164646571338417831936.0, 3224490216767456018432.0, 1164646570880123011072.0, 3224490213710670331904.0, 1164646569776049160192.0
"Line.SBT_6297728"      ,   2, -3198242046681697746944.0, -1156830593674957160448.0
"Line.SBT_6297734"      ,   1, 3125853598256950411264.0, 1123213614544997056512.0, 3125853596952729485312.0, 1123213614076351086592.0, 3125853593810742804480.0, 1123213612947340263424.0
"Line.SBT_6297734"      ,   2, -3097711645203947847680.0, -1114833973800286814208.0
"Line.SBT_6297740"      ,   1, 1553325046748227305472.0, 401100128666443776000.0, 1553325045846799024128.0, 401100128433676681216.0, 1553325043675176894464.0, 401100127872919601152.0
"Line.SBT_6297740"      ,   2, -1546319386075278606336.0, -399015321019783380992.0
"Line.SBT_6297758"      ,   1, 1537419907776068452352.0, 711662973620906098688.0, 1537419906358001008640.0, 711662972964490706944.0, 1537419902941747478528.0, 711662971383126294528.0
"Line.SBT_6297758"      ,   2, -1531904605732545232896.0, -710023003659332616192.0
"Line.SBT_6297764"      ,   1, 1273402549353696460800.0, 589980046388714995712.0, 1273402548142433632256.0, 589980045827524853760.0, 1273402545224391065600.0, 589980044475566850048.0
"Line.SBT_6297764"      ,   2, -1268399092848526884864.0, -588492833799192248320.0
"Line.SBT_6297776"      ,   1, -2164837036398901198848.0, 5521282330709413855232.0, 2164837035807457148928.0, 5521282329200972267520.0, 2164837034382614069248.0, 5521282325566998970368.0
"Line.SBT_6297776"      ,   2, 2208597199366333923328.0, -5508249651928981569536.0
"Line.SBT_6297782"      ,   1, -2279636311656404353024.0, 5475258078878319509504.0, 2279636311033596870656.0, 5475258077382452445184.0, 2279636309533196288000.0, 5475258073778772508672.0
"Line.SBT_6297782"      ,   2, 2323229129797951291392.0, -5462275323044484349952.0
"Line.SBT_6297788"      ,   1, -5048134573959128547328.0, 3177126416472512921600.0, 5048134572693703884800.0, 3177126415676097429504.0, 5048134569645182025728.0, 3177126413757459726336.0
"Line.SBT_6297788"      ,   2, 5090616504655428976640.0, -3164474907124570259456.0
"Line.SBT_6297794"      ,   1, -5631989229247404179456.0, 2913463821927325892608.0, 5631989227939163013120.0, 2913463821250564456448.0, 5631989224787488538624.0, 2913463819620183441408.0
"Line.SBT_6297794"      ,   2, 5685936501971666075648.0, -2897397359932313436160.0
"Line.SBT_6297800"      ,   1, -5753136164513457897472.0, 2866191772735805325312.0, 5753136163177075048448.0, 2866191772070024577024.0, 5753136159957609086976.0, 2866191770466097561600.0
"Line.SBT_6297800"      ,   2, 5802229297836560744448.0, -2851571018294099968000.0
"Line.SBT_6297806"      ,   1, -6139527039539492159488.0, 2694924279254229712896.0, 6139527038160230940672.0, 2694924278648807620608.0, 6139527034837463465984.0, 2694924277190290309120.0
"Line.SBT_6297806"      ,   2, 6198501906981501009920.0, -2677360451871459770368.0
"Line.SBT_6297812"      ,   1, -2112703959017937436672.0, 305976038437183946752.0, 2112703957395272105984.0, 305976038202178600960.0, 2112703953486124417024.0, 305976037636029480960.0
"Line.SBT_6297812"      ,   2, 2116633288682765025280.0, -304808244554601660416.0
"Line.SBT_6297818"      ,   1, -2183269857255515750400.0, 273863305088113967104.0, 2183269855578652672000.0, 273863304877772931072.0, 2183269851538937610240.0, 273863304371042287616.0
"Line.SBT_6297818"      ,   2, 2186014698958256603136.0, -273047460971043323904.0
"Line.SBT_6297824"      ,   1, 769326107267658809344.0, 355810431653324718080.0, 769326106794832166912.0, 355810431434644193280.0, 769326105655749771264.0, 355810430907822833664.0
"Line.SBT_6297824"      ,   2, -760472696357847040000.0, -353176204478408228864.0
"Line.SBT_6297830"      ,   1, 24650154806956947144704.0, -10584064754930396692480.0, 24650154805235755778048.0, 10584064754191366619136.0, 24650154802707093782528.0, 10584064753105633280000.0
"Line.SBT_6297830"      ,   2, -24585158218851983294464.0, 10620377983515740864512.0
"Line.SBT_6297866"      ,   1, 5505693552.0, -471377664947004.3, 5476202814.0, 468852774104856.4, 5432876914.9, 465143366571330.6
"Line.SBT_6297866"      ,   2, -384424019.4, 377107396647159.5
"Line.SBT_6297872"      ,   1, 187184818472649195520.0, 86769656579246669824.0, 187184817951288590336.0, 86769656337569579008.0, 187184816695283449856.0, 86769655755347509248.0
"Line.SBT_6297872"      ,   2, -187172184734721736704.0, -86765983736399904768.0
"Line.SBT_6297920"      ,   1, -6872095801919696535552.0, 265641555601158537216.0, 6872095799492471685120.0, 265641555507333922816.0, 6872095795926549921792.0, 265641555369492840448.0
"Line.SBT_6297920"      ,   2, 6873304346510403567616.0, -264966561945709084672.0
"Line.SBT_6297950"      ,   1, 933681338.4, -548163711327977.6, 929476862.5, 545695266230391.4, 923299916.4, 542068785161098.1
"Line.SBT_6297950"      ,   2, -323535597.3, 365441521000358.9
"Line.SBT_6297968"      ,   1, 11636892566.9, -568402113713366.9, 11585523015.6, 565892976384976.9, 11510054168.6, 562206712902527.4
"Line.SBT_6297968"      ,   2, -10747770503.0, 378936247589260.8
"Line.SBT_6297974"      ,   1, 1489672493.3, -473511427697119.2, 1481780868.4, 471002973933882.2, 1470186999.7, 467317714701472.4
"Line.SBT_6297974"      ,   2, 7809513380.5, 378814274777480.6
"Line.SBT_6298004"      ,   1, -14362824619.2, -421917140184812.3, 14281533097.5, 419529149852500.7, 14162104812.6, 416020867759351.6
"Line.SBT_6298004"      ,   2, -3719657644.8, 337533209973271.9
"Line.SBT_6298010"      ,   1, -3293310314.1, -423224450877802.1, 3274705013.0, 420833477173776.2, 3247371298.9, 417320812102429.5
"Line.SBT_6298010"      ,   2, -5899250746.1, 338580094420911.4
"Line.SBT_6298016"      ,   1, 2692750241.7, -2993398710813584.0, 2690601513.0, 2991010074279469.5, 2687444738.8, 2987500842828116.5
"Line.SBT_6298016"      ,   2, 764603535.6, 2824334582282588.5
"Line.SBT_6298022"      ,   1, 2241835919608022040576.0, 1041221332090743029760.0, 2241835917466857373696.0, 1041221331096278401024.0, 2241835914321195696128.0, 1041221329635275046912.0
"Line.SBT_6298022"      ,   2, -2241262574809837469696.0, -1040901611213186662400.0
"Line.SBT_6298028"      ,   1, -4761365629870476886016.0, 1122276097826926886912.0, 4761365627652969332736.0, 1122276097304250155008.0, 4761365624395150655488.0, 1122276096536366809088.0
"Line.SBT_6298028"      ,   2, 4762019030893583138816.0, -1121911244396794085376.0
"Line.SBT_6298046"      ,   1, -5416256687.5, -501860073150803.8, 5390566357.9, 499479655932323.2, 5352823775.0, 495982499771839.6
"Line.SBT_6298046"      ,   2, 4429309826.1, 334579320908706.0
"Line.SBT_6298064"      ,   1, -10405205820.2, -417802296752793.1, 10346033408.1, 415426335136249.6, 10259101099.1, 411935724860093.1
"Line.SBT_6298064"      ,   2, 4293276940.4, 334244478265350.2
"Line.SBT_6298076"      ,   1, -26411168688373311209472.0, 10121935380979610812416.0, 26411168686918651084800.0, 10121935380422120701952.0, 26411168683897435193344.0, 10121935379264255819776.0
"Line.SBT_6298076"      ,   2, 26919796295057614569472.0, -9898163346549470396416.0
"Line.SBT_6298082"      ,   1, -4027065485784634097664.0, 1526944897790814191616.0, 4027065484235136040960.0, 1526944897203289980928.0, 4027065481016947769344.0, 1526944895983047671808.0
"Line.SBT_6298082"      ,   2, 4038813712798483742720.0, -1521779446160460873728.0
"Line.SBT_6298094"      ,   1, 1024265176703766757376.0, 1250821697092158750720.0, 1024265175971312697344.0, 1250821696197693800448.0, 1024265174450061836288.0, 1250821694339958439936.0
"Line.SBT_6298094"      ,   2, -1020369222578548244480.0, -1249111129613436977152.0
"Line.SBT_6298100"      ,   1, -2095980412481977188352.0, 7266236508089474875392.0, 2095980412004359995392.0, 7266236506433695776768.0, 2095980410853736579072.0, 7266236502444774260736.0
"Line.SBT_6298100"      ,   2, 2100408844273692966912.0, -7264917647501682540544.0
"Line.SBT_6298106"      ,   1, -6707967694744422711296.0, 1322822602576134406144.0, 6707967693220800888832.0, 1322822602275673604096.0, 6707967689550258503680.0, 1322822601551836610560.0
"Line.SBT_6298106"      ,   2, 6755502888634074267648.0, -1308666149711002468352.0
"Line.SBT_6298118"      ,   1, -150158418801071423488.0, -69725358494412791808.0, 150158416642054389760.0, 69725357491883352064.0, 150158413470165172224.0, 69725356019031441408.0
"Line.SBT_6298118"      ,   2, 150161310062274838528.0, 69726304552134451200.0
"Line.SBT_6298124"      ,   1, 53744103.0, -6260684811073553.0, 53722560.3, 6258175281930027.0, 53690911.1, 6254488442817933.0
"Line.SBT_6298124"      ,   2, -143738431.8, 322008160372651.2
"Line.SBT_6298130"      ,   1, -83395587330737061888.0, -38694160070760595456.0, 83395585859691577344.0, 38694159388220055552.0, 83395582315809292288.0, 38694157743917842432.0
"Line.SBT_6298130"      ,   2, 83395913169785929728.0, 38694173456678174720.0
"Line.SBT_6298136"      ,   1, 22017826931464072069120.0, -7169991256772994662400.0, 22017826929891157737472.0, 7169991256260783112192.0, 22017826926101868314624.0, 7169991255026820972544.0
"Line.SBT_6298136"      ,   2, -21482077443558542934016.0, 7329576732520790097920.0
"Line.SBT_6298148"      ,   1, -3582301960264288829440.0, 275647862393430573056.0, 3582301957882331004928.0, 275647862210145746944.0, 3582301954615377657856.0, 275647861958763053056.0
"Line.SBT_6298148"      ,   2, 3590281166896432676864.0, -272892900502912270336.0
"Line.SBT_6298154"      ,   1, 1552585243004481044480.0, 365397615872209846272.0, 1552585241589155102720.0, 365397615539115917312.0, 1552585240164361830400.0, 365397615203793895424.0
"Line.SBT_6298154"      ,   2, -1549379526207016009728.0, -362783562456368742400.0
"Line.SBT_6298160"      ,   1, 33776590526460612050944.0, 284118972444358770688.0, 33776590524271768371200.0, 284118972425946824704.0, 33776590519725700677632.0, 284118972387706634240.0
"Line.SBT_6298160"      ,   2, -33122111644960833929216.0, 3773370839553617920.0
"Line.SBT_6298172"      ,   1, 77176915284932820992.0, 35824476139897024512.0, 77176914781232250880.0, 35824475906086064128.0, 77176913567771820032.0, 35824475342814199808.0
"Line.SBT_6298172"      ,   2, -77098685061701861376.0, -35803967378312839168.0
"Line.SBT_6298196"      ,   1, 32453498062055317438464.0, -406141799266691383296.0, 32453498060237120208896.0, 406141799243937415168.0, 32453498055856924655616.0, 406141799189121138688.0
"Line.SBT_6298196"      ,   2, -31530776699988877508608.0, 680990672446333255680.0
"Line.SBT_6298202"      ,   1, 29419153750242736734208.0, -1661196460984016568320.0, 29419153748486543900672.0, 1661196460884850376704.0, 29419153744255711707136.0, 1661196460645950160896.0
"Line.SBT_6298202"      ,   2, -28384442436357126619136.0, 1969403176788276543488.0
"Line.SBT_6298238"      ,   1, 31390187217951811174400.0, -2082957893513800581120.0, 31390187215621644615680.0, 2082957893359177826304.0, 31390187212198316605440.0, 2082957893132016156672.0
"Line.SBT_6298238"      ,   2, -30660686321096947924992.0, 2490485004397868220416.0
"Line.SBT_6298244"      ,   1, 22408845884981071839232.0, -3012548784633044008960.0, 22408845883148953714688.0, 3012548784386741895168.0, 22408845878735212118016.0, 3012548783793377378304.0
"Line.SBT_6298244"      ,   2, -21742412228727649861632.0, 3211056113156842586112.0
"Line.SBT_6298250"      ,   1, 22236456765856552058880.0, -4355591963935254773760.0, 22236456764118612836352.0, 4355591963594833526784.0, 22236456759931757920256.0, 4355591962774729129984.0
"Line.SBT_6298250"      ,   2, -22107118097767614906368.0, 4394117563084674957312.0
"Line.SBT_6298256"      ,   1, 19594765241911431135232.0, -5179310467720202420224.0, 19594765240289179205632.0, 5179310467291407187968.0, 19594765236381031596032.0, 5179310466258400444416.0
"Line.SBT_6298256"      ,   2, -19162613819620395581440.0, 5308033171184387358720.0
"Line.SBT_6298262"      ,   1, -12551523978506980556800.0, 1357337917469518462976.0, 12551523977011147046912.0, 1357337917307757002752.0, 12551523973407547850752.0, 1357337916918059237376.0
"Line.SBT_6298262"      ,   2, 12767265848985680609280.0, -1293077861649753571328.0
"Line.SBT_6298268"      ,   1, -6832995230157884096512.0, 591896463982828584960.0, 6832995228782070595584.0, 591896463863651106816.0, 6832995225467613085696.0, 591896463576541822976.0
"Line.SBT_6298268"      ,   2, 6944467679200871972864.0, -558695908086676062208.0
"Line.SBT_6298280"      ,   1, -8364832022968941936640.0, 249330835058443354112.0, 8364832021348055252992.0, 249330835010129526784.0, 8364832017443189686272.0, 249330834893737066496.0
"Line.SBT_6298280"      ,   2, 8459694992348915171328.0, -221077810090350739456.0
"Line.SBT_6298286"      ,   1, -8534537793787172749312.0, 186319811145806053376.0, 8534537792133401673728.0, 186319811109702107136.0, 8534537788149314093056.0, 186319811022724431872.0
"Line.SBT_6298286"      ,   2, 8633618012720653664256.0, -156810839096300077056.0
"Line.SBT_6298298"      ,   1, 229416750977659830272.0, 106279013468828778496.0, 229416750497387806720.0, 106279013246339186688.0, 229416749340368764928.0, 106279012710341541888.0
"Line.SBT_6298298"      ,   2, -228477480408977473536.0, -106003210600407531520.0
"Line.SBT_6298304"      ,   1, 161780539347086573568.0, 75028338150010650624.0, 161780538868749565952.0, 75028337928174125056.0, 161780537716392198144.0, 75028337393749803008.0
"Line.SBT_6298304"      ,   2, -161365726561874116608.0, -74908281598843224064.0
"Line.SBT_6298310"      ,   1, 94988754002779226112.0, 44084699757762920448.0, 94988753525648195584.0, 44084699536324304896.0, 94988752376196153344.0, 44084699002858545152.0
"Line.SBT_6298310"      ,   2, -94833373798944915456.0, -44042204241217880064.0
"Line.SBT_6298316"      ,   1, 112414932.3, -7523679273286435.0, 112378376.4, 7521232668826696.0, 112324670.8, 7517638274620414.0
"Line.SBT_6298316"      ,   2, -47605041.6, 6804904.3
"Line.SBT_6298334"      ,   1, -74512356.0, -4657516021123224.0, 74473214.5, 4655069416696988.0, 74415710.3, 4651475022539924.0
"Line.SBT_6298334"      ,   2, -153781.5, 76058628.4
"Line.SBT_6298340"      ,   1, -10775618819737035735040.0, 6860009298076672983040.0, 10775618818562150367232.0, 6860009297328714285056.0, 10775618815731748044800.0, 6860009295526814023680.0
"Line.SBT_6298340"      ,   2, 11092286288216729845760.0, -6765621259693731086336.0
"Line.SBT_6298346"      ,   1, -11159451789303438376960.0, 6734428559483553710080.0, 11159451788086704340992.0, 6734428558749287317504.0, 11159451785155479339008.0, 6734428556980372111360.0
"Line.SBT_6298346"      ,   2, 11504380056985940262912.0, -6631616099589499650048.0
"Line.SBT_6298352"      ,   1, -11567302501865579610112.0, 6602393970709901606912.0, 11567302500604377563136.0, 6602393969990031114240.0, 11567302497566023745536.0, 6602393968255798607872.0
"Line.SBT_6298352"      ,   2, 11888575189278229790720.0, -6506631797389517651968.0
"Line.SBT_6298358"      ,   1, -14120634087972005740544.0, 6335262273160028880896.0, 14120634086450343706624.0, 6335262272477331456000.0, 14120634082784522010624.0, 6335262270832649437184.0
"Line.SBT_6298358"      ,   2, 14398946987057872896000.0, -6252298022450635997184.0
"Line.SBT_6310841"      ,   1, 12199352742912255328256.0, 16397802796819184353280.0, 12199352742156672434176.0, 16397802795803565096960.0, 12199352741120358481920.0, 16397802794410601086976.0
"Line.SBT_6310841"      ,   2, -12169334072088012521472.0, -16387427168718797406208.0
"Line.SBT_6310865"      ,   1, 777534855.6, -1582303649487485.5, 776740164.8, 1580686433186940.0, 774825682.6, 1576790412099262.2
"Line.SBT_6310865"      ,   2, -846189086.0, 301388768582245.4
"Line.SBT_6310871"      ,   1, 1484192268881784995840.0, 689043006765201358848.0, 1484192267668082130944.0, 689043006201734365184.0, 1484192264744161771520.0, 689043004844290998272.0
"Line.SBT_6310871"      ,   2, -1483777468408189943808.0, -688919674662779224064.0
"Line.SBT_6310877"      ,   1, 960723283.7, -450492185686452.8, 957282027.8, 448878548449653.8, 948991729.7, 444991149651910.6
"Line.SBT_6310877"      ,   2, 2036079389.7, 300324263510673.0
"Line.SBT_6310895"      ,   1, 168631231297692237824.0, 78164605149751443456.0, 168631230845139582976.0, 78164604939982471168.0, 168631229754899070976.0, 78164604434629951488.0
"Line.SBT_6310895"      ,   2, -168604014699726733312.0, -78156651110519439360.0
"Line.SBT_6310901"      ,   1, 7427437113.1, -387217928902599.7, 7396040305.8, 385581104987444.8, 7320402542.8, 381637847373662.6
"Line.SBT_6310901"      ,   2, -10268282209.6, 309791812889679.8
"Line.SBT_6310955"      ,   1, 1612694569743282077696.0, 646166803926812196864.0, 1612694568649528442880.0, 646166803488572178432.0, 1612694567149399965696.0, 646166802887507836928.0
"Line.SBT_6310955"      ,   2, -1612190638120778072064.0, -645988324499045875712.0
"Line.SBT_6310961"      ,   1, 1911964553460610498560.0, 887892831127942201344.0, 1911964551347516211200.0, 887892830146647162880.0, 1911964548449319518208.0, 887892828800760283136.0
"Line.SBT_6310961"      ,   2, -1911808194410576871424.0, -887838935204532715520.0
"Line.SBT_6310967"      ,   1, 52961440970473455616.0, 24596212653329276928.0, 52961440357856927744.0, 24596212368819523584.0, 52961439517627932672.0, 24596211978602594304.0
"Line.SBT_6310967"      ,   2, -52960489450614366208.0, -24595957499353985024.0
"Line.SBT_6310973"      ,   1, 438158623973486755840.0, 203180364094183047168.0, 438158622920423899136.0, 203180363605862875136.0, 438158620383499714560.0, 203180362429455171584.0
"Line.SBT_6310973"      ,   2, -438124688712878981120.0, -203170401097999286272.0
"Line.SBT_6310991"      ,   1, 45810638713775603712.0, 21274543030020771840.0, 45810638317425090560.0, 21274542845954879488.0, 45810637362580660224.0, 21274542402523410432.0
"Line.SBT_6310991"      ,   2, -45808020106665779200.0, -21273906476024348672.0
"Line.SBT_6310997"      ,   1, 45709733839463555072.0, 21224203539442782208.0, 45709733443538231296.0, 21224203355604484096.0, 45709732489718120448.0, 21224202912721309696.0
"Line.SBT_6310997"      ,   2, -45707121164088582144.0, -21223568738945966080.0
"Line.SBT_6311021"      ,   1, 122571565599887212544.0, 56818298006054035456.0, 122571565197814415360.0, 56818297819672379392.0, 122571564229184536576.0, 56818297370662035456.0
"Line.SBT_6311021"      ,   2, -122557671252542930944.0, -56814306920184676352.0
"Line.SBT_6311027"      ,   1, 13627590785.2, -372485194059232.2, 13569526198.8, 370898105110864.2, 13429643331.6, 367074663553432.1
"Line.SBT_6311027"      ,   2, -17514632338.1, 297986911110465.9
"Line.SBT_6311033"      ,   1, 241607344316924985344.0, 112184319226040680448.0, 241607342837209530368.0, 112184318538971856896.0, 241607339272440414208.0, 112184316883760611328.0
"Line.SBT_6311033"      ,   2, -241603424785539137536.0, -112183302640123805696.0
"Line.SBT_6311045"      ,   1, 526486304400249978880.0, 244423661939760791552.0, 526486302804549042176.0, 244423661198949384192.0, 526486298960360505344.0, 244423659414267330560.0
"Line.SBT_6311045"      ,   2, -526464322011082653696.0, -244417262621274079232.0
"Line.SBT_6311051"      ,   1, 10014988131.7, -2557907755140760.5, 10008680293.0, 2556296682883578.0, 9993484136.1, 2552415463354910.5
"Line.SBT_6311051"      ,   2, -4006188007.3, 2480722879712694.5
"Line.SBT_6311057"      ,   1, 74007656875803787264.0, 34370000496325464064.0, 74007655740892102656.0, 34369999969259524096.0, 74007653006786674688.0, 34369998699509755904.0
"Line.SBT_6311057"      ,   2, -74007240099784146944.0, -34369955146243489792.0
"Line.SBT_6311063"      ,   1, 8129746223908704485376.0, 9253510014005473705984.0, 8129746223141795921920.0, 9253510013132556206080.0, 8129746222089949413376.0, 9253510011935315197952.0
"Line.SBT_6311063"      ,   2, -7944330544463603564544.0, -9189407889750651568128.0
"Line.SBT_6311069"      ,   1, 6152348438232664375296.0, 8460059219202948464640.0, 6152348437539554590720.0, 8460059218249856843776.0, 6152348436588925026304.0, 8460059216942652719104.0
"Line.SBT_6311069"      ,   2, -5795950822423667933184.0, -8336868006647256055808.0
"Line.SBT_6311075"      ,   1, 3618311646397513334784.0, 7325867757723261599744.0, 3618311645977100943360.0, 7325867756872067448832.0, 3618311645400486903808.0, 7325867755704617533440.0
"Line.SBT_6311075"      ,   2, -3439365069639060029440.0, -7264013258937014943744.0
"Line.SBT_6311081"      ,   1, -2610609399231836323840.0, 5325943286677052063744.0, 2610609398649588809728.0, 5325943285489200005120.0, 2610609397851012202496.0, 5325943283860011745280.0
"Line.SBT_6311081"      ,   2, 2693893428501363032064.0, -5297152143857631100928.0
"Line.SBT_6311087"      ,   1, -3177215652846868889600.0, 5072690939689301966848.0, 3177215652182813048832.0, 5072690938629081530368.0, 3177215651272032518144.0, 5072690937174943596544.0
"Line.SBT_6311087"      ,   2, 3282107713448387280896.0, -5036430478280441724928.0
"Line.SBT_6311093"      ,   1, -4717115677691028701184.0, 3880561171565419429888.0, 4717115676930479751168.0, 3880561170939749335040.0, 4717115675098247856128.0, 3880561169432453840896.0
"Line.SBT_6311093"      ,   2, 4847480955835663777792.0, -3841727384703071158272.0
"Line.SBT_6311099"      ,   1, -6052049460416178290688.0, 3718515585559024893952.0, 6052049459281636884480.0, 3718515584861936812032.0, 6052049456548421828608.0, 3718515583182587822080.0
"Line.SBT_6311099"      ,   2, 6151738662328205312000.0, -3688818907251433013248.0
"Line.SBT_6311117"      ,   1, -10448900638871423811584.0, 1746476298195547717632.0, 10448900637421465501696.0, 1746476297953195065344.0, 10448900633928382021632.0, 1746476297369345327104.0
"Line.SBT_6311117"      ,   2, 10606533057708013125632.0, -1699520200760737398784.0
"Line.SBT_6311123"      ,   1, 495130712935009812480.0, 5495377602909555392512.0, 495130712859443527680.0, 5495377602070857121792.0, 495130712702497980416.0, 5495377600328943796224.0
"Line.SBT_6311123"      ,   2, -398690703077428428800.0, -5452911005657971294208.0
"Line.SBT_6311129"      ,   1, -150319160273988485120.0, 5197948546504063975424.0, 150319160251919564800.0, 5197948545740934479872.0, 150319160206084145152.0, 5197948544155972009984.0
"Line.SBT_6311129"      ,   2, 246777177626834993152.0, -5155475953540672782336.0
"Line.SBT_6311135"      ,   1, 3640969330473320841216.0, 2571073291211604230144.0, 3640969328889344557056.0, 2571073290093078249472.0, 3640969326716855517184.0, 2571073288558973288448.0
"Line.SBT_6311135"      ,   2, -3606910748998775603200.0, -2559301660331308220416.0
"Line.SBT_6311141"      ,   1, 3242662067999000756224.0, 2390223838983581335552.0, 3242662066649816367104.0, 2390223837989073584128.0, 3242662064799354454016.0, 2390223836625064951808.0
"Line.SBT_6311141"      ,   2, -3208135976950965993472.0, -2378290610603242291200.0
"Line.SBT_6311147"      ,   1, -171649299333746163712.0, 1355924629618160041984.0, 171649299051408031744.0, 1355924627387861172224.0, 171649298664169570304.0, 1355924624328913846272.0
"Line.SBT_6311147"      ,   2, 174707605157576704000.0, -1354867969533312499712.0
"Line.SBT_6311153"      ,   1, -248586229022230511616.0, 1320560406900196769792.0, 248586228582015139840.0, 1320560404561648156672.0, 248586227978241507328.0, 1320560401354231644160.0
"Line.SBT_6311153"      ,   2, 250958782515836846080.0, -1319740759933188571136.0
"Line.SBT_6311159"      ,   1, -779994178968564793344.0, 1074047933118782111744.0, 779994177710140424192.0, 1074047931385938313216.0, 779994175984159162368.0, 1074047929009271078912.0
"Line.SBT_6311159"      ,   2, 781883522677036154880.0, -1073395293808938188800.0
"Line.SBT_6311165"      ,   1, 194069983743954124800.0, 90059630898299650048.0, 194069983104873791488.0, 90059630601729638400.0, 194069982228348633088.0, 90059630194971557888.0
"Line.SBT_6311165"      ,   2, -193728359722563960832.0, -89944394716556410880.0
"Line.SBT_6311171"      ,   1, 132491583691244765184.0, 61504772908788449280.0, 132491583056371286016.0, 61504772614069739520.0, 132491582185615966208.0, 61504772209850785792.0
"Line.SBT_6311171"      ,   2, -132324769244366405632.0, -61450106959349768192.0
"Line.SBT_6311177"      ,   1, -2432397227406432141312.0, -1129172367549985849344.0, 2432397225862534529024.0, 1129172366833274454016.0, 2432397222655977586688.0, 1129172365344720289792.0
"Line.SBT_6311177"      ,   2, 2442454383889613848576.0, 1133591734674023907328.0
"Line.SBT_6311189"      ,   1, 461960773859091415040.0, 214445143840287227904.0, 461960772032895123456.0, 214445142992555245568.0, 461960767633422155776.0, 214445140950291775488.0
"Line.SBT_6311189"      ,   2, -461546836361302900736.0, -214324923534388232192.0
"Line.SBT_6311219"      ,   1, -6758224552966036127744.0, 1259403395711171035136.0, 6758224551577382813696.0, 1259403395452393750528.0, 6758224548231990214656.0, 1259403394828975996928.0
"Line.SBT_6311219"      ,   2, 6815530544386250113024.0, -1242313679668821360640.0
"Line.SBT_6311225"      ,   1, -6985165540150016475136.0, 1163623763654013878272.0, 6985165538714731937792.0, 1163623763414917054464.0, 6985165535257002246144.0, 1163623762838911057920.0
"Line.SBT_6311225"      ,   2, 7045097877162685366272.0, -1145750068340651982848.0
"Line.SBT_6311231"      ,   1, -7105917347726509473792.0, 1117504560514226454528.0, 7105917346266413531136.0, 1117504560284606005248.0, 7105917342748909764608.0, 1117504559731429474304.0
"Line.SBT_6311231"      ,   2, 7163717169394304942080.0, -1100266687226983612416.0
"Line.SBT_6311237"      ,   1, 688038856461487570944.0, 318648121028339105792.0, 688038855576599527424.0, 318648120618525130752.0, 688038853444823810048.0, 318648119631246131200.0
"Line.SBT_6311237"      ,   2, -685531715946116022272.0, -317904809576368046080.0
"Line.SBT_6311243"      ,   1, 5834181456484925177856.0, 1837897611777914175488.0, 5834181455425377927168.0, 1837897611444133036032.0, 5834181452872832516096.0, 1837897610640024141824.0
"Line.SBT_6311243"      ,   2, -5702924446383382462464.0, -1798802707452111880192.0
"Line.SBT_6311249"      ,   1, 4010509228117070446592.0, 1249796515346765578240.0, 4010509227243980455936.0, 1249796515074684223488.0, 4010509225140627177472.0, 1249796514419215433728.0
"Line.SBT_6311249"      ,   2, -3935041504218550108160.0, -1227319228870897958912.0
"Line.SBT_6311255"      ,   1, 1213173816380698918912.0, 562412212463784296448.0, 1213173814985085681664.0, 562412211816795471872.0, 1213173811622926614528.0, 562412210258140528640.0
"Line.SBT_6311255"      ,   2, -1208751715259800354816.0, -561097941302005989376.0
"Line.SBT_6311261"      ,   1, 595731447974404030464.0, 276462788010010771456.0, 595731446454739140608.0, 276462787304775581696.0, 595731442793728442368.0, 276462785605799903232.0
"Line.SBT_6311261"      ,   2, -594819335400959508480.0, -276194038203692482560.0
"Line.SBT_6311267"      ,   1, 45761987140906156032.0, 21234604220005257216.0, 45761986744528920576.0, 21234604036077191168.0, 45761985789620133888.0, 21234603592977768448.0
"Line.SBT_6311267"      ,   2, -45709733836494643200.0, -21221908448080302080.0
"Line.SBT_6311285"      ,   1, 1145137695489585446912.0, 1021811636052362133504.0, 1145137694062776680448.0, 1021811634779214184448.0, 1145137691099404828672.0, 1021811632134983778304.0
"Line.SBT_6311285"      ,   2, -1143746841713452908544.0, -1021202239414729048064.0
"Line.SBT_6311297"      ,   1, 2841691579250811863040.0, 1313879016111159377920.0, 2841691577608460304384.0, 1313879015351804755968.0, 2841691573651885785088.0, 1313879013522450677760.0
"Line.SBT_6311297"      ,   2, -2828134031543239704576.0, -1309843755551257788416.0
"Line.SBT_6311303"      ,   1, 2734801466071944003584.0, 1266501003516232859648.0, 2734801464491370348544.0, 1266501002784261013504.0, 2734801460683625988096.0, 1266501001020874162176.0
"Line.SBT_6311303"      ,   2, -2721914629843388989440.0, -1262665803627613650944.0
"Line.SBT_6311309"      ,   1, 833321996002652848128.0, 386812975849081864192.0, 833321994407860895744.0, 386812975108808310784.0, 833321990565862047744.0, 386812973325422034944.0
"Line.SBT_6311309"      ,   2, -832531413218459779072.0, -386579409572606705664.0
"Line.SBT_6311315"      ,   1, 11830211947627766874112.0, 9794377341916885811200.0, 11830211946204234776576.0, 9794377340738326233088.0, 11830211942774814539776.0, 9794377337899067637760.0
"Line.SBT_6311315"      ,   2, -11816835288699439677440.0, -9790392962049160249344.0
"Line.SBT_6311357"      ,   1, 1755155885.4, -455334434901924.6, 1748843342.8, 453696792315734.2, 1733635853.8, 449751562449003.1
"Line.SBT_6311357"      ,   2, -3789127590.1, 303555366058299.0
"Line.SBT_6311363"      ,   1, 3674081334.1, -439423832630991.1, 3660669765.4, 437819795487153.9, 3628360077.1, 433955524186091.7
"Line.SBT_6311363"      ,   2, -6013066149.5, 292949200080116.6
"Line.SBT_6311369"      ,   1, 10786025933761423605760.0, 4957402338117913935872.0, 10786025931737109889024.0, 4957402337187512451072.0, 10786025927532764725248.0, 4957402335255137878016.0
"Line.SBT_6311369"      ,   2, -10658278436861068181504.0, -4901211996900335550464.0
"Line.SBT_6311375"      ,   1, 3550468540823758700544.0, 1640149360791022206976.0, 3550468539287525654528.0, 1640149360081354620928.0, 3550468535586599206912.0, 1640149358371700998144.0
"Line.SBT_6311375"      ,   2, -3518351805445754060800.0, -1630588138811061174272.0
"Line.SBT_6311387"      ,   1, 954173563715457908736.0, 4797399676253223518208.0, 954173563410640011264.0, 4797399674720658391040.0, 954173562676306247680.0, 4797399671028569866240.0
"Line.SBT_6311387"      ,   2, -930017010329215303680.0, -4790206765608041709568.0
"Line.SBT_6311393"      ,   1, 458431334633407119360.0, 212780156774685016064.0, 458431333004461735936.0, 212780156018612666368.0, 458431329080184274944.0, 212780154197165703168.0
"Line.SBT_6311393"      ,   2, -457929764801739030528.0, -212635116181815885824.0
"Line.SBT_6311399"      ,   1, 313555098649738936320.0, 4504348262912551813120.0, 313555098544173613056.0, 4504348261396062928896.0, 313555098289857232896.0, 4504348257742702510080.0
"Line.SBT_6311399"      ,   2, -290151181620122648576.0, -4497379532225361477632.0
"Line.SBT_6311405"      ,   1, -65591728190574788608.0, 715123541323827118080.0, 65591728109200760832.0, 715123540436634697728.0, 65591727913163325440.0, 715123538299307556864.0
"Line.SBT_6311405"      ,   2, 70361693866344226816.0, -713709133241124126720.0
"Line.SBT_6311417"      ,   1, -3467597162919909916672.0, 2011435245231868477440.0, 3467597161549007421440.0, 2011435244436654653440.0, 3467597158246378897408.0, 2011435242520912068608.0
"Line.SBT_6311417"      ,   2, 3473031368136587214848.0, -2009817481436934176768.0
"Line.SBT_6311423"      ,   1, -3588982648351042306048.0, 1955975568261253169152.0, 3588982646401701249024.0, 1955975567198873190400.0, 3588982643537854595072.0, 1955975565638092455936.0
"Line.SBT_6311423"      ,   2, 3606035334473083518976.0, -1950224041125268946944.0
"Line.SBT_6311441"      ,   1, 267831264928340508672.0, 124326529554848595968.0, 267831263417445056512.0, 124326528853495119872.0, 267831259777560543232.0, 124326527163870838784.0
"Line.SBT_6311441"      ,   2, -267597968039707869184.0, -124264916050222661632.0
"Line.SBT_6311447"      ,   1, -677952484220161884160.0, 431549187664792911872.0, 677952483055310864384.0, 431549186923309498368.0, 677952480249078611968.0, 431549185137008443392.0
"Line.SBT_6311447"      ,   2, 679090978125670514688.0, -431212774952294940672.0
"Line.SBT_6311459"      ,   1, 5611573596688492789760.0, 2593723670708841611264.0, 5611573595126382985216.0, 2593723669986819440640.0, 5611573591363117121536.0, 2593723668247401725952.0
"Line.SBT_6311459"      ,   2, -5576130436081810145280.0, -2583168741556400160768.0
"Line.SBT_6311465"      ,   1, 1448868416216358977536.0, 672142121626300841984.0, 1448868414564865671168.0, 672142120860159311872.0, 1448868410586268434432.0, 672142119014454919168.0
"Line.SBT_6311465"      ,   2, -1444958568599864999936.0, -670981366552601559040.0
"Line.SBT_6311471"      ,   1, 138060621872248094720.0, 64051447022603886592.0, 138060621385106391040.0, 64051446796600770560.0, 138060620211537772544.0, 64051446252138725376.0
"Line.SBT_6311471"      ,   2, -137785095640288051200.0, -63972031910998622208.0
"Line.SBT_8072985"      ,   1, -140876.4, -11581622253.6,  89838.7, 7385753126.2,  14857.5, 1221451568.7
"Line.SBT_8072985"      ,   2, 155040.5, 11260606365.3
"Line.SBT_8073063"      ,   1, 532770.0, 140538982289.8, 484957.4, 127926540143.8, 414714.3, 109397149830.5
"Line.SBT_8073063"      ,   2, -531764.0, -236726800273.0
"Line.SBT_8103759"      ,   1, -3513506922459376910336.0, 2153635896033764704256.0, 3513506921837782106112.0, 2153635895652752818176.0, 3513506920924575170560.0, 2153635895092994113536.0
"Line.SBT_8103759"      ,   2, 3517834516152246599680.0, -2151218309551747235840.0
"Line.SBT_8103789"      ,   1, 38932701416006893568.0, 18080734212837212160.0, 38932700770602156032.0, 18080733913104826368.0, 38932699822414954496.0, 18080733472757248000.0
"Line.SBT_8103789"      ,   2, -38932345286364307456.0, -18080541409204047872.0
"Line.SBT_8103933"      ,   1, -1976904539727302230016.0, 845787086766428782592.0, 1976904538871726080000.0, 845787086400384139264.0, 1976904538010426802176.0, 845787086031891070976.0
"Line.SBT_8103933"      ,   2, 1999603516361962946560.0, -827249096603607105536.0
"Line.SBT_8103939"      ,   1, -2257562161997312688128.0, 707585656449595604992.0, 2257562161288092581888.0, 707585656227305357312.0, 2257562160246152232960.0, 707585655900730949632.0
"Line.SBT_8103939"      ,   2, 2311300925429954117632.0, -689445797180396273664.0
"Line.SBT_8103945"      ,   1, -1795915717671733428224.0, 506726486266080985088.0, 1795915716882343919616.0, 506726486043350859776.0, 1795915715722623582208.0, 506726485716130004992.0
"Line.SBT_8103945"      ,   2, 1844286636835299655680.0, -490393643122104532992.0
"Line.SBT_8103951"      ,   1, -1853184851691101487104.0, 486261351741907533824.0, 1853184850876539600896.0, 486261351528172814336.0, 1853184849679837560832.0, 486261351214167490560.0
"Line.SBT_8103951"      ,   2, 1945697235437605879808.0, -455024089778004885504.0
"Line.SBT_8103957"      ,   1, -1547965803276527206400.0, 342214569514765844480.0, 1547965802368254607360.0, 342214569313970618368.0, 1547965801033878470656.0, 342214569018975125504.0
"Line.SBT_8103957"      ,   2, 1585767494926751498240.0, -329450516531404734464.0
"Line.SBT_8103963"      ,   1, -507176719557285904384.0, 319142733552718577664.0, 507176719274587848704.0, 319142733374829821952.0, 507176718859265966080.0, 319142733113487065088.0
"Line.SBT_8103963"      ,   2, 522645557567853953024.0, -310498382627821846528.0
"Line.SBT_8103969"      ,   1, -653189075775875055616.0, 123519677320220000256.0, 653189074947883925504.0, 123519677163644829696.0, 653189073731452534784.0, 123519676933614616576.0
"Line.SBT_8103969"      ,   2, 658371819255900143616.0, -120623020742746341376.0
"Line.SBT_8103981"      ,   1, 701160925500882681856.0, 411278008907874369536.0, 701160925165464322048.0, 411278008711128940544.0, 701160924468826079232.0, 411278008302503854080.0
"Line.SBT_8103981"      ,   2, -699166644280398577664.0, -410400803699489243136.0
"Line.SBT_8103993"      ,   1, -353159595782791757824.0, -132101957940414578688.0, 353159595343189508096.0, 132101957775978102784.0, 353159594430169415680.0, 132101957434456195072.0
"Line.SBT_8103993"      ,   2, 354210363426468659200.0, 132563986426499891200.0
"Line.SBT_8104053"      ,   1, -1317603236323350282240.0, -445949695776269008896.0, 1317603235803115814912.0, 445949695600192913408.0, 1317603234722628763648.0, 445949695234496397312.0
"Line.SBT_8104053"      ,   2, 1331845311169212186624.0, 452214390234034077696.0
"Line.SBT_8104065"      ,   1, 543324547332786683904.0, 266015485943200022528.0, 543324547119412740096.0, 266015485838730657792.0, 543324546676251623424.0, 266015485621755871232.0
"Line.SBT_8104065"      ,   2, -523580341804764430336.0, -257330568837342429184.0
"Line.SBT_8104071"      ,   1, -71773638897037287424.0, 181128449252947623936.0, 71773638817984495616.0, 181128449053449453568.0, 71773638653797941248.0, 181128448639107137536.0
"Line.SBT_8104071"      ,   2, 73129542694835175424.0, -180532209513754329088.0
"Line.SBT_8104077"      ,   1, -91056634598200508416.0, 172206494379875401728.0, 91056634497909080064.0, 172206494190204026880.0, 91056634289611489280.0, 172206493796271226880.0
"Line.SBT_8104077"      ,   2, 96127513977077284864.0, -169976648486673711104.0
"Line.SBT_8104083"      ,   1, -203780081761904459776.0, 119986802416138911744.0, 203780081467768307712.0, 119986802242949971968.0, 203780080856870223872.0, 119986801883249901568.0
"Line.SBT_8104083"      ,   2, 205160950534720520192.0, -119379674675999260672.0
"Line.SBT_8104089"      ,   1, 350565592690424086528.0, 100120431117368180736.0, 350565592412504653824.0, 100120431037995270144.0, 350565591835287355392.0, 100120430873143820288.0
"Line.SBT_8104089"      ,   2, -349824794564857430016.0, -99794616397950337024.0
"Line.SBT_8104095"      ,   1, 70182367200210100224.0, 32562331561352466432.0, 70182367039099838464.0, 32562331486602555392.0, 70182366704486211584.0, 32562331331352735744.0
"Line.SBT_8104095"      ,   2, -69820587717655240704.0, -32403427714894958592.0
"Line.SBT_8104101"      ,   1, -214430071662895661056.0, -67687604877974609920.0, 214430071268348166144.0, 67687604753430626304.0, 214430070448903356416.0, 67687604494762352640.0
"Line.SBT_8104101"      ,   2, 215068705962513924096.0, 67968252967689969664.0
"Line.SBT_8104107"      ,   1, 11838157857874333696.0, 5497206107361558528.0, 11838157690698582016.0, 5497206029731273728.0, 11838157343487404032.0, 5497205868499144704.0
"Line.SBT_8104107"      ,   2, -11828761806579101696.0, -5493278719735801856.0
"Line.SBT_8104143"      ,   1, 261926708882927878144.0, 121776635632680173568.0, 261926708192661536768.0, 121776635311757131776.0, 261926707178566516736.0, 121776634840277630976.0
"Line.SBT_8104143"      ,   2, -261248197028505223168.0, -121397888049087332352.0
"Line.SBT_8104149"      ,   1, 201490120633680658432.0, 93658511759414378496.0, 201490119901954146304.0, 93658511419286454272.0, 201490118826948526080.0, 93658510919592345600.0
"Line.SBT_8104149"      ,   2, -200998767444639023104.0, -93384324887030759424.0
"Line.SBT_8104155"      ,   1, 145624208819555336192.0, 67675119508600750080.0, 145624208306074173440.0, 67675119269973532672.0, 145624207551700598784.0, 67675118919397744640.0
"Line.SBT_8104155"      ,   2, -145158684930340077568.0, -67415380871104217088.0
"Line.SBT_8104161"      ,   1, 73054295019119157248.0, 33941620802992164864.0, 73054294556568453120.0, 33941620588087336960.0, 73054293877018648576.0, 33941620272362962944.0
"Line.SBT_8104161"      ,   2, -72933093155008774144.0, -33874195865419948032.0
"Line.SBT_8104167"      ,   1, 65834676950890307584.0, 30577544362100260864.0, 65834676424153858048.0, 30577544117452484608.0, 65834675650306473984.0, 30577543758031679488.0
"Line.SBT_8104167"      ,   2, -65769374696580456448.0, -30541287813520822272.0
"Line.SBT_8147915"      ,   1, 1008465791952760078336.0, 274033898036588675072.0, 1008465791099672723456.0, 274033897804776308736.0, 1008465790217667346432.0, 274033897565105913856.0
"Line.SBT_8147915"      ,   2, -1005318285781081128960.0, -271657927163183005696.0
"Line.SBT_8154820"      ,   1, 69754709346755545137152.0, 44333450581923827023872.0, 69754709345562399866880.0, 44333450581165505249280.0, 69754709343084321177600.0, 44333450579590535708672.0
"Line.SBT_8154820"      ,   2, -69604096364342117662720.0, -44267197373890122743808.0
"Line.SBT_8154868"      ,   1, 68371287193814929768448.0, 43695303719573405040640.0, 68371287192626482118656.0, 43695303718813875306496.0, 68371287190158159380480.0, 43695303717236405960704.0
"Line.SBT_8154868"      ,   2, -61665624519095682596864.0, -40745546840014638284800.0
"Line.SBT_8154874"      ,   1, 12348056190756587569152.0, 6285527204426855481344.0, 12348056189619614515200.0, 6285527203848103395328.0, 12348056187258210877440.0, 6285527202646077734912.0
"Line.SBT_8154874"      ,   2, -12174903134648325373952.0, -6209359948223079251968.0
"Line.SBT_8154880"      ,   1, 37913977988654120960.0, 17584284779680272384.0, 37913977630027153408.0, 17584284613351149568.0, 37913976885186527232.0, 17584284267898353664.0
"Line.SBT_8154880"      ,   2, -37883515647447760896.0, -17572517593257887744.0
"Line.SBT_8154910"      ,   1, 728032414298879819776.0, 337621145980543959040.0, 728032413174695067648.0, 337621145459209273344.0, 728032410839849762816.0, 337621144376437243904.0
"Line.SBT_8154910"      ,   2, -726049302609758650368.0, -336751889239180247040.0
"Line.SBT_8154916"      ,   1, 348647288905772892160.0, 161784348959174033408.0, 348647287823616114688.0, 161784348457016000512.0, 348647285576059650048.0, 161784347414072426496.0
"Line.SBT_8154916"      ,   2, -348441758587169603584.0, -161695776128019890176.0
"Line.SBT_8154922"      ,   1, 167786964954821951488.0, 77807855396947902464.0, 167786963976970076160.0, 77807854943488606208.0, 167786961946046922752.0, 77807854001688543232.0
"Line.SBT_8154922"      ,   2, -167756795578642235392.0, -77795465825862041600.0
"Line.SBT_8154928"      ,   1, 145605699771018477568.0, 67354874437263769600.0, 145605699383057055744.0, 67354874257799004160.0, 145605698577291018240.0, 67354873885064486912.0
"Line.SBT_8154928"      ,   2, -145509721925216157696.0, -67313096027227545600.0
"Line.SBT_8154934"      ,   1, 52514324211585616183296.0, 33478916413159850901504.0, 52514324210490089144320.0, 33478916412461427982336.0, 52514324208214754721792.0, 33478916411010861498368.0
"Line.SBT_8154934"      ,   2, -48764251578598892240896.0, -31829295507323492499456.0
"Line.SBT_8154940"      ,   1, 32169954743718621741056.0, 15600152601351195459584.0, 32169954742833128669184.0, 15600152600921795198976.0, 32169954740994035417088.0, 15600152600029964533760.0
"Line.SBT_8154940"      ,   2, -28186323244854963863552.0, -13847790668710445842432.0
"Line.SBT_8154946"      ,   1, 4374682979335247233024.0, 2511862627388905488384.0, 4374682978723622813696.0, 2511862627037721657344.0, 4374682977453325418496.0, 2511862626308340580352.0
"Line.SBT_8154946"      ,   2, -4291394879136131448832.0, -2475225272797912104960.0
"Line.SBT_8154952"      ,   1, -6036243477504049807360.0, 5458151005851161198592.0, 6036243476575731843072.0, 5458151005011747799040.0, 6036243474647684743168.0, 5458151003268350738432.0
"Line.SBT_8154952"      ,   2, 6128135272807181320192.0, -5417729863587327901696.0
"Line.SBT_8154958"      ,   1, -8713648112289281212416.0, 943648373210972815360.0, 8713648111071529009152.0, 943648373079095771136.0, 8713648108542351114240.0, 943648372805197365248.0
"Line.SBT_8154958"      ,   2, 8794268121854867668992.0, -908185624899992682496.0
"Line.SBT_8154964"      ,   1, 1620960813327126364160.0, 1274203603662293696512.0, 1620960812343036477440.0, 1274203602888721170432.0, 1620960810299157643264.0, 1274203601282070478848.0
"Line.SBT_8154964"      ,   2, -1617958717033723723776.0, -1272883751053401784320.0
"Line.SBT_8154970"      ,   1, 11347644159709417570304.0, 5548226376960490602496.0, 11347644158888525168640.0, 5548226376559130312704.0, 11347644157183597215744.0, 5548226375725536509952.0
"Line.SBT_8154970"      ,   2, -11117898849441407827968.0, -5447164027932034203648.0
"Line.SBT_8159576"      ,   1, 2582979660703048663040.0, 656609899651005808640.0, 2582979659763411845120.0, 656609899412144128000.0, 2582979658382957871104.0, 656609899061223882752.0
"Line.SBT_8159576"      ,   2, -2554227423445690875904.0, -640503942512393846784.0
"Line.SBT_8159582"      ,   1, 1106811012692998356992.0, 591910025186788114432.0, 1106811011250179014656.0, 591910024415184683008.0, 1106811009130481713152.0, 591910023281594466304.0
"Line.SBT_8159582"      ,   2, -1105277428854563012608.0, -591022420888901779456.0
"Line.SBT_8159588"      ,   1, 437162380727098933248.0, 202977393448346976256.0, 437162378507478237184.0, 202977392417762344960.0, 437162375246553939968.0, 202977390903693574144.0
"Line.SBT_8159588"      ,   2, -437153418915763716096.0, -202972543595296555008.0
"Line.SBT_8159612"      ,   1, 102254096812855214080.0, 125224478726410469376.0, 102254096586596089856.0, 125224478449324441600.0, 102254096254190682112.0, 125224478042247413760.0
"Line.SBT_8159612"      ,   2, -100780955266949906432.0, -124235379113573728256.0
"Line.SBT_35498829"     ,   1, 1470171084336846340096.0, 325997376285946740736.0, 1470171082881928790016.0, 325997375963331690496.0, 1470171081417279406080.0, 325997375638558736384.0
"Line.SBT_35498829"     ,   2, -1467928054275438542848.0, -324168717896496644096.0
"Line.SBT_36002911"     ,   1, 52107077308779300126720.0, 25169181576699058323456.0, 52107077307726865367040.0, 25169181576190704484352.0, 52107077305541054169088.0, 25169181575134893309952.0
"Line.SBT_36002911"     ,   2, -47451467533945239764992.0, -23121222952120475451392.0
"Line.SBT_36003698"     ,   1, 107483303198848417792.0, 49653921291610849280.0, 107483302811048378368.0, 49653921112459370496.0, 107483302005617541120.0, 49653920740375535616.0
"Line.SBT_36003698"     ,   2, -107470217471831408640.0, -49648275334727237632.0
"Line.SBT_37472491"     ,   1, -204357419438539866112.0, -94896138082143584256.0, 204357418008188649472.0, 94896137417940615168.0, 204357415037459234816.0, 94896136038442123264.0
"Line.SBT_37472491"     ,   2, 204397665441122648064.0, 94910248324732141568.0
"Line.SBT_37473278"     ,   1, 15430678770571520000.0, 7166359459463294976.0, 15430678463005368320.0, 7166359316622553088.0, 15430678011148918784.0, 7166359106770103296.0
"Line.SBT_37473278"     ,   2, -15429675770744807424.0, -7165860991413991424.0
"Line.SBT_37705505"     ,   1, 78059840635367342080.0, 36247022298429259776.0, 78059840128975912960.0, 36247022063286816768.0, 78059838909032890368.0, 36247021496807288832.0
"Line.SBT_37705505"     ,   2, -78031893907304792064.0, -36239627643834966016.0
"Line.SBT_38458058"     ,   1, 380212527618513698816.0, 176541621635588030464.0, 380212526109837033472.0, 176541620935073955840.0, 380212522475297898496.0, 176541619247471919104.0
"Line.SBT_38458058"     ,   2, -380198521736074493952.0, -176537683226342883328.0
"Line.SBT_38458095"     ,   1, -535972954580410761216.0, -248687756183720427520.0, 535972953346720333824.0, 248687755611296563200.0, 535972950374647857152.0, 248687754232275435520.0
"Line.SBT_38458095"     ,   2, 537201396726234415104.0, 249048277991825113088.0
"Line.SBT_38458449"     ,   1, -1850355480773519736832.0, -2958677900124328960.0, 1850355478968196399104.0, 2958677897237656576.0, 1850355474619008286720.0, 2958677890283399680.0
"Line.SBT_38458449"     ,   2, 1853947858822559694848.0, 4023311746508488704.0
"Line.SBT_38458555"     ,   1, 21774126.1, -348234678521282.9, 21656906.9, 346359985502127.6, 21374515.1, 341843679592344.4
"Line.SBT_38458555"     ,   2, -1109728854.5, 42505981592839.3
"Line.SBT_38458565"     ,   1, 942565670768596877312.0, 437597305000460484608.0, 942565669099158765568.0, 437597304225403961344.0, 942565665077330575360.0, 437597302358222503936.0
"Line.SBT_38458565"     ,   2, -942462408880982196224.0, -437566772259938893824.0
"Line.SBT_38458611"     ,   1, 317788724.4, -559349908568583.0, 316837396.9, 557675447247937.8, 314545562.6, 553641517702747.0
"Line.SBT_38458611"     ,   2, 1912760083.3, 319626383641165.9
"Line.SBT_38518300"     ,   1, -422676434068985282560.0, 196596696495572910080.0, 422676433005674299392.0, 196596696001002078208.0, 422676431443525959680.0, 196596695274410377216.0
"Line.SBT_38518300"     ,   2, 422704570836366524416.0, -196581036896582369280.0
"Line.SBT_38967053"     ,   1, 333085409920075628544.0, 154599324197615370240.0, 333085408914808373248.0, 154599323731027394560.0, 333085407437934100480.0, 154599323045546295296.0
"Line.SBT_38967053"     ,   2, -333069944736758497280.0, -154590736366197014528.0
"Line.SBT_38967065"     ,   1, 80107198266959659008.0, 37204035380667285504.0, 80107197467278966784.0, 37204035009273085952.0, 80107196292439457792.0, 37204034463644581888.0
"Line.SBT_38967065"     ,   2, -80103199575425236992.0, -37201904976004587520.0
"Line.SBT_38967276"     ,   1, -699433751184676141569429995520.0, -14699665972028058118725304320.0, 699433751184650808821526036480.0, 14699665972027525955097460736.0, 699433751184613513387111874560.0, 14699665972026743102818484224.0
"Line.SBT_38967276"     ,   2, 699489224631824446621780803584.0, 14740236339159395608091951104.0
"Line.SBT_38967354"     ,   1, -699530957381407874463435849728.0, -14759124877294285209282281472.0, 699530957381382541715531890688.0, 14759124877293750846631182336.0, 699530957381345387018606084096.0, 14759124877292967994352205824.0
"Line.SBT_38967354"     ,   2, 699642486711538069286183501824.0, 14840590975934618631002914816.0
"Line.SBT_40093443"     ,   1, -572843456728616534016.0, -2204996311789842989056.0, 572843456263590576128.0, 2204996309999859269632.0, 572843455143300825088.0, 2204996305687625596928.0
"Line.SBT_40093443"     ,   2, 573342264420314185728.0, 2205144658258583093248.0
"Line.SBT_40093469"     ,   1, 149578482369371537408.0, 69381933625243926528.0, 149578481668884332544.0, 69381933300323147776.0, 149578480639773507584.0, 69381932822970408960.0
"Line.SBT_40093469"     ,   2, -149029568327094206464.0, -69202558291024994304.0
"Line.SBT_40093482"     ,   1, 228225576799460589568.0, 105868369169609015296.0, 228225576098104279040.0, 105868368844266651648.0, 228225575067716616192.0, 105868368366294532096.0
"Line.SBT_40093482"     ,   2, -227928721940769931264.0, -105769555864779128832.0
"Line.SBT_40093506"     ,   1, -21372830180533166145536.0, 3115210832613145051136.0, 21372830178835186057216.0, 3115210832365654900736.0, 21372830174744590417920.0, 3115210831769427771392.0
"Line.SBT_40093506"     ,   2, 22186598080195967582208.0, -2872813319317160984576.0
"Line.SBT_40093519"     ,   1, -25734111603952392863744.0, 4520872520872854814720.0, 25734111602327439802368.0, 4520872520587388911616.0, 25734111598412774244352.0, 4520872519899675623424.0
"Line.SBT_40093519"     ,   2, 26039495241385172271104.0, -4429907029971809861632.0
"Line.SBT_40093543"     ,   1, 33383346466174750720.0, 15481485459521378304.0, 33383344901800210432.0, 15481484734044628992.0, 33383341133079724032.0, 15481482986305183744.0
"Line.SBT_40093543"     ,   2, -33380902705287233536.0, -15486865097362913280.0
"Line.SBT_40093556"     ,   1, 83395587339141627904.0, 38696514556615426048.0, 83395585868103598080.0, 38696513874036809728.0, 83395582324239237120.0, 38696512229642862592.0
"Line.SBT_40093556"     ,   2, -83389722060456017920.0, -38696273594179739648.0
"Line.SBT_41703028"     ,   1, 6262908586072723161088.0, 2375069303472930160640.0, 6262908585009015160832.0, 2375069303069542449152.0, 6262908583446283550720.0, 2375069302476910886912.0
"Line.SBT_41703028"     ,   2, -6160656928826439237632.0, -2317909631913839820800.0
"Line.SBT_41703061"     ,   1, -574546672685631864832.0, -1612078714531426598912.0, 574546672020703543296.0, 1612078712665752731648.0, 574546671043833626624.0, 1612078709924824350720.0
"Line.SBT_41703061"     ,   2, 577450109826124283904.0, 1613843815995876573184.0
"Line.SBT_42006479"     ,   1, 481299747874921775104.0, 223446476921641074688.0, 481299746340024614912.0, 223446476209055301632.0, 481299742642317950976.0, 223446474492371369984.0
"Line.SBT_42006479"     ,   2, -481254203766779019264.0, -223433197954923790336.0
"Line.SBT_48178683"     ,   1, 197887223541307015168.0, 91886840614080823296.0, 197887221423041413120.0, 91886839630486585344.0, 197887218311021559808.0, 91886838185453060096.0
"Line.SBT_48178683"     ,   2, -197881354878471864320.0, -91884286699520884736.0
"Line.SBT_54156089"     ,   1, 43750478012731709456384.0, 21412029997335097376768.0, 43750478011775458476032.0, 21412029996867096936448.0, 43750478009789396811776.0, 21412029995895092150272.0
"Line.SBT_54156089"     ,   2, -40991529868851821936640.0, -20198394802931610157056.0
"Line.SBT_55575124"     ,   1, 775006395869241671680.0, 40808009053933813760.0, 775006395346075910144.0, 40808009026386485248.0, 775006394085721899008.0, 40808008960022470656.0
"Line.SBT_55575124"     ,   2, -774576236709932695552.0, -40680029035426693120.0
"Line.SBT_55875832"     ,   1, -62980998552675999023104.0, 13446848703294833950720.0, 62980998550360483168256.0, 13446848702800455532544.0, 62980998546958667743232.0, 13446848702074146783232.0
"Line.SBT_55875832"     ,   2, 68350597029163807277056.0, -11634153846907552661504.0
"Line.SBT_56055076"     ,   1, 744373754713329762304.0, 431141481155155132416.0, 744373754375653818368.0, 431141480959573164032.0, 744373753674327130112.0, 431141480553364520960.0
"Line.SBT_56055076"     ,   2, -736325563646592942080.0, -427601376222685822976.0
"Line.SBT_56346495"     ,   1, 505461167210819944448.0, 234764515808157761536.0, 505461165536394412032.0, 234764515030460628992.0, 505461163076435836928.0, 234764513887917899776.0
"Line.SBT_56346495"     ,   2, -504666443997608411136.0, -234327679339153031168.0
"Line.SBT_56729121"     ,   1, -10416504956960355909632.0, 6978910942556013461504.0, 10416504955824626466816.0, 6978910941795090169856.0, 10416504953088549847040.0, 6978910939961958072320.0
"Line.SBT_56729121"     ,   2, 10704309656293593841664.0, -6893126666534055313408.0
"Line.SBT_58628483"     ,   1, 774576236710795018240.0, 40680334020028743680.0, 774576236187919581184.0, 40680333992567603200.0, 774576234928265232384.0, 40680333926411223040.0
"Line.SBT_58628483"     ,   2, -773715918388187234304.0, -40424373945380773888.0
"Line.SBT_58628510"     ,   1, -2903722217.4, -300041456786227.4, 2882155907.3, 297813011145070.0, 2850472068.9, 294539121869789.4
"Line.SBT_58628510"     ,   2, 5607916116.5, 2326965970.8
"Line.SBT_58671539"     ,   1, 67017397568200261632.0, 31080315950143574016.0, 67017397139829448704.0, 31080315751480233984.0, 67017396107845230592.0, 31080315272882184192.0
"Line.SBT_58671539"     ,   2, -66931039333453619200.0, -31057258878436065280.0
"Line.SBT_60077504"     ,   1, 1537902576063713116160.0, 2630284243477089746944.0, 1537902575644180742144.0, 2630284242759561248768.0, 1537902574772844756992.0, 2630284241269309308928.0
"Line.SBT_60077504"     ,   2, -1510574052680618475520.0, -2618243269679333244928.0
"Line.SBT_64389955"     ,   1, 34810725509579174576128.0, -5791087907164644179968.0, 34810725507268264067072.0, 5791087906780202663936.0, 34810725503873226637312.0, 5791087906215406075904.0
"Line.SBT_64389955"     ,   2, -34755475945576531492864.0, 5809736268943964766208.0
"Line.SBT_64389965"     ,   1, -7569532091254638116864.0, 2386658200846235860992.0, 7569532088480510771200.0, 2386658199971559374848.0, 7569532085687827824640.0, 2386658199091031834624.0
"Line.SBT_64389965"     ,   2, 7588745419285108621312.0, -2370931015310557839360.0
"Line.SBT_64389993"     ,   1, -6605887992071413825536.0, 326416254673563746304.0, 6605887990244190453760.0, 326416254583275257856.0, 6605887986449188388864.0, 326416254395753103360.0
"Line.SBT_64389993"     ,   2, 6638084838400445120512.0, -312241377753640599552.0
"Line.SBT_64390009"     ,   1, 32990284786725787009024.0, -10471157799419576844288.0, 32990284785012300578816.0, 10471157798875714027520.0, 32990284781453525909504.0, 10471157797746154405888.0
"Line.SBT_64390009"     ,   2, -32960207043623408107520.0, 10484391231485676355584.0
"Line.SBT_64390024"     ,   1, -27655921234064332292096.0, 5778754643462166937600.0, 27655921231757511229440.0, 5778754642980152279040.0, 27655921228368475848704.0, 5778754642272008011776.0
"Line.SBT_64390024"     ,   2, 28456546829486098743296.0, -5508546040866753478656.0
"Line.SBT_64390036"     ,   1, 7742227617044662059008.0, -2531416823766341124096.0, 7742227614328310202368.0, 2531416822878196203520.0, 7742227611593788620800.0, 2531416821984110575616.0
"Line.SBT_64390036"     ,   2, -7731590274781609459712.0, 2540127174770053087232.0
"Line.SBT_64390044"     ,   1, -27505513660167516848128.0, 2490054972715931009024.0, 27505513657820791177216.0, 2490054972503483744256.0, 27505513654373140398080.0, 2490054972191369854976.0
"Line.SBT_64390044"     ,   2, 29099452521073187225600.0, -1951361722790287507456.0
"Line.SBT_64390072"     ,   1, -24809797975027335823360.0, 4227679451134204313600.0, 24809797972667893022720.0, 4227679450732146720768.0, 24809797969201552424960.0, 4227679450141469704192.0
"Line.SBT_64390072"     ,   2, 24937507232628198080512.0, -4184576220176950231040.0
"Line.SBT_64390083"     ,   1, -24406701872335340699648.0, 4374470833994786668544.0, 24406701870014233837568.0, 4374470833578768859136.0, 24406701866604210159616.0, 4374470832967582744576.0
"Line.SBT_64390083"     ,   2, 24725154599612174041088.0, -4266989587722035789824.0
"Line.SBT_64390095"     ,   1, -645156246196424278016.0, -299623365866026172416.0, 645156244281236389888.0, 299623364976574922752.0, 645156241467565277184.0, 299623363669850193920.0
"Line.SBT_64390095"     ,   2, 646181931440912990208.0, 299964289699367288832.0
"Line.SBT_64963788"     ,   1, 2455030938541866090496.0, 228497409381332353024.0, 2455030937482089201664.0, 228497409282695626752.0, 2455030935925133672448.0, 228497409137784881152.0
"Line.SBT_64963788"     ,   2, -2431646511338647191552.0, -220606681182049730560.0
"Line.SBT_64985666"     ,   1, 14090508654661840404480.0, -876497966023078838272.0, 14090508652248351899648.0, 876497965872948183040.0, 14090508648702611030016.0, 876497965652385857536.0
"Line.SBT_64985666"     ,   2, -13968712074937132646400.0, 917605321130735435776.0
"Line.SBT_64985680"     ,   1, -96504640838487001530368.0, 15404865957705832988672.0, 96504640836095275171840.0, 15404865957324044369920.0, 96504640832581488607232.0, 15404865956763144290304.0
"Line.SBT_64985680"     ,   2, 96632710983848789278720.0, -15333320197022291066880.0
"Line.SBT_64985695"     ,   1, -11148680937133496598528.0, 2474897951795362922496.0, 11148680934829592674304.0, 2474897951283918929920.0, 11148680931444845969408.0, 2474897950532538204160.0
"Line.SBT_64985695"     ,   2, 11509944209811443810304.0, -2352961611028819607552.0
"Line.SBT_64985707"     ,   1, -7632677691897333940224.0, 799321361466933772288.0, 7632677689782336225280.0, 799321361245443719168.0, 7632677686675118227456.0, 799321360920044634112.0
"Line.SBT_64985707"     ,   2, 7695004337129978331136.0, -778286474639635251200.0
"Line.SBT_64985710"     ,   1, 1076031977425625808896.0, 499814602670364950528.0, 1076031974963403948032.0, 499814601526668034048.0, 1076031971346065784832.0, 499814599846422052864.0
"Line.SBT_64985710"     ,   2, -1075100833169814454272.0, -499299093286357696512.0
"Line.SBT_64985745"     ,   1, 4671932876712401960960.0, -604438361740857180160.0, 4671932875163962441728.0, 604438361540525555712.0, 4671932871947973033984.0, 604438361124452040704.0
"Line.SBT_64985745"     ,   2, -4670696829721494683648.0, 604981835196756000768.0
"Line.SBT_64985757"     ,   1, -13761139157630862753792.0, 1213479423847355121664.0, 13761139155739384741888.0, 1213479423680561545216.0, 13761139151810930409472.0, 1213479423334144278528.0
"Line.SBT_64985757"     ,   2, 13892600449649331929088.0, -1155595595154888065024.0
"Line.SBT_64985835"     ,   1, -26191992064149777547264.0, 4026101555448243552256.0, 26191992061624626184192.0, 4026101555060090077184.0, 26191992057914835599360.0, 4026101554489839845376.0
"Line.SBT_64985835"     ,   2, 26545806870578120884224.0, -3906679689432702910464.0
"Line.SBT_64985847"     ,   1, -66115474946231849975808.0, 10032283075846422396928.0, 66115474944355175759872.0, 10032283075561658515456.0, 66115474940457467772928.0, 10032283074970223902720.0
"Line.SBT_64985847"     ,   2, 67647003895972474388480.0, -9358579614716423831552.0
"Line.SBT_64985857"     ,   1, -484959124280614649856.0, 592881014551398318080.0, 484959124059333656576.0, 592881014280873836544.0, 484959123734241869824.0, 592881013883436793856.0
"Line.SBT_64985857"     ,   2, 505861275040393396224.0, -585830585828613160960.0
"Line.SBT_64985869"     ,   1, -50090791846961926373376.0, 5366337083925639200768.0, 50090791844899763257344.0, 5366337083704714723328.0, 50090791840616816836608.0, 5366337083245873594368.0
"Line.SBT_64985869"     ,   2, 51648115618153660153856.0, -4681262019199998361600.0
"Line.SBT_64985877"     ,   1, 919464202033861623808.0, 49434095036872900608.0, 919464201401788792832.0, 49434095002890117120.0, 919464200089022103552.0, 49434094932310499328.0
"Line.SBT_64985877"     ,   2, -915859519042845671424.0, -47850957464810291200.0
"Line.SBT_65011319"     ,   1, 251397563135855296512.0, 116676831143531266048.0, 251397562419633258496.0, 116676830811123433472.0, 251397561367405821952.0, 116676830322771197952.0
"Line.SBT_65011319"     ,   2, -250969300070811271168.0, -116534728548918788096.0
"Line.SBT_65011333"     ,   1, -81834771207521172455424.0, 14220410020699404500992.0, 81834771205380433248256.0, 14220410020327409582080.0, 81834771202235409891328.0, 14220410019780898062336.0
"Line.SBT_65011333"     ,   2, 81933558206252001001472.0, -14165223164941449560064.0
"Line.SBT_65011336"     ,   1, -1646512051602418040832.0, 14627265486253109248.0, 1646512050770405752832.0, 14627265478861688832.0, 1646512049548066816000.0, 14627265468002686976.0
"Line.SBT_65011336"     ,   2, 1648059001112050794496.0, -13763407004090458112.0
"Line.SBT_65011364"     ,   1, -27126113224276150583296.0, 4670082788506646085632.0, 27126113221859518447616.0, 4670082788090594197504.0, 27126113218309157552128.0, 4670082787479357227008.0
"Line.SBT_65011364"     ,   2, 27242122986133823422464.0, -4630927930909062594560.0
"Line.SBT_65011376"     ,   1, -26293537424566583820288.0, 5558196299408031612928.0, 26293537422434698788864.0, 5558196298957372522496.0, 26293537419302673580032.0, 5558196298295292198912.0
"Line.SBT_65011376"     ,   2, 28373747163252027031552.0, -4856083741499457536000.0
"Line.SBT_65011379"     ,   1, -10787696632023562059776.0, 1855448404424718024704.0, 10787696629436930588672.0, 1855448403979825840128.0, 10787696625636815667200.0, 1855448403326218534912.0
"Line.SBT_65011379"     ,   2, 10990439658451363692544.0, -1787028489105822187520.0
"Line.SBT_65011403"     ,   1, 22336056405637898174464.0, -9252561249189988663296.0, 22336056404052426096640.0, 9252561248533218328576.0, 22336056400759532552192.0, 9252561247169157267456.0
"Line.SBT_65011403"     ,   2, -21762073252438021767168.0, 9505102066964762722304.0
"Line.SBT_65011428"     ,   1, 358871282135371087872.0, 165317804778725965824.0, 358871281435218673664.0, 165317804456193458176.0, 358871280406599827456.0, 165317803982349434880.0
"Line.SBT_65011428"     ,   2, -358365951299189538816.0, -165148612172875169792.0
"Line.SBT_65011440"     ,   1, -20872417328729935577088.0, 1726418101481780019200.0, 20872417327003736211456.0, 1726418101339001192448.0, 20872417323418554204160.0, 1726418101042460229632.0
"Line.SBT_65011440"     ,   2, 21200013839182510161920.0, -1582316343059432079360.0
"Line.SBT_65032776"     ,   1, -6209078150566410977280.0, 2527009566415593668608.0, 6209078148784701046784.0, 2527009565690462470144.0, 6209078145084227059712.0, 2527009564184420024320.0
"Line.SBT_65032776"     ,   2, 6225589909639921664000.0, -2519744353663492030464.0
"Line.SBT_65032790"     ,   1, 125661097959528652079104.0, -26437319348323184803840.0, 125661097957304899207168.0, 26437319347855339552768.0, 125661097954037922267136.0, 26437319347168014761984.0
"Line.SBT_65032790"     ,   2, -124762911504690390761472.0, 26939087033235094372352.0
"Line.SBT_65032805"     ,   1, -5253108817.3, -3565115448690784.0, 5249532562.4, 3562688359840989.0, 5244278558.2, 3559122636715981.0
"Line.SBT_65032805"     ,   2, 5200896870.6, 1739091923276793.8
"Line.SBT_65032817"     ,   1, 106240599449349357568.0, 49340478644011245568.0, 106240598633824665600.0, 49340478265263587328.0, 106240597435708145664.0, 49340477708831834112.0
"Line.SBT_65032817"     ,   2, -106238908792280580096.0, -49339549560599281664.0
"Line.SBT_65032832"     ,   1, -4029425549153142833152.0, -12785910086501447680.0, 4029425546750554800128.0, 12785910078877712384.0, 4029425543220826734592.0, 12785910067677409280.0
"Line.SBT_65032832"     ,   2, 4052398017280686948352.0, 20532836848697380864.0
"Line.SBT_65032871"     ,   1, 48047790530889600991232.0, -8815480144085355855872.0, 48047790529083030372352.0, 8815480143753898885120.0, 48047790525330915065856.0, 8815480143065485672448.0
"Line.SBT_65032871"     ,   2, -46298910312428407357440.0, 9585135281328927801344.0
"Line.SBT_65032886"     ,   1, -5458330998250180444160.0, 665169304755206750208.0, 5458330995561606414336.0, 665169304427568693248.0, 5458330991611727577088.0, 665169303946224074752.0
"Line.SBT_65032886"     ,   2, 5499924277646732558336.0, -649236109747227328512.0
"Line.SBT_65032898"     ,   1, -70014685746664447148032.0, 15433462979375585558528.0, 70014685744855401889792.0, 15433462978976814202880.0, 70014685741098161143808.0, 15433462978148598546432.0
"Line.SBT_65032898"     ,   2, 72669609381532580970496.0, -14265291728625028038656.0
"Line.SBT_65032901"     ,   1, 82241028956783869952.0, 38196112840651997184.0, 82241028239180365824.0, 38196112507367448576.0, 82241027184923377664.0, 38196112017727184896.0
"Line.SBT_65032901"     ,   2, -82221402252117934080.0, -38185322092513648640.0
"Line.SBT_65032929"     ,   1, -961307617250633580544.0, 384042755510278553600.0, 961307616511092195328.0, 384042755214831517696.0, 961307615424605454336.0, 384042754780779642880.0
"Line.SBT_65032929"     ,   2, 964175128632001429504.0, -381397532827752792064.0
"Line.SBT_65032941"     ,   1, -792957805515418370048.0, 463803600483032367104.0, 792957804985346686976.0, 463803600172991709184.0, 792957804206599438336.0, 463803599717499863040.0
"Line.SBT_65032941"     ,   2, 796804514595971792896.0, -460443079104962166784.0
"Line.SBT_71834114"     ,   1, 75196728540477259776.0, 34923032337066819584.0, 75196727839360892928.0, 34923032011452788736.0, 75196726809325715456.0, 34923031533081559040.0
"Line.SBT_71834114"     ,   2, -75192144740456251392.0, -34920789315335835648.0
"Line.SBT_71834404"     ,   1, -1438223118.2, -316895551269505.8, 1427707029.6, 314578454797276.1, 1412257467.2, 311174325412148.6
"Line.SBT_71834404"     ,   2, -700301510.9, -1355769561.9
"Line.SBT_71834728"     ,   1, 259287763.1, -314672727038662.5, 257384817.1, 312363303725322.1, 254589131.0, 308970447252636.9
"Line.SBT_71834728"     ,   2, -1776084836.4, -2444756252.6
"Line.SBT_71835034"     ,   1, 30202573709783662592.0, 14024617740526004224.0, 30202571621936308224.0, 14024616771030446080.0, 30202568554605010944.0, 14024615346709813248.0
"Line.SBT_71835034"     ,   2, -30202511166103601152.0, -14024895672712300544.0
"Line.SBT_71835149"     ,   1, -907093083080098578432.0, 325491392683332206592.0, 907093081618594398208.0, 325491392158901993472.0, 907093078097698095104.0, 325491390895501934592.0
"Line.SBT_71835149"     ,   2, 908536496587478269952.0, -325065632739091808256.0
"Line.SBT_71835154"     ,   1, 311079992626504007680.0, 144469426985164505088.0, 311079990709794963456.0, 144469426095020916736.0, 311079987893889007616.0, 144469424787279085568.0
"Line.SBT_71835154"     ,   2, -311066078408719794176.0, -144461964877910409216.0
"Line.SBT_71835350"     ,   1, 148849082608434774016.0, 68962292352815226880.0, 148849081913433423872.0, 68962292030818705408.0, 148849080892382019584.0, 68962291557762072576.0
"Line.SBT_71835350"     ,   2, -148830804617845571584.0, -68952391723987476480.0
"Line.SBT_71835710"     ,   1, 71393841781518508032.0, 33155084344471760896.0, 71393841292095201280.0, 33155084117185056768.0, 71393840113029939200.0, 33155083569630711808.0
"Line.SBT_71835710"     ,   2, -71385499603874422784.0, -33152904476331483136.0
"Line.SBT_71836002"     ,   1, 482819389.4, -303647334004220.2, 480214630.4, 302009189072287.5, 473939529.1, 298062749008995.0
"Line.SBT_71836002"     ,   2, -1106874416.7, -1964224835.3
"Line.SBT_71836240"     ,   1, 771312990214971064320.0, 358207311979108368384.0, 771312988153790857216.0, 358207311021870743552.0, 771312985125637062656.0, 358207309615558623232.0
"Line.SBT_71836240"     ,   2, -771302527097652641792.0, -358201543052660113408.0
"Line.SBT_71836245"     ,   1, 1450789681.1, -304999036032376.1, 1442974494.8, 303356051987408.9, 1424147000.4, 299397954060896.8
"Line.SBT_71836245"     ,   2, -1527414482.8, -455927165.4
"Line.SBT_71836375"     ,   1, 1803624076.8, -303556947990319.9, 1793893727.7, 301919292392750.1, 1770452432.3, 297974031180422.9
"Line.SBT_71836375"     ,   2, -2491805444.1, -1900111561.9
"Line.SBT_71836450"     ,   1, -151832966.3, -319630341979262.8, 151037553.5, 317955882928895.9, 149121331.6, 313921958853012.2
"Line.SBT_71836450"     ,   2, 1617618318.2, 102561967.6
"Line.SBT_71836507"     ,   1, -444837910.3, -42507754064947.0, 436841213.5, 41743606915488.7, 425092979.9, 40620970979864.6
"Line.SBT_71836507"     ,   2, 331893202.7, 91193542.4
"Line.SBT_71836555"     ,   1, 1407022086.9, -292949279487153.8, 1399317896.4, 291345227149795.1, 1380757801.0, 287480919246158.4
"Line.SBT_71836555"     ,   2, -1315871027.6, -1186669771.7
"Line.SBT_71836596"     ,   1, -415491640.9, -805618915720065.1, 414664362.5, 804014861533824.1, 412671373.7, 800150549176061.8
"Line.SBT_71836596"     ,   2, 607788933.8, 292952405017870.8
"Line.SBT_71836601"     ,   1, 2451758287.3, -292952194899646.2, 2438333791.2, 291348147864641.4, 2405992959.5, 287483852734856.8
"Line.SBT_71836601"     ,   2, -1392413647.6, 503926769.9
"Line.SBT_71836612"     ,   1, 1511163084.7, -304335566097896.0, 1503014924.4, 302694594971512.4, 1483385265.4, 298741346348861.1
"Line.SBT_71836612"     ,   2, -818077151.3, -524699827.1
"Line.SBT_71836667"     ,   1, 68859909919885688832.0, 31962203493798502400.0, 68859909433699409920.0, 31962203268128952320.0, 68859908262432456704.0, 31962202724470493184.0
"Line.SBT_71836667"     ,   2, -68785200251499814912.0, -31942833118993199104.0
"Line.SBT_71836672"     ,   1, 2117740526.2, -303508261140779.4, 2101966277.8, 301247542881837.2, 2078791764.9, 297926240748329.4
"Line.SBT_71836672"     ,   2, -2178756320.5, 61468873.3
"Line.SBT_71836699"     ,   1, -146247683.9, -42582100448625.5, 143617061.0, 41816157057290.7, 139752318.8, 40690882198416.0
"Line.SBT_71836699"     ,   2, -225440854.2, -434444644.8
"Line.SBT_71836710"     ,   1, 193307645853184229376.0, 89765322770178916352.0, 193307644644671422464.0, 89765322208987758592.0, 193307641733254250496.0, 89765320857027248128.0
"Line.SBT_71836710"     ,   2, -193300461835206262784.0, -89763486079787778048.0
"Line.SBT_71836785"     ,   1, 987680640.7, -320161624866701.5, 982506426.5, 318484377430111.0, 970041274.1, 314443735878324.8
"Line.SBT_71836785"     ,   2, 123838691.7, 63061823.1
"Line.SBT_71836835"     ,   1, 72388448421900943360.0, 33616979137404899328.0, 72388447748688076800.0, 33616978824766857216.0, 72388446759646945280.0, 33616978365459107840.0
"Line.SBT_71836835"     ,   2, -72387296606140047360.0, -33616412664799858688.0
"Line.SBT_71836840"     ,   1, 72387296629069922304.0, 33616412672362254336.0, 72387296141483171840.0, 33616412445928636416.0, 72387294966842368000.0, 33616411900429471744.0
"Line.SBT_71836840"     ,   2, -72378655942600204288.0, -33614146855694778368.0
"Line.SBT_71836856"     ,   1, 257955783517450108928.0, 119618318776548163584.0, 257955783045450989568.0, 119618318557674438656.0, 257955781908362199040.0, 119618318030387757056.0
"Line.SBT_71836856"     ,   2, -257838689334800056320.0, -119583741870019854336.0
"Line.SBT_71836883"     ,   1, 270488045629419552768.0, 125619451892492173312.0, 270488043771539849216.0, 125619451029659844608.0, 270488041042062278656.0, 125619449762041987072.0
"Line.SBT_71836883"     ,   2, -270482407385327927296.0, -125616618707897270272.0
"Line.SBT_71836911"     ,   1, 285753808585490563072.0, 132656197892149641216.0, 285753807122363678720.0, 132656197212918628352.0, 285753803597558054912.0, 132656195576589385728.0
"Line.SBT_71836911"     ,   2, -285636046853430411264.0, -132624194734882881536.0
"Line.SBT_71836916"     ,   1, 2838526475.4, -292723374531217.6, 2817059034.3, 290509542154743.2, 2785520447.9, 287257121749799.6
"Line.SBT_71836916"     ,   2, 1481539384.3, -55148025.0
"Line.SBT_71837018"     ,   1, 1617931785.5, -313753069297122.4, 1606084589.5, 311455633682718.8, 1588679449.7, 308080388767730.6
"Line.SBT_71837018"     ,   2, -273739731.2, -598811973.8
"Line.SBT_71837088"     ,   1, 109357476.3, -310733274056390.0, 108773965.8, 309075260879686.1, 107368235.9, 305080956408535.9
"Line.SBT_71837088"     ,   2, 612475956.6, -1003894255.0
"Line.SBT_71837196"     ,   1, -216436137.7, -308353465780679.7, 215275670.1, 306700164254341.8, 212479998.3, 302717210577255.0
"Line.SBT_71837196"     ,   2, 559853777.6, -520163069.1
"Line.SBT_71837235"     ,   1, 942462408879809495040.0, 437566772259300638720.0, 942462407210554490880.0, 437566771484298313728.0, 942462403189167226880.0, 437566769617247272960.0
"Line.SBT_71837235"     ,   2, -942324726338358083584.0, -437526061871883485184.0
"Line.SBT_71837311"     ,   1, 2244755037.4, -307996729829731.9, 2232697859.7, 306342397295823.6, 2203651022.6, 302356959827771.8
"Line.SBT_71837311"     ,   2, -4246013236.7, -2614859906.8
"Line.SBT_71837371"     ,   1, 2029950656.7, -307720666102600.4, 2019028783.5, 306065016951265.1, 1992716998.2, 302076407632139.2
"Line.SBT_71837371"     ,   2, -120327109.5, -973157517.8
"Line.SBT_71837789"     ,   1, 74905752462439776256.0, 34785989203952115712.0, 74905751966443634688.0, 34785988973613113344.0, 74905750771543851008.0, 34785988418705518592.0
"Line.SBT_71837789"     ,   2, -74896811156487028736.0, -34783630285211447296.0
"Line.SBT_71838093"     ,   1, 914990745.6, -43494006230603.7, 898745051.7, 42721768572766.8, 874877921.2, 41587246581623.7
"Line.SBT_71838093"     ,   2, -972444278.7, -415088799.1
"Line.SBT_71838231"     ,   1, 57159108772435656704.0, 26541015473425420288.0, 57159107662434295808.0, 26541014958012145664.0, 57159105357046849536.0, 26541013887538425856.0
"Line.SBT_71838231"     ,   2, -57154588954549379072.0, -26540399795737288704.0
"Line.SBT_71838236"     ,   1, -724416727.4, -137742362901969.6, 717966728.9, 136515944459679.0, 704570578.2, 133968767694921.5
"Line.SBT_71838236"     ,   2, -240852576.0, 648885233.0
"Line.SBT_71838412"     ,   1, -1998562187.6, -338944825659727.8, 1984428639.6, 336547855987853.4, 1963664538.3, 333026382025469.9
"Line.SBT_71838412"     ,   2, 2681953217.7, 1741037761.2
"Line.SBT_71838439"     ,   1, 109978099383097606144.0, 51021094119717036032.0, 109978098856928559104.0, 51021093875616432128.0, 109978097589339504640.0, 51021093287555891200.0
"Line.SBT_71838439"     ,   2, -109960972090077200384.0, -51016334763484102656.0
"Line.SBT_71838461"     ,   1, 59227193390679801856.0, 27446020194270834688.0, 59227192692024016896.0, 27446019870512107520.0, 59227191665603780608.0, 27446019394866565120.0
"Line.SBT_71838461"     ,   2, -59223613808932315136.0, -27444429044833394688.0
"Line.SBT_71838483"     ,   1, 546696782.8, -328716214343349.3, 542769505.4, 326354832726769.6, 536999801.7, 322885642450559.8
"Line.SBT_71838483"     ,   2, -611984067.8, 2026632903.7
"Line.SBT_71838538"     ,   1, -7783548916124055764992.0, 4127525684155420508160.0, 7783548914995761774592.0, 4127525683557099372544.0, 7783548912652381061120.0, 4127525682314431954944.0
"Line.SBT_71838538"     ,   2, 7986666619156942553088.0, -4038178592367143026688.0
"Line.SBT_71838543"     ,   1, 1275060957.5, -134638500725026.1, 1263586790.0, 133426900048862.2, 1239755826.6, 130910498644521.6
"Line.SBT_71838543"     ,   2, -657235201.8, -1112723404.2
"Line.SBT_71838603"     ,   1, 80551876244936196096.0, 37409995193746735104.0, 80551875519284002816.0, 37409994856738512896.0, 80551874453202403328.0, 37409994361627664384.0
"Line.SBT_71838603"     ,   2, -80546966007511728128.0, -37407679258196885504.0
"Line.SBT_71838614"     ,   1, 651519696.3, -329564318463999.9, 646841606.8, 327197956574824.6, 639968858.0, 323721449601838.8
"Line.SBT_71838614"     ,   2, -615609876.3, -941714028.4
"Line.SBT_71838625"     ,   1, 651519696.3, -329564318463999.9, 646841606.8, 327197956574824.6, 639968858.0, 323721449601838.8
"Line.SBT_71838625"     ,   2, -615609876.3, -941714028.4
"Line.SBT_71838709"     ,   1, 303059390.8, -361639061725170.6, 300983286.4, 359161658113041.2, 297933207.2, 355522015769295.6
"Line.SBT_71838709"     ,   2, 1012794292.9, 219306585.7
"Line.SBT_71838788"     ,   1, 1275060957.5, -134638500725026.1, 1263586790.0, 133426900048862.2, 1239755826.6, 130910498644521.6
"Line.SBT_71838788"     ,   2, -657235201.8, -1112723404.2
"Line.SBT_71838816"     ,   1, 12481149771.0, -466308572257149.6, 12414453928.8, 463816747103481.0, 12316468679.2, 460155917556733.3
"Line.SBT_71838816"     ,   2, -7862864661.6, 373043195710624.4
"Line.SBT_71838821"     ,   1, 613481382.9, -373068577115997.8, 609383832.3, 370576786143524.9, 603363974.0, 366916006813595.4
"Line.SBT_71838821"     ,   2, 3072662552.7, -2012317797.0
"Line.SBT_71838887"     ,   1, 79208441872637689856.0, 36786186172835262464.0, 79208441168450781184.0, 36786185845794983936.0, 79208440133904564224.0, 36786185365328400384.0
"Line.SBT_71838887"     ,   2, -79203400193372864512.0, -36783699439875411968.0
"Line.SBT_71838958"     ,   1, -6718622528.4, -529907251081316.5, 6684766076.9, 527236944920643.5, 6635026351.9, 523313902536444.9
"Line.SBT_71838958"     ,   2, 6170697899.4, 104320541331721.8
"Line.SBT_71838996"     ,   1, 1909015394.1, -365450275983810.9, 1896120838.7, 362981820855362.1, 1877176985.6, 359355325049369.3
"Line.SBT_71838996"     ,   2, -4266291951.4, 438671007.0
"Line.SBT_71839058"     ,   1, 4540927149.5, -378940186553663.4, 4510859385.1, 376431032833862.8, 4466685755.9, 372744745270205.2
"Line.SBT_71839058"     ,   2, -7811077453.7, -3106126447.0
"Line.SBT_71839069"     ,   1, 1953005994988342083584.0, 906542865124511055872.0, 1953005993345656553472.0, 906542864362012147712.0, 1953005989388277252096.0, 906542862525082894336.0
"Line.SBT_71839069"     ,   2, -1952608748739672408064.0, -906424939320528994304.0
"Line.SBT_71839124"     ,   1, 1624667496.3, -351414123157088.7, 1613451623.8, 348988139973362.9, 1596973983.8, 345424041221963.2
"Line.SBT_71839124"     ,   2, -3777211909.9, -4318761036.3
"Line.SBT_71839186"     ,   1, 694261920.8, -377128422088439.8, 689613849.9, 374603554191082.7, 682785202.5, 370894180366570.4
"Line.SBT_71839186"     ,   2, -3180554131.4, -1202651062.2
"Line.SBT_71839197"     ,   1, 929598799199524618240.0, 96834451617752432640.0, 929598798305287995392.0, 96834451524601593856.0, 929598796991533023232.0, 96834451387750350848.0
"Line.SBT_71839197"     ,   2, -929182113000379645952.0, -96602023060799455232.0
"Line.SBT_71839243"     ,   1, 2105337226.9, -2285895747501971.0, 2104173026.3, 2284631702413550.5, 2101755071.2, 2282006377999138.5
"Line.SBT_71839243"     ,   2, -2130237823.2, 2138976643690575.8
"Line.SBT_71839308"     ,   1, 2026366136.3, -345543184227428.8, 2012223739.0, 343131572183618.7, 1991446636.9, 339588586588391.4
"Line.SBT_71839308"     ,   2, -3157158956.9, -3258716229.4
"Line.SBT_71839335"     ,   1, 6437130102.8, -378825641788900.9, 6394506514.4, 376317240068413.6, 6331886674.7, 372632057293870.4
"Line.SBT_71839335"     ,   2, -3890497261.2, -2913687745.4
"Line.SBT_71839391"     ,   1, 2801346523.7, -336495998556474.5, 2786965337.6, 334768539448316.0, 2752319753.0, 330606933415025.0
"Line.SBT_71839391"     ,   2, -3198265385.1, -2312154781.7
"Line.SBT_71839435"     ,   1, 3116791151.8, -9852432264123746.0, 3116017174.9, 9849985659643608.0, 3114880097.7, 9846391265407356.0
"Line.SBT_71839435"     ,   2, -3030887796.7, 5015781535348919.0
"Line.SBT_71839440"     ,   1, 2962262829.5, -358269321976911.1, 2942033859.8, 355822739863918.9, 2912314756.2, 352228378488041.5
"Line.SBT_71839440"     ,   2, 261831103.9, 1056040993.5
"Line.SBT_71839548"     ,   1, 903923477.3, -378757863845868.3, 897938208.1, 376249943851643.5, 889145034.9, 372565468798399.6
"Line.SBT_71839548"     ,   2, -587154568.1, 2178014928.7
"Line.SBT_71839559"     ,   1, 3928867532.5, -349621755304452.1, 3901759598.9, 347209476638866.8, 3861934363.2, 343665511685722.9
"Line.SBT_71839559"     ,   2, -3987731314.8, -1308428813.9
"Line.SBT_71839625"     ,   1, 4519834401.3, -337544313857015.8, 4487858824.8, 335156356007891.7, 4440882360.5, 331648121636956.2
"Line.SBT_71839625"     ,   2, -6642100406.1, -3299330163.4
"Line.SBT_71839722"     ,   1, 225516916624259481600.0, 104732068960770834432.0, 225516914370853601280.0, 104732067914269032448.0, 225516911060294336512.0, 104732066376815771648.0
"Line.SBT_71839722"     ,   2, -225513923247454027776.0, -104730762638291419136.0
"Line.SBT_71839907"     ,   1, 7003710854441190031360.0, 2964650518477985021952.0, 7003710851811227205632.0, 2964650517364729184256.0, 7003710847947454283776.0, 2964650515729205428224.0
"Line.SBT_71839907"     ,   2, -7000290817415920484352.0, -2962740305292184518656.0
"Line.SBT_71839947"     ,   1, 5299637022.6, -338598058806381.2, 5262214372.8, 336207095702606.6, 5207235418.1, 332694446204468.7
"Line.SBT_71839947"     ,   2, -4155912203.0, -5447765205.1
"Line.SBT_71840167"     ,   1, 64408826.8, -2824334143094375.5, 64354354.1, 2821945507349605.0, 64274326.2, 2818436277057905.0
"Line.SBT_71840167"     ,   2, -779322871.4, 2486209418056838.5
"Line.SBT_71840409"     ,   1, 2241262574807872438272.0, 1040901611212892143616.0, 2241262572667255390208.0, 1040901610218733043712.0, 2241262569522398756864.0, 1040901608758178349056.0
"Line.SBT_71840409"     ,   2, -2241098761992484683776.0, -1040810262319007006720.0
"Line.SBT_71840512"     ,   1, 3232540410.4, -180900127790509.1, 3208546604.7, 179557381234310.7, 3158713316.1, 176768599925283.2
"Line.SBT_71840512"     ,   2, -2514199354.6, -2769133720.1
"Line.SBT_71840973"     ,   1, 396409082490332905472.0, 184087347279346302976.0, 396409081644767576064.0, 184087346886676480000.0, 396409079888593354752.0, 184087346071131488256.0
"Line.SBT_71840973"     ,   2, -396359163871227674624.0, -184065522761385672704.0
"Line.SBT_71840989"     ,   1, 1467960783.8, -334577604934853.1, 1457516569.5, 332197159725207.6, 1442172600.3, 328699962441901.1
"Line.SBT_71840989"     ,   2, -1052263299.7, 4627558325.3
"Line.SBT_71841349"     ,   1, 1877277056.1, 2596242494.7,      0.0,      0.0,      0.0,      0.0
"Line.SBT_71841349"     ,   2, -1029348432.3, -585745766657494.1
"Line.SBT_71841360"     ,   1, 31231481872307134464.0, 14501566287877335040.0, 31231479712874790912.0, 14501565285198327808.0, 31231476540375425024.0, 14501563812126697472.0
"Line.SBT_71841360"     ,   2, -31231419359132839936.0, -14501866047959115776.0
"Line.SBT_71841577"     ,   1, 3286674528.5, -250981580329608.2, 3255499545.7, 248600953225277.2, 3209699262.2, 245103488713976.0
"Line.SBT_71841577"     ,   2, 1837617408.5, 3053223134.3
"Line.SBT_71841586"     ,   1, 33380902699401564160.0, 15489470026221023232.0, 33380900539871367168.0, 15489469024151709696.0, 33380897367228243968.0, 15489467551975806976.0
"Line.SBT_71841586"     ,   2, -33380831291417591808.0, -15489764770890708992.0
"Line.SBT_71841774"     ,   1, 2288957155.9, -347228336658949.6, 2273021624.0, 344810961475225.2, 2249610163.6, 341259509044815.2
"Line.SBT_71841774"     ,   2, -645179183.9, -1039300595.4
"Line.SBT_71841886"     ,   1, 2752883492.1, -354540721132977.2, 2733932131.7, 352099997071792.7, 2706090009.6, 348514241969558.6
"Line.SBT_71841886"     ,   2, -2735776453.4, -3178420668.2
"Line.SBT_71842030"     ,   1, 2752883492.1, -354540721132977.2, 2733932131.7, 352099997071792.7, 2706090009.6, 348514241969558.6
"Line.SBT_71842030"     ,   2, -2735776453.4, -3178420668.2
"Line.SBT_71842074"     ,   1, -142341307476850327552.0, -66104977584938147840.0, 142341306149978980352.0, 66104976968723480576.0, 142341304778128932864.0, 66104976331620188160.0
"Line.SBT_71842074"     ,   2, 142378752144313810944.0, 66132364751227191296.0
"Line.SBT_71842079"     ,   1, -191030262592134578176.0, 226192145518629650432.0, 191030262267819589632.0, 226192145134619787264.0, 191030261932510871552.0, 226192144737592639488.0
"Line.SBT_71842079"     ,   2, 191098194097975721984.0, -226120323177302261760.0
"Line.SBT_71842168"     ,   1, 1912991667.4, -334257741739793.8, 1899393685.3, 331881761299935.1, 1879416403.0, 328391123369772.3
"Line.SBT_71842168"     ,   2, -2121009414.1, -2120466240.1
"Line.SBT_71842271"     ,   1, 913974353.7, -1126905645488134.8, 912745865.7, 1125390952982581.6, 911475734.0, 1123824914968365.6
"Line.SBT_71842271"     ,   2, -537855824.5, 1040447873805264.4
"Line.SBT_71842562"     ,   1, 78350239569011277824.0, 36387622236734701568.0, 78350238868649607168.0, 36387621911470911488.0, 78350237839723184128.0, 36387621433614225408.0
"Line.SBT_71842562"     ,   2, -78345252515116826624.0, -36385157873307582464.0
"Line.SBT_71842601"     ,   1, 20682984562128249159680.0, -7613700169198882258944.0, 20682984560074101358592.0, 7613700168442721599488.0, 20682984557056282853376.0, 7613700167331819290624.0
"Line.SBT_71842601"     ,   2, -20668892068326045384704.0, 7621572889884245360640.0
"Line.SBT_71842606"     ,   1, -122655353.0, -644096427774703.6, 122210389.6, 641759804634536.5, 121556678.0, 638326987922439.0
"Line.SBT_71842606"     ,   2, 645640614.3, -25136310.2
"Line.SBT_71842689"     ,   1, 74512958126071463936.0, 34605440892365627392.0, 74512957428155334656.0, 34605440568238170112.0, 74512956402821742592.0, 34605440092050923520.0
"Line.SBT_71842689"     ,   2, -74509551485207871488.0, -34603778872675946496.0
"Line.SBT_71842698"     ,   1, 2456606631.5, -321447371332223.2, 2438772376.8, 319113756243882.1, 2412571434.7, 315685358768417.9
"Line.SBT_71842698"     ,   2, -957251761.4, -1201474898.8
"Line.SBT_71842848"     ,   1, 2456606631.5, -321447371332223.2, 2438772376.8, 319113756243882.1, 2412571434.7, 315685358768417.9
"Line.SBT_71842848"     ,   2, -957251761.4, -1201474898.8
"Line.SBT_71843042"     ,   1, 78786142822086721536.0, 36590065905232441344.0, 78786142119779516416.0, 36590065579065098240.0, 78786141087994839040.0, 36590065099880968192.0
"Line.SBT_71843042"     ,   2, -78781128021722841088.0, -36587587484445687808.0
"Line.SBT_71843137"     ,   1, 80103199576147542016.0, 37201904975638904832.0, 80103198776506777600.0, 37201904604265971712.0, 80103197601725890560.0, 37201904058668711936.0
"Line.SBT_71843137"     ,   2, -80099200882678480896.0, -37199727820496019456.0
"Line.SBT_71843381"     ,   1, 61096869103010643968.0, 28374718697933119488.0, 61096868484550524928.0, 28374718410706747392.0, 61096867575948615680.0, 28374717988732203008.0
"Line.SBT_71843381"     ,   2, -61092980239253716992.0, -28372845364819857408.0
"Line.SBT_71843732"     ,   1, 61236776038098239488.0, 28439695150593269760.0, 61236775418930405376.0, 28439694863038218240.0, 61236774509288783872.0, 28439694440580792320.0
"Line.SBT_71843732"     ,   2, -61232878267659345920.0, -28437816906882179072.0
"Line.SBT_71844263"     ,   1, 61453306801249705984.0, 28540257731353010176.0, 61453306180988166144.0, 28540257443290005504.0, 61453305269739732992.0, 28540257020086333440.0
"Line.SBT_71844263"     ,   2, -61449395250754224128.0, -28538371876473978880.0
"Line.SBT_71844703"     ,   1, -268755451.7, -299147211621307.8, 266761790.0, 296928099993124.4, 263832830.1, 293667923650484.6
"Line.SBT_71844703"     ,   2, -3407796145.2, -323480128.1
"Line.SBT_71845097"     ,   1, 3095791540.3, -299232639334004.4, 3072823210.0, 297012569273735.6, 3039079613.5, 293750984864204.9
"Line.SBT_71845097"     ,   2, -1121939671.3, -2122281226.1
"Line.SBT_71845537"     ,   1, 1540478513.9, -299365299141575.9, 1529047950.8, 297143967325171.4, 1512254901.4, 293880529224527.6
"Line.SBT_71845537"     ,   2, -3251470826.8, -544286134.0
"Line.SBT_71845880"     ,   1, 5668994531.5, -301048595868479.0, 5626994679.3, 298818218599162.5, 5565291192.7, 295541491499796.3
"Line.SBT_71845880"     ,   2, -4448556176.7, -3088707328.1
"Line.SBT_71845986"     ,   1, 252159485037644087296.0, 117083386118472302592.0, 252159482992421306368.0, 117083385168828841984.0, 252159479987711344640.0, 117083383773673635840.0
"Line.SBT_71845986"     ,   2, -252154941549200932864.0, -117081148517798592512.0
"Line.SBT_71846101"     ,   1, 1797828131.4, -301392104970087.6, 1784509007.6, 299159255962412.8, 1764941406.0, 295878897543730.0
"Line.SBT_71846101"     ,   2, 1167949620.0, 701810788.6
"Line.SBT_71846329"     ,   1, 4122101347.6, -302880137498000.1, 4091618457.1, 300640342479217.8, 4046834951.3, 297349779426932.7
"Line.SBT_71846329"     ,   2, -2025297266.8, 17700472.2
"Line.SBT_71846383"     ,   1, -77246078.2, -300330517515280.1, 76673046.8, 298102587980537.4, 75831185.8, 294829456935668.4
"Line.SBT_71846383"     ,   2, -693210075.3, -3133808424.9
"Line.SBT_71846514"     ,   1, -115907324.9, -309778417199390.5, 115061730.9, 307518449778943.9, 113819438.4, 304198250729152.0
"Line.SBT_71846514"     ,   2, -1967657723.4, -2072915627.0
"Line.SBT_71846684"     ,   1, 948812717.6, -313971707022509.5, 941943381.4, 311698574347818.6, 931851393.8, 308359033751667.8
"Line.SBT_71846684"     ,   2, -3183499455.2, -1475183886.8
"Line.SBT_71846893"     ,   1, 824005864.3, -303582584777877.3, 817905016.9, 301334893222505.6, 808942043.6, 298032729085601.4
"Line.SBT_71846893"     ,   2, -2918511856.7, -790374751.6
"Line.SBT_71847111"     ,   1, 5859736113.8, -318136113800453.2, 5817624194.1, 315849778341337.5, 5755756065.3, 312490841061895.9
"Line.SBT_71847111"     ,   2, -5134021562.9, -1321279177.5
"Line.SBT_71847334"     ,   1, -12271545445844032421888.0, -16431330278487602757632.0, 12271545445118533173248.0, 16431330277516174688256.0, 12271545444052676640768.0, 16431330276089014517760.0
"Line.SBT_71847334"     ,   2, 12323000302930860441600.0, 16460075196777804857344.0
"Line.SBT_71847339"     ,   1, -1653585437.7, -304774246155268.1, 1640829756.1, 302423231705125.2, 1623334809.3, 299198717815008.5
"Line.SBT_71847339"     ,   2, 685525939.5, 453241549.9
"Line.SBT_71847426"     ,   1, -1473331626.0, -2486600029514487.0, 1472005393.7, 2484361694809719.5, 1470056978.3, 2481073277157035.5
"Line.SBT_71847426"     ,   2, 1977359230.5, 1958826024643317.8
"Line.SBT_71847617"     ,   1, 1885753349.4, -317566956482052.8, 1872194438.8, 315283592133261.8, 1852274557.8, 311929019818371.5
"Line.SBT_71847617"     ,   2, -3162168938.7, -173735642.1
"Line.SBT_71848206"     ,   1, 1833996180.1, -296335799871163.6, 1820351441.2, 294131092645387.4, 1800305466.7, 290892078326037.3
"Line.SBT_71848206"     ,   2, -2080100482.0, -3496215122.8
"Line.SBT_71848350"     ,   1, 52960489461583093760.0, 24595957503813398528.0, 52960488873191219200.0, 24595957230551920640.0, 52960488008763645952.0, 24595956829093699584.0
"Line.SBT_71848350"     ,   2, -52957261125514534912.0, -24594448941922369536.0
"Line.SBT_71848437"     ,   1, 670439060.0, -290741487520500.1, 665430511.5, 288569488718530.4, 658072273.6, 285378527515636.5
"Line.SBT_71848437"     ,   2, -614154387.2, 1294095308.9
"Line.SBT_71848503"     ,   1, 510867003.0, -288313971913689.8, 507042381.9, 286155500728446.9, 501423494.1, 282984413431608.6
"Line.SBT_71848503"     ,   2, -2646230227.9, -1334769226.7
"Line.SBT_71848630"     ,   1, 4810324410.9, -287340292600051.2, 4774268313.9, 285186514898301.8, 4721297010.9, 282022322966102.2
"Line.SBT_71848630"     ,   2, -3330432551.1, -3963386755.3
"Line.SBT_71848721"     ,   1, 375924461.4, -295221571728451.2, 373134098.9, 293030239966513.5, 369034677.4, 289810876019963.1
"Line.SBT_71848721"     ,   2, -1671184248.8, -1157556256.3
"Line.SBT_71848819"     ,   1, 1028055866.4, -286917810672884.2, 1020345857.9, 284766041649118.1, 1009018808.3, 281604800737659.2
"Line.SBT_71848819"     ,   2, -1111795987.6, -1233578169.9
"Line.SBT_71849092"     ,   1, 45707121166960427008.0, 21227309482631102464.0, 45707120620344049664.0, 21227309228771426304.0, 45707119817290358784.0, 21227308855817084928.0
"Line.SBT_71849092"     ,   2, -45704334977309343744.0, -21226039873358483456.0
"Line.SBT_71849239"     ,   1, 1693981859.9, -10808778184124.3, 1586353231.6, 10122032949461.5, 1362816849.7, 8695715923623.6
"Line.SBT_71849239"     ,   2, -1664483650.1, -737354745.6
"Line.SBT_71849389"     ,   1, 241874162050366537728.0, 111767284531391578112.0, 241874161495413161984.0, 111767284274953977856.0, 241874160680111341568.0, 111767283898212319232.0
"Line.SBT_71849389"     ,   2, -241858389695627001856.0, -111758547321859866624.0
"Line.SBT_71849394"     ,   1, 3698566106.9, -295815239041135.2, 3671197914.1, 293626301959254.7, 3630990322.2, 290410456122911.7
"Line.SBT_71849394"     ,   2, -5756835973.2, -3261062071.9
"Line.SBT_71849432"     ,   1, -2860271243.2, -439037946342673.4, 2849694829.3, 437414517434268.2, 2834156641.1, 435029479902166.9
"Line.SBT_71849432"     ,   2, 880406804.7, 143726317459909.3
"Line.SBT_71849521"     ,   1, 497602486794786177024.0, 721571928997207080960.0, 497602485801537306624.0, 721571927556899733504.0, 497602483738635730944.0, 721571924565492105216.0
"Line.SBT_71849521"     ,   2, -497043147865725992960.0, -721328185926490390528.0
"Line.SBT_71849718"     ,   1, 204506886.4, -297987987009212.1, 203003009.1, 295796680090299.7, 200793609.2, 292577352641527.1
"Line.SBT_71849718"     ,   2, 255197160.4, 627026334.9
"Line.SBT_71850264"     ,   1, 123694716791926931456.0, 57447677969901854720.0, 123694716143999172608.0, 57447677668984029184.0, 123694715192105304064.0, 57447677226894876672.0
"Line.SBT_71850264"     ,   2, -123680764223694782464.0, -57439908463854067712.0
"Line.SBT_71850339"     ,   1, -1167639451.6, -301862958261828.5, 1159122061.0, 299661007371334.5, 1146608857.5, 296426042482831.1
"Line.SBT_71850339"     ,   2, -1475999454.6, -1470855862.1
"Line.SBT_71850405"     ,   1, 171394791996271263744.0, 47702532666369335296.0, 171394791522981806080.0, 47702532534643597312.0, 171394790827655331840.0, 47702532341120598016.0
"Line.SBT_71850405"     ,   2, -171352194744347590656.0, -47678760844258426880.0
"Line.SBT_71850494"     ,   1, 288265240.7, -299630354390645.6, 286155555.9, 297437493461720.6, 283056142.6, 294215882961201.2
"Line.SBT_71850494"     ,   2, -248539996.0, 1542564076.2
"Line.SBT_71850564"     ,   1, 118608051.4, -24949191194735.2, 115499811.5, 24295373248735.8, 110933384.9, 23334825895971.3
"Line.SBT_71850564"     ,   2, -145465270.6, -122355977.3
"Line.SBT_71850753"     ,   1, 1655852829.3, -297246428666035.4, 1643690131.0, 295063071200371.0, 1625821475.4, 291855422577975.1
"Line.SBT_71850753"     ,   2, -2467831784.1, -2410279778.4
"Line.SBT_71850852"     ,   1, -2673224868.1, -1777059431362635.2, 2669946624.0, 1774880177892859.8, 2665130438.3, 1771678558597757.5
"Line.SBT_71850852"     ,   2, 2608479528.3, 1480880333052292.5
"Line.SBT_71850971"     ,   1, 3458202581.8, -308768122989198.5, 3433289491.7, 306543739692253.4, 3396688779.1, 303275818552297.1
"Line.SBT_71850971"     ,   2, -1103258197.5, -862333845.8
"Line.SBT_71851238"     ,   1, 22394790556948201472.0, 10400707775856121856.0, 22394790174331289600.0, 10400707598159138816.0, 22394789612215083008.0, 10400707337098141696.0
"Line.SBT_71851238"     ,   2, -22393425427385360384.0, -10399970562308855808.0
"Line.SBT_71851368"     ,   1, 2208857565.3, -315201539291822.6, 2193122722.4, 312956194557483.7, 2170006101.4, 309657478219380.8
"Line.SBT_71851368"     ,   2, -2528334888.6, -2863329512.5
"Line.SBT_71851612"     ,   1, -3650907732398423146496.0, 356827806845574053888.0, 3650907731689983705088.0, 356827806776333500416.0, 3650907730649189711872.0, 356827806674609700864.0
"Line.SBT_71851612"     ,   2, 3660702546273014644736.0, -351355422271691685888.0
"Line.SBT_71851672"     ,   1, 2427257333157934080.0, 1126763607659482496.0, 2427256741173721088.0, 1126763332852910336.0, 2427255871468519936.0, 1126762929124736640.0
"Line.SBT_71851672"     ,   2, -2427252307543632896.0, -1126785961101179904.0
"Line.SBT_71851710"     ,   1, 369661161372625797120.0, 55048652591946153984.0, 369661161144255250432.0, 55048652557938008064.0, 369661160669947101184.0, 55048652487305691136.0
"Line.SBT_71851710"     ,   2, -369105580844822626304.0, -54804282550868803584.0
"Line.SBT_71851726"     ,   1, 3148745647.5, -322821695872462.1, 3126603691.9, 320551616146986.1, 3094074152.2, 317216560747829.8
"Line.SBT_71851726"     ,   2, -3347029508.1, -2380739691.1
"Line.SBT_71851776"     ,   1, 209852267.0, -24353728579918.6, 204278139.3, 23706841150293.3, 196088988.7, 22756475667263.4
"Line.SBT_71851776"     ,   2, -280255720.1, -227586056.5
"Line.SBT_71851874"     ,   1, 17927091903379064832.0, 8325715133964342272.0, 17927091321280323584.0, 8325714863625553920.0, 17927090466098223104.0, 8325714466461161472.0
"Line.SBT_71851874"     ,   2, -17926808347375656960.0, -8325581078019685376.0
"Line.SBT_71851989"     ,   1, 3513506922459518992384.0, -2153635864075145576448.0, 3513506921837924188160.0, 2153635863694133690368.0, 3513506920924717252608.0, 2153635863134374985728.0
"Line.SBT_71851989"     ,   2, -3477687845543356661760.0, 2165723796517232050176.0
"Line.SBT_71851994"     ,   1, 98416482.4, -31959271055084.0, 96390276.8, 31301291281878.8, 93413505.6, 30334629639762.5
"Line.SBT_71851994"     ,   2, -81210483.3, 38923720.7
"Line.SBT_71852032"     ,   1, 70467254.4, -205360862440645.3, 70245627.1, 204714979762243.7, 69920026.5, 203766090395209.1
"Line.SBT_71852032"     ,   2, -36629690.2, 180775231938598.0
"Line.SBT_71852390"     ,   1, -842859028975199977472.0, 36824081301505478656.0, 842859028292298997760.0, 36824081271669882880.0, 842859027289024626688.0, 36824081227837337600.0
"Line.SBT_71852390"     ,   2, 843212157696014548992.0, -36626812793738973184.0
"Line.SBT_71852473"     ,   1, 36783183464456028160.0, 17073561568631896064.0, 36783183072839008256.0, 17073561386855968768.0, 36783182497500426240.0, 17073561119802447872.0
"Line.SBT_71852473"     ,   2, -36779667994600333312.0, -17071624280259948544.0
"Line.SBT_71852555"     ,   1, 50493054.8, -26511761142024.7, 49211328.0, 25838780746410.8, 47328297.2, 24850081152854.4
"Line.SBT_71852555"     ,   2, -127299911.6, -190587733.4
"Line.SBT_71852664"     ,   1, -53557786.4, -220790541237218.5, 53394886.3, 220118990061498.5, 53155564.0, 219132390186058.1
"Line.SBT_71852664"     ,   2, 16680800.7, 194357677288072.2
"Line.SBT_71853316"     ,   1, -441001461.9, -216844047558289.3, 439561892.3, 216136199343417.2, 437446969.1, 215096274188234.7
"Line.SBT_71853316"     ,   2, 353109728.5, 202453805765302.9
"Line.SBT_71855272"     ,   1, 323715877255987855360.0, 149551161235004915712.0, 323715876869190451200.0, 149551161056311181312.0, 323715876300932513792.0, 149551160793785794560.0
"Line.SBT_71855272"     ,   2, -323576324312371494912.0, -149473216542019190784.0
"Line.SBT_71855554"     ,   1, -708431897131197661184.0, 97375115812366073856.0, 708431896164563812352.0, 97375115679500681216.0, 708431894744447582208.0, 97375115484303392768.0
"Line.SBT_71855554"     ,   2, 708808772458751197184.0, -97164475107404365824.0
"Line.SBT_71858889"     ,   1, -759104.8, -164750662060.4, 701238.3, 152191726911.0, 616224.5, 133740945642.1
"Line.SBT_71858889"     ,   2, 778287.4, 155366483874.0
"Line.SBT_71859448"     ,   1,   1915.2, -1284042354.7,      0.0,      0.0,      0.0,      0.0
"Line.SBT_71859448"     ,   2,  -3766.6,  -5077.8
"Line.SBT_71859502"     ,   1,  19418.8, -1284016114.5,      0.0,      0.0,      0.0,      0.0
"Line.SBT_71859502"     ,   2,  -8514.1, -20292.6
"Line.SBT_71898018"     ,   1, -195392639.0, -4463374237808370.5, 195313002.5, 4461555093694719.5, 195147603.7, 4457776871304829.0
"Line.SBT_71898018"     ,   2, 440235333.7, 2247418858245728.8
"Line.SBT_71898102"     ,   1, -699644011384085373701467406336.0, -14840301309819587457357709312.0, 699644011384060040953563447296.0, 14840301309819050895683354624.0, 699644011384022886256637640704.0, 14840301309818263645357867008.0
"Line.SBT_71898102"     ,   2, 699755540853996604908680249344.0, 14921760884852490913722662912.0
"Line.SBT_71898113"     ,   1, -20298389.7, -45681477831055.1, 19946730.0, 44890068591755.2, 19430094.2, 43727380943894.9
"Line.SBT_71898113"     ,   2, -158757130.5, 116726607.8
"Line.SBT_71898124"     ,   1, 108808318.8, -147700086692734.8, 107874389.1, 146432339025877.5, 105934689.0, 143799324640866.1
"Line.SBT_71898124"     ,   2, -98285151.6, -1281618691.5
"Line.SBT_71898253"     ,   1, 648848993997206847488.0, -165663240909347454976.0, 648848993219603595264.0, 165663240710810861568.0, 648848992077198917632.0, 165663240419133652992.0
"Line.SBT_71898253"     ,   2, -648731942807417389056.0, 165728600526231896064.0
"Line.SBT_71898258"     ,   1, -902704316831866814464.0, 117439737306636451840.0, 902704315815802175488.0, 117439737174448799744.0, 902704314323065241600.0, 117439736980247183360.0
"Line.SBT_71898258"     ,   2, 902881620387284123648.0, -117340733241046630400.0
"Line.SBT_105097082"    ,   1, 22934479812.8, -3448291604381051.5, 22923934413.7, 3446706061071364.0, 22898529588.7, 3442886343098027.0
"Line.SBT_105097082"    ,   2, -23042317234.3, 153806127610664.8
"Line.SBT_106758926"    ,   1, 103925712910648279040.0, 48243269700513792000.0, 103925712449569226752.0, 48243269486476664832.0, 103925711338787880960.0, 48243268970841767936.0
"Line.SBT_106758926"    ,   2, -103816169833424633856.0, -48212298447181848576.0
"Line.SBT_112721966"    ,   1, -7245096860516907745280.0, 970667862375984398336.0, 7245096858437349801984.0, 970667862097373822976.0, 7245096855382194651136.0, 970667861688057069568.0
"Line.SBT_112721966"    ,   2, 7313212887659251236864.0, -947678934248979431424.0
"Line.SBT_112722010"    ,   1, -4072324793818907934720.0, 511642694757536956416.0, 4072324792467845545984.0, 511642694587790852096.0, 4072324790482950946816.0, 511642694338410774528.0
"Line.SBT_112722010"    ,   2, 4218769430372854267904.0, -462231254983398195200.0
"Line.SBT_114521435"    ,   1, -18772400196962186428416.0, 5485686712433766301696.0, 18772400195406005272576.0, 5485686711979017764864.0, 18772400191657025208320.0, 5485686710883487580160.0
"Line.SBT_114521435"    ,   2, 18793397268075698454528.0, -5479432421191548141568.0
"Line.SBT_115026675"    ,   1, -55733567504053279129600.0, 7551244593528268914688.0, 55733567502089581494272.0, 7551244593262211629056.0, 55733567498011140947968.0, 7551244592709630951424.0
"Line.SBT_115026675"    ,   2, 57920134572179571343360.0, -6589386483589462360064.0
"Line.SBT_115410994"    ,   1, -27242122986132762263552.0, 4630927930908879093760.0, 27242122983705795362816.0, 4630927930496315817984.0, 27242122980140251086848.0, 4630927929890203238400.0
"Line.SBT_115410994"    ,   2, 27909179137801634971648.0, -4405787610510177337344.0
"Line.SBT_115575207"    ,   1, -859460640372320894976.0, 2731970426575433236480.0, 859460640031097356288.0, 2731970425490784649216.0, 859460639529793748992.0, 2731970423897289392128.0
"Line.SBT_115575207"    ,   2, 885390227027894730752.0, -2722871554372340285440.0
"Line.SBT_117630663"    ,   1, 4128821312803268722688.0, -1480262771367465713664.0, 4128821311214618935296.0, 1480262770797903872000.0, 4128821307915115692032.0, 1480262769614967799808.0
"Line.SBT_117630663"    ,   2, -4117382314419012239360.0, 1485292248033514225664.0
"Line.SBT_118716874"    ,   1, 3728150871466298048512.0, 1715939557639384727552.0, 3728150869853181837312.0, 1715939556896922927104.0, 3728150865967038595072.0, 1715939555108264869888.0
"Line.SBT_118716874"    ,   2, -3687820711408985702400.0, -1703932559488556466176.0
"Line.SBT_118978487"    ,   1, -12019103077753230983168.0, -5581543382911793758208.0, 12019103076641352450048.0, 5581543382395448721408.0, 12019103074332063039488.0, 5581543381323039637504.0
"Line.SBT_118978487"    ,   2, 12170333298089831432192.0, 5648067118535593164800.0
"Line.SBT_118978515"    ,   1, 8385542782903976460288.0, 6911490192052049674240.0, 8385542781981328146432.0, 6911490191291588804608.0, 8385542780065060749312.0, 6911490189712172253184.0
"Line.SBT_118978515"    ,   2, -8222084842987786862592.0, -6839588255631691218944.0
"Line.SBT_120740539"    ,   1, -1247633938974184570880.0, 186003728453587402752.0, 1247633938404746723328.0, 186003728368692658176.0, 1247633937568165527552.0, 186003728243970801664.0
"Line.SBT_120740539"    ,   2, 1356325558261057323008.0, -149336201551050014720.0
"Line.SBT_120740544"    ,   1, 290186493343062097920.0, 134708936070100320256.0, 290186492513652113408.0, 134708935685075730432.0, 290186490515528122368.0, 134708934757516509184.0
"Line.SBT_120740544"    ,   2, -289877552613824790528.0, -134619692563397492736.0
"Line.SBT_123177931"    ,   1, 2021993665271142547456.0, 937929622871793860608.0, 2021993663827363233792.0, 937929622202076889088.0, 2021993660349167173632.0, 937929620588667863040.0
"Line.SBT_123177931"    ,   2, -2019483394469831376896.0, -937183218800750231552.0
"Line.SBT_123177940"    ,   1, -939750047684192632832.0, -436163502379687608320.0, 939750046068523794432.0, 436163501629811851264.0, 939750043694886682624.0, 436163500528142450688.0
"Line.SBT_123177940"    ,   2, 941088175981557710848.0, 436612935809764818944.0
"Line.SBT_123177953"    ,   1, 941226605606304874496.0, 436657261545345712128.0, 941226603988095205376.0, 436657260794620018688.0, 941226601610725425152.0, 436657259691701960704.0
"Line.SBT_123177953"    ,   2, -941088178759298580480.0, -436610768695511744512.0
"Line.SBT_124438789"    ,   1, -16309448274692257349632.0, 3692099094632577630208.0, 16309448272676481138688.0, 3692099094176250462208.0, 16309448269815378608128.0, 3692099093528559747072.0
"Line.SBT_124438789"    ,   2, 16370951113030965919744.0, -3628999523842442919936.0
"Line.SBT_127150602"    ,   1, -3164031347.0, -259339173652962.8, 3142834028.1, 257601739807845.1, 3091767760.0, 253416103726425.1
"Line.SBT_127150602"    ,   2, 723387425.7, 2414515172.0
"Line.SBT_127151701"    ,   1, -4052398017280831651840.0, -20532506018000887808.0, 4052398014864546070528.0, 20532506005758160896.0, 4052398011314694258688.0, 20532505987771932672.0
"Line.SBT_127151701"    ,   2, 4071541740455861420032.0, 26988228937473282048.0
"Line.SBT_127178500"    ,   1, -11177565248646549602304.0, 827291736134320390144.0, 11177565246745537937408.0, 827291735993619709952.0, 11177565242165827731456.0, 827291735654658867200.0
"Line.SBT_127178500"    ,   2, 11184942094966365093888.0, -825094448979332431872.0
"Line.SBT_127178542"    ,   1, 269756266121759031296.0, 125245178260285472768.0, 269756264425883238400.0, 125245177472907034624.0, 269756260340364247040.0, 125245175576040800256.0
"Line.SBT_127178542"    ,   2, -269700466977585102848.0, -125231507896533221376.0
"Line.SBT_127178559"    ,   1, -51711445152773183635456.0, 3361933511526160793600.0, 51711445150994110873600.0, 3361933511410497093632.0, 51711445147299105210368.0, 3361933511170273050624.0
"Line.SBT_127178559"    ,   2, 53198727804777790439424.0, -2707675482403387736064.0
"Line.SBT_136304893"    ,   1, -15217038904948009467904.0, 1300980603094115287040.0, 15217038902933759983616.0, 1300980602921907126272.0, 15217038898750319230976.0, 1300980602564243881984.0
"Line.SBT_136304893"    ,   2, 15406383474801742184448.0, -1217597249265885773824.0
"Line.SBT_136505433"    ,   1, -9282664464732982870016.0, 1671222979272971386880.0, 9282664462993459249152.0, 1671222978959792668672.0, 9282664458802788564992.0, 1671222978205317070848.0
"Line.SBT_136505433"    ,   2, 9357026465647731671040.0, -1649070524423966294016.0
"Line.SBT_137010064"    ,   1, 1779438224046074888192.0, -363574008360134967296.0, 1779438222080521011200.0, 363574007958533898240.0, 1779438219192855953408.0, 363574007368527446016.0
"Line.SBT_137010064"    ,   2, -1773271877552605233152.0, 365652368199557906432.0
"Line.SBT_139082647"    ,   1, -3842196186263406510080.0, 326460633611778785280.0, 3842196184414797430784.0, 326460633454707671040.0, 3842196179961330008064.0, 326460633076309032960.0
"Line.SBT_139082647"    ,   2, 3848448051639624925184.0, -324600158105367216128.0
"Line.SBT_140776101"    ,   1, -1750377476765867048960.0, 523133255486311497728.0, 1750377475996493807616.0, 523133255256369790976.0, 1750377474866179735552.0, 523133254918554189824.0
"Line.SBT_140776101"    ,   2, 1787788026781601366016.0, -510501154254166753280.0
"Line.SBT_140807460"    ,   1, 481254203765014724608.0, 223435506568489697280.0, 481254202230264561664.0, 223435505855939674112.0, 481254198532911792128.0, 223435504139341955072.0
"Line.SBT_140807460"    ,   2, -481049254556797632512.0, -223375750553163268096.0
"Line.SBT_141107532"    ,   1, 28873392126653565501440.0, -6233655952810862182400.0, 28873392124930834825216.0, 6233655952438931226624.0, 28873392121352858632192.0, 6233655951666459967488.0
"Line.SBT_141107532"    ,   2, -28431262246338629206016.0, 6428173400123466842112.0
"Line.SBT_142172725"    ,   1, 3801054392306109513728.0, -28680589589399470080.0, 3801054390505598091264.0, 28680589575813836800.0, 3801054386766073561088.0, 28680589547597516800.0
"Line.SBT_142172725"    ,   2, -3800700560299634196480.0, 28836068879257387008.0
"Line.SBT_143896657"    ,   1, 5749691548291.8, -279853037324771.0, 5711938261019.4, 278015482731900.1, 5620987159863.4, 273588646667256.5
"Line.SBT_143896657"    ,   2, -5751479016540.5, 8757728704146.1
"Line.SBT_144209917"    ,   1, 458487925.1, -179141463995889.6, 455113309.6, 177822926418216.6, 450155541.2, 175885815655956.2
"Line.SBT_144209917"    ,   2, -536918490.9, 168321240.7
"Line.SBT_144288293"    ,   1, 3346495047506287132672.0, 2295015358345852747776.0, 3346495046471791935488.0, 2295015357636399333376.0, 3346495043979598888960.0, 2295015355927261609984.0
"Line.SBT_144288293"    ,   2, -3320315923181045022720.0, -2287219810713447170048.0
"Line.SBT_145092386"    ,   1, -366327678176642072576.0, -53582444480791257088.0, 366327677950330863616.0, 53582444447688908800.0, 366327677480299921408.0, 53582444378937868288.0
"Line.SBT_145092386"    ,   2, 369105580844836519936.0, 54804294883390193664.0
"Line.SBT_145591558"    ,   1, 3616313815861701378048.0, -2041682990768656744448.0, 3616313814053191417856.0, 2041682989747615825920.0, 3616313811396244537344.0, 2041682988247568089088.0
"Line.SBT_145591558"    ,   2, -3581056906443744083968.0, 2053605419203400564736.0
"Line.SBT_145832146"    ,   1, 32899455.5, -12332939302302.6, 31648254.7, 11863904696795.0, 28633998.3, 10733957692617.5
"Line.SBT_145832146"    ,   2, 25860488.4, 492403321.7
"Line.SBT_145832160"    ,   1, -31162475810462015488.0, -14468153937326913536.0, 31162475340034240512.0, 14468153718916108288.0, 31162474362991947776.0, 14468153265293666304.0
"Line.SBT_145832160"    ,   2, 31167341272742785024.0, 14470183500415574016.0
"Line.SBT_147874606"    ,   1, 85640022.7, -2584195229219746.5, 85621284.9, 2583629814640344.0, 85561402.6, 2581822860355120.5
"Line.SBT_147874606"    ,   2, -57142136.8, 1938146405760598.8
"Line.SBT_147874612"    ,   1, -64704890.5, -1292097647856992.8, 64676576.0, 1291532233274293.5, 64586088.5, 1289725278978534.0
"Line.SBT_147874612"    ,   2, 82502417.5, 646048814004500.2
"Line.SBT_147874627"    ,   1, 519143483267088646144.0, 240088174229815951360.0, 519143482861182713856.0, 240088174042096730112.0, 519143481563986788352.0, 240088173442182774784.0
"Line.SBT_147874627"    ,   2, -515406772847343501312.0, -238827774555481341952.0
"Line.SBT_147874633"    ,   1, 139354698538384343040.0, 64687660240479928320.0, 139354698139787427840.0, 64687660055453507584.0, 139354696865949745152.0, 64687659464145281024.0
"Line.SBT_147874633"    ,   2, -139110384137510453248.0, -64605762306892070912.0
"Line.SBT_147874639"    ,   1, 139501287040006930432.0, 64736798607928442880.0, 139501286640990453760.0, 64736798422761340928.0, 139501285365811953664.0, 64736797831003545600.0
"Line.SBT_147874639"    ,   2, -139354698538407739392.0, -64687660240563273728.0
"Line.SBT_147874645"    ,   1, 209869477300485718016.0, 97360568297220718592.0, 209869476900648026112.0, 97360568111731982336.0, 209869475622845022208.0, 97360567518946279424.0
"Line.SBT_147874645"    ,   2, -209428927777242447872.0, -97212337069682180096.0
"Line.SBT_147874657"    ,   1, 444118542839849877504.0, 205720178008196612096.0, 444118542436839981056.0, 205720177821518364672.0, 444118541148899311616.0, 205720177224931278848.0
"Line.SBT_147874657"    ,   2, -441760504448905641984.0, -204924944152330862592.0
"Line.SBT_147874663"    ,   1, 595905870256212934656.0, 275168056512094896128.0, 595905869847264624640.0, 275168056323257171968.0, 595905868540345974784.0, 275168055719768784896.0
"Line.SBT_147874663"    ,   2, -591419183551631982592.0, -273654515886187872256.0
"Line.SBT_147874669"    ,   1, -18844332.8, -646048807736187.1, 18827840.4, 645483393155237.9, 18775134.1, 643676438865071.2
"Line.SBT_147874669"    ,   2, -31397296.2, -57780206.7
"Line.SBT_147874675"    ,   1, 108652423.9, -1938146402684368.2, 108620726.8, 1937580988099240.8, 108519429.0, 1935774033795721.5
"Line.SBT_147874675"    ,   2, -35717594.1, 1292097598782275.8
"Line.SBT_147874772"    ,   1, -582113398391941169152.0, -537758383545102761984.0, 582113398238383570944.0, 537758383403245699072.0, 582113397747643318272.0, 537758382949898190848.0
"Line.SBT_147874772"    ,   2, 583644945336478531584.0, 538299759741882269696.0
"Line.SBT_147874832"    ,   1, -300111441.3, 2584195104624732.0, 300045777.8, 2583629690043689.0, 299835930.0, 2581822735753223.0
"Line.SBT_147874832"    ,   2, 338125051.7, -3214092662189040.0
"Line.SBT_147874856"    ,   1, -350559248307361677312.0, -337162764047582035968.0, 350559247982708981760.0, 337162763735335829504.0, 350559246945182613504.0, 337162762737458085888.0
"Line.SBT_147874856"    ,   2, 353355899231461965824.0, 338105880277007794176.0
"Line.SBT_150654901"    ,   1, 299260873326755577856.0, 2533307222330643054592.0, 299260873184387399680.0, 2533307221125465899008.0, 299260872982316384256.0, 2533307219414891888640.0
"Line.SBT_150654901"    ,   2, -283097244278094168064.0, -2516804025093694423040.0
"Line.SBT_151447965"    ,   1, 241858389676192399360.0, 111758843149869842432.0, 241858389274277085184.0, 111758842964151287808.0, 241858388306026528768.0, 111758842516738392064.0
"Line.SBT_151447965"    ,   2, -239639864949132427264.0, -111103549463994286080.0
"Line.SBT_151855851"    ,   1, 43657624804755037487104.0, -8258056626524940926976.0, 43657624802345619554304.0, 8258056626069187854336.0, 43657624798925802176512.0, 8258056625422312931328.0
"Line.SBT_151855851"    ,   2, -43529152236785340776448.0, 8389057897963230068736.0
"Line.SBT_151855862"    ,   1, 367732726634207051776.0, 1502554221786457178112.0, 367732726059367596032.0, 1502554219437665812480.0, 367732725243466481664.0, 1502554216103897726976.0
"Line.SBT_151855862"    ,   2, -366229783030536142848.0, -1501024851812338106368.0
"Line.SBT_151856020"    ,   1, 2073669182845901864960.0, 2621981557180789686272.0, 2073669182361507987456.0, 2621981556568313823232.0, 2073669181673981345792.0, 2621981555698993987584.0
"Line.SBT_151856020"    ,   2, -2058845982418296373248.0, -2606861594091290886144.0
"Line.SBT_151856029"    ,   1, 2058845982418138038272.0, 2606861594090996236288.0, 2058845981937206558720.0, 2606861593482052501504.0, 2058845981254594592768.0, 2606861592617745383424.0
"Line.SBT_151856029"    ,   2, -2042675217145216368640.0, -2590367085586329632768.0
"Line.SBT_151856038"    ,   1, -45731293987601886740480.0, 5636075069340161933312.0, 45731293984986159382528.0, 5636075069017791922176.0, 45731293981273529253888.0, 5636075068560234250240.0
"Line.SBT_151856038"    ,   2, 45901566761231540289536.0, -5462438664837785452544.0
"Line.SBT_151885223"    ,   1, -5005262969094074793984.0, 684218447667484033024.0, 5005262967342576435200.0, 684218447428054548480.0, 5005262963123056279552.0, 684218446851246915584.0
"Line.SBT_151885223"    ,   2, 5020653447578902331392.0, -679635559552600506368.0
"Line.SBT_152473422"    ,   1, -54088427234915120054272.0, 14045700763116365676544.0, 54088427232654608302080.0, 14045700762529356054528.0, 54088427229333608726528.0, 14045700761666956820480.0
"Line.SBT_152473422"    ,   2, 54215152642726125633536.0, -13974906402438763249664.0
"Line.SBT_152473457"    ,   1, -19805038281824982269952.0, 3592059628258714451968.0, 19805038279532673499136.0, 3592059627842956165120.0, 19805038276164961959936.0, 3592059627232150683648.0
"Line.SBT_152473457"    ,   2, 20372050586960975101952.0, -3275299468958218321920.0
"Line.SBT_152473469"    ,   1, -33881420878705313447936.0, 5614874989396201832448.0, 33881420876396248432640.0, 5614874989013540798464.0, 33881420873003924717568.0, 5614874988451359358976.0
"Line.SBT_152473469"    ,   2, 34892639474548832468992.0, -5049957949867191959552.0
"Line.SBT_152473484"    ,   1, 3505911525409349959680.0, 1629678701716069154816.0, 3505911523204086104064.0, 1629678700690980208640.0, 3505911519964254175232.0, 1629678699184985210880.0
"Line.SBT_152473484"    ,   2, -3488915229132037029888.0, -1620191611114267082752.0
"Line.SBT_152473516"    ,   1, -3074533639403479236608.0, 382681266139848114176.0, 3074533637006489550848.0, 382681265841499406336.0, 3074533633484985466880.0, 382681265403184611328.0
"Line.SBT_152473516"    ,   2, 3087635821083076067328.0, -375371646288759160832.0
"Line.SBT_152473528"    ,   1, -38217218208673015267328.0, 7416530133554057707520.0, 38217218206390231760896.0, 7416530133111054270464.0, 38217218203036508225536.0, 7416530132460222021632.0
"Line.SBT_152473528"    ,   2, 38749912591281118248960.0, -7118941335474719948800.0
"Line.SBT_152953712"    ,   1, -54817891069903624994816.0, 9602608820406018113536.0, 54817891067398375604224.0, 9602608819967165988864.0, 54817891063717823512576.0, 9602608819322434355200.0
"Line.SBT_152953712"    ,   2, 60403847006258292850688.0, -7716857561370560823296.0
"Line.SBT_154492601"    ,   1, -8433225567229569925120.0, 645213016105561358336.0, 8433225563237389434880.0, 645213015800125849600.0, 8433225562056118239232.0, 645213015709748559872.0
"Line.SBT_154492601"    ,   2, 8483591362017753038848.0, -575202222909175562240.0
"Line.SBT_154779024"    ,   1, 697358300.5, -167319988602800.8, 690171859.8, 165595716897908.1, 672859070.7, 161441789608848.5
"Line.SBT_154779024"    ,   2, 775879998.0, -476537853.2
"Line.SBT_155537346"    ,   1, -2912512755254045966336.0, 247402667585903788032.0, 2912512752872955838464.0, 247402667383642685440.0, 2912512749374811406336.0, 247402667086493712384.0
"Line.SBT_155537346"    ,   2, 2915122498639127117824.0, -245946530077771530240.0
"Line.SBT_155537359"    ,   1, -53932672.2, -2631678990109479.0, 53881154.6, 2629165155925631.5, 53805468.3, 2625471992124669.5
"Line.SBT_155537359"    ,   2, -8242205.0, -2111804.4
"Line.SBT_155537371"    ,   1, 80035611758325268480.0, 37170620052415348736.0, 80035611042877915136.0, 37170619720142987264.0, 80035609991788576768.0, 37170619231989760000.0
"Line.SBT_155537371"    ,   2, -80030624987433664512.0, -37167879756337586176.0
"Line.SBT_155537384"    ,   1, -25355159902331984674816.0, 3113849999385877807104.0, 25355159899959560503296.0, 3113849999094522052608.0, 25355159896474144210944.0, 3113849998666480746496.0
"Line.SBT_155537384"    ,   2, 25381095426957663797248.0, -3099361479803578351616.0
"Line.SBT_155653031"    ,   1, -7170448669375050285056.0, 804188589793069760512.0, 7170448667464865677312.0, 804188589578836508672.0, 7170448663497558458368.0, 804188589133890453504.0
"Line.SBT_155653031"    ,   2, 7183659458211164979200.0, -798379150298404487168.0
"Line.SBT_156097992"    ,   1, -15567636741538745155584.0, 1194478808127472926720.0, 15567636739678957207552.0, 1194478807984774578176.0, 15567636737039259402240.0, 1194478807782234783744.0
"Line.SBT_156097992"    ,   2, 15665560628060829515776.0, -1093492740498975621120.0
"Line.SBT_156450852"    ,   1, 1034955522462444683264.0, 480627951341752352768.0, 1034955520833777565696.0, 480627950585407799296.0, 1034955516910170275840.0, 480627948763305082880.0
"Line.SBT_156450852"    ,   2, -1034855940348119220224.0, -480598537631719292928.0
"Line.SBT_157299631"    ,   1, 935307267.7, -294954776032376.4, 929417217.6, 293097313289144.4, 915227551.5, 288622516680449.2
"Line.SBT_157299631"    ,   2, -467694340.0, 597392275.4
"Line.SBT_157604145"    ,   1, -1281929924496917790720.0, 712196415478911205376.0, 1281929923097632964608.0, 712196414701516357632.0, 1281929919726628634624.0, 712196412828701687808.0
"Line.SBT_157604145"    ,   2, 1284526557767637663744.0, -711424144073102721024.0
"Line.SBT_157604152"    ,   1, -8015141145927575666688.0, 712756203356490956800.0, 8015141144350299258880.0, 712756203216229761024.0, 8015141140550495764480.0, 712756202878327586816.0
"Line.SBT_157604152"    ,   2, 8079733288965884608512.0, -693494593854627119104.0
"Line.SBT_157604177"    ,   1, -2301770451.3, -1533684998779303.0, 2298126723.2, 1531257158467462.5, 2292773591.8, 1527690331342659.8
"Line.SBT_157604177"    ,   2, 1968805894.4, 351677946094267.6
"Line.SBT_157604289"    ,   1, -1792080423549358047232.0, -813668788357735383040.0, 1792080423050230104064.0, 813668788131113467904.0, 1792080421847786061824.0, 813668787585160708096.0
"Line.SBT_157604289"    ,   2, 1830328952455019626496.0, 825059036704775733248.0
"Line.SBT_157604295"    ,   1, 1651528314217124331520.0, 748394133908465647616.0, 1651528313718704701440.0, 748394133682605654016.0, 1651528312517966692352.0, 748394133138488164352.0
"Line.SBT_157604295"    ,   2, -1621026184864881180672.0, -739310989286179995648.0
"Line.SBT_157604301"    ,   1, -1515967219419689779200.0, -695778635784573026304.0, 1515967218941035020288.0, 695778635564886392832.0, 1515967217787911798784.0, 695778635035641118720.0
"Line.SBT_157604301"    ,   2, 1547519622733809057792.0, 705174393305282904064.0
"Line.SBT_157604313"    ,   1, 328036214242605268992.0, 151899721968290299904.0, 328036213648834297856.0, 151899721693340041216.0, 328036212218385924096.0, 151899721030959792128.0
"Line.SBT_157604313"    ,   2, -326523207014714179584.0, -151453244556365692928.0
"Line.SBT_157604325"    ,   1, -116458324893097082880.0, -54071419011355181056.0, 116458324446127423488.0, 54071418803827867648.0, 116458323369336930304.0, 54071418303875710976.0
"Line.SBT_157604325"    ,   2, 116711158538239934464.0, 54143719380856225792.0
"Line.SBT_157604331"    ,   1, 58200125144645156864.0, 27015104413153497088.0, 58200124697659392000.0, 27015104205673406464.0, 58200123620830035968.0, 27015103705835008000.0
"Line.SBT_157604331"    ,   2, -58133661105429741568.0, -26998476272933146624.0
"Line.SBT_157604337"    ,   1, 7954417236637297672192.0, -740957644529137745920.0, 7954417235071970836480.0, 740957644383326830592.0, 7954417231300955996160.0, 740957644032055050240.0
"Line.SBT_157604337"    ,   2, -7912202144195319693312.0, 753546455034722910208.0
"Line.SBT_157604343"    ,   1, 346176485.9, -2295095946604413.5, 345941442.0, 2293537642500708.5, 345375199.9, 2289783546250874.0
"Line.SBT_157604343"    ,   2, -283883413.2, 51274257.5
"Line.SBT_158892448"    ,   1, -2827927729690457931776.0, 1617716826360673206272.0, 2827927728085014675456.0, 1617716825442278965248.0, 2827927724750632648704.0, 1617716823534844772352.0
"Line.SBT_158892448"    ,   2, 2836049561737183625216.0, -1614039028124937879552.0
"Line.SBT_159359534"    ,   1, 2285201838675390627840.0, 4863478049955238641664.0, 2285201837999376039936.0, 4863478048516511629312.0, 2285201836370795954176.0, 4863478045050487701504.0
"Line.SBT_159359534"    ,   2, -2256546303614609522688.0, -4854945212272234987520.0
"Line.SBT_159984913"    ,   1, -2585730825427003899904.0, 764861955900773892096.0, 2585730824447375441920.0, 764861955610998734848.0, 2585730822087361167360.0, 764861954912904019968.0
"Line.SBT_159984913"    ,   2, 2586241631725488177152.0, -764709830245233590272.0
"Line.SBT_159984947"    ,   1, -38075767.3, -4189557437594491.0, 38060107.9, 4187834393263382.0, 38022382.8, 4183683422829348.0
"Line.SBT_159984947"    ,   2, -37163500.9, 2351198064581629.0
"Line.SBT_161240668"    ,   1, -14772385667368053899264.0, 855037534429553885184.0, 14772385665362794905600.0, 855037534313487925248.0, 14772385662516619902976.0, 855037534148749033472.0
"Line.SBT_161240668"    ,   2, 15015325390048658980864.0, -607149646295383670784.0
"Line.SBT_162185879"    ,   1, -5555526638135981113344.0, 2021423651719038369792.0, 5555526635011187933184.0, 2021423650582056927232.0, 5555526634086573539328.0, 2021423650245628395520.0
"Line.SBT_162185879"    ,   2, 5599554198720759201792.0, -1960225810123781308416.0
"Line.SBT_162655657"    ,   1, -4430737428.6, -236402856841296.1, 4400257700.0, 234776604994432.2, 4326829262.8, 230858816454259.9
"Line.SBT_162655657"    ,   2, 1549000108.7, 1459991097.2
"Line.SBT_169123907"    ,   1, 12919433482041044.0, 5311582642653189.0, 12919417563873150.0, 5311576098197164.0, 12919394177922786.0, 5311566483502510.0
"Line.SBT_169123907"    ,   2, -12915089109935596.0, -5998034723096097.0
"Line.SBT_169123919"    ,   1, 25871294728014560.0, 10017029708516378.0, 25871278795497616.0, 10017023539652498.0, 25871255388466544.0, 10017014476753710.0
"Line.SBT_169123919"    ,   2, -25854775914574504.0, -10664977584761476.0
"Line.SBT_169123991"    ,   1, 1404319564907711561728.0, 651919202988350242816.0, 1404319563183417458688.0, 651919202187891179520.0, 1404319560650195468288.0, 651919201011907952640.0
"Line.SBT_169123991"    ,   2, -1404053878587957182464.0, -651829704644649549824.0
"Line.SBT_169124003"    ,   1, 234100938600255291392.0, 108618972672432340992.0, 234100937900026724352.0, 108618972347537833984.0, 234100936871295844352.0, 108618971870223679488.0
"Line.SBT_169124003"    ,   2, -233554793130883284992.0, -108435317772249907200.0
"Line.SBT_176690234"    ,   1, -2936664652233523593216.0, 994785206444848840704.0, 2936664650961724112896.0, 994785206014031036416.0, 2936664649093277548544.0, 994785205381101125632.0
"Line.SBT_176690234"    ,   2, 2937041906229365440512.0, -994574484509634461696.0
"Line.SBT_199092659"    ,   1, 917400439225269616640.0, 425819247695925936128.0, 917400436699186724864.0, 425819246523422998528.0, 917400434087473840128.0, 425819245311174115328.0
"Line.SBT_199092659"    ,   2, -916592390289524260864.0, -425212024505228197888.0
"Line.SBT_199092665"    ,   1, 926021139203378249728.0, 429877484374456532992.0, 926021136742519275520.0, 429877483232076759040.0, 926021134198241492992.0, 429877482050972221440.0
"Line.SBT_199092665"    ,   2, -925830611492676435968.0, -429734278188531449856.0
"Line.SBT_199092671"    ,   1, -4958090.7, -3626922156098029.5, 4955111.3, 3624742685830506.5, 4950734.2, 3621540748030072.5
"Line.SBT_199092671"    ,   2, 7897756.6, -143585700.0
"Line.SBT_199092677"    ,   1, -202670598072768626688.0, -94124423641847316480.0, 202670597015978573824.0, 94124423151052111872.0, 202670595463410417664.0, 94124422430007328768.0
"Line.SBT_199092677"    ,   2, 202954410781625909248.0, 94216422328892047360.0
"Line.SBT_199092683"    ,   1, 9125659853718.5, -4314706750666340.0, 9120122456065.4, 4312088611548966.5, 9114397350017.3, 4309381721953038.0
"Line.SBT_199092683"    ,   2, -9125709515222.5, 1435409937166916.8
"Line.SBT_199092689"    ,   1, 85582932718897184768.0, 39761425429856632832.0, 85582932052264878080.0, 39761425120142417920.0, 85582931363034841088.0, 39761424799929409536.0
"Line.SBT_199092689"    ,   2, -85520152338650136576.0, -39716610447070429184.0
"Line.SBT_206770822"    ,   1, -284265640.5, -9296801307998734.0, 284208381.0, 9294928657836424.0, 284089457.5, 9291039307499318.0
"Line.SBT_206770822"    ,   2, 227180803.0, 6885935736239100.0
"Line.SBT_207302465"    ,   1, -156372537021978509312.0, -387495271809036124160.0, 156372536743008501760.0, 387495271117741096960.0, 156372536454581878784.0, 387495270403012296704.0
"Line.SBT_207302465"    ,   2, 157129940036163043328.0, 388297606752420495360.0
"Line.SBT_209397333"    ,   1, -308189300754716950528.0, -143027142498902360064.0, 308189300055530340352.0, 143027142174417829888.0, 308189299028330283008.0, 143027141697706000384.0
"Line.SBT_209397333"    ,   2, 309231603139923410944.0, 143375622074634502144.0
"Line.SBT_214508851"    ,   1, -458431334633315368960.0, -212780156774744326144.0, 458431333309797236736.0, 212780156160435552256.0, 458431329080092524544.0, 212780154197225013248.0
"Line.SBT_214508851"    ,   2, 458739651731415040000.0, 212881162872500781056.0
"Line.SBT_214508873"    ,   1, -458739651731245039616.0, -212881162872573329408.0, 458739650101201928192.0, 212881162116141056000.0, 458739646174279827456.0, 212881160293826953216.0
"Line.SBT_214508873"    ,   2, 459079999811483795456.0, 212979575691917262848.0
"Line.SBT_214508894"    ,   1, -330281902.7, -2500227103053900.5, 330103117.7, 2498873704418893.5, 329531755.9, 2494548507382544.0
"Line.SBT_214508894"    ,   2, 219935069.6, 1953302407091411.2
"Line.SBT_96747124"     ,   1, -4261770208504079974400.0, 395361261488185671680.0, 4261770206577005428736.0, 395361261309412376576.0, 4261770201934505967616.0, 395361260878731149312.0
"Line.SBT_96747124"     ,   2, 4262830806075603156992.0, -395045623389350461440.0
"Line.SBT_98290622"     ,   1, 128064292353038843904.0, 59421377415923957760.0, 128064291534455324672.0, 59421377036104105984.0, 128064289562413187072.0, 59421376121083551744.0
"Line.SBT_98290622"     ,   2, -128014519228681650176.0, -59408551745572847616.0
"Line.SBT_99602459"     ,   1, 1340621788865158971392.0, 519869235956692877312.0, 1340621788302551547904.0, 519869235738523729920.0, 1340621786947178725376.0, 519869235212934316032.0
"Line.SBT_99602459"     ,   2, -1325953872215135485952.0, -515427292022264168448.0
"Line.SBT_110788175"    ,   1, -409792910287295545344.0, 1732886674432838598656.0, 409792910026322673664.0, 1732886673329265573888.0, 409792909397615443968.0, 1732886670670658273280.0
"Line.SBT_110788175"    ,   2, 414828368036627283968.0, -1731378041805741752320.0
"Line.SBT_127219770"    ,   1, 3998709251257308545024.0, 350939329938209374208.0, 3998709250538315710464.0, 350939329875108298752.0, 3998709248806196084736.0, 350939329723092041728.0
"Line.SBT_127219770"    ,   2, -3901846459020339052544.0, -322089871945078210560.0
"Line.SBT_147874651"    ,   1, 280834024317549150208.0, 130221055002157154304.0, 280834023916650528768.0, 130221054816262864896.0, 280834022635457118208.0, 130221054222181154816.0
"Line.SBT_147874651"    ,   2, -280077366445900103680.0, -129966130840594513920.0
"Line.SBT_152473496"    ,   1, -35306871050372118478848.0, 10303664166826502258688.0, 35306871048205978566656.0, 10303664166194353537024.0, 35306871045023625904128.0, 10303664165265642356736.0
"Line.SBT_152473496"    ,   2, 36713701312874135158784.0, -9517741247294401937408.0
"Line.SBT_156432920"    ,   1, -60886199117119439765504.0, 7492877757355559747584.0, 60886199115115376148480.0, 7492877757108932575232.0, 60886199110287405088768.0, 7492877756514784247808.0
"Line.SBT_156432920"    ,   2, 63966617672460510691328.0, -6574991400531350519808.0
"Line.SBT_157604307"    ,   1, 71815539642569105408.0, 33331776327141822464.0, 71815539146015817728.0, 33331776096676339712.0, 71815537949773815808.0, 33331775541464039424.0
"Line.SBT_157604307"    ,   2, -71725336124565577728.0, -33308459918156435456.0
"Line.SBT_157604319"    ,   1, -175206480908273090560.0, -81310158633980854272.0, 175206480460359106560.0, 81310158426112081920.0, 175206479381293629440.0, 81310157925337300992.0
"Line.SBT_157604319"    ,   2, 175971279929056329728.0, 81533927375061270528.0
"Line.SBT_159315210"    ,   1, -5130191306515597492224.0, 473704777478196363264.0, 5130191304794161807360.0, 473704777319244693504.0, 5130191300647065747456.0, 473704776936315617280.0
"Line.SBT_159315210"    ,   2, 5132051469976174854144.0, -473150818964708261888.0
"Line.SBT_162509948"    ,   1, -10795356991981214498816.0, 1189878857010022973440.0, 10795356990175688261632.0, 1189878856811015307264.0, 10795356985826010464256.0, 1189878856331588009984.0
"Line.SBT_162509948"    ,   2, 10982296845543582728192.0, -1134201333417040543744.0
"Line.SBT_169123913"    ,   1, 12923560565121254.0, 4659453036759751.0, 12923544643255914.0, 4659447296299648.0, 12923521251873500.0, 4659438862784188.0
"Line.SBT_169123913"    ,   2, -12919433477703774.0, -5311582676740152.0
"Line.SBT_214508862"    ,   1, -30957789.5, -1953302526956906.2, 30936339.5, 1951949128005816.5, 30867789.7, 1947623929959327.5
"Line.SBT_214508862"    ,   2, 41852120.0, 24937911.2
"Line.SBT_219964931"    ,   1, -145215186516763082752.0, -67427261256192483328.0, 145215184893935976448.0, 67427260502670827520.0, 145215181523448905728.0, 67427258937664323584.0
"Line.SBT_219964931"    ,   2, 145226098820732665856.0, 67429701127812898816.0
"Line.SBT_219964942"    ,   1, 145215186516288012288.0, 67427261256417304576.0, 145215184893460905984.0, 67427260502895648768.0, 145215181522973835264.0, 67427258937889144832.0
"Line.SBT_219964942"    ,   2, -145204274077421420544.0, -67424820975720316928.0
"Line.SBT_222273142"    ,   1, 34672640528303073001472.0, 551022862255842197504.0, 34672640526275089268736.0, 551022862223613165568.0, 34672640521389492666368.0, 551022862145970503680.0
"Line.SBT_222273142"    ,   2, -33776590526461346054144.0, -284118972444600532992.0
"Line.SBT_222780167"    ,   1, 288974392657164075008.0, 134189788984671240192.0, 288974390695161069568.0, 134189788073584377856.0, 288974387812712185856.0, 134189786735074066432.0
"Line.SBT_222780167"    ,   2, -288968831039254953984.0, -134186849179779842048.0
"Line.SBT_225981165"    ,   1, -9671159946534323224576.0, -5299204591597799866368.0, 9671159945246514610176.0, 5299204590892159598592.0, 9671159943354552156160.0, 5299204589855479693312.0
"Line.SBT_225981165"    ,   2, 9677024703399505952768.0, 5302481552085818015744.0
"Line.SBT_226457092"    ,   1, 5134115471510960340992.0, 4607335156155978612736.0, 5134115470374600704000.0, 4607335155136213811200.0, 5134115469230639939584.0, 4607335154109628022784.0
"Line.SBT_226457092"    ,   2, -5131914984056878530560.0, -4605538566739397705728.0
"Line.SBT_226917004"    ,   1, -6965115264174513979392.0, -148226150814685265920.0, 6965115261903067676672.0, 148226150766346108928.0, 6965115258679078158336.0, 148226150697735684096.0
"Line.SBT_226917004"    ,   2, 6971744343030953410560.0, 154995218601043460096.0
"Line.SBT_235528999"    ,   1, 229565.4, 11581695541.0, 162825.7, 8214642232.2,  24212.5, 1221531514.0
"Line.SBT_235528999"    ,   2, -223366.0, -81963024933.6
"Line.SBT_243862448"    ,   1, 5205927805304876040192.0, 3923667148394741628928.0, 5205927803915798052864.0, 3923667147347804553216.0, 5205927801875053150208.0, 3923667145809711333376.0
"Line.SBT_243862448"    ,   2, -5142107431693475381248.0, -3902120568891287011328.0
"Line.SBT_243862551"    ,   1, -4143593404335335669760.0, -296962336536785715200.0, 4143593403366330859520.0, 296962336467339247616.0, 4143593401353782165504.0, 296962336323104276480.0
"Line.SBT_243862551"    ,   2, 4160604890566791528448.0, 304444706818713387008.0
"Line.SBT_243862577"    ,   1, 4210034991038286790656.0, 3870826801571133128704.0, 4210034990136834916352.0, 3870826800742312443904.0, 4210034988264588312576.0, 3870826799020915556352.0
"Line.SBT_243862577"    ,   2, -4193080012114084495360.0, -3863362137583105605632.0
"Line.SBT_243862588"    ,   1, 9384829710502449905664.0, 4234286091490084519936.0, 9384829708864301563904.0, 4234286090750977900544.0, 9384829706457639288832.0, 4234286089665130266624.0
"Line.SBT_243862588"    ,   2, -9366532695868590522368.0, -4228109561222311444480.0
"Line.SBT_249037043"    ,   1, -618535597.8, 1951562422780297.5, 617894220.6, 1949538792262985.5, 616562129.6, 1945335867342414.0
"Line.SBT_249037043"    ,   2, 774861203.1, -4475271405187367.5
"Line.SBT_249037059"    ,   1, 1798331620256194756608.0, -142739645820164194304.0, 1798331619123574341632.0, 142739645730264301568.0, 1798331616771208904704.0, 142739645543549108224.0
"Line.SBT_249037059"    ,   2, -1788716506224055549952.0, 146964444524208390144.0
"Line.SBT_249778942"    ,   1, 213388431104158138368.0, 99064414509101907968.0, 213388429540017242112.0, 99064413782958030848.0, 213388425771859607552.0, 99064412033611415552.0
"Line.SBT_249778942"    ,   2, -213341915402627317760.0, -99053403221981659136.0
"Line.SBT_249778953"    ,   1, 493691814.9, -9199420829333984.0, 493559265.2, 9196950906358024.0, 493364531.6, 9193322254084702.0
"Line.SBT_249778953"    ,   2, 23573311.6, 7944771510699343.0
"Line.SBT_252046081"    ,   1, -959696745956629282816.0, -445368597455220768768.0, 959696744756419624960.0, 445368596898236792832.0, 959696742993148510208.0, 445368596079951675392.0
"Line.SBT_252046081"    ,   2, 959854904094177624064.0, 445421919802376585216.0
"Line.SBT_252046087"    ,   1, 891876350.8, -619193072666609.1, 889970500.3, 617869919004370.6, 887170547.0, 615926026587008.0
"Line.SBT_252046087"    ,   2, -1031301993.6, 567509355670653.0
"Line.SBT_252046119"    ,   1, -2481822454546801098752.0, -240681729743964307456.0, 2481822453475459465216.0, 240681729640067923968.0, 2481822451901512810496.0, 240681729487429992448.0
"Line.SBT_252046119"    ,   2, 2483178057268467859456.0, 241139156647148027904.0
"Line.SBT_252046125"    ,   1, 2481822454545243439104.0, 240681729742544044032.0, 2481822453473901805568.0, 240681729638647660544.0, 2481822451899955150848.0, 240681729486009729024.0
"Line.SBT_252046125"    ,   2, -2479789050456079073280.0, -239995589316792320000.0
"Line.SBT_252379894"    ,   1, -48886490102797432782848.0, 8893857054879672958976.0, 48886490100435452428288.0, 8893857054449961271296.0, 48886490096965378899968.0, 8893857053818655604736.0
"Line.SBT_252379894"    ,   2, 48993956745944456232960.0, -8833821465378998452224.0
"Line.SBT_253953162"    ,   1, -57491027.7, -90132101.9,      0.0,      0.0,      0.0,      0.0
"Line.SBT_253953162"    ,   2, 93912373.1, -24560108811161.2
"Line.SBT_258094360"    ,   1, 1832453870601598402560.0, 825691827919998025728.0, 1832453870091225792512.0, 825691827690027483136.0, 1832453868861692051456.0, 825691827136007503872.0
"Line.SBT_258094360"    ,   2, -1830328952455954169856.0, -825059036703562792960.0
"Line.SBT_265429570"    ,   1, 600741986155392401408.0, 278941827931777499136.0, 600741985345202683904.0, 278941827555583033344.0, 600741983662500872192.0, 278941826774256091136.0
"Line.SBT_265429570"    ,   2, -599715886694040076288.0, -278493246938182352896.0
"Line.SBT_265429595"    ,   1, 9007751377065345024000.0, 9654442200544728580096.0, 9007751376442371342336.0, 9654442199877028937728.0, 9007751375148499861504.0, 9654442198490268303360.0
"Line.SBT_265429595"    ,   2, -8730654604500856209408.0, -9532524584586016980992.0
"Line.SBT_265787285"    ,   1, 349824794564918247424.0, 99794616398077624320.0, 349824794287586082816.0, 99794616318963007488.0, 349824793711588540416.0, 99794616154648018944.0
"Line.SBT_265787285"    ,   2, -348096265543975960576.0, -99034381784033280000.0
"Line.SBT_271002937"    ,   1, 600908380592732897280.0, 279014570581542567936.0, 600908379782318784512.0, 279014570205249994752.0, 600908378099150880768.0, 279014569423719301120.0
"Line.SBT_271002937"    ,   2, -600741986154865098752.0, -278941827932392423424.0
"Line.SBT_272545096"    ,   1, -77402762.4, -9203803166140676.0, 77386704.8, 9201893788269966.0, 77353354.3, 9197928157307718.0
"Line.SBT_272545096"    ,   2, -29184725.4, 2351336353764932.5
"Line.SBT_273360594"    ,   1, 21403094443540858535936.0, -7366257655763647332352.0, 21403094442011858567168.0, 7366257655237415272448.0, 21403094438328366268416.0, 7366257653969675354112.0
"Line.SBT_273360594"    ,   2, -20880871785671587528704.0, 7521813972694141501440.0
"Line.SBT_273425645"    ,   1, -45437522.9, -108243860368311.9, 45092813.0, 107422672653465.7, 44376876.9, 105717128938016.1
"Line.SBT_273425645"    ,   2, 81157268.6, -217208162.9
"Line.SBT_273425651"    ,   1, -4257393.7, -572092417460307.6, 4251283.2, 571271307897003.6, 4238592.1, 569565926496295.1
"Line.SBT_273425651"    ,   2, -30277870.2, -10611903.3
"Line.SBT_273702848"    ,   1, -12741687244708334534656.0, 1829852590504246509568.0, 12741687243437684817920.0, 1829852590321766760448.0, 12741687240798643421184.0, 1829852589942769975296.0
"Line.SBT_273702848"    ,   2, 12904764301099386535936.0, -1758117530929333010432.0
"Line.SBT_273702864"    ,   1, 857873999444176142336.0, 398368186261170683904.0, 857873998410878025728.0, 398368185781341388800.0, 857873996264797372416.0, 398368184784772792320.0
"Line.SBT_273702864"    ,   2, -857369690830252670976.0, -398146999493187141632.0
"Line.SBT_273702878"    ,   1, 857369690829795229696.0, 398146999492619927552.0, 857369689797104762880.0, 398146999013057167360.0, 857369687652286332928.0, 398146998017042153472.0
"Line.SBT_273702878"    ,   2, -857024637405964402688.0, -397995660687322120192.0
"Line.SBT_273702889"    ,   1, 857024637405907517440.0, 397995660687547891712.0, 857024636373632942080.0, 397995660208167518208.0, 857024634229678014464.0, 397995659212531302400.0
"Line.SBT_273702889"    ,   2, -856307987567599419392.0, -397681340357625905152.0
"Line.SBT_273702908"    ,   1, -6178288184.9, -123053592128902.0, 6075795565.4, 121012236236194.0, 5925219988.6, 118013207208635.4
"Line.SBT_273702908"    ,   2, 7687777616.4, 5199692735.8
"Line.SBT_273702914"    ,   1, 1063962206997583233024.0, 490096213574863159296.0, 1063962206368565166080.0, 490096213285116575744.0, 1063962205444451991552.0, 490096212859439480832.0
"Line.SBT_273702914"    ,   2, -1063020673965549813760.0, -489778595008100499456.0
"Line.SBT_275337448"    ,   1, -1737907293889097891840.0, 527343957145254297600.0, 1737907293125205819392.0, 527343956913461788672.0, 1737907292002944548864.0, 527343956572927098880.0
"Line.SBT_275337448"    ,   2, 1750377476765830610944.0, -523133255486259986432.0
"Line.SBT_277818209"    ,   1, -3040656577339338240.0, -1411454745563534848.0, 3040656203397859840.0, 1411454571982118912.0, 3040655426750174208.0, 1411454211466870528.0
"Line.SBT_277818209"    ,   2, 3040659392470816256.0, 1411452088554298624.0
"Line.SBT_277818215"    ,   1, -10052632.4, -249334895464868.4, 10036010.8, 248922630086710.1, 10001488.9, 248066386608996.7
"Line.SBT_277818215"    ,   2, 861280.6, -2942402.5
"Line.SBT_277818231"    ,   1, 3040656576647176704.0, 1411704080009679872.0, 3040656202717409280.0, 1411703906403037696.0, 3040655426094046720.0, 1411703545835396352.0
"Line.SBT_277818231"    ,   2, -3040465084869662208.0, -1411884746344224256.0
"Line.SBT_279835893"    ,   1, 313532548.8, 243508656.6,      0.0,      0.0,      0.0,      0.0
"Line.SBT_279835893"    ,   2, -274683732.6, -2338442304261488.0
"Line.SBT_279900339"    ,   1, 2442941020277730443264.0, 1133805574358982066176.0, 2442941018727139770368.0, 1133805573639329677312.0, 2442941015506682380288.0, 1133805572144667033600.0
"Line.SBT_279900339"    ,   2, -2442454383886866055168.0, -1133591734671197995008.0
"Line.SBT_279900355"    ,   1, 2080946546324957560832.0, 965955567888616783872.0, 2080946544896672006144.0, 965955567225620267008.0, 2080946541930232938496.0, 965955565848627511296.0
"Line.SBT_279900355"    ,   2, -2076961664068082466816.0, -964204913440349356032.0
"Line.SBT_279900372"    ,   1, -6396648236636243492864.0, 1419963871792598876160.0, 6396648235179993726976.0, 1419963871469332332544.0, 6396648232155476918272.0, 1419963870797933051904.0
"Line.SBT_279900372"    ,   2, 6410670020969778642944.0, -1413786948733336027136.0
"Line.SBT_280640406"    ,   1, 122069493431001006080.0, 56684167415694712832.0, 122069492276163952640.0, 56684166879434792960.0, 122069489877656223744.0, 56684165765664186368.0
"Line.SBT_280640406"    ,   2, -122021911532659539968.0, -56669502905898926080.0
"Line.SBT_291319411"    ,   1, 24353549429124844486656.0, 11191536561851792883712.0, 24353549427559156940800.0, 11191536561132289392640.0, 24353549425982996217856.0, 11191536560407972937728.0
"Line.SBT_291319411"    ,   2, -24338748323222557556736.0, -11179452453443067707392.0
"Line.SBT_296747004"    ,   1, 567662983.3, -11805848207963378.0, 567571174.3, 11803938830096244.0, 567380494.1, 11799973199141428.0
"Line.SBT_296747004"    ,   2, 3250852094.7, 11555145804930394.0
"Line.SBT_300657981"    ,   1, 22206094373211463680.0, 10308492247147608064.0, 22206093824805351424.0, 10308491992567037952.0, 22206092685808037888.0, 10308491463822776320.0
"Line.SBT_300657981"    ,   2, -22203487588311470080.0, -10309464507660767232.0
"Line.SBT_300657997"    ,   1, 922760897.3, -75667686798630.9, 900601822.0, 73850611570232.1, 854579127.2, 70076686095865.4
"Line.SBT_300657997"    ,   2, 4303815529.7, -4633643579.1
"Line.SBT_300658019"    ,   1, 22209073534092419072.0, 10307381027770435584.0, 22209072985612730368.0, 10307380773217308672.0, 22209071846462611456.0, 10307380244530044928.0
"Line.SBT_300658019"    ,   2, -22208887331140247552.0, -10307450477150072832.0
"Line.SBT_300658037"    ,   1, 22208887340616224768.0, 10307450486113370112.0, 22208886792141135872.0, 10307450231558526976.0, 22208885653000568832.0, 10307449702867699712.0
"Line.SBT_300658037"    ,   2, -22206094374148231168.0, -10308492247050446848.0
"Line.SBT_301839480"    ,   1, 4970947287644149645312.0, 2272304949785486426112.0, 4970947286043660910592.0, 2272304949053875552256.0, 4970947282719569084416.0, 2272304947534376206336.0
"Line.SBT_301839480"    ,   2, -4926590998765093519360.0, -2252797944510303174656.0
"Line.SBT_301839491"    ,   1, -4896789091470869004288.0, -2239697934686121099264.0, 4896789089894257393664.0, 2239697933965009092608.0, 4896789086619756920832.0, 2239697932467315146752.0
"Line.SBT_301839491"    ,   2, 4926590998765339934720.0, 2252804241778984353792.0
"Line.SBT_301839507"    ,   1, -161659355.5, -6297267640737103.0, 161612655.6, 6295448496351881.0, 161515663.5, 6291670273397957.0
"Line.SBT_301839507"    ,   2, 780257039.4, 4463374294780723.0
"Line.SBT_303358661"    ,   1, 7752046703689636773888.0, -2523376501877193048064.0, 7752046700969839296512.0, 2523376500991869321216.0, 7752046698231850074112.0, 2523376500100623237120.0
"Line.SBT_303358661"    ,   2, -7742227617045590048768.0, 2531416823764467318784.0
"Line.SBT_304088207"    ,   1, -15509262110982004736.0, -7201744559675897856.0, 15509261863550001152.0, 7201744444780548096.0, 15509261349652760576.0, 7201744206151745536.0
"Line.SBT_304088207"    ,   2, 15518185669519030272.0, 7205051442702458880.0
"Line.SBT_304088223"    ,   1, 177702336.8, -865951290818336.0, 177533820.5, 865130103401817.4, 177183825.1, 863424560305970.9
"Line.SBT_304088223"    ,   2, -155295687.5, 108243916174929.6
"Line.SBT_304981369"    ,   1, 3124699310.9, -409029429659729.1, 3115685825.2, 407849546235577.7, 3106612048.6, 406661770614609.2
"Line.SBT_304981369"    ,   2, -3584877428.3, 381884486916435.2
"Line.SBT_307124622"    ,   1, -213388431114731126784.0, -99063243018462445568.0, 213388429550586953728.0, 99063242292325629952.0, 213388425782421389312.0, 99063240542996037632.0
"Line.SBT_307124622"    ,   2, 213389799210598989824.0, 99063566863252832256.0
"Line.SBT_310537532"    ,   1, 196782.5, 482424.2,      0.0,      0.0,      0.0,      0.0
"Line.SBT_310537532"    ,   2, -420075.8, -2346264095.5
"Line.SBT_310537552"    ,   1, 32679850867475420.0, -22391917625176548.0, 32679838070793200.0, 22391908857013704.0, 32679825188514444.0, 22391900030200940.0
"Line.SBT_310537552"    ,   2, -32669105877823624.0, 22400612835021712.0
"Line.SBT_310537574"    ,   1, -32668780272474560.0, 22400876325559804.0, 32668767480112768.0, 22400867553878952.0, 32668754602183344.0, 22400858723524648.0
"Line.SBT_310537574"    ,   2, 32669105877829512.0, -22400612834730456.0
"Line.SBT_311503772"    ,   1, -10975214052321985036288.0, 230017529711158165504.0, 10975214050462727667712.0, 230017529672192032768.0, 10975214046601197649920.0, 230017529591262412800.0
"Line.SBT_311503772"    ,   2, 11017496292472444157952.0, -211420514644756004864.0
"Line.SBT_320935754"    ,   1, 10975214052316696018944.0, -230017529708027838464.0, 10975214049999777169408.0, 230017529659470053376.0, 10975214046595908632576.0, 230017529588132085760.0
"Line.SBT_320935754"    ,   2, -10969942250289226579968.0, 231796449235213025280.0
"Line.SBT_320935765"    ,   1, 7170448669379626270720.0, -804188589790987026432.0, 7170448666999242358784.0, 804188589524019314688.0, 7170448663502134444032.0, 804188589131807719424.0
"Line.SBT_320935765"    ,   2, -7169325621137064853504.0, 804567503263861309440.0
"Line.SBT_320935776"    ,   1, 8927171660136687075328.0, 190555938528515883008.0, 8927171657712735879168.0, 190555938476775145472.0, 8927171654151621836800.0, 190555938400761020416.0
"Line.SBT_320935776"    ,   2, -8870336972493121650688.0, -171378730049042612224.0
"Line.SBT_320935842"    ,   1, -26191229728427704582144.0, 3485358190670135164928.0, 26191229726107671461888.0, 3485358190361400311808.0, 26191229722699237425152.0, 3485358189907827752960.0
"Line.SBT_320935842"    ,   2, 27291682752862588239872.0, -3113881486704006135808.0
"Line.SBT_320935897"    ,   1, -22646746498123985584128.0, 910800556660639137792.0, 22646746495891646971904.0, 910800556570859536384.0, 22646746492612040982528.0, 910800556438961258496.0
"Line.SBT_320935897"    ,   2, 23291399439979068260352.0, -693252762902634299392.0
"Line.SBT_320935929"    ,   1, -4023856465934790164480.0, -10908402167151312896.0, 4023856463535522447360.0, 10908402160647061504.0, 4023856460010672881664.0, 10908402151091433472.0
"Line.SBT_320935929"    ,   2, 4029425549152351682560.0, 12786454715721945088.0
"Line.SBT_329182567"    ,   1, -9582988648.8, 13983180241655216.0, 9581678818.1, 13981268980005380.0, 9578958400.5, 13977299436578800.0
"Line.SBT_329182567"    ,   2, 2578504598.0, -14150640814796330.0
"Line.SBT_329182573"    ,   1, -210865923.7, -2930608784829443.0, 210728402.8, 2928697522713348.0, 210442782.4, 2924727978318381.5
"Line.SBT_329182573"    ,   2, -103390626.7, -124202706.3
"Line.SBT_329182594"    ,   1, -881589264.0, -2464132528.9,      0.0,      0.0,      0.0,      0.0
"Line.SBT_329182594"    ,   2, -133715920.0, -251193090858718.7
"Line.SBT_329182650"    ,   1, 114084787.6, 2930609445417666.5, 114010384.7, 2928698183585644.0, 113855855.5, 2924728639780675.0
"Line.SBT_329182650"    ,   2, -3202608.3, -13983190388106194.0
"Line.SBT_340883508"    ,   1, 33802383881484766281728.0, -10113855205245192241152.0, 33802383879729101930496.0, 10113855204719889219584.0, 33802383876082720833536.0, 10113855203628871057408.0
"Line.SBT_340883508"    ,   2, -32990284786717952049152.0, 10471157799413952282624.0
"Line.SBT_342661649"    ,   1, -11017496292471385096192.0, 211420514645720170496.0, 11017496290604965953536.0, 211420514609904484352.0, 11017496286728556642304.0, 211420514535518044160.0
"Line.SBT_342661649"    ,   2, 11059778532993073676288.0, -192823518611486474240.0
"Line.SBT_41703006"     ,   1, 6160656928825943261184.0, 2317909631913362194432.0, 6160656927779601776640.0, 2317909631519682723840.0, 6160656926242384117760.0, 2317909630941313892352.0
"Line.SBT_41703006"     ,   2, -6055483789098375708672.0, -2259116802587523284992.0
"Line.SBT_6297752"      ,   1, 1544386598454633955328.0, 713734193368466849792.0, 1544386597030140051456.0, 713734192710140690432.0, 1544386593598404558848.0, 713734191124173160448.0
"Line.SBT_6297752"      ,   2, -1537419907778073329664.0, -711662669285953896448.0
"Line.SBT_6297770"      ,   1, 943942492248091000832.0, 438002186206210031616.0, 943942490576210231296.0, 438002185430434578432.0, 943942486548497563648.0, 438002183561521004544.0
"Line.SBT_6297770"      ,   2, -942565670770549194752.0, -437595087933821812736.0
"Line.SBT_6297914"      ,   1, -8512460632.0, -420595274659387.2, 8464187388.4, 418210124342965.9, 8393267437.8, 414706014618840.9
"Line.SBT_6297914"      ,   2, 1265814190.2, 336474994802188.5
"Line.SBT_6298166"      ,   1, 1467928054271110283264.0, 324169788981800534016.0, 1467928053416010711040.0, 324169788792964644864.0, 1467928051355997962240.0, 324169788338041913344.0
"Line.SBT_6298166"      ,   2, -1458098856397428752384.0, -321244658208319406080.0
"Line.SBT_6298274"      ,   1, -8018610234302438309888.0, 394786685391187542016.0, 8018610232721822187520.0, 394786685313367801856.0, 8018610228913975066624.0, 394786685125892964352.0
"Line.SBT_6298274"      ,   2, 8110477291483738144768.0, -367425968672117424128.0
"Line.SBT_6298292"      ,   1, -8701004291528811610112.0, 125518465006894645248.0, 8701004289842783191040.0, 125518464982572433408.0, 8701004285780985643008.0, 125518464923977973760.0
"Line.SBT_6298292"      ,   2, 8777709745949793845248.0, -102673436079243984896.0
"Line.SBT_6298364"      ,   1, -9632490389837747060736.0, 3213240544867783278592.0, 9632490388147054575616.0, 3213240544303796191232.0, 9632490384074026778624.0, 3213240542945100693504.0
"Line.SBT_6298364"      ,   2, 9969369370454283780096.0, -3112841203010298707968.0
"Line.SBT_6311009"      ,   1, -8602863646.7, -369018740843648.7, 8549675169.7, 366737227890835.1, 8476724965.9, 363608038188754.6
"Line.SBT_6311009"      ,   2, -7932176570.5, 295212586209092.2
"Line.SBT_6311105"      ,   1, -9962171599525886558208.0, 1925115367141105729536.0, 9962171598132985462784.0, 1925115366871938105344.0, 9962171594777361907712.0, 1925115366223488745472.0
"Line.SBT_6311105"      ,   2, 10111593761332585824256.0, -1880604804087023403008.0
"Line.SBT_6311111"      ,   1, -10197120905137224679424.0, 1840897123994084311040.0, 10197120903711473795072.0, 1840897123736691933184.0, 10197120900276710014976.0, 1840897123116610486272.0
"Line.SBT_6311111"      ,   2, 10332278494173199335424.0, -1800635815986277908480.0
"Line.SBT_6311183"      ,   1, 2076961664067079766016.0, 964204913441554300928.0, 2076961662641529421824.0, 964204912779759452160.0, 2076961659680771538944.0, 964204911405262438400.0
"Line.SBT_6311183"      ,   2, -2076164687411703971840.0, -963854781934979383296.0
"Line.SBT_6311213"      ,   1, -6486279524885531197440.0, 1378703399166712741888.0, 6486279523552755449856.0, 1378703398883422109696.0, 6486279520341979037696.0, 1378703398200949342208.0
"Line.SBT_6311213"      ,   2, 6527464532645401067520.0, -1366421897266826575872.0
"Line.SBT_6311351"      ,   1, 6478370691.3, -455467175778228.6, 6455070378.9, 453829028167438.4, 6398937808.2, 449882581650534.4
"Line.SBT_6311351"      ,   2, -6609298688.1, 303642834012161.6
"Line.SBT_6311429"      ,   1, -3681022338427110555648.0, 1915398838113705132032.0, 3681022336427779162112.0, 1915398837073364647936.0, 3681022333490490245120.0, 1915398835544963153920.0
"Line.SBT_6311429"      ,   2, 3701361312470150414336.0, -1908538930146190032896.0
"Line.SBT_6311435"      ,   1, -1155863028797223469056.0, 226039849369924239360.0, 1155863026647360471040.0, 226039848949498380288.0, 1155863023488920059904.0, 226039848331835736064.0
"Line.SBT_6311435"      ,   2, 1157583086654845616128.0, -225463422170213646336.0
"Line.SBT_64389941"     ,   1, -23769796447731516964864.0, 4589433472129823145984.0, 23769796445470980046848.0, 4589433471693362298880.0, 23769796442149946916864.0, 4589433471052142346240.0
"Line.SBT_64389941"     ,   2, 24406701872334451507200.0, -4374470833994473668608.0
"Line.SBT_64389977"     ,   1, 215075424166944931840.0, 99749393319794425856.0, 215075423465280995328.0, 99749392994371141632.0, 215075422434441396224.0, 99749392516280139776.0
"Line.SBT_64389977"     ,   2, -214440162246430883840.0, -99538548759629660160.0
"Line.SBT_64985820"     ,   1, 33818753449227540496384.0, -3962717301142447980544.0, 33818753447336538537984.0, 3962717300920869191680.0, 33818753443409067769856.0, 3962717300460667535360.0
"Line.SBT_64985820"     ,   2, -33030631111156398292992.0, 4309404760166025920512.0
"Line.SBT_64985888"     ,   1, -26316793448914430722048.0, 3774786047259678605312.0, 26316793446377245900800.0, 3774786046895754051584.0, 26316793442649780518912.0, 3774786046361099829248.0
"Line.SBT_64985888"     ,   2, 27021300530643503939584.0, -3381179887382281322496.0
"Line.SBT_71837931"     ,   1, 950812560.9, -301638339236783.6, 945628931.7, 299993870740523.5, 933141097.7, 296032196635896.8
"Line.SBT_71837931"     ,   2, -1047876233.4, -2804043836.4
"Line.SBT_71838310"     ,   1, 77098685056988889088.0, 35806359876181409792.0, 77098684362243457024.0, 35806359553526034432.0, 77098683341568049152.0, 35806359079501467648.0
"Line.SBT_71838310"     ,   2, -77093777665685585920.0, -35803947045756157952.0
"Line.SBT_71838682"     ,   1, -3201787091.8, -411957850231132.3, 3183395496.9, 409591496157905.6, 3156375746.2, 406115000667609.6
"Line.SBT_71838682"     ,   2, 856412301.5, 3532520132.8
"Line.SBT_71838693"     ,   1, 30570712768669773824.0, 14179501992235497472.0, 30570712105717391360.0, 14179501684740716544.0, 30570711131750309888.0, 14179501232989124608.0
"Line.SBT_71838693"     ,   2, -30569865439733936128.0, -14179407762527094784.0
"Line.SBT_71839080"     ,   1, 2791715800.1, -358266369330825.9, 2772651158.1, 355819766395831.1, 2744642609.9, 352225374429604.2
"Line.SBT_71839080"     ,   2, -3178390376.4, -3371782371.0
"Line.SBT_71839119"     ,   1, 1000063251896556978176.0, 129509687290833928192.0, 1000063251016586231808.0, 129509687176876392448.0, 1000063249723789541376.0, 129509687009457291264.0
"Line.SBT_71839119"     ,   2, -999938505299123109888.0, -129440085987465658368.0
"Line.SBT_71839652"     ,   1, 3931962991.5, -357823323251107.8, 3905253924.3, 355392698349479.6, 3866014677.6, 351821780284124.6
"Line.SBT_71839652"     ,   2, -4265888973.3, -3807231627.0
"Line.SBT_71840773"     ,   1, -2279145640614504169472.0, 53811732457464086528.0, 2279145638460696035328.0, 53811732406611632128.0, 2279145635296459096064.0, 53811732331902468096.0
"Line.SBT_71840773"     ,   2, 2279459543078156107776.0, -53636705091759841280.0
"Line.SBT_71841256"     ,   1, 18774893722318946304.0, 8713461995171539968.0, 18774893003673128960.0, 8713461661646722048.0, 18774891947884826624.0, 8713461171653469184.0
"Line.SBT_71841256"     ,   2, -18774621746129145856.0, -8713644741656213504.0
"Line.SBT_71841422"     ,   1, -832985532.0, -585745405232330.0, 829599607.4, 583364463781685.0, 824625224.3, 579866537452959.6
"Line.SBT_71841422"     ,   2, 1292599189.4, 2475235688.0
"Line.SBT_71842094"     ,   1, -3862971562.3, -285094517631346.8, 3828770320.3, 282570402081395.1, 3778524051.2, 278862133557391.9
"Line.SBT_71842094"     ,   2, 4107128461.8, 5519229243.3
"Line.SBT_71842103"     ,   1, -22573306359666700189696.0, 2693251195168843366400.0, 22573306357190647349248.0, 2693251194873422282752.0, 22573306353552990404608.0, 2693251194439408287744.0
"Line.SBT_71842103"     ,   2, 22597352565078975578112.0, -2679818014836396130304.0
"Line.SBT_71842266"     ,   1, -3504975601074021859328.0, -4037626390824886468608.0, 3504975600150963552256.0, 4037626389761551237120.0, 3504975599196614688768.0, 4037626388662170157056.0
"Line.SBT_71842266"     ,   2, 3528582503109312905216.0, 4055450727321652690944.0
"Line.SBT_71846345"     ,   1, 2894795739.7, -306059272115453.9, 2873527059.6, 303810589537487.6, 2842280480.3, 300506969453808.9
"Line.SBT_71846345"     ,   2, -3100113233.0, -4495667043.5
"Line.SBT_71849526"     ,   1, 1637973541.0, -295066120861228.6, 1625839359.8, 292880257842443.7, 1608012599.7, 289668928222253.4
"Line.SBT_71849526"     ,   2, -1456349696.2, -1504525354.8
"Line.SBT_71850383"     ,   1, 14396173028685385728.0, 6686027003108704256.0, 14396172819160764416.0, 6686026905799004160.0, 14396172511340642304.0, 6686026762837839872.0
"Line.SBT_71850383"     ,   2, -14394291840953286656.0, -6685001124290213888.0
"Line.SBT_71850797"     ,   1, 229694250018116304896.0, 224436421914248413184.0, 229694249843047432192.0, 224436421743186968576.0, 229694249585847500800.0, 224436421491874463744.0
"Line.SBT_71850797"     ,   2, -229153538625195704320.0, -224134379875689070592.0
"Line.SBT_71852276"     ,   1, 135714036629952806912.0, 62934239136014213120.0, 135714036179740164096.0, 62934238927238537216.0, 135714035518316642304.0, 62934238620518711296.0
"Line.SBT_71852276"     ,   2, -135700007257103433728.0, -62926414609669783552.0
"Line.SBT_71898023"     ,   1, 72088481573326356480.0, 33479521720076681216.0, 72088480908544778240.0, 33479521411337076736.0, 72088479931890352128.0, 33479520957756665856.0
"Line.SBT_71898023"     ,   2, -72083795792743211008.0, -33477207694772539392.0
"Line.SBT_71898067"     ,   1, -1874215053.0, -304983256565914.6, 1864119162.9, 303340394173733.4, 1839797246.0, 299382589319842.2
"Line.SBT_71898067"     ,   2, 653541316.0, -48965032.0
"Line.SBT_71898269"     ,   1, 1532445148.1, -300038477491913.9, 1521063406.6, 297810038588467.7, 1504342082.7, 294536159211799.7
"Line.SBT_71898269"     ,   2, 645499648.7, -518330849.8
"Line.SBT_8103975"      ,   1, -1547524997847640440832.0, 1302368358244824383488.0, 1547524997201505026048.0, 1302368357701048860672.0, 1547524996551047905280.0, 1302368357153636089856.0
"Line.SBT_8103975"      ,   2, 1571588926325851947008.0, -1282716012852086571008.0
"Line.SBT_8103987"      ,   1, -583904613444602298368.0, -357000408340550713344.0, 583904613114142982144.0, 357000408138507288576.0, 583904612427804442624.0, 357000407718878576640.0
"Line.SBT_8103987"      ,   2, 588921307844463689728.0, 359206994784052248576.0
"Line.SBT_8104059"      ,   1, 1290032202142018699264.0, 433154481081712443392.0, 1290032201629846208512.0, 433154480909740146688.0, 1290032200566103605248.0, 433154480552566980608.0
"Line.SBT_8104059"      ,   2, -1276832547921321525248.0, -427348326461692641280.0
"Line.SBT_8154898"      ,   1, -3887080054.6, -271357704476387.6, 3867845879.4, 270014963510493.8, 3827897977.1, 267226193812099.0
"Line.SBT_8154898"      ,   2, 4103751412.5, 180909413675185.1
"Line.SBT_8159558"      ,   1, -9677024703415979081728.0, -5302481552095798362112.0, 9677024702127390326784.0, 5302481551389721886720.0, 9677024700234280730624.0, 5302481550352400252928.0
"Line.SBT_8159558"      ,   2, 9682889460268652298240.0, 5305758512553720283136.0
"Line.RBT_CL2986471"    ,   1, -212303905.1, -2679114242910564.5, 212245406.1, 2678376030034372.0, 211809547.5, 2672875824238514.0
"Line.RBT_CL2986471"    ,   2, 185308196.0, 78503657.4
"Line.RBT_CL3060057"    ,   1, 6687043.0, -2261171004216201.0, 6685197.0, 2260546787460060.5, 6670002.8, 2255409003390286.0
"Line.RBT_CL3060057"    ,   2, -65189948.1, -290930281.6
"Line.RBT_CL4487199"    ,   1, -212303905.1, -2679114242910564.5, 212250349.7, 2678438414221092.5, 211809547.5, 2672875824238514.0
"Line.RBT_CL4487199"    ,   2, 185308196.0, 78503657.4
"Line.RBT_CL4671423"    ,   1, -96207410.9, -1033474162346116.1, 96164566.4, 1033013920318196.6, 95845344.6, 1029584793096092.2
"Line.RBT_CL4671423"    ,   2, 43528665.9, 25605402.8
"Line.RBT_CL5193018"    ,   1, -96207410.9, -1033474162346116.1, 96164566.4, 1033013920318196.6, 95845344.6, 1029584793096092.2
"Line.RBT_CL5193018"    ,   2, 43528665.9, 25605402.8
"Line.RBT_CL6487577"    ,   1, 9253956751530244096.0, 4297563496020855808.0, 9253956694460315648.0, 4297563469517420544.0, 9253955800364756992.0, 4297563054296932864.0
"Line.RBT_CL6487577"    ,   2, -9253599365231073280.0, -4297563209592065024.0
"Line.RBT_CL6704183"    ,   1, 2551888566671896477696.0, 1136246648114413830144.0, 2551888566558524964864.0, 1136246648063934464000.0, 2551888565625390891008.0, 1136246647648449724416.0
"Line.RBT_CL6704183"    ,   2, -2370050941064386183168.0, -1100700743934632787968.0
"Line.RBT_CL6807033"    ,   1, -3669067309721191448576.0, 236302834599243612160.0, 3669067309036546293760.0, 236302834555149680640.0, 3669067303935460507648.0, 236302834226619056128.0
"Line.RBT_CL6807033"    ,   2, 3669522868404704247808.0, -236213856532694237184.0
"Line.RBT_CL6961372"    ,   1, 3575029367878977536.0, 1659166389323903232.0, 3575029338411826688.0, 1659166375648237568.0, 3575028876759797760.0, 1659166161396143104.0
"Line.RBT_CL6961372"    ,   2, -3572588522823499264.0, -1659184103490040064.0
"Line.RBT_UC0469500"    ,   1, 18104253245759758336.0, 8407587034595131392.0, 18104253161739993088.0, 8407586995576482816.0, 18104252294592610304.0, 8407586592874588160.0
"Line.RBT_UC0469500"    ,   2, -18103339250337755136.0, -8407565712021611520.0
"Line.RBT_UC0469501"    ,   1, -267495.6, -226496174562842.2, 267361.9, 226382981722272.7, 265267.6, 224609627220016.6
"Line.RBT_UC0469501"    ,   2, 3687652.6, -17151974.3
"Line.RBT_UC0469926"    ,   1, 65428210528760389632.0, 30385559949193584640.0, 65428210324012228608.0, 30385559854106349568.0, 65428208798494195712.0, 30385559145639481344.0
"Line.RBT_UC0469926"    ,   2, -65426067061765423104.0, -30385220586041716736.0
"Line.RBT_UC0469927"    ,   1, -518033825.6, -2271697770632009.0, 517878535.6, 2271016788360248.0, 516721516.0, 2265942990870649.5
"Line.RBT_UC0469927"    ,   2, 350351661.8, -14990364.7
"Line.RBT_UC0469930"    ,   1, -6045091760.5, -104323956958470.8, 5999880984.0, 103543726105993.4, 5663028860.8, 97730456796690.6
"Line.RBT_UC0469930"    ,   2, -972066410.2, 14857622008.2
"Line.RBT_UC0470032"    ,   1, -222483905.3, -2351198520592560.0, 222320861.0, 2349475475982535.5, 221928072.2, 2345324504876567.5
"Line.RBT_UC0470032"    ,   2, 193477586.0, -121213306.3
"Line.RBT_UC0470068"    ,   1, -2599200696.9, -36012367576053.3, 2565983307.5, 35552134998222.1, 2318490364.0, 32123078185930.2
"Line.RBT_UC0470068"    ,   2, 1096542270.3, 4283169016.2
"Line.RBT_UC0470089"    ,   1, -186662635.6, -947099301937651.8, 186447109.5, 946005753950225.4, 185927887.8, 943371297435061.6
"Line.RBT_UC0470089"    ,   2, 161444567.1, 15053083.3
"Line.RBT_UC0774110"    ,   1, 375434247011804971008.0, 174357890437498470400.0, 375434246373631524864.0, 174357890141120167936.0, 375434241618790252544.0, 174357887932893003776.0
"Line.RBT_UC0774110"    ,   2, -375428797519995994112.0, -174356909058564620288.0
"Line.RBT_UC0789938"    ,   1, 99559528477231366144.0, 46232994174257487872.0, 99559528375219765248.0, 46232994126885814272.0, 99559527535585869824.0, 46232993736980496384.0
"Line.RBT_UC0789938"    ,   2, -99542771178623369216.0, -46229724583019937792.0
"Line.RBT_UC0869212"    ,   1, -3660702546272154288128.0, 351355422272112885760.0, 3660702546064606494720.0, 351355422252192366592.0, 3660702544518227951616.0, 351355422103770497024.0
"Line.RBT_UC0869212"    ,   2, 3666746236287130796032.0, -350173804967561854976.0
"Line.RBT_UC0943013"    ,   1, 40730645362379235328.0, 18908419112209195008.0, 40730645250814230528.0, 18908419060417286144.0, 40730644419576373248.0, 18908418674531090432.0
"Line.RBT_UC0943013"    ,   2, -40702107980809052160.0, -18902901931389550592.0
"Line.RBT_UC0943015"    ,   1, 21239523714079813632.0, 9863869687195328512.0, 21239523600878022656.0, 9863869634623164416.0, 21239522757444943872.0, 9863869242923515904.0
"Line.RBT_UC0943015"    ,   2, -21238784771519561728.0, -9863731527393359872.0
"Line.RBT_UC0949091"    ,   1, 23397845441333825536.0, 10866174782342008832.0, 23397845332987719680.0, 10866174732025079808.0, 23397844525732921344.0, 10866174357128521728.0
"Line.RBT_UC0949091"    ,   2, -23396866509358092288.0, -10865989384646082560.0
"Line.RBT_UC0992586"    ,   1, -1131928429.6, -6157895431742.6, 1044480193.0, 5682161204536.7, 833809441.2, 4536074202631.7
"Line.RBT_UC0992586"    ,   2, 797531874.2, -294362118.3
"Line.RBT_UC0998213"    ,   1, 13244218460749635584.0, 6150799035097383936.0, 13244218352403730432.0, 6150798984780041216.0, 13244217545150437376.0, 6150798609880396800.0
"Line.RBT_UC0998213"    ,   2, -13243904803883403264.0, -6150743688749922304.0
"Line.RBT_UC1121825"    ,   1, -673030697.4, -6137459113253.2, 652036879.8, 5946013614449.7, 495618153.7, 4519609827589.7
"Line.RBT_UC1121825"    ,   2, 583841341.6, 641804731.3
"Line.RBT_UC1239010"    ,   1, 432250979.4, -7054202282471.2, 419577413.9, 6847373613204.5, 325150425.7, 5306354373175.4
"Line.RBT_UC1239010"    ,   2, -89198958.3, 132589073.8
"Line.RBT_UC1282322"    ,   1, -4510603468630007480320.0, 375621151213613285376.0, 4510603468200423718912.0, 375621151177839673344.0, 4510603464664623349760.0, 375621150883395338240.0
"Line.RBT_UC1282322"    ,   2, 4513452824767618351104.0, -375064178310583812096.0
"Line.RBT_UC1343424"    ,   1, 32253595396142596096.0, 14979151801180039168.0, 32253595008884297728.0, 14979151621330296832.0, 32253594075943849984.0, 14979151188055914496.0
"Line.RBT_UC1343424"    ,   2, -32253043423575932928.0, -14978981365479845888.0
"Line.RBT_UC1343425"    ,   1, 11113801546197049344.0, 5161455696376648704.0, 11113801389664323584.0, 5161455623679945728.0, 11113800101279586304.0, 5161455025330162688.0
"Line.RBT_UC1343425"    ,   2, -11113735012958683136.0, -5161448715862585344.0
"Line.RBT_UC1375762"    ,   1, -212901506.1, -5973292393437.3, 196110193.1, 5502185240266.7, 155658393.5, 4367245280355.5
"Line.RBT_UC1375762"    ,   2, 64153936.8, 280950437.0
"Line.RBT_UC1388631"    ,   1, 9531459564486858752.0, 4426448439337944576.0, 9531459506547568640.0, 4426448412430703616.0, 9531459074859063296.0, 4426448211952812544.0
"Line.RBT_UC1388631"    ,   2, -9530891497406545920.0, -4426343410074182144.0
"Line.RBT_UC1593628"    ,   1, 5563939409904218112.0, 2583950620091827712.0, 5563939356861341696.0, 2583950595458170880.0, 5563938920277669888.0, 2583950392704228864.0
"Line.RBT_UC1593628"    ,   2, -5563745835498592256.0, -2583918798463612928.0
"Line.RBT_UC1621757"    ,   1, 1097315609684029472768.0, 509585331627750850560.0, 1097315609276666085376.0, 509585331438574305280.0, 1097315606241521958912.0, 509585330029075562496.0
"Line.RBT_UC1621757"    ,   2, -1097201345246309384192.0, -509563028818719997952.0
"Line.RBT_UC1644578"    ,   1, 30630123183689060352.0, 14224934813271187456.0, 30630123049387708416.0, 14224934750900299776.0, 30630122048748052480.0, 14224934286193260544.0
"Line.RBT_UC1644578"    ,   2, -30629031330854055936.0, -14224756511668369408.0
"Line.RBT_UC1819763"    ,   1, 215559043.8, -36012688298622.4, 213502638.2, 35669131874292.7, 192278980.3, 32123370287342.5
"Line.RBT_UC1819763"    ,   2, 246620691.1, 2903971017.0
"Line.RBT_UC2223243"    ,   1, -34573150.8, -155934010087900.8, 34530795.7, 155742977219224.1, 34215220.0, 154319647817393.2
"Line.RBT_UC2223243"    ,   2, 30783911.0, -18244106.5
"Line.RBT_UC2223252"    ,   1, 24404844.2, -62373583796782.7, 24330098.9, 62182550880601.0, 23773194.2, 60759221124825.1
"Line.RBT_UC2223252"    ,   2, 241193.4, -29320544.1
"Line.RBT_UC2246689"    ,   1, 305581093.5, -2203429061094889.5, 305361438.7, 2201845213732643.0, 304832270.3, 2198029581450867.2
"Line.RBT_UC2246689"    ,   2, -224509196.8, -131916112.1
"Line.RBT_UC2515456"    ,   1, 841767424858.1, -131772317660522.7, 840619947803.7, 131592688814763.6, 831175328971.1, 130114205238130.8
"Line.RBT_UC2515456"    ,   2, -841762550101.9, -390945887068.6
"Line.RBT_UC2610636"    ,   1, -14340012.8, -185935571277963.4, 14332339.8, 185836082146316.0, 14212130.2, 184277419083840.8
"Line.RBT_UC2610636"    ,   2, 13470645.3, -5689919.0
"Line.RBT_UC2789753"    ,   1, 15018232006038235136.0, 6966452187006212096.0, 15018231947984961536.0, 6966452160077253632.0, 15018231038483679232.0, 6966451738190229504.0
"Line.RBT_UC2789753"    ,   2, -14999674846123239424.0, -6966159658872228864.0
"Line.RBT_UC2838804"    ,   1, -56797713.2, -451013037512290.2, 56762912.1, 450736692584840.6, 56403738.2, 447884604371350.1
"Line.RBT_UC2838804"    ,   2, 35758671.9, 4986816.3
"Line.RBT_UC2841563"    ,   1, 3345516849815290880.0, 1552623542177173248.0, 3345516820272635392.0, 1552623528466699008.0, 3345516357437699584.0, 1552623313669270272.0
"Line.RBT_UC2841563"    ,   2, -3343198513419148288.0, -1552650632121253120.0
"Line.RBT_UC2907396"    ,   1, -1137306402833844273152.0, 31040093011721576448.0, 1137306401831724777472.0, 31040092984371089408.0, 1137306399417527828480.0, 31040092918481285120.0
"Line.RBT_UC2907396"    ,   2, 1138554264237795835904.0, -30641648748476141568.0
"Line.RBT_UC3161891"    ,   1, 1500641444976.9, -79446746683278.3, 1498825731300.2, 79350619427162.0, 1470379550365.7, 77844625748005.9
"Line.RBT_UC3161891"    ,   2, -1500643404344.6, -696967034964.9
"Line.RBT_UC3163906"    ,   1, 5418811886450.0, -1165761598611804.0, 5416976972940.1, 1165366849402671.8, 5388229994618.4, 1159182445126269.2
"Line.RBT_UC3163906"    ,   2, -5418839377076.3, -2517847244868.7
"Line.RBT_UC3191111"    ,   1, 9347185927595108352.0, 4336888588706897920.0, 9347185869573898240.0, 4336888561786332672.0, 9347184960574932992.0, 4336888140030815232.0
"Line.RBT_UC3191111"    ,   2, -9338190435069859840.0, -4336849042810117120.0
"Line.RBT_UC3380517"    ,   1, -19696255.3, -5767528735128.0, 19360229.5, 5669132466173.0, 14095826.5, 4127590919211.8
"Line.RBT_UC3380517"    ,   2, -61696988.6, -77919365.3
"Line.RBT_UC3529768"    ,   1, 4869291158263699456.0, 2260751761448891136.0, 4869291100219969536.0, 2260751734499904000.0, 4869290190868194304.0, 2260751312299102720.0
"Line.RBT_UC3529768"    ,   2, -4868018918153901056.0, -2260808807828132608.0
"Line.RBT_UC3530039"    ,   1, 7591217990853977088.0, 3515157105178332672.0, 7591217961461404672.0, 3515157091567932928.0, 7591217500977766400.0, 3515156878338338816.0
"Line.RBT_UC3530039"    ,   2, -7568098122689264640.0, -3514781514191704064.0
"Line.RBT_UC3629960"    ,   1, 6564784656637594624.0, 3044579304651627008.0, 6564784626806151168.0, 3044579290816565760.0, 6564784159446861824.0, 3044579074067275264.0
"Line.RBT_UC3629960"    ,   2, -6555371701875968000.0, -3044450390010932224.0
"Line.RBT_UC3631608"    ,   1, 19428377.7, -504569821856550.8, 19397407.5, 503765502666548.4, 19322797.6, 501827824617906.6
"Line.RBT_UC3631608"    ,   2, -1299786.7, 38510913.2
"Line.RBT_UC3646363"    ,   1, 3926253542150151680.0, 1821962860489829888.0, 3926253498781936640.0, 1821962840364976384.0, 3926253051189228032.0, 1821962632661300992.0
"Line.RBT_UC3646363"    ,   2, -3923123423288135168.0, -1821979771320521984.0
"Line.RBT_UC3720936"    ,   1, -6564490803367392575488.0, 330805095383383343104.0, 6564490802921843195904.0, 330805095360930775040.0, 6564490799602187894784.0, 330805095193642991616.0
"Line.RBT_UC3720936"    ,   2, 6662175904139558518784.0, -311710076676103602176.0
"Line.RBT_UC3790952"    ,   1, -9513991.3, -155210909806491.0, 9505127.0, 155066298616605.4, 9413641.2, 153573801996465.7
"Line.RBT_UC3790952"    ,   2, 4926620.6, -17050304.1
"Line.RBT_UC3826449"    ,   1, 53684864.1, -981265174690508.6, 53672408.9, 981037514197722.0, 53477276.3, 977470833144064.8
"Line.RBT_UC3826449"    ,   2, -52767917.4, -85276854.5
"Line.RBT_UC3881471"    ,   1, 129826836903994900480.0, 2379702303248311296.0, 129826836856176017408.0, 2379702302371800064.0, 129826836362649190400.0, 2379702293325542912.0
"Line.RBT_UC3881471"    ,   2, -127896968313220136960.0, -2318097109303297536.0
"Line.RBT_UC3947752"    ,   1, 8568837513209784320.0, 3975185287956232704.0, 8568837458263728128.0, 3975185262466105856.0, 8568836597442179072.0, 3975184863120785920.0
"Line.RBT_UC3947752"    ,   2, -8559350072938130432.0, -3975139448641948160.0
"Line.RBT_UC3975076"    ,   1, 29672489735716413440.0, 13778940882008201216.0, 29672489677727825920.0, 13778940855080183808.0, 29672488769239973888.0, 13778940433207920640.0
"Line.RBT_UC3975076"    ,   2, -29668930796105289728.0, -13778865939382001664.0
"Line.RBT_UC4226425"    ,   1, 41378308946753273856.0, 19209983465499136000.0, 41378308792161853440.0, 19209983393729679360.0, 41378307196661669888.0, 19209982653014728704.0
"Line.RBT_UC4226425"    ,   2, -41362513263043616768.0, -19209607821629190144.0
"Line.RBT_UC4306385"    ,   1, 1464737446670573502464.0, 61720547036694036480.0, 1464737446474268278784.0, 61720547028422197248.0, 1464737444164548165632.0, 61720546931096092672.0
"Line.RBT_UC4306385"    ,   2, -1440001581988876386304.0, -58848366452450476032.0
"Line.RBT_UC4594410"    ,   1, 1605773002731027169280.0, 745551113010010390528.0, 1605773002164711718912.0, 745551112747073404928.0, 1605772997503499632640.0, 745551110582899572736.0
"Line.RBT_UC4594410"    ,   2, -1605019785359201402880.0, -745404429810574819328.0
"Line.RBT_UC4618864"    ,   1, 42800621575439736832.0, 19855938331632783360.0, 42800621422650236928.0, 19855938260751126528.0, 42800619845747236864.0, 19855937529198931968.0
"Line.RBT_UC4618864"    ,   2, -42756287255374782464.0, -19856905329432141824.0
"Line.RBT_UC4678042"    ,   1, 312455089655714611200.0, 144735931569488412672.0, 312455089550332854272.0, 144735931520673333248.0, 312455087899352432640.0, 144735930755903586304.0
"Line.RBT_UC4678042"    ,   2, -311606689778327486464.0, -144716600455628324864.0
"Line.RBT_UC4755118"    ,   1, 38555650396356796416.0, 17850731360229724160.0, 38555650338927550464.0, 17850731333640779776.0, 38555649439202697216.0, 17850730917080653824.0
"Line.RBT_UC4755118"    ,   2, -38430671264589570048.0, -17847999677930547200.0
"Line.RBT_UC4760194"    ,   1, 12769847589043523584.0, 5922659538940679168.0, 12769847532346259456.0, 5922659512644469760.0, 12769846644089137152.0, 5922659100670521344.0
"Line.RBT_UC4760194"    ,   2, -12752264938928162816.0, -5922415951880587264.0
"Line.RBT_UC4892302"    ,   1, 94534578153945858048.0, 43901658568043732992.0, 94534577515767889920.0, 43901658271675228160.0, 94534572760892637184.0, 43901656063521202176.0
"Line.RBT_UC4892302"    ,   2, -94530362888411480064.0, -43901858339451133952.0
"Line.RBT_UC4894916"    ,   1, -3033079.4, -176990369015394.6, 3031418.2, 176893431962624.0, 3005392.6, 175374751469218.0
"Line.RBT_UC4894916"    ,   2, 6523797.3, -17116039.0
"Line.RBT_UC4951990"    ,   1, -186662635.6, -947099301937651.8, 186447109.5, 946005753950225.4, 185927887.8, 943371297435061.6
"Line.RBT_UC4951990"    ,   2, 161444567.1, 15053083.3
"Line.RBT_UC5050673"    ,   1, 18470541743433396224.0, 8571826524818733056.0, 18470541685438541824.0, 8571826497904424960.0, 18470540776852451328.0, 8571826076246932480.0
"Line.RBT_UC5050673"    ,   2, -18456478743974346752.0, -8571570983565959168.0
"Line.RBT_UC5191508"    ,   1, 135457938562522267648.0, 62901308882301820928.0, 135457937927569391616.0, 62901308587454816256.0, 135457933196723290112.0, 62901306390637010944.0
"Line.RBT_UC5191508"    ,   2, -135436726828799590400.0, -62899620962865758208.0
"Line.RBT_UC5193018"    ,   1, 7713905565313899520.0, 3580547413630844416.0, 7713905497080010752.0, 3580547381958862848.0, 7713904428082426880.0, 3580546885764489728.0
"Line.RBT_UC5193018"    ,   2, -7710900241446261760.0, -3581101773045276160.0
"Line.RBT_UC5214104"    ,   1, 855265165793013399552.0, 397175378341622317056.0, 855265165457038376960.0, 397175378185599320064.0, 855265162953787441152.0, 397175377023118213120.0
"Line.RBT_UC5214104"    ,   2, -855163079016384167936.0, -397155445141061107712.0
"Line.RBT_UC5357259"    ,   1, 3449025087789376471040.0, 1598298272353937260544.0, 3449025087200860045312.0, 1598298272081215488000.0, 3449025082356920745984.0, 1598298269836505776128.0
"Line.RBT_UC5357259"    ,   2, -3436018342896519348224.0, -1595758081655913840640.0
"Line.RBT_UC5576667"    ,   1, -101733013.7, -957262921772829.9, 101685887.6, 956819485650288.6, 101334764.7, 953515574258397.4
"Line.RBT_UC5576667"    ,   2, 212129023.6, -13375591.9
"Line.RBT_UC5581850"    ,   1, 1488062669822227382272.0, 690721052011018059776.0, 1488062669223691288576.0, 690721051733192736768.0, 1488062664297277816832.0, 690721049446476283904.0
"Line.RBT_UC5581850"    ,   2, -1486707830569577742336.0, -690457907734397321216.0
"Line.RBT_UC5602282"    ,   1, 3187965474357007876096.0, 1470939013225953624064.0, 3187965473998558986240.0, 1470939013060563828736.0, 3187965471327860555776.0, 1470939011828293828608.0
"Line.RBT_UC5602282"    ,   2, -3152204390013466574848.0, -1463949003893972140032.0
"Line.RBT_UC5605301"    ,   1, 142375208536758353920.0, 66103226368755933184.0, 142375208021700050944.0, 66103226129620090880.0, 142375206780877750272.0, 66103225553520091136.0
"Line.RBT_UC5605301"    ,   2, -142254528480355041280.0, -66065949259068907520.0
"Line.RBT_UC5632863"    ,   1, 47038185691718967296.0, 21837840249265045504.0, 47038185535110643712.0, 21837840176558424064.0, 47038184246103687168.0, 21837839578127011840.0
"Line.RBT_UC5632863"    ,   2, -47010202221976625152.0, -21832511539247267840.0
"Line.RBT_UC5697668"    ,   1, -605984.1, -165529155441533.7, 605513.8, 165400692644838.0, 599980.4, 163889204845418.3
"Line.RBT_UC5697668"    ,   2, -2938028.8, -8125017.6
"Line.RBT_UC5796549"    ,   1, 12418212.1, -495955368174533.2, 12398316.8, 495160793753320.5, 12350387.1, 493246591738580.9
"Line.RBT_UC5796549"    ,   2, 9767075.2, -63602640.4
"Line.RBT_UC5818777"    ,   1, 5021300446354.3, -2296881772242446.0, 5020537957697.9, 2296532988831618.5, 5008592302080.7, 2291068715395316.5
"Line.RBT_UC5818777"    ,   2, -5021281414939.9, -2332051641286.0
"Line.RBT_UC5888430"    ,   1, 545525623804126560256.0, 253350026661932761088.0, 545525623185505452032.0, 253350026374636142592.0, 545525618576342777856.0, 253350024234074013696.0
"Line.RBT_UC5888430"    ,   2, -545513380982036234240.0, -253347712238876524544.0
"Line.RBT_UC5888675"    ,   1, 127130449450443505664.0, 59041756032263053312.0, 127130448831823413248.0, 59041755744964321280.0, 127130444222668046336.0, 59041753604386447360.0
"Line.RBT_UC5888675"    ,   2, -127129784555972067328.0, -59041704920010891264.0
"Line.RBT_UC5889165"    ,   1, -4262990305586885689344.0, 167323482300969779200.0, 4262990304902793658368.0, 167323482274118991872.0, 4262990299805829300224.0, 167323482074061799424.0
"Line.RBT_UC5889165"    ,   2, 4263606203462004506624.0, -167203159304612544512.0
"Line.RBT_UC5892226"    ,   1, -4357169086041858506752.0, 123592560581885034496.0, 4357169085415394115584.0, 123592560564115161088.0, 4357169080259108143104.0, 123592560417855389696.0
"Line.RBT_UC5892226"    ,   2, 4357812025332954300416.0, -123466951385102106624.0
"Line.RBT_UC5894424"    ,   1, 536726969495661248512.0, 249263854726654754816.0, 536726968877040140288.0, 249263854439358070784.0, 536726964267877662720.0, 249263852298795614208.0
"Line.RBT_UC5894424"    ,   2, -536715118412509085696.0, -249261616881607049216.0
"Line.RBT_UC5897086"    ,   1, 663426897967910879232.0, 308104243250543722496.0, 663426897349289443328.0, 308104242963247726592.0, 663426892740124475392.0, 308104240822690447360.0
"Line.RBT_UC5897086"    ,   2, -663408791370933338112.0, -308100782544026664960.0
"Line.RBT_UC5899000"    ,   1, -2908811729995392614400.0, 366695493506729705472.0, 2908811729373208510464.0, 366695493428294909952.0, 2908811724252153643008.0, 366695492782715895808.0
"Line.RBT_UC5899000"    ,   2, 2909102592264657960960.0, -366638711208299397120.0
"Line.RBT_UC5922670"    ,   1, 602716496996890443776.0, 279909926093969293312.0, 602716496378269270016.0, 279909925806673002496.0, 602716491769105481728.0, 279909923666113200128.0
"Line.RBT_UC5922670"    ,   2, -602701552644143579136.0, -279907083562529456128.0
"Line.RBT_UC5940094"    ,   1, 386269249162003611648.0, 179389709711960997888.0, 386269248543382896640.0, 179389709424663494656.0, 386269243934223302656.0, 179389707284094943232.0
"Line.RBT_UC5940094"    ,   2, -386263111090625249280.0, -179388588671456837632.0
"Line.RBT_UC5945204"    ,   1, 582479814025804906496.0, 270511856760580440064.0, 582479813407183732736.0, 270511856473284018176.0, 582479808798020337664.0, 270511854332723396608.0
"Line.RBT_UC5945204"    ,   2, -582465856359716945920.0, -270509207109545492480.0
"Line.RBT_UC5951926"    ,   1, -1261181474572631015424.0, 273014382802653413376.0, 1261181473902824783872.0, 273014382657657044992.0, 1261181468912296919040.0, 273014381577331998720.0
"Line.RBT_UC5951926"    ,   2, 1261237818950724616192.0, -273003446704142123008.0
"Line.RBT_UC5958325"    ,   1, 348434759727381676032.0, 161818896760267603968.0, 348434759108761092096.0, 161818896472969936896.0, 348434754499602087936.0, 161818894332399845376.0
"Line.RBT_UC5958325"    ,   2, -348429765189672370176.0, -161817999272092958720.0
"Line.RBT_UC5959095"    ,   1, -3600477486774957899776.0, 281706624491474518016.0, 3600477486149943164928.0, 281706624442572472320.0, 3600477481005591035904.0, 281706624040070840320.0
"Line.RBT_UC5959095"    ,   2, 3600918834448454647808.0, -281620423970706784256.0
"Line.RBT_UC5993493"    ,   1, 24449100161360523264.0, 11353252135129190400.0, 24449100004775059456.0, 11353252062416730112.0, 24449098715956240384.0, 11353251463937239040.0
"Line.RBT_UC5993493"    ,   2, -24444176625308672000.0, -11352381887692924928.0
"Line.RBT_UC6234572"    ,   1, 5023165171557.7, -157890761982295.6, 5012219418684.5, 157546709337682.1, 4840735957005.9, 152156551238736.8
"Line.RBT_UC6234572"    ,   2, -5023161688600.6, -2331707855776.0
"Line.RBT_UC6254686"    ,   1, 30498686145750470656.0, 14162290343647264768.0, 30498685522230779904.0, 14162290054111287296.0, 30498680876569968640.0, 14162287896864352256.0
"Line.RBT_UC6254686"    ,   2, -30497879993194328064.0, -14163847108657745920.0
"Line.RBT_UC6364544"    ,   1, -499876157.1, -560393691605851.6, 499318648.5, 559768688131114.8, 494729923.4, 554624428762127.3
"Line.RBT_UC6364544"    ,   2, 1190706899.8, -605338145.1
"Line.RBT_UC6419738"    ,   1, -1912889152.4, -31935437755111.1, 1895715797.8, 31648730814108.3, 1693654838.1, 28275349146565.5
"Line.RBT_UC6419738"    ,   2, 2278354223.6, -1108268753.4
"Line.RBT_UC6427486"    ,   1, 2001895142649734889472.0, 929519159927693377536.0, 2001895142360092508160.0, 929519159793206820864.0, 2001895140202053107712.0, 929519158791186808832.0
"Line.RBT_UC6427486"    ,   2, -2001142589947732819968.0, -929372064353457537024.0
"Line.RBT_UC6433120"    ,   1, -141711552.7, -17281420870909.6, 139083241.0, 16960903873804.8, 119500467.6, 14572826529178.7
"Line.RBT_UC6433120"    ,   2, 236791167.8, 2323856430.5
"Line.RBT_UC6433121"    ,   1, 1211679482670769242112.0, 562654882907160838144.0, 1211679482381131317248.0, 562654882772664713216.0, 1211679480223124684800.0, 562654881770573856768.0
"Line.RBT_UC6433121"    ,   2, -1211403778703859122176.0, -562601004162918252544.0
"Line.RBT_UC6484028"    ,   1, -99070943.4, -947099237644220.9, 99024797.3, 946658090365968.5, 98680976.8, 943371232475891.0
"Line.RBT_UC6484028"    ,   2, 100519399.4, 4431036.6
"Line.RBT_UC6515529"    ,   1, 313059519633417175040.0, 145386357636452450304.0, 313059519368260288512.0, 145386357513312305152.0, 313059517185815085056.0, 145386356499774177280.0
"Line.RBT_UC6515529"    ,   2, -313041114608453943296.0, -145382777007712288768.0
"Line.RBT_UC6515531"    ,   1, 682695065793307082752.0, 317034172079798026240.0, 682695065503672172544.0, 317034171945295544320.0, 682695063345687560192.0, 317034170943157305344.0
"Line.RBT_UC6515531"    ,   2, -682607541240687493120.0, -317017079610963394560.0
"Line.RBT_UC6515532"    ,   1, -141711552.7, -17281420870909.6, 139083241.0, 16960903873804.8, 119500467.6, 14572826529178.7
"Line.RBT_UC6515532"    ,   2, 236791167.8, 2323856430.5
"Line.RBT_UC6515537"    ,   1, 2557310918449701584896.0, 1187350819336394375168.0, 2557310918179175792640.0, 1187350819210790174720.0, 2557310915952540909568.0, 1187350818176971046912.0
"Line.RBT_UC6515537"    ,   2, -2556131016743550189568.0, -1187120184097622982656.0
"Line.RBT_UC6515538"    ,   1, 189792347964199895040.0, 88141731268296523776.0, 189792347668715503616.0, 88141731131070201856.0, 189792345467148664832.0, 88141730108637462528.0
"Line.RBT_UC6515538"    ,   2, -189785848550236848128.0, -88140478713949077504.0
"Line.RBT_UC6515540"    ,   1, 573594053945277218816.0, 266372975374865399808.0, 573594053674761453568.0, 266372975249239801856.0, 573594051448208293888.0, 266372974215244447744.0
"Line.RBT_UC6515540"    ,   2, -573534690381762789376.0, -266361388664027152384.0
"Line.RBT_UC6852316"    ,   1, 19984217816580136960.0, 9276891469162086400.0, 19984217705025896448.0, 9276891417377392640.0, 19984216873868226560.0, 9276891031544954880.0
"Line.RBT_UC6852316"    ,   2, -19969128236282781696.0, -9274076735377084416.0
"Line.RBT_UC7109699"    ,   1, -149263437.2, -32033392070196.5, 148238419.8, 31813413303707.0, 132179812.6, 28367079295371.7
"Line.RBT_UC7109699"    ,   2, -451932659.3, 771489339.3
"Line.RBT_UC8016583"    ,   1, 14509406833951475712.0, 6738136177693958144.0, 14509406609708238848.0, 6738136073555898368.0, 14509404938938195968.0, 6738135297654017024.0
"Line.RBT_UC8016583"    ,   2, -14508782889618370560.0, -6738179264930258944.0
"Line.RBT_UC8246689"    ,   1, -1474288458229754363904.0, 16183964707385950208.0, 1474288457859964600320.0, 16183964703326593024.0, 1474288455104770867200.0, 16183964673081522176.0
"Line.RBT_UC8246689"    ,   2, 1481450698935141138432.0, -14784511958998030336.0
"Line.RBT_UC8392712"    ,   1, 5420719309519.6, -2133239722569332.8, 5415802212186.5, 2131304675437801.0, 5403956477702.2, 2126642970984564.8
"Line.RBT_UC8392712"    ,   2, -5420436246558.0, -2517474961791.3
"Line.RBT_UC8444647"    ,   1, 938289539626590535680.0, 435716615274738352128.0, 938289539336954183680.0, 435716615140238950400.0, 938289537178958954496.0, 435716614138123583488.0
"Line.RBT_UC8444647"    ,   2, -938124211845515182080.0, -435684313432524390400.0
"Line.RBT_UC8565074"    ,   1, 41336983193787891712.0, 19190853534264901632.0, 41336982925195976704.0, 19190853409570070528.0, 41336982278133628928.0, 19190853109168885760.0
"Line.RBT_UC8565074"    ,   2, -41290165095687127040.0, -19176007841183948800.0
"Line.RBT_UC8581377"    ,   1, 196674368995508453376.0, 91314737143902535680.0, 196674368587116380160.0, 91314736954288537600.0, 196674365544307785728.0, 91314735541530640384.0
"Line.RBT_UC8581377"    ,   2, -196584861056417103872.0, -91298080935172374528.0
"Line.RBT_UC8954710"    ,   1, -8529730.8, -73516622580161.5, 8518628.7, 73420935325819.6, 8344696.4, 71921835007795.5
"Line.RBT_UC8954710"    ,   2, 16118571.2, 41242000.0
"Line.RBT_UC8991968"    ,   1, 2957337154074073600.0, 1372480388642265856.0, 2957337123759518720.0, 1372480374573483776.0, 2957336648831491072.0, 1372480154162563584.0
"Line.RBT_UC8991968"    ,   2, -2955357961460983296.0, -1372529447243367680.0
"Line.RBT_UC9102114"    ,   1, -37812795.1, -181797327209956.4, 37772503.1, 181603610282816.3, 37472299.3, 180160282755251.7
"Line.RBT_UC9102114"    ,   2, 38077326.1, -1134225.1
"Line.RBT_UC9104411"    ,   1, -37812795.1, -181797327209956.4, 37772503.1, 181603610282816.3, 37472299.3, 180160282755251.7
"Line.RBT_UC9104411"    ,   2, 38077326.1, -1134225.1
"Line.RBT_UC9216932"    ,   1, 22772234361152823296.0, 10555288912752887808.0, 22772234304069369856.0, 10555288886293809152.0, 22772233409761902592.0, 10555288471768227840.0
"Line.RBT_UC9216932"    ,   2, -22725942797052071936.0, -10554398545342353408.0
"Line.RBT_UC9633799"    ,   1, 49272104794056835072.0, 22881261603054862336.0, 49272103961216335872.0, 22881261216295632896.0, 49272101954827886592.0, 22881260284557496320.0
"Line.RBT_UC9633799"    ,   2, -49264799976600461312.0, -22879593430276231168.0
"Line.RBT_UC9717236"    ,   1, 141529180652379488256.0, 65717228314356834304.0, 141529179996774907904.0, 65717228009935396864.0, 141529178417363845120.0, 65717227276556484608.0
"Line.RBT_UC9717236"    ,   2, -141451063578776600576.0, -65692803515788206080.0
"Line.RBT_UC9722939"    ,   1, 87078896629830615040.0, 40437150357393489920.0, 87078896523221794816.0, 40437150307887161344.0, 87078894853017059328.0, 40437149532287983616.0
"Line.RBT_UC9722939"    ,   2, -87069828092634791936.0, -40437031475651731456.0
"Line.RBT_UC9724490"    ,   1, 278045423189558657024.0, 129097809817965477888.0, 278045422173071704064.0, 129097809346005762048.0, 278045419724262211584.0, 129097808209011884032.0
"Line.RBT_UC9724490"    ,   2, -277838081965948502016.0, -129033760435989168128.0
"Line.RBT_UC9862829"    ,   1, 88055035465696378880.0, 40888875132338003968.0, 88055035005898244096.0, 40888874918828023808.0, 88055031580078325760.0, 40888873328028344320.0
"Line.RBT_UC9862829"    ,   2, -88038462507952996352.0, -40886885349318787072.0
"Line.RBT_UI0943014"    ,   1, 9577692629670129664.0, 4448028740483312640.0, 9577692521324298240.0, 4448028690165830656.0, 9577691714071549952.0, 4448028315265157120.0
"Line.RBT_UI0943014"    ,   2, -9577528599406776320.0, -4448002643689835520.0
"Line.RBT_UI2511968"    ,   1, -18612573.5, -141461952692733.7, 18599996.8, 141366365352425.4, 18402961.6, 139868830354262.6
"Line.RBT_UI2511968"    ,   2, 16463001.1, 5014430.5
"Line.RBT_UI2761480"    ,   1, 464967055130135101440.0, 15661092081320644608.0, 464967055069598187520.0, 15661092079281631232.0, 464967054121186754560.0, 15661092047337091072.0
"Line.RBT_UI2761480"    ,   2, -455184293080957976576.0, -15437302611623546880.0
"Line.RBT_UI3135625"    ,   1, 109960972088871763968.0, 51016334761945006080.0, 109960971948382601216.0, 51016334696765128704.0, 109960970295393009664.0, 51016333929861488640.0
"Line.RBT_UI3135625"    ,   2, -109815870377377415168.0, -51000764602619412480.0
"Line.RBT_UI3331712"    ,   1, -437576365.2, -6463669934126.0, 404701056.3, 5978051508760.7, 325501448.6, 4808152574926.3
"Line.RBT_UI3331712"    ,   2, 483180473.3, -317560980.9
"Line.RBT_UM3010910"    ,   1, -12817598612028979675136.0, 494736933633991114752.0, 12817598611289890881536.0, 494736933605463556096.0, 12817598605783153508352.0, 494736933392913137664.0
"Line.RBT_UM3010910"    ,   2, 12952637734830712291328.0, -468340996496527261696.0
"Line.RBT_UM6024214"    ,   1, -353903497.4, -1373876514118327.0, 353786992.2, 1373424233064441.5, 352416196.2, 1368102713430424.8
"Line.RBT_UM6024214"    ,   2, 297834393.8, -336797264.7
"Line.RBT_U10019530"    ,   1, -63619133731680501760.0, 11602223977450323968.0, 63619133613662625792.0, 11602223955927398400.0, 63619131764715872256.0, 11602223618734905344.0
"Line.RBT_U10019530"    ,   2, 63790413059086868480.0, -11598462673573713920.0
"Line.RBT_U10139458"    ,   1, 6023032591147947008.0, 2797013378359932928.0, 6023032420882059264.0, 2797013299290800128.0, 6023031152281293824.0, 2797012710170077184.0
"Line.RBT_U10139458"    ,   2, -6022669981794764800.0, -2797052674979882496.0
"Line.RBT_U10333658"    ,   1, -755664091889326489600.0, 27082521075215302656.0, 755664091569309351936.0, 27082521063746093056.0, 755664089184956317696.0, 27082520978292391936.0
"Line.RBT_U10333658"    ,   2, 758198927622893993984.0, -26587487873848680448.0
"Line.RBT_U10428778"    ,   1, 61135735634883657728.0, 28392502457836351488.0, 61135735339399946240.0, 28392502320608559104.0, 61135733137838211072.0, 28392501298164871168.0
"Line.RBT_U10428778"    ,   2, -61135061249406459904.0, -28392388608424558592.0
"Line.RBT_U10428780"    ,   1, 175935270270744231936.0, 81706463312259186688.0, 175935269975259906048.0, 81706463175032700928.0, 175935267773693657088.0, 81706462152598749184.0
"Line.RBT_U10428780"    ,   2, -175929685275609497600.0, -81705389512938553344.0
"Line.RBT_U10428781"    ,   1, 223419688990544658432.0, 103758290632861171712.0, 223419688695060103168.0, 103758290495635243008.0, 223419686493491920896.0, 103758289473205436416.0
"Line.RBT_U10428781"    ,   2, -223410682426871087104.0, -103756547966608654336.0
"Line.RBT_U10428782"    ,   1, 175928724083314065408.0, 81703423241990799360.0, 175928723787829739520.0, 81703423104764313600.0, 175928721586263490560.0, 81703422082330361856.0
"Line.RBT_U10428782"    ,   2, -175923139504140779520.0, -81702349523278135296.0
"Line.RBT_U10428784"    ,   1, 2532946095136038191104.0, 1176041308183942660096.0, 2532946094840541085696.0, 1176041308046743961600.0, 2532946092638878564352.0, 1176041307024516972544.0
"Line.RBT_U10428784"    ,   2, -2531788568347689877504.0, -1175815046909727080448.0
"Line.RBT_U10428787"    ,   1, -3665692048.8, -17988110077155.8, 3599035394.1, 17661015703916.9, 3102396374.8, 15223932275137.1
"Line.RBT_U10428787"    ,   2, 2286617953.3, 4889355260.9
"Line.RBT_U10428789"    ,   1, 528998408036484841472.0, 245664219754133487616.0, 528998407740998549504.0, 245664219616911130624.0, 528998405539418013696.0, 245664218594508111872.0
"Line.RBT_U10428789"    ,   2, -528947916320210026496.0, -245654367358443683840.0
"Line.RBT_U10428791"    ,   1, 521978561776726900736.0, 242404415760004382720.0, 521978561481240739840.0, 242404415622781960192.0, 521978559279660335104.0, 242404414600378286080.0
"Line.RBT_U10428791"    ,   2, -521929401213422469120.0, -242394823585281802240.0
"Line.RBT_U10428792"    ,   1, 365540839611876769792.0, 169758234766671347712.0, 365540839316391395328.0, 169758234629447090176.0, 365540837114817478656.0, 169758233607029719040.0
"Line.RBT_U10428792"    ,   2, -365516730244095606784.0, -169753539726803435520.0
"Line.RBT_U10428793"    ,   1, 495963817321222373376.0, 230323914627923509248.0, 495963817025736278016.0, 230323914490700759040.0, 495963814824157052928.0, 230323913468294856704.0
"Line.RBT_U10428793"    ,   2, -495919434804568719360.0, -230315256490592370688.0
"Line.RBT_U10428796"    ,   1, 121790672030071554048.0, 56561530503700660224.0, 121790671694100004864.0, 56561530347670118400.0, 121790669190875332608.0, 56561529185132650496.0
"Line.RBT_U10428796"    ,   2, -121788601865086009344.0, -56561149062505611264.0
"Line.RBT_U10428797"    ,   1, 56061622769271930880.0, 26036037488274567168.0, 56061622433300660224.0, 26036037332243398656.0, 56061619930078142464.0, 26036036169701322752.0
"Line.RBT_U10428797"    ,   2, -56061184129215479808.0, -26035974985595219968.0
"Line.RBT_U10428798"    ,   1, 1233242604701212475392.0, 572686300786825822208.0, 1233242604365235617792.0, 572686300630806757376.0, 1233242601861971181568.0, 572686299468354813952.0
"Line.RBT_U10428798"    ,   2, -1233030348561229807616.0, -572644831115935940608.0
"Line.RBT_U10428801"    ,   1, 2275906856485968412672.0, 1056783852096469860352.0, 2275906856149986574336.0, 1056783851940461674496.0, 2275906853646684651520.0, 1056783850778090274816.0
"Line.RBT_U10428801"    ,   2, -2275183988144779296768.0, -1056642565336762286080.0
"Line.RBT_U10428805"    ,   1, 658280243350198026240.0, 305702690898191515648.0, 658280243014223921152.0, 305702690742166487040.0, 658280240510980063232.0, 305702689579670175744.0
"Line.RBT_U10428805"    ,   2, -658219766104088641536.0, -305690891740047671296.0
"Line.RBT_U10428806"    ,   1, 4342614077121.4, -31339779580290.5, 4281772850251.4, 30900700581872.3, 3828462864135.8, 27629252833094.7
"Line.RBT_U10428806"    ,   2, -4341937840246.1, -2013512615915.9
"Line.RBT_U10428809"    ,   1, 857893754068489863168.0, 398404339808685391872.0, 857893753666141028352.0, 398404339621835309056.0, 857893750668358057984.0, 398404338229670248448.0
"Line.RBT_U10428809"    ,   2, -857822160606685560832.0, -398390377703119454208.0
"Line.RBT_U10428811"    ,   1, 1738648378020432707584.0, 807385201765508317184.0, 1738648377618080202752.0, 807385201578665836544.0, 1738648374620270886912.0, 807385200186557464576.0
"Line.RBT_U10428811"    ,   2, -1738354327311563096064.0, -807327752580631494656.0
"Line.RBT_U10428813"    ,   1, 755885648459004248064.0, 351033969432915345408.0, 755885648056655675392.0, 351033969246064345088.0, 755885645058875850752.0, 351033967853892665344.0
"Line.RBT_U10428813"    ,   2, -755830068345511739392.0, -351023137700057841664.0
"Line.RBT_U10428814"    ,   1, 1403975873873010491392.0, 651983873478043762688.0, 1403975873470659297280.0, 651983873291198398464.0, 1403975870472860205056.0, 651983871899068530688.0
"Line.RBT_U10428814"    ,   2, -1403784130260782284800.0, -651946423806721392640.0
"Line.RBT_U10428818"    ,   1, 1312964196338255003648.0, 609722634257838505984.0, 1312964195935904333824.0, 609722634070992355328.0, 1312964192938107863040.0, 609722632678856589312.0
"Line.RBT_U10428818"    ,   2, -1312796505949055483904.0, -609689886634017816576.0
"Line.RBT_U10428819"    ,   1, 206517215465155756032.0, 95909722910199054336.0, 206517215062809411584.0, 95909722723343319040.0, 206517212065045938176.0, 95909721331136544768.0
"Line.RBT_U10428819"    ,   2, -206513066646679355392.0, -95908945231603875840.0
"Line.RBT_U10428820"    ,   1, 375819362214296354816.0, 174534567014904856576.0, 375819361811949355008.0, 174534566828050546688.0, 375819358814180868096.0, 174534565435854553088.0
"Line.RBT_U10428820"    ,   2, -375805622780668477440.0, -174531914511007449088.0
"Line.RBT_U10449954"    ,   1, 1144363962098405867520.0, 525056009466814791680.0, 1144363961916445032448.0, 525056009383327694848.0, 1144363960560709795840.0, 525056008761290457088.0
"Line.RBT_U10449954"    ,   2, -1120536261331284262912.0, -520400262585548013568.0
"Line.RBT_U10449959"    ,   1, 91170446344344403968.0, 42298395350986874880.0, 91170446162739953664.0, 42298395266731761664.0, 91170444809658925056.0, 42298394638971789312.0
"Line.RBT_U10449959"    ,   2, -91018614110003314688.0, -42270930740819525632.0
"Line.RBT_U10449962"    ,   1, -389101908.1, -2216549158297081.8, 388989226.2, 2215907257010043.0, 388149666.5, 2211124640378443.8
"Line.RBT_U10449962"    ,   2, 233815243.6, -73525437.4
"Line.RBT_U10449963"    ,   1, -389101908.1, -2216549158297081.8, 388989226.2, 2215907257010043.0, 388149666.5, 2211124640378443.8
"Line.RBT_U10449963"    ,   2, 233815243.6, -73525437.4
"Line.RBT_U10449964"    ,   1, -389101908.1, -2216549158297081.8, 388989226.2, 2215907257010043.0, 388149666.5, 2211124640378443.8
"Line.RBT_U10449964"    ,   2, 233815243.6, -73525437.4
"Line.RBT_U10449967"    ,   1, -389101908.1, -2216549158297081.8, 388989226.2, 2215907257010043.0, 388149666.5, 2211124640378443.8
"Line.RBT_U10449967"    ,   2, 233815243.6, -73525437.4
"Line.RBT_U10449969"    ,   1, 374649639.9, -2248800571346655.2, 374541416.0, 2248150967261269.8, 373735071.9, 2243310959357481.8
"Line.RBT_U10449969"    ,   2, -243619131.5, -390072554.8
"Line.RBT_U10449970"    ,   1, -342778060.3, -2209433338250292.0, 342678751.6, 2208793227287601.2, 341938831.7, 2204023949833187.0
"Line.RBT_U10449970"    ,   2, 284493133.5, -253187555.7
"Line.RBT_U10449971"    ,   1, 374649639.9, -2248800571346655.2, 374541416.0, 2248150967261269.8, 373735071.9, 2243310959357481.8
"Line.RBT_U10449971"    ,   2, -243619131.5, -390072554.8
"Line.RBT_U10449974"    ,   1, -389101908.1, -2216549158297081.8, 388989226.2, 2215907257010043.0, 388149666.5, 2211124640378443.8
"Line.RBT_U10449974"    ,   2, 233815243.6, -73525437.4
"Line.RBT_U10452644"    ,   1, -84598757.0, -2295221675835082.5, 84573397.0, 2294533641832294.5, 84384447.2, 2289407303980533.0
"Line.RBT_U10452644"    ,   2, 80830704.4, -3061462.0
"Line.RBT_U10452645"    ,   1, -84598757.0, -2295221675835082.5, 84573397.0, 2294533641832294.5, 84384447.2, 2289407303980533.0
"Line.RBT_U10452645"    ,   2, 80830704.4, -3061462.0
"Line.RBT_U10452647"    ,   1, -84598757.0, -2295221675835082.5, 84573397.0, 2294533641832294.5, 84384447.2, 2289407303980533.0
"Line.RBT_U10452647"    ,   2, 80830704.4, -3061462.0
"Line.RBT_U10452648"    ,   1, -84598757.0, -2295221675835082.5, 84573397.0, 2294533641832294.5, 84384447.2, 2289407303980533.0
"Line.RBT_U10452648"    ,   2, 80830704.4, -3061462.0
"Line.RBT_U10452650"    ,   1, -84598757.0, -2295221675835082.5, 84573397.0, 2294533641832294.5, 84384447.2, 2289407303980533.0
"Line.RBT_U10452650"    ,   2, 80830704.4, -3061462.0
"Line.RBT_U10453106"    ,   1, -84598757.0, -2295221675835082.5, 84573397.0, 2294533641832294.5, 84384447.2, 2289407303980533.0
"Line.RBT_U10453106"    ,   2, 80830704.4, -3061462.0
"Line.RBT_U10453108"    ,   1, -84598757.0, -2295221675835082.5, 84573397.0, 2294533641832294.5, 84384447.2, 2289407303980533.0
"Line.RBT_U10453108"    ,   2, 80830704.4, -3061462.0
"Line.RBT_U10453110"    ,   1, -84598757.0, -2295221675835082.5, 84573397.0, 2294533641832294.5, 84384447.2, 2289407303980533.0
"Line.RBT_U10453110"    ,   2, 80830704.4, -3061462.0
"Line.RBT_U10453120"    ,   1, -84598757.0, -2295221675835082.5, 84573397.0, 2294533641832294.5, 84384447.2, 2289407303980533.0
"Line.RBT_U10453120"    ,   2, 80830704.4, -3061462.0
"Line.RBT_U10453142"    ,   1, -84598757.0, -2295221675835082.5, 84573397.0, 2294533641832294.5, 84384447.2, 2289407303980533.0
"Line.RBT_U10453142"    ,   2, 80830704.4, -3061462.0
"Line.RBT_U10453151"    ,   1, -84598757.0, -2295221675835082.5, 84573397.0, 2294533641832294.5, 84384447.2, 2289407303980533.0
"Line.RBT_U10453151"    ,   2, 80830704.4, -3061462.0
"Line.RBT_U10453156"    ,   1, -84598757.0, -2295221675835082.5, 84573397.0, 2294533641832294.5, 84384447.2, 2289407303980533.0
"Line.RBT_U10453156"    ,   2, 80830704.4, -3061462.0
"Line.RBT_U10453210"    ,   1, -84598757.0, -2295221675835082.5, 84573397.0, 2294533641832294.5, 84384447.2, 2289407303980533.0
"Line.RBT_U10453210"    ,   2, 80830704.4, -3061462.0
"Line.RBT_U10453224"    ,   1, -84598757.0, -2295221675835082.5, 84573397.0, 2294533641832294.5, 84384447.2, 2289407303980533.0
"Line.RBT_U10453224"    ,   2, 80830704.4, -3061462.0
"Line.RBT_U10453299"    ,   1, -84598757.0, -2295221675835082.5, 84573397.0, 2294533641832294.5, 84384447.2, 2289407303980533.0
"Line.RBT_U10453299"    ,   2, 80830704.4, -3061462.0
"Line.RBT_U10453306"    ,   1, -84598757.0, -2295221675835082.5, 84573397.0, 2294533641832294.5, 84384447.2, 2289407303980533.0
"Line.RBT_U10453306"    ,   2, 80830704.4, -3061462.0
"Line.RBT_U10453363"    ,   1, -84598757.0, -2295221675835082.5, 84573397.0, 2294533641832294.5, 84384447.2, 2289407303980533.0
"Line.RBT_U10453363"    ,   2, 80830704.4, -3061462.0
"Line.RBT_U10453374"    ,   1, -84598757.0, -2295221675835082.5, 84573397.0, 2294533641832294.5, 84384447.2, 2289407303980533.0
"Line.RBT_U10453374"    ,   2, 80830704.4, -3061462.0
"Line.RBT_U10453381"    ,   1, -84598757.0, -2295221675835082.5, 84573397.0, 2294533641832294.5, 84384447.2, 2289407303980533.0
"Line.RBT_U10453381"    ,   2, 80830704.4, -3061462.0
"Line.RBT_U10453383"    ,   1, -84598757.0, -2295221675835082.5, 84573397.0, 2294533641832294.5, 84384447.2, 2289407303980533.0
"Line.RBT_U10453383"    ,   2, 80830704.4, -3061462.0
"Line.RBT_U10453386"    ,   1, -84598757.0, -2295221675835082.5, 84573397.0, 2294533641832294.5, 84384447.2, 2289407303980533.0
"Line.RBT_U10453386"    ,   2, 80830704.4, -3061462.0
"Line.RBT_U10453399"    ,   1, -84598757.0, -2295221675835082.5, 84573397.0, 2294533641832294.5, 84384447.2, 2289407303980533.0
"Line.RBT_U10453399"    ,   2, 80830704.4, -3061462.0
"Line.RBT_U10453421"    ,   1, -84598757.0, -2295221675835082.5, 84573397.0, 2294533641832294.5, 84384447.2, 2289407303980533.0
"Line.RBT_U10453421"    ,   2, 80830704.4, -3061462.0
"Line.RBT_U10453498"    ,   1, -84598757.0, -2295221675835082.5, 84573397.0, 2294533641832294.5, 84384447.2, 2289407303980533.0
"Line.RBT_U10453498"    ,   2, 80830704.4, -3061462.0
"Line.RBT_U10453499"    ,   1, -84598757.0, -2295221675835082.5, 84573397.0, 2294533641832294.5, 84384447.2, 2289407303980533.0
"Line.RBT_U10453499"    ,   2, 80830704.4, -3061462.0
"Line.RBT_U10453500"    ,   1, -84598757.0, -2295221675835082.5, 84573397.0, 2294533641832294.5, 84384447.2, 2289407303980533.0
"Line.RBT_U10453500"    ,   2, 80830704.4, -3061462.0
"Line.RBT_U10453503"    ,   1, -84598757.0, -2295221675835082.5, 84573397.0, 2294533641832294.5, 84384447.2, 2289407303980533.0
"Line.RBT_U10453503"    ,   2, 80830704.4, -3061462.0
"Line.RBT_U10453697"    ,   1, -84598757.0, -2295221675835082.5, 84573397.0, 2294533641832294.5, 84384447.2, 2289407303980533.0
"Line.RBT_U10453697"    ,   2, 80830704.4, -3061462.0
"Line.RBT_U10453698"    ,   1, -84598757.0, -2295221675835082.5, 84573397.0, 2294533641832294.5, 84384447.2, 2289407303980533.0
"Line.RBT_U10453698"    ,   2, 80830704.4, -3061462.0
"Line.RBT_U10453701"    ,   1, -84598757.0, -2295221675835082.5, 84573397.0, 2294533641832294.5, 84384447.2, 2289407303980533.0
"Line.RBT_U10453701"    ,   2, 80830704.4, -3061462.0
"Line.RBT_U10453705"    ,   1, -84598757.0, -2295221675835082.5, 84573397.0, 2294533641832294.5, 84384447.2, 2289407303980533.0
"Line.RBT_U10453705"    ,   2, 80830704.4, -3061462.0
"Line.RBT_U10453718"    ,   1, -84598757.0, -2295221675835082.5, 84573397.0, 2294533641832294.5, 84384447.2, 2289407303980533.0
"Line.RBT_U10453718"    ,   2, 80830704.4, -3061462.0
"Line.RBT_U10453722"    ,   1, -84598757.0, -2295221675835082.5, 84573397.0, 2294533641832294.5, 84384447.2, 2289407303980533.0
"Line.RBT_U10453722"    ,   2, 80830704.4, -3061462.0
"Line.RBT_U37981546"    ,   1, 4231861452423730176.0, 1965114360495641600.0, 4231861279466917888.0, 1965114280181122816.0, 4231859990816863232.0, 1965113681781398272.0
"Line.RBT_U37981546"    ,   2, -4231590890358417408.0, -1965238449891120896.0
"Line.RBT_U38885093"    ,   1, 26167876923518480384.0, 12151788188831639552.0, 26167876510541144064.0, 12151787997054019584.0, 26167873433569132544.0, 12151786568175695872.0
"Line.RBT_U38885093"    ,   2, -26166523858197364736.0, -12152275613522786304.0
"Line.RBT_U39827320"    ,   1, 18019822672612605952.0, 8367361256757613568.0, 18019822502506041344.0, 8367361177769984000.0, 18019821235092353024.0, 8367360589256523776.0
"Line.RBT_U39827320"    ,   2, -18015139555556702208.0, -8366603920838094848.0
"Line.RBT_U40491924"    ,   1, -51249806.5, -495955351565923.2, 51216683.4, 495634812983903.2, 50969893.6, 493246574816458.9
"Line.RBT_U40491924"    ,   2, 38245326.7, -32408056.3
"Line.RBT_U40497103"    ,   1, -389101908.1, -2216549158297081.8, 388989226.2, 2215907257010043.0, 388149666.5, 2211124640378443.8
"Line.RBT_U40497103"    ,   2, 233815243.6, -73525437.4
"Line.RBT_U41110951"    ,   1, -150188213.7, -1255092838004678.8, 150127437.6, 1254584944408261.0, 149674613.0, 1250800779443400.5
"Line.RBT_U41110951"    ,   2, -66050777.3, -33024569.9
"Line.RBT_U43332880"    ,   1, 765674492421822742528.0, 355579041865044197376.0, 765674492028065153024.0, 355579041682183290880.0, 765674489094294339584.0, 355579040319740837888.0
"Line.RBT_U43332880"    ,   2, -765614930465827717120.0, -355567430321007427584.0
"Line.RBT_U43819923"    ,   1, 382193237.2, -2244519637468133.5, 382082760.4, 2243870836247997.0, 381259630.1, 2239036810255712.2
"Line.RBT_U43819923"    ,   2, -257143546.0, -24921657.0
"Line.RBT_U44495341"    ,   1, 1810232558599863795712.0, 76273637013103050752.0, 1810232558353534681088.0, 76273637002724048896.0, 1810232556518209748992.0, 76273636925393141760.0
"Line.RBT_U44495341"    ,   2, -1781579685945608241152.0, -70675083817949396992.0
"Line.RBT_U44966174"    ,   1, 1176586293691685376.0, 546196970027559104.0, 1176586233120026368.0, 546196941908876416.0, 1176585781818510336.0, 546196732404888576.0
"Line.RBT_U44966174"    ,   2, -1176358984848105216.0, -546325476442560512.0
"Line.RBT_U49191563"    ,   1, -12189496.0, -216591952617492.9, 12177357.1, 216376260335879.6, 12086914.0, 214769200941886.9
"Line.RBT_U49191563"    ,   2, 17882070.1, -1868316.2
"Line.RBT_U49253665"    ,   1, -273956936295569883136.0, 47319345044059922432.0, 273956936085538045952.0, 47319345007782068224.0, 273956934520652759040.0, 47319344737486503936.0
"Line.RBT_U49253665"    ,   2, 274744719709095002112.0, -47165517848258322432.0
"Line.RBT_U50317135"    ,   1, -50307649.3, -224511042159257.7, 50257940.4, 224289203193661.8, 49887574.1, 222636346675348.4
"Line.RBT_U50317135"    ,   2, 29135127.1, 28566911.0
"Line.RBT_U50897972"    ,   1, 369655885635050930176.0, 171627493819990638592.0, 369655885035192385536.0, 171627493541482397696.0, 369655880565823832064.0, 171627491466399711232.0
"Line.RBT_U50897972"    ,   2, -369484272611521265664.0, -171596148572259287040.0
"Line.RBT_U51037244"    ,   1, 3498566.7, -174916416922689.3, 3494745.2, 174725355893284.2, 3466272.5, 173301816674195.5
"Line.RBT_U51037244"    ,   2, -9213537.8, -8935512.1
"Line.RBT_U51197071"    ,   1, -6509633.1, -153501245969246.2, 6501638.4, 153312726495964.8, 6442072.4, 151908123659826.4
"Line.RBT_U51197071"    ,   2, 8289034.7, -22327368.3
"Line.RBT_U51836384"    ,   1, -270245688.8, -2493962140052902.5, 270168414.0, 2493249009961873.0, 269592662.6, 2487935688579413.5
"Line.RBT_U51836384"    ,   2, 292763119.1, 429879414.3
"Line.RBT_U52011121"    ,   1, 43928216566395011072.0, 20399518420608999424.0, 43928216230419234816.0, 20399518264587550720.0, 43928213727163129856.0, 20399517102117888000.0
"Line.RBT_U52011121"    ,   2, -43923557479200079872.0, -20399009792264470528.0
"Line.RBT_U52449988"    ,   1, -161193092714470932480.0, 9539208504242432000.0, 161193092531353878528.0, 9539208493405790208.0, 161193091167002853376.0, 9539208412665180160.0
"Line.RBT_U52449988"    ,   2, 161543228122450526208.0, -9470965232896188416.0
"Line.RBT_U52465191"    ,   1, 978297734015710208.0, 454122778577585600.0, 978297676075675264.0, 454122751682000832.0, 978297244381612544.0, 454122551290953728.0
"Line.RBT_U52465191"    ,   2, -978125985822637824.0, -454261966193665536.0
"Line.RBT_U52933135"    ,   1, -407945949.4, -2543915300415380.0, 407829871.5, 2543191448648226.0, 406965009.2, 2537798243228161.0
"Line.RBT_U52933135"    ,   2, 317772533.3, 337993380.9
"Line.RBT_U52956024"    ,   1, 1372257313111445602304.0, 629057626558021238784.0, 1372257312919081713664.0, 629057626469839536128.0, 1372257311485834559488.0, 629057625812823572480.0
"Line.RBT_U52956024"    ,   2, -1341600077218122563584.0, -623066862277089427456.0
"Line.RBT_U53034048"    ,   1, 91379147931847606272.0, 42408257824574316544.0, 91379147718609928192.0, 42408257725612589056.0, 91379146129839013888.0, 42408256988277997568.0
"Line.RBT_U53034048"    ,   2, -91268517276822781952.0, -42386989701367750656.0
"Line.RBT_U53519801"    ,   1, -148198900.7, -667220318747003.9, 148116674.6, 666850120820495.2, 147504032.2, 664091885565240.4
"Line.RBT_U53519801"    ,   2, 150433198.6, 8226920.3
"Line.RBT_U54959055"    ,   1, 36663830233968971776.0, 17010477973881507840.0, 36663830120051748864.0, 17010477921028698112.0, 36663829271288201216.0, 17010477527238045696.0
"Line.RBT_U54959055"    ,   2, -36601427172276232192.0, -16998460835153664000.0
"Line.RBT_U55086887"    ,   1, -5878147.4, -172764146609302.2, 5871733.2, 172575627119899.3, 5823942.8, 171171024163643.5
"Line.RBT_U55086887"    ,   2, 10655004.8, -35319054.1
"Line.RBT_U55405827"    ,   1, 3145620033438748160.0, 1460240832096811264.0, 3145619975496437248.0, 1460240805199179776.0, 3145619543785414656.0, 1460240604792882944.0
"Line.RBT_U55405827"    ,   2, -3143844496761305088.0, -1460066497740217088.0
"Line.RBT_U55692445"    ,   1, -4263575.6, -202453479990174.2, 4259220.1, 202246659749809.3, 4226768.2, 200705703311034.4
"Line.RBT_U55692445"    ,   2, 18256712.3, -19637031.4
"Line.RBT_U56260730"    ,   1, -150188213.7, -1255092838004678.8, 150127437.6, 1254584944408261.0, 149674613.0, 1250800779443400.5
"Line.RBT_U56260730"    ,   2, -66050777.3, -33024569.9
"Line.RBT_U57236887"    ,   1, -407945949.4, -2543915300415380.0, 407829871.5, 2543191448648226.0, 406965009.2, 2537798243228161.0
"Line.RBT_U57236887"    ,   2, 317772533.3, 337993380.9
"Line.RBT_U57403674"    ,   1, 7978336473393735680.0, 3704875929121425920.0, 7978336282456236032.0, 3704875840456357888.0, 7978334859837403136.0, 3704875179839161856.0
"Line.RBT_U57403674"    ,   2, -7977547453752397824.0, -3704938260347125760.0
"Line.RBT_U58544461"    ,   1, 26324876227092885504.0, 12214305265439694848.0, 26324876138199777280.0, 12214305224194768896.0, 26324874745541107712.0, 12214304578024282112.0
"Line.RBT_U58544461"    ,   2, -26299214082231042048.0, -12213899702295318528.0
"Line.RBT_U59950665"    ,   1, -140228176.1, -965569141077488.6, 140163429.0, 965123311540934.0, 139681017.0, 961801567529139.2
"Line.RBT_U59950665"    ,   2, 121132847.2, 35630727.5
"Line.RBT_U61108984"    ,   1, 2373916257052542976.0, 1102299393991829760.0, 2373916085993332736.0, 1102299314562547840.0, 2373914811481752576.0, 1102298722758461184.0
"Line.RBT_U61108984"    ,   2, -2373829204107785216.0, -1102455446711084032.0
"Line.RBT_U61298344"    ,   1, 2406239296672649216.0, 1117308112250019072.0, 2406239124460657664.0, 1117308032285463808.0, 2406237841360045568.0, 1117307436493214592.0
"Line.RBT_U61298344"    ,   2, -2406151058404345856.0, -1117466385246885504.0
"Line.RBT_U61318860"    ,   1, -58409813.0, -1033509048387158.5, 58383801.7, 1033048802374570.0, 58189999.5, 1029619645463875.6
"Line.RBT_U61318860"    ,   2, 70734121.9, -19372327.4
"Line.RBT_U61640447"    ,   1, -240281419.5, -1033775412526168.6, 240174432.7, 1033315117375981.5, 239377305.3, 1029885594355573.9
"Line.RBT_U61640447"    ,   2, 219649647.6, -14358691.4
"Line.RBT_U61640869"    ,   1, -150188213.7, -1255092838004678.8, 150127437.6, 1254584944408261.0, 149674613.0, 1250800779443400.5
"Line.RBT_U61640869"    ,   2, -66050777.3, -33024569.9
"Line.RBT_U61642239"    ,   1, -240281419.5, -1033775412526168.6, 240174432.7, 1033315117375981.5, 239377305.3, 1029885594355573.9
"Line.RBT_U61642239"    ,   2, 219649647.6, -14358691.4
"Line.RBT_U61642313"    ,   1, -58409813.0, -1033509048387158.5, 58383801.7, 1033048802374570.0, 58189999.5, 1029619645463875.6
"Line.RBT_U61642313"    ,   2, 70734121.9, -19372327.4
"Line.RBT_U61642495"    ,   1, -58409813.0, -1033509048387158.5, 58383801.7, 1033048802374570.0, 58189999.5, 1029619645463875.6
"Line.RBT_U61642495"    ,   2, 70734121.9, -19372327.4
"Line.RBT_U61642543"    ,   1, -58409813.0, -1033509048387158.5, 58383801.7, 1033048802374570.0, 58189999.5, 1029619645463875.6
"Line.RBT_U61642543"    ,   2, 70734121.9, -19372327.4
"Line.RBT_U61642921"    ,   1, -240281419.5, -1033775412526168.6, 240174432.7, 1033315117375981.5, 239377305.3, 1029885594355573.9
"Line.RBT_U61642921"    ,   2, 219649647.6, -14358691.4
"Line.RBT_U61643036"    ,   1, -58409813.0, -1033509048387158.5, 58383801.7, 1033048802374570.0, 58189999.5, 1029619645463875.6
"Line.RBT_U61643036"    ,   2, 70734121.9, -19372327.4
"Line.RBT_U61643469"    ,   1, -150188213.7, -1255092838004678.8, 150127437.6, 1254584944408261.0, 149674613.0, 1250800779443400.5
"Line.RBT_U61643469"    ,   2, -66050777.3, -33024569.9
"Line.RBT_U61643684"    ,   1, -102695463.3, -965417928868956.8, 102648042.3, 964972134210203.2, 102294722.4, 961650650062588.9
"Line.RBT_U61643684"    ,   2, 140269647.1, 65542810.7
"Line.RBT_U61711255"    ,   1, -150188213.7, -1255092838004678.8, 150127437.6, 1254584944408261.0, 149674613.0, 1250800779443400.5
"Line.RBT_U61711255"    ,   2, -66050777.3, -33024569.9
"Line.RBT_U61741975"    ,   1, -150188213.7, -1255092838004678.8, 150127437.6, 1254584944408261.0, 149674613.0, 1250800779443400.5
"Line.RBT_U61741975"    ,   2, -66050777.3, -33024569.9
"Line.RBT_U61754243"    ,   1, -150188213.7, -1255092838004678.8, 150127437.6, 1254584944408261.0, 149674613.0, 1250800779443400.5
"Line.RBT_U61754243"    ,   2, -66050777.3, -33024569.9
"Line.RBT_U61973615"    ,   1, 17909622851565869056.0, 8316587083570077696.0, 17909622515587688448.0, 8316586927553850368.0, 17909620012313647104.0, 8316585765123086336.0
"Line.RBT_U61973615"    ,   2, -17908338095195719680.0, -8317003110217325568.0
"Line.RBT_U62424066"    ,   1, -179647566.9, -916582466635185.1, 179562669.5, 916149310302087.2, 178930124.0, 912921990580837.5
"Line.RBT_U62424066"    ,   2, 155029032.4, 34955791.9
"Line.RBT_U62604254"    ,   1, 783742279601.9, -172711971575627.1, 782885468928.0, 172523157644566.1, 776501626019.9, 171116360890604.6
"Line.RBT_U62604254"    ,   2, -783744327957.1, -363991962846.6
"Line.RBT_U62748546"    ,   1, 3022633787441.9, -665816518482905.0, 3020953221552.3, 665446328572916.1, 3008431822177.6, 662688153046379.5
"Line.RBT_U62748546"    ,   2, -3022618348303.0, -1403815566230.0
"Line.RBT_VC0470046"    ,   1, 31120256.1, -667220245987286.0, 31077454.3, 666302572408656.5, 30974340.9, 664091813332867.2
"Line.RBT_VC0470046"    ,   2, 12451936.5, 4820122.4
"Line.RBT_VC0799541"    ,   1, 255628904.8, -6159298049277.9, 247665061.8, 5967411757544.2, 188328823.2, 4537723752936.5
"Line.RBT_VC0799541"    ,   2, -7989930.1, 1044086995.3
"Line.RBT_VC0927855"    ,   1, 78044240393996910592.0, 36242311369467125760.0, 78044240287721013248.0, 36242311320114552832.0, 78044239495890714624.0, 36242310952403111936.0
"Line.RBT_VC0927855"    ,   2, -78032920573552377856.0, -36240104486064377856.0
"Line.RBT_VC0983385"    ,   1, 6745810656858379264.0, 3132017252139407360.0, 6745810502011087872.0, 3132017180245248000.0, 6745810128969888768.0, 3132017007045682688.0
"Line.RBT_VC0983385"    ,   2, -6740937630712927232.0, -3130631051093209088.0
"Line.RBT_VC1725083"    ,   1, 13949310166832871424.0, 6478315797934261248.0, 13949310004741978112.0, 6478315722656273408.0, 13949308670609233920.0, 6478315103060528128.0
"Line.RBT_VC1725083"    ,   2, -13949212434556678144.0, -6478303156551289856.0
"Line.RBT_VC4409610"    ,   1, 119738429820802891776.0, 55603787865402015744.0, 119738429236550828032.0, 55603787594088718336.0, 119738424427706908672.0, 55603785360971603968.0
"Line.RBT_VC4409610"    ,   2, -119726013504610910208.0, -55603240311399964672.0
"Line.RBT_VC4579658"    ,   1, 1576505989879009378304.0, 350644705094580174848.0, 1576505989495760879616.0, 350644705009338482688.0, 1576505986640289464320.0, 350644704374227664896.0
"Line.RBT_VC4579658"    ,   2, -1565904094076391653376.0, -348574572955336048640.0
"Line.RBT_CL2792085"    ,   1, -179569638.8, -2353939816580087.0, 179516576.4, 2353244233494173.0, 179121224.4, 2348061649656872.0
"Line.RBT_CL2792085"    ,   2, 346034121.9, -26344013.1
"Line.RBT_CL3017439"    ,   1, 27937871.4, -452440668832961.2, 27920565.4, 452160405771928.1, 27791623.3, 450072248598878.9
"Line.RBT_CL3017439"    ,   2, -60872048.8, -18004768.4
"Line.RBT_CL3102045"    ,   1, -3825842316104973680640.0, -79822877828202774528.0, 3825842315415565893632.0, 79822877813818884096.0, 3825842310278994198528.0, 79822877706648764416.0
"Line.RBT_CL3102045"    ,   2, 3839747445353093267456.0, 82538800242592546816.0
"Line.RBT_CL4727770"    ,   1, -1994137258763429347328.0, 186390385461282078720.0, 1994137258213208752128.0, 186390385409853423616.0, 1994137254113679769600.0, 186390385026673770496.0
"Line.RBT_CL4727770"    ,   2, 2001290494493652156416.0, -184994378351642771456.0
"Line.RBT_CL5374784"    ,   1, 497448454545563189248.0, 230964553173480112128.0, 497448454389248819200.0, 230964553100903579648.0, 497448451940323491840.0, 230964551963871313920.0
"Line.RBT_CL5374784"    ,   2, -497310798318071250944.0, -230961436052737064960.0
"Line.RBT_CL5882729"    ,   1, -30711063.8, -172765787568092.0, 30690133.4, 172648042956215.9, 30362223.3, 170803377370156.6
"Line.RBT_CL5882729"    ,   2, 29360484.9, -4478150.1
"Line.RBT_CL5892585"    ,   1, -27355597.4, -322008210711976.1, 27345626.7, 321890842510307.1, 27189417.6, 320052074017492.8
"Line.RBT_CL5892585"    ,   2, 36770056.7, 7528324.2
"Line.RBT_CO0827538"    ,   1, 272496589501086597120.0, 126508183892184039424.0, 272496589046191030272.0, 126508183680996032512.0, 272496585656898617344.0, 126508182107496595456.0
"Line.RBT_CO0827538"    ,   2, -272334426643391152128.0, -126477748040091697152.0
"Line.RBT_UC2673251"    ,   1, -362147770.1, -2353400052684649.5, 362040743.1, 2352704542529382.5, 361243316.2, 2347522502076760.0
"Line.RBT_UC2673251"    ,   2, 324076018.8, -39907832.7
"Line.RBT_UC2675442"    ,   1, 81217623080577073152.0, 37718967199166439424.0, 81217622625640923136.0, 37718966987885666304.0, 81217619236046159872.0, 37718965413695135744.0
"Line.RBT_UC2675442"    ,   2, -81217121247246696448.0, -37718913195557462016.0
"Line.RBT_UC2675449"    ,   1, 29142229917726851072.0, 13533281940782778368.0, 29142229845253144576.0, 13533281907126908928.0, 29142228709831761920.0, 13533281379851620352.0
"Line.RBT_UC2675449"    ,   2, -29140032148605054976.0, -13533234865019187200.0
"Line.RBT_UC3410176"    ,   1, 90357110903229071360.0, 41930003065666650112.0, 90357110721026818048.0, 41930002981116125184.0, 90357109221362122752.0, 41930002285200285696.0
"Line.RBT_UC3410176"    ,   2, -90233367854130315264.0, -41906256959415369728.0
"Line.RBT_UC3474763"    ,   1, 171589246.6, -68454635731466.5, 171156079.6, 68281825987580.7, 166685468.5, 66498299008231.6
"Line.RBT_UC3474763"    ,   2, -106122868.5, -109964177.7
"Line.RBT_UC3474939"    ,   1, 101537589.3, -2389572227187162.0, 101507809.6, 2388871395209303.0, 101285929.7, 2383649703430605.5
"Line.RBT_UC3474939"    ,   2, 90383336.1, 371089369.5
"Line.RBT_UC3771175"    ,   1, 38726060.7, -1673183156279836.5, 38709961.3, 1672487573074693.8, 38590009.6, 1667304988349053.5
"Line.RBT_UC3771175"    ,   2, -283541380.5, -414501483.2
"Line.RBT_UC3824531"    ,   1, 386514433.7, -1015776212120206.2, 386270295.1, 1015134605414284.8, 384260846.0, 1009853688680931.0
"Line.RBT_UC3824531"    ,   2, -637084730.1, -800141765.4
"Line.RBT_UC3948934"    ,   1, -81369739.7, -315587091299490.7, 81297978.1, 315308768565453.2, 80763303.3, 313235068194948.2
"Line.RBT_UC3948934"    ,   2, 117422459.6, 67916548.1
"Line.RBT_UC4054560"    ,   1, -8927171671235055583232.0, -190553493525347794944.0, 8927171670586672807936.0, 190553493511507836928.0, 8927171665249990344704.0, 190553493397594570752.0
"Line.RBT_UC4054560"    ,   2, 8934898002992425861120.0, 192063611461751373824.0
"Line.RBT_UC4100479"    ,   1, -468239675.2, -2353940174070262.5, 467896689.4, 2352215911999428.5, 467070405.6, 2348062007919693.0
"Line.RBT_UC4100479"    ,   2, 402366838.1, 367953544.8
"Line.RBT_UC4124686"    ,   1, 34402464.1, -954784184864259.6, 34379071.6, 954134963272022.8, 34186533.1, 948791370166688.4
"Line.RBT_UC4124686"    ,   2, -229315397.1, -31582693.7
"Line.RBT_UC4283299"    ,   1, 2220738835009506639872.0, 1012305511414163701760.0, 2220738834798342832128.0, 1012305511317906391040.0, 2220738831490109407232.0, 1012305509809875451904.0
"Line.RBT_UC4283299"    ,   2, -2177593341967655501824.0, -1011319448060838543360.0
"Line.RBT_UC4398369"    ,   1, -246735953.2, -2299682063550310.5, 246553001.0, 2297976872543964.5, 246112252.5, 2293868912392313.0
"Line.RBT_UC4398369"    ,   2, 188196214.6, -60309349.8
"Line.RBT_UC4410807"    ,   1, -318670407623115866112.0, 27942065703233769472.0, 318670407400324399104.0, 27942065683698683904.0, 318670405740370919424.0, 27942065538148524032.0
"Line.RBT_UC4410807"    ,   2, 319108447562213556224.0, -27856596302207336448.0
"Line.RBT_UC4415703"    ,   1, -161863928.3, -2418861061971000.0, 161747001.5, 2417113731227617.0, 161465314.0, 2412904252618558.0
"Line.RBT_UC4415703"    ,   2, 302618915.5, -169369806.2
"Line.RBT_UC4556093"    ,   1, -257040441.7, -1672866453220825.8, 256942603.8, 1672229705865705.8, 256137322.2, 1666988785327410.5
"Line.RBT_UC4556093"    ,   2, 140459429.5, -33158854.6
"Line.RBT_UC4608031"    ,   1, 571542856666723385344.0, 265365641739658526720.0, 571542856027174141952.0, 265365641442717728768.0, 571542851262082252800.0, 265365639230299799552.0
"Line.RBT_UC4608031"    ,   2, -571286366055429308416.0, -265317220281228820480.0
"Line.RBT_UC4865535"    ,   1, 73871091382239739904.0, 34303775705812348928.0, 73871090965804679168.0, 34303775512430952448.0, 73871087538223808512.0, 34303773920753295360.0
"Line.RBT_UC4865535"    ,   2, -73861789199628009472.0, -34302944652487938048.0
"Line.RBT_UC4967237"    ,   1, -1476825821822945853440.0, -5296300099338262528.0, 1476825821192576565248.0, 5296300097077586944.0, 1476825816004153049088.0, 5296300078470483968.0
"Line.RBT_UC4967237"    ,   2, 1476898461610505142272.0, 5310419959377122304.0
"Line.RBT_UC5027071"    ,   1, 638554332808714649600.0, 296441420609471971328.0, 638554332671302565888.0, 296441420545680015360.0, 638554331054517649408.0, 296441419795106365440.0
"Line.RBT_UC5027071"    ,   2, -638220033454117879808.0, -296402601692482240512.0
"Line.RBT_UC5159254"    ,   1, 1251556366.7, -160260143637242.6, 1238239322.2, 158554913635664.8, 1206157351.3, 154446859540954.4
"Line.RBT_UC5159254"    ,   2, -81219894.8, 910207849.2
"Line.RBT_UC5353516"    ,   1, -37469809901135396864.0, 12023252726592075776.0, 37469809866030956544.0, 12023252715327819776.0, 37469809316061421568.0, 12023252538854473728.0
"Line.RBT_UC5353516"    ,   2, 37474217638767558656.0, -12022805479615045632.0
"Line.RBT_UC5353522"    ,   1, 239245926835536330752.0, 111109547860558774272.0, 239245926419108036608.0, 111109547667162955776.0, 239245922991582904320.0, 111109546075366719488.0
"Line.RBT_UC5353522"    ,   2, -239241570829459980288.0, -111108740407408295936.0
"Line.RBT_UC5353525"    ,   1, 65044071969093984256.0, 65496057611060609024.0, 65044071936525279232.0, 65496057578265591808.0, 65044071426282323968.0, 65496057064476999680.0
"Line.RBT_UC5353525"    ,   2, -65018857351776296960.0, -65494980594953330688.0
"Line.RBT_UC5353526"    ,   1, 60449258614959423488.0, 28069710142437421056.0, 60449258542484725760.0, 28069710108783681536.0, 60449257407047852032.0, 28069709581541744640.0
"Line.RBT_UC5353526"    ,   2, -60439802633870835712.0, -28069496974624407552.0
"Line.RBT_UC5353539"    ,   1, 215939905081572196352.0, 100285965801399582720.0, 215939904665143967744.0, 100285965608003616768.0, 215939901237619425280.0, 100285964016206069760.0
"Line.RBT_UC5353539"    ,   2, -215936356412410462208.0, -100285316171517739008.0
"Line.RBT_UC5836591"    ,   1, -133690412.0, -2353950161805746.0, 133592483.9, 2352225895804310.0, 133356566.2, 2348071982255396.0
"Line.RBT_UC5836591"    ,   2, -39659060.7, -324164988.5
"Line.RBT_UC6364168"    ,   1, -1940967.6, -92318396329876.0, 1939425.9, 92245065452330.3, 1915271.6, 91096215037447.2
"Line.RBT_UC6364168"    ,   2, 5327053.5, 4395820.4
"Line.RBT_UC6753280"    ,   1, -373405085.2, -2299682145607867.5, 373293390.9, 2298994255959486.0, 372461189.3, 2293868993649716.0
"Line.RBT_UC6753280"    ,   2, 283702174.7, -117166072.7
"Line.RBT_UC7871286"    ,   1, 325426241849264111616.0, 151108641940447297536.0, 325426241692952231936.0, 151108641867865325568.0, 325426239244066422784.0, 151108640730748026880.0
"Line.RBT_UC7871286"    ,   2, -325367327803306999808.0, -151107326701604339712.0
"Line.RBT_UC8588990"    ,   1, 630749255373097009152.0, 292835269716934885376.0, 630749255216780673024.0, 292835269644362579968.0, 630749252767824740352.0, 292835268507396210688.0
"Line.RBT_UC8588990"    ,   2, -630527944717899530240.0, -292830238306249146368.0
"Line.RBT_UC9126860"    ,   1, -759900386.1, -1672866522026167.2, 759611143.3, 1672229774698574.8, 757230452.9, 1666988854386853.2
"Line.RBT_UC9126860"    ,   2, 508516500.0, -46376909.9
"Line.RBT_UC9128800"    ,   1, 62937218.8, -354693492146462.5, 62900034.4, 354483932897075.7, 62516263.0, 352321123285479.3
"Line.RBT_UC9128800"    ,   2, -71760768.6, 14185155.9
"Line.RBT_UC9321529"    ,   1, -8681879602.5, -80136487034074.3, 8607346039.5, 79448518740145.2, 8052018507.4, 74322670465659.5
"Line.RBT_UC9321529"    ,   2, 2171880656.1, 7130821075.2
"Line.RBT_UC9594886"    ,   1, -652956958.6, -811155132672627.4, 651985594.0, 809948426216909.5, 649645488.4, 807041360664498.1
"Line.RBT_UC9594886"    ,   2, 491820681.1, 393609176.7
"Line.RBT_UC9923484"    ,   1, 52053448018008399872.0, 24169471335740014592.0, 52053447709726801920.0, 24169471192598618112.0, 52053445412811808768.0, 24169470126094417920.0
"Line.RBT_UC9923484"    ,   2, -52038187470702084096.0, -24167612182215983104.0
"Line.RBT_UC9998081"    ,   1, 532557748.8, -11219235441430.6, 526986482.8, 11101867240193.9, 439703315.4, 9263098754151.7
"Line.RBT_UC9998081"    ,   2, -1037240274.2, -654941703.1
"Line.RBT_UI2127630"    ,   1, 41204620381627219968.0, 19135771059651014656.0, 41204620250125377536.0, 19135770998580457472.0, 41204619167764029440.0, 19135770495922774016.0
"Line.RBT_UI2127630"    ,   2, -41202893092494966784.0, -19135477498437623808.0
"Line.RBT_UI2991944"    ,   1, 11101390519405.8, -2445002310419559.5, 11098169433568.2, 2444292889171744.0, 11074170075708.5, 2439007201283089.5
"Line.RBT_UI2991944"    ,   2, -11101321334469.7, -5155802504172.5
"Line.RBT_UI3322327"    ,   1, 355255485.6, -507888305436700.5, 354806698.5, 507246700345824.0, 351112835.3, 501965796905532.7
"Line.RBT_UI3322327"    ,   2, -25432810.5, 230321838.0
"Line.RBT_UI3406317"    ,   1, -13760079853.6, -83276577051086.5, 13644268968.1, 82575684742466.5, 12781396313.6, 77353543457114.3
"Line.RBT_UI3406317"    ,   2, 13828036502.3, 13309741368.6
"Line.RBT_U10155142"    ,   1, -38621832.0, -1086308209445600.1, 38604450.1, 1085819312610192.6, 38474942.7, 1082176686892860.0
"Line.RBT_U10155142"    ,   2, 57678065.9, -82290933.1
"Line.RBT_U10415478"    ,   1, -246398763.0, -2446632935793421.0, 246327344.9, 2445923785202621.5, 245795229.9, 2440640113899340.0
"Line.RBT_U10415478"    ,   2, 59354582.3, -272814212.1
"Line.RBT_U10449945"    ,   1, 2594541787261331046400.0, 1202864358378074013696.0, 2594541786636023758848.0, 1202864358088173158400.0, 2594541781977042780160.0, 1202864355928206999552.0
"Line.RBT_U10449945"    ,   2, -2586761938189853130752.0, -1201345818400660127744.0
"Line.RBT_U10449948"    ,   1, 277077509192298135552.0, 128654348863377260544.0, 277077508567160815616.0, 128654348573109616640.0, 277077503909447532544.0, 128654346410411278336.0
"Line.RBT_U10449948"    ,   2, -276988734332940419072.0, -128639304924766388224.0
"Line.RBT_U10449950"    ,   1, -197434187.5, -2310888832277386.5, 197375413.2, 2310200902822891.0, 196937503.5, 2305075343929536.0
"Line.RBT_U10449950"    ,   2, 313236275.3, 70116304.9
"Line.RBT_U10449957"    ,   1, -197434187.5, -2310888832277386.5, 197375413.2, 2310200902822891.0, 196937503.5, 2305075343929536.0
"Line.RBT_U10449957"    ,   2, 313236275.3, 70116304.9
"Line.RBT_U10449977"    ,   1, 163391568551501332480.0, 75776008601830359040.0, 163391568347673493504.0, 75776008507301249024.0, 163391566829012484096.0, 75776007802992754688.0
"Line.RBT_U10449977"    ,   2, -163004452329323823104.0, -75702643641924354048.0
"Line.RBT_U10449978"    ,   1, 286492355844129783808.0, 132730711993698648064.0, 286492355640264622080.0, 132730711899248771072.0, 286492354121325674496.0, 132730711195530706944.0
"Line.RBT_U10449978"    ,   2, -285302623465116368896.0, -132500447231758385152.0
"Line.RBT_U10449981"    ,   1, 192617801053982228480.0, 89441847517721788416.0, 192617800428850282496.0, 89441847227442511872.0, 192617795771177172992.0, 89441845064657518592.0
"Line.RBT_U10449981"    ,   2, -192574897981758472192.0, -89435771032918392832.0
"Line.RBT_U10449982"    ,   1, 1289576339974670516224.0, 598386610005365358592.0, 1289576339349459697664.0, 598386609715256229888.0, 1289576334691198042112.0, 598386607553739227136.0
"Line.RBT_U10449982"    ,   2, -1287653787386104512512.0, -598013087399549206528.0
"Line.RBT_U10449983"    ,   1, 23730050337377292288.0, 11016219132501422080.0, 23730050133591846912.0, 11016219037897951232.0, 23730048615246761984.0, 11016218333035468800.0
"Line.RBT_U10449983"    ,   2, -23721881524806549504.0, -11016933083313078272.0
"Line.RBT_U10449984"    ,   1, 1169235462036748632064.0, 537699380997536874496.0, 1169235461832617230336.0, 537699380903662452736.0, 1169235460311694966784.0, 537699380204231917568.0
"Line.RBT_U10449984"    ,   2, -1149470598404839440384.0, -533837952557274890240.0
"Line.RBT_U10449985"    ,   1, 1783932044043387142144.0, 816141394840737808384.0, 1783932043839071846400.0, 816141394747264335872.0, 1783932042316778569728.0, 816141394050821652480.0
"Line.RBT_U10449985"    ,   2, -1738005485017723043840.0, -807165743045351178240.0
"Line.RBT_U10449988"    ,   1, 4652436954377388818432.0, 2077368395040570212352.0, 4652436954172229681152.0, 2077368394948964253696.0, 4652436952643647045632.0, 2077368394266434076672.0
"Line.RBT_U10449988"    ,   2, -4342632736623757361152.0, -2016808583431614889984.0
"Line.RBT_U10449989"    ,   1, -197434187.5, -2310888832277386.5, 197375413.2, 2310200902822891.0, 196937503.5, 2305075343929536.0
"Line.RBT_U10449989"    ,   2, 313236275.3, 70116304.9
"Line.RBT_U10449992"    ,   1, -197434187.5, -2310888832277386.5, 197375413.2, 2310200902822891.0, 196937503.5, 2305075343929536.0
"Line.RBT_U10449992"    ,   2, 313236275.3, 70116304.9
"Line.RBT_U10449994"    ,   1, 200550486561581924352.0, 93124981065585131520.0, 200550485936449519616.0, 93124980775306887168.0, 200550481278772871168.0, 93124978612529528832.0
"Line.RBT_U10449994"    ,   2, -200503976999434223616.0, -93118199546838253568.0
"Line.RBT_U10449997"    ,   1, -197434187.5, -2310888832277386.5, 197375413.2, 2310200902822891.0, 196937503.5, 2305075343929536.0
"Line.RBT_U10449997"    ,   2, 313236275.3, 70116304.9
"Line.RBT_U10449998"    ,   1, 5485268651670064070656.0, 2538124693050300039168.0, 5485268651044543397888.0, 2538124692760861081600.0, 5485268646383968059392.0, 2538124690604335562752.0
"Line.RBT_U10449998"    ,   2, -5450519157256607498240.0, -2531333982076689973248.0
"Line.RBT_U10449999"    ,   1, -197434187.5, -2310888832277386.5, 197375413.2, 2310200902822891.0, 196937503.5, 2305075343929536.0
"Line.RBT_U10449999"    ,   2, 313236275.3, 70116304.9
"Line.RBT_U40096346"    ,   1, -10457451.5, -1265225223924479.5, 10453428.0, 1264738427550108.5, 10423450.0, 1261111451746696.2
"Line.RBT_U40096346"    ,   2, 29417284.6, 13171879.1
"Line.RBT_U41110563"    ,   1, -71474788.4, -987787457575729.5, 71442525.7, 987341583942881.8, 71176978.6, 983671700964827.8
"Line.RBT_U41110563"    ,   2, 107945903.9, 213264346.4
"Line.RBT_U50876548"    ,   1, -407369594.2, -1146993831132215.0, 407194331.2, 1146500358836662.0, 405888498.2, 1142823642719091.8
"Line.RBT_U50876548"    ,   2, 385330419.6, 103628358.8
"Line.RBT_U50876578"    ,   1, -407369594.2, -1146993831132215.0, 407194331.2, 1146500358836662.0, 405888498.2, 1142823642719091.8
"Line.RBT_U50876578"    ,   2, 385330419.6, 103628358.8
"Line.RBT_U50886027"    ,   1, 177657075177901293568.0, 82505712579141042176.0, 177657074870069198848.0, 82505712436180762624.0, 177657072576503283712.0, 82505711371025924096.0
"Line.RBT_U50886027"    ,   2, -177650083769627541504.0, -82504378757299814400.0
"Line.RBT_U52386442"    ,   1, -2760984417160657895424.0, 98839371350907256832.0, 2760984416536183177216.0, 98839371328551944192.0, 2760984411883407671296.0, 98839371161989087232.0
"Line.RBT_U52386442"    ,   2, 2769469835386856931328.0, -97183022702270038016.0
"Line.RBT_U57049573"    ,   1, -163225160.2, -2354472147510371.5, 163176932.6, 2353776479254551.5, 162817602.9, 2348593260841468.5
"Line.RBT_U57049573"    ,   2, 230749398.9, -277094606.5
"Line.RBT_U57233433"    ,   1, -324383398.8, -1265602429193366.2, 324258569.0, 1265115397982427.5, 323328499.4, 1261486672481209.2
"Line.RBT_U57233433"    ,   2, 330991505.8, -172571792.6
"Line.RBT_U59091994"    ,   1, 18774621749270614016.0, 8713644740178209792.0, 18774621642806108160.0, 8713644690766090240.0, 18774619974862200832.0, 8713643916642867200.0
"Line.RBT_U59091994"    ,   2, -18762490325188952064.0, -8713689096393464832.0
"Line.RBT_U59253073"    ,   1, -36360645.6, -381886460173474.8, 36333969.5, 381606287762155.8, 36135213.6, 379518805993314.6
"Line.RBT_U59253073"    ,   2, 28457501.3, 9621411.4
"Line.RBT_U59901863"    ,   1, -10457451.5, -1265225223924479.5, 10453428.0, 1264738427550108.5, 10423450.0, 1261111451746696.2
"Line.RBT_U59901863"    ,   2, 29417284.6, 13171879.1
"Line.RBT_U60119281"    ,   1, 63180605335703248896.0, 29338809410881662976.0, 63180604704871841792.0, 29338809117946159104.0, 63180600004733624320.0, 29338806935370371072.0
"Line.RBT_U60119281"    ,   2, -63176073041136910336.0, -29340276757200211968.0
"Line.RBT_U62406613"    ,   1, 4724376717657.0, -442491080928010.3, 4716996828318.8, 441799871186385.7, 4699218004004.3, 440134684081562.8
"Line.RBT_U62406613"    ,   2, -4724359724418.0, -2194052374159.8
"Line.RBT_VC0932284"    ,   1, 166645147167897681920.0, 77391760186588119040.0, 166645146860027248640.0, 77391760043609849856.0, 166645144566175727616.0, 77391758978321055744.0
"Line.RBT_VC0932284"    ,   2, -166638997146537197568.0, -77390602043528429568.0
"Line.RBT_VC3898103"    ,   1, 2606356581882685030400.0, 1210371930379136008192.0, 2606356581311808798720.0, 1210371930114025586688.0, 2606356576613060050944.0, 1210371927931962785792.0
"Line.RBT_VC3898103"    ,   2, -2606081548540494479360.0, -1210318245581872168960.0
"Line.RBT_VC5353537"    ,   1, 339809574198651715584.0, 157782660166811680768.0, 339809574067793428480.0, 157782660106050666496.0, 339809572990728732672.0, 157782659605940764672.0
"Line.RBT_VC5353537"    ,   2, -339690941155986243584.0, -157759513254809206784.0
"Line.RBT_CL3197134"    ,   1, -97428521.7, -2317117246948571.5, 97401889.5, 2316483859825986.0, 97182685.8, 2311270596586243.0
"Line.RBT_CL3197134"    ,   2, 300940183.5, -216801577.4
"Line.RBT_CL3248619"    ,   1, -4848454778.4, -84695308143640.4, 4828001406.9, 84338018103767.8, 4507565253.6, 78740474145762.6
"Line.RBT_CL3248619"    ,   2, 3689122246.2, 3860732012.0
"Line.RBT_CL3248623"    ,   1, -9788831734.5, -84701876818426.6, 9707402896.5, 83997280438573.2, 9100700709.4, 78747541214031.7
"Line.RBT_CL3248623"    ,   2, 8327493367.3, 13775331736.8
"Line.RBT_CL3248629"    ,   1, -9788831734.5, -84701876818426.6, 9707402896.5, 83997280438573.2, 9100700709.4, 78747541214031.7
"Line.RBT_CL3248629"    ,   2, 8327493367.3, 13775331736.8
"Line.RBT_CL3366710"    ,   1, -340699598.4, -2110837371863054.8, 340594495.4, 2110186195678784.2, 339811403.5, 2105334474531191.5
"Line.RBT_CL3366710"    ,   2, 218790134.5, -57354594.2
"Line.RBT_CL3368397"    ,   1, -340699598.4, -2110837371863054.8, 340603377.3, 2110241224652103.0, 339811403.5, 2105334474531191.5
"Line.RBT_CL3368397"    ,   2, 218790134.5, -57354594.2
"Line.RBT_CL3393938"    ,   1, -20483434.7, -276080370630891.6, 20475355.2, 275971473178220.0, 20348776.2, 274265413086364.9
"Line.RBT_CL3393938"    ,   2, 24261448.2, 1697581.8
"Line.RBT_CL4136661"    ,   1, -3841203010977771028480.0, 290344911864467095552.0, 3841203010269699112960.0, 290344911810946072576.0, 3841203004994064220160.0, 290344911412176781312.0
"Line.RBT_CL4136661"    ,   2, 3841670785111184900096.0, -290253549799713636352.0
"Line.RBT_CL5144270"    ,   1, -14192985.4, -264283962646177.1, 14187258.9, 264177330884789.8, 14097543.7, 262506766623056.9
"Line.RBT_CL5144270"    ,   2, 7186677.5, -6496345.2
"Line.RBT_CL5274931"    ,   1, 29978550229683359744.0, 13897107979916142592.0, 29978550151506685952.0, 13897107943675908096.0, 29978548926738796544.0, 13897107375912241152.0
"Line.RBT_CL5274931"    ,   2, -29921185392181374976.0, -13896018282585427968.0
"Line.RBT_CL5551296"    ,   1, -9788831734.5, -84701876818426.6, 9707402896.5, 83997280438573.2, 9100700709.4, 78747541214031.7
"Line.RBT_CL5551296"    ,   2, 8327493367.3, 13775331736.8
"Line.RBT_CL5856283"    ,   1, 23636366765026263040.0, 10973040770465990656.0, 23636366673542590464.0, 10973040727995248640.0, 23636365240298397696.0, 10973040062620270592.0
"Line.RBT_CL5856283"    ,   2, -23627111862442577920.0, -10972920103817469952.0
"Line.RBT_CL6197384"    ,   1, 25760849886093651968.0, 11960507285142179840.0, 25760849807938322432.0, 11960507248855435264.0, 25760848583504859136.0, 11960506680363112448.0
"Line.RBT_CL6197384"    ,   2, -25753318568119848960.0, -11960374596004726784.0
"Line.RBT_CL6391290"    ,   1, -9788831734.5, -84701876818426.6, 9707402896.5, 83997280438573.2, 9100700709.4, 78747541214031.7
"Line.RBT_CL6391290"    ,   2, 8327493367.3, 13775331736.8
"Line.RBT_CL6730594"    ,   1, 102402905183296651264.0, 47406390918470696960.0, 102402905080331632640.0, 47406390870804078592.0, 102402903467212980224.0, 47406390124027092992.0
"Line.RBT_CL6730594"    ,   2, -102060071948029755392.0, -47398811176149360640.0
"Line.RBT_CL9619569"    ,   1, -228636866.8, -2187710905575936.2, 228566749.6, 2187039989568125.2, 228044327.2, 2182041192833871.5
"Line.RBT_CL9619569"    ,   2, 210389729.9, 126764083.2
"Line.RBT_CO0089229"    ,   1, 75864899.5, -2321760063067627.5, 75808828.8, 2320044082859819.0, 75673749.5, 2315910130541008.0
"Line.RBT_CO0089229"    ,   2, -145860271.8, -285756714.8
"Line.RBT_UC0266249"    ,   1, 1911808194405017845760.0, 887839231535682551808.0, 1911808193812063584256.0, 887839231260316008448.0, 1911808189394137120768.0, 887839229208641273856.0
"Line.RBT_UC0266249"    ,   2, -1911644524422545801216.0, -887807309119142232064.0
"Line.RBT_UC0469913"    ,   1, -418025590.8, -2190436954347971.8, 417708376.9, 2188774766615568.5, 416944179.8, 2184770405260234.0
"Line.RBT_UC0469913"    ,   2, 338289149.7, 198604717.2
"Line.RBT_UC0469914"    ,   1, 8029246.0, -299497556022220.9, 8026211.3, 299384361444903.9, 7978668.7, 297610979733605.4
"Line.RBT_UC0469914"    ,   2, 18403246.9, 12415467.1
"Line.RBT_UC0469922"    ,   1, 76940532306527371264.0, 35732632912075137024.0, 76940531707579088896.0, 35732632633912266752.0, 76940527244992593920.0, 35732630561403019264.0
"Line.RBT_UC0469922"    ,   2, -76940272509487022080.0, -35732656053781336064.0
"Line.RBT_UC0469924"    ,   1, 107594805749385281536.0, 49969043488698728448.0, 107594805159821950976.0, 49969043214894473216.0, 107594800767159975936.0, 49969041174859956224.0
"Line.RBT_UC0469924"    ,   2, -107594281393431134208.0, -49969012657391550464.0
"Line.RBT_UC0469931"    ,   1, -4009650736.1, -80907434806526.4, 3975343247.5, 80215172293705.7, 3719728297.6, 75057329064379.7
"Line.RBT_UC0469931"    ,   2, 3548550485.0, 4354118639.6
"Line.RBT_UC0469932"    ,   1, 3271807090.5, -83966067884931.3, 3244516410.2, 83265693121907.7, 3041181623.1, 78047407915717.8
"Line.RBT_UC0469932"    ,   2, 522906242.6, 16037033863.3
"Line.RBT_UC0469933"    ,   1, 6775104024704792395776.0, 2858167619337003728896.0, 6775104024024266571776.0, 2858167619049914630144.0, 6775104018423017897984.0, 2858167616686953857024.0
"Line.RBT_UC0469933"    ,   2, -6773228536611579363328.0, -2857801081400316133376.0
"Line.RBT_UC0469936"    ,   1, 929182113003836801024.0, 96602023062344892416.0, 929182112742674923520.0, 96602023035193311232.0, 929182110796834930688.0, 96602022832894885888.0
"Line.RBT_UC0469936"    ,   2, -928924999922282790912.0, -96551847404493307904.0
"Line.RBT_UC0469937"    ,   1, 1968982772.1, -86137348282784.4, 1960767145.1, 85777938165549.7, 1832055654.5, 80147179662205.9
"Line.RBT_UC0469937"    ,   2, -2172573563.2, 4480320814.9
"Line.RBT_UC0469943"    ,   1, -5964325110.9, -73356609443435.7, 5916075631.4, 72763177971800.0, 5518945299.6, 67878780474490.9
"Line.RBT_UC0469943"    ,   2, 4932762760.0, 15592884645.6
"Line.RBT_UC0469946"    ,   1, 2963221820799769378816.0, 828907149102825078784.0, 2963221820441184698368.0, 828907149002517512192.0, 2963221817489756258304.0, 828907148176909402112.0
"Line.RBT_UC0469946"    ,   2, -2962104766979732668416.0, -828688855085908754432.0
"Line.RBT_UC0469947"    ,   1, 63295859525795618816.0, 29395183763304144896.0, 63295859339330789376.0, 29395183676708151296.0, 63295857950036508672.0, 29395183031507009536.0
"Line.RBT_UC0469947"    ,   2, -63293440820586405888.0, -29394784807255261184.0
"Line.RBT_UC0469951"    ,   1, 54658470322756239360.0, 25383961785238429696.0, 54658470137285042176.0, 25383961699103678464.0, 54658468755394035712.0, 25383961057339129856.0
"Line.RBT_UC0469951"    ,   2, -54656647312172933120.0, -25383679022502170624.0
"Line.RBT_UC0469954"    ,   1, 55096938811508572160.0, 25542743595457724416.0, 55096938686094721024.0, 25542743537316311040.0, 55096937391729098752.0, 25542742937253044224.0
"Line.RBT_UC0469954"    ,   2, -54992456660066779136.0, -25539635908236652544.0
"Line.RBT_UC0469957"    ,   1, 12234765764342702080.0, 5681977741918570496.0, 12234765606950744064.0, 5681977668823783424.0, 12234764311493857280.0, 5681977067197456384.0
"Line.RBT_UC0469957"    ,   2, -12234659456116639744.0, -5682029253981793280.0
"Line.RBT_UC0469959"    ,   1, 413514921721183993856.0, 192039598347193745408.0, 413514921291300274176.0, 192039598147552346112.0, 413514918088363999232.0, 192039596660083425280.0
"Line.RBT_UC0469959"    ,   2, -413495499107119726592.0, -192035873830552109056.0
"Line.RBT_UC0469963"    ,   1, 38441588047065923584.0, 17852663601394612224.0, 38441587902196236288.0, 17852663534115659776.0, 38441586709807251456.0, 17852662980358113280.0
"Line.RBT_UC0469963"    ,   2, -38440349287115046912.0, -17852494474988640256.0
"Line.RBT_UC0469965"    ,   1, -96503448.0, -2171969594975326.5, 96431866.0, 2170358523759112.0, 96259418.4, 2166477306738232.2
"Line.RBT_UC0469965"    ,   2, 49564254.1, 144208006.1
"Line.RBT_UC0469969"    ,   1, -12041429573.3, -72588626059998.7, 11779606778.2, 71010295442658.6, 11148851862.5, 67207953500884.8
"Line.RBT_UC0469969"    ,   2, 10065467077.0, 2011986990.1
"Line.RBT_UC0469997"    ,   1, 60938095158652305408.0, 28300342596651687936.0, 60938094952831549440.0, 28300342501066194944.0, 60938093419321974784.0, 28300341788886953984.0
"Line.RBT_UC0469997"    ,   2, -60936255119111282688.0, -28300058917053947904.0
"Line.RBT_UC0469998"    ,   1, 9895224221724.9, -71386076474547.4, 9810995360212.8, 70778433048331.5, 9117727038536.7, 65777060232554.2
"Line.RBT_UC0469998"    ,   2, -9897239195450.2, -4590053034816.2
"Line.RBT_UC0470000"    ,   1, 57820699080616288256.0, 26852938707114704896.0, 57820698675938123776.0, 26852938519175122944.0, 57820695660800786432.0, 26852937118892879872.0
"Line.RBT_UC0470000"    ,   2, -57820270557203120128.0, -26852931166154551296.0
"Line.RBT_UC0470004"    ,   1, 55410382.3, -2136094509830557.2, 55367971.0, 2134459535228100.5, 55265798.2, 2130520732776727.0
"Line.RBT_UC0470004"    ,   2, -185976085.4, -164797139.8
"Line.RBT_UC0470072"    ,   1, 1413036682195086339997696.0, 104959734061462831759360.0, 1413036681923120957751296.0, 104959734041261352419328.0, 1413036679684635542683648.0, 104959733874987683020800.0
"Line.RBT_UC0470072"    ,   2, -1413035286807153446223872.0, -120746590862342528958464.0
"Line.RBT_UC0780265"    ,   1, 165701584531555418112.0, 76954336691257458688.0, 165701584138001055744.0, 76954336508484812800.0, 165701580898745843712.0, 76954335004125429760.0
"Line.RBT_UC0780265"    ,   2, -165698465780535328768.0, -76953799337480290304.0
"Line.RBT_UC0821279"    ,   1, 50387309980072042496.0, 23400760475059253248.0, 50387309550190133248.0, 23400760275414470656.0, 50387306347267219456.0, 23400758787920261120.0
"Line.RBT_UC0821279"    ,   2, -50387021599204646912.0, -23400776416519716864.0
"Line.RBT_UC0848539"    ,   1, 3324969556226251685888.0, 1543798207491566469120.0, 3324969555824383885312.0, 1543798207304977350656.0, 3324969552830183505920.0, 1543798205914756677632.0
"Line.RBT_UC0848539"    ,   2, -3323532625937552113664.0, -1543517385029782863872.0
"Line.RBT_UC0909668"    ,   1, -828354171735166287872.0, 105946234507961155584.0, 828354171113067642880.0, 105946234428394930176.0, 828354166477994065920.0, 105946233835570511872.0
"Line.RBT_UC0909668"    ,   2, 828379908972820430848.0, -105941259247076622336.0
"Line.RBT_UC0964411"    ,   1, 308643170888099168256.0, 143337228304143220736.0, 308643170463396790272.0, 143337228106906845184.0, 308643167299064954880.0, 143337226637356892160.0
"Line.RBT_UC0964411"    ,   2, -308632084977789173760.0, -143335132433316544512.0
"Line.RBT_UC0971897"    ,   1, 367249922016714620928.0, 170553971621562515456.0, 367249921601892909056.0, 170553971428915806208.0, 367249918511178973184.0, 170553969993562095616.0
"Line.RBT_UC0971897"    ,   2, -367233469670738493440.0, -170550829104773234688.0
"Line.RBT_UC1048018"    ,   1, 35931051781864849408.0, 16686772050428053504.0, 35931051634252750848.0, 16686771981875386368.0, 35931050419291635712.0, 16686771417634203648.0
"Line.RBT_UC1048018"    ,   2, -35930009391776088064.0, -16686640592476657664.0
"Line.RBT_UC1059982"    ,   1, -3342023866.8, -78341550747578.7, 3270589307.9, 76667028259595.6, 3098496961.5, 72632951356727.1
"Line.RBT_UC1059982"    ,   2, 7603261119.4, -2637060209.8
"Line.RBT_UC1071265"    ,   1, -49841812.7, -2112625813487602.5, 49803743.4, 2111012181485044.5, 49712030.8, 2107124795297063.5
"Line.RBT_UC1071265"    ,   2, -70396797.3, -25428384.0
"Line.RBT_UC1115340"    ,   1, -191708560.0, -2207071328789065.8, 191564024.0, 2205407338774322.0, 191215823.8, 2201398635556985.2
"Line.RBT_UC1115340"    ,   2, 17021555.9, 293374008.5
"Line.RBT_UC1121844"    ,   1, 82934136141836976128.0, 38515134167639433216.0, 82934135971563732992.0, 38515134088563466240.0, 82934134570083909632.0, 38515133437707427840.0
"Line.RBT_UC1121844"    ,   2, -82929962541737017344.0, -38514392205129859072.0
"Line.RBT_UC1171360"    ,   1, -2865922122743185145856.0, 634820444509959880704.0, 2865922122374172901376.0, 634820444428221284352.0, 2865922119336921137152.0, 634820443755450204160.0
"Line.RBT_UC1171360"    ,   2, 2866718454660741464064.0, -634664802324152713216.0
"Line.RBT_UC1189362"    ,   1, 48534978537725640704.0, 22540105613386928128.0, 48534978369770381312.0, 22540105535386906624.0, 48534977118385397760.0, 22540104954231820288.0
"Line.RBT_UC1189362"    ,   2, -48533225669013954560.0, -22539835239625310208.0
"Line.RBT_UC1189363"    ,   1, 76490790382260551680.0, 35523806002029690880.0, 76490788916916535296.0, 35523805321495519232.0, 76490785386769580032.0, 35523803682026831872.0
"Line.RBT_UC1189363"    ,   2, -76490592358596673536.0, -35523815285789188096.0
"Line.RBT_UC1210197"    ,   1, -10788100112323304226816.0, 1615197274674940084224.0, 10788100111722474373120.0, 1615197274584983535616.0, 10788100107245866450944.0, 1615197273914744766464.0
"Line.RBT_UC1210197"    ,   2, 10792645026316113936384.0, -1614308769104990306304.0
"Line.RBT_UC1534921"    ,   1, 47174486776698306560.0, 21908253260707786752.0, 47174486629086076928.0, 21908253192155348992.0, 47174485414123864064.0, 21908252627916038144.0
"Line.RBT_UC1534921"    ,   2, -47172689949928857600.0, -21907974326937378816.0
"Line.RBT_UC1592588"    ,   1, 388100957194170597376.0, 180240253434883637248.0, 388100956648563539968.0, 180240253181495050240.0, 388100952157798137856.0, 180240251095912218624.0
"Line.RBT_UC1592588"    ,   2, -388094280078047444992.0, -180239021473452130304.0
"Line.RBT_UC1601948"    ,   1, 53404528778693681152.0, 24801471678828335104.0, 53404528618374119424.0, 24801471604374704128.0, 53404527423880454144.0, 24801471049642708992.0
"Line.RBT_UC1601948"    ,   2, -53402199556663877632.0, -24801087611201306624.0
"Line.RBT_UC1664284"    ,   1, 103816169826525986816.0, 48212543249176248320.0, 103816169640718548992.0, 48212543162886717440.0, 103816168256322289664.0, 48212542519968907264.0
"Line.RBT_UC1664284"    ,   2, -103809616959044354048.0, -48211336172061597696.0
"Line.RBT_UC1678920"    ,   1, 41647152702468734976.0, 19341443318432890880.0, 41647152532195926016.0, 19341443239356133376.0, 41647151130719739904.0, 19341442588493574144.0
"Line.RBT_UC1678920"    ,   2, -41646100217599672320.0, -19341311491105239040.0
"Line.RBT_UC2141995"    ,   1, -2620678839920706453504.0, 1647583990294975086592.0, 2620678839347177848832.0, 1647583989934405713920.0, 2620678835073984233472.0, 1647583987247908913152.0
"Line.RBT_UC2141995"    ,   2, 2630127999359019122688.0, -1645739051204288970752.0
"Line.RBT_UC2148733"    ,   1, -487410324.7, -2025387981715819.0, 487258682.6, 2024757847127508.2, 486128842.1, 2020062900687839.8
"Line.RBT_UC2148733"    ,   2, 499103304.7, 393589473.9
"Line.RBT_UC2190725"    ,   1, 158494339390422679552.0, 73604775810042380288.0, 158494339174547030016.0, 73604775709789724672.0, 158494335792495230976.0, 73604774139164770304.0
"Line.RBT_UC2190725"    ,   2, -158487012533573976064.0, -73604651084387344384.0
"Line.RBT_UC2311848"    ,   1, 241603424781624246272.0, 112183604509482074112.0, 241603424184703713280.0, 112183604232314241024.0, 241603419737225265152.0, 112183602167218667520.0
"Line.RBT_UC2311848"    ,   2, -241529403475506724864.0, -112171257278413766656.0
"Line.RBT_UC2362640"    ,   1, 42562587080754733056.0, 19756607804892749824.0, 42562586926744961024.0, 19756607733404835840.0, 42562585779263725568.0, 19756607200769523712.0
"Line.RBT_UC2362640"    ,   2, -42529881918313938944.0, -19751758220012453888.0
"Line.RBT_UC2436024"    ,   1, 226385268239328051200.0, 105137313431012065280.0, 226385267648429621248.0, 105137313156588404736.0, 226385263245820329984.0, 105137311111938965504.0
"Line.RBT_UC2436024"    ,   2, -226382957373859299328.0, -105136934005560623104.0
"Line.RBT_UC2511808"    ,   1, 1009884.5, -252427921762507.7, 1009456.5, 252320945507791.8, 1002751.5, 250644984183909.0
"Line.RBT_UC2511808"    ,   2, -10764663.0, 244950.3
"Line.RBT_UC2668262"    ,   1, -87315160.5, -2021273667343171.2, 87290273.6, 2020697554766030.0, 87085434.7, 2015955705092638.8
"Line.RBT_UC2668262"    ,   2, 193199279.5, -215685340.0
"Line.RBT_UC2668397"    ,   1, 85773740.6, -1757143312178413.0, 85756196.1, 1756783899459786.8, 85481332.6, 1751153100201311.2
"Line.RBT_UC2668397"    ,   2, -87821706.2, 407205624.0
"Line.RBT_UC2722470"    ,   1, 154755689824586170368.0, 71861771863315169280.0, 154755689283394830336.0, 71861771612009586688.0, 154755684828973760512.0, 71861769543571324928.0
"Line.RBT_UC2722470"    ,   2, -154726018457047072768.0, -71857967495000793088.0
"Line.RBT_UC2932537"    ,   1, 147424265.9, -2075583236681416.8, 147311816.0, 2074000056630514.0, 147040914.0, 2070186031962430.5
"Line.RBT_UC2932537"    ,   2, -128539990.4, -31935680.9
"Line.RBT_UC2938589"    ,   1, 95926666911542427648.0, 44426744543972704256.0, 95926666828812926976.0, 44426744505657991168.0, 95926665532717350912.0, 44426743905394180096.0
"Line.RBT_UC2938589"    ,   2, -95647060628040433664.0, -44420476143586320384.0
"Line.RBT_UC3032234"    ,   1, 1024456233403696021504.0, 456801507406762606592.0, 1024456233306095091712.0, 456801507363242639360.0, 1024456231777012940800.0, 456801506681430212608.0
"Line.RBT_UC3032234"    ,   2, -981477065329382391808.0, -455818276680126693376.0
"Line.RBT_UC3214078"    ,   1, -76138867.4, -2095352171839226.2, 76080071.6, 2093734102331227.5, 75938427.1, 2089836025789230.8
"Line.RBT_UC3214078"    ,   2, 181695748.5, 215724975.6
"Line.RBT_UC3220258"    ,   1, -579163592.2, -2121832411251206.8, 578982516.8, 2121169020599796.0, 577633377.3, 2116226293070270.8
"Line.RBT_UC3220258"    ,   2, 274995361.8, -166111173.4
"Line.RBT_UC3220261"    ,   1, 103538039.7, -1265799917884863.0, 103509102.7, 1265446149141856.5, 103055755.5, 1259903772168088.2
"Line.RBT_UC3220261"    ,   2, -89900621.5, 313745777.5
"Line.RBT_UC3310870"    ,   1, 2040002.9, -262973898614924.8, 2039177.5, 262867487989278.6, 2026245.0, 261200388187488.2
"Line.RBT_UC3310870"    ,   2, -8583171.4, -995452.2
"Line.RBT_UC3384700"    ,   1, 271888464684659769344.0, 126259987075198812160.0, 271888464480128499712.0, 126259986980218257408.0, 271888461275805351936.0, 126259985492189708288.0
"Line.RBT_UC3384700"    ,   2, -271864445415228047360.0, -126259479023470542848.0
"Line.RBT_UC3544617"    ,   1, 27086599969745002496.0, 12574997248750905344.0, 27086599892755308544.0, 12574997213008316416.0, 27086598686583435264.0, 12574996653041100800.0
"Line.RBT_UC3544617"    ,   2, -27076337043085680640.0, -12574811827435122688.0
"Line.RBT_UC3564691"    ,   1, 50383697079678443520.0, 23362203559989972992.0, 50383696997632540672.0, 23362203521946456064.0, 50383695712246743040.0, 23362202925931347968.0
"Line.RBT_UC3564691"    ,   2, -50300146132387995648.0, -23360429761859350528.0
"Line.RBT_UC3573733"    ,   1, 168604014701613252608.0, 78161721058476294144.0, 168604014609060593664.0, 78161721015570579456.0, 168604013159068696576.0, 78161720343381000192.0
"Line.RBT_UC3573733"    ,   2, -168283746426809122816.0, -78154457263563112448.0
"Line.RBT_UC3653472"    ,   1, 31313002.5, -143724943425469.3, 31290730.8, 143622717846752.2, 30941808.5, 142021183780185.1
"Line.RBT_UC3653472"    ,   2, -36957388.7, -35438095.8
"Line.RBT_UC3677803"    ,   1, -225091003.4, -2134977367405806.8, 225021362.8, 2134316829899346.8, 224502491.5, 2129395360308962.2
"Line.RBT_UC3677803"    ,   2, 409984195.4, 67440482.8
"Line.RBT_UC3864466"    ,   1, 1370320250995148062720.0, 37456880671021809664.0, 1370320250882342518784.0, 37456880667938340864.0, 1370320249555079659520.0, 37456880631658397696.0
"Line.RBT_UC3864466"    ,   2, -1323718262353383129088.0, -32044077966849937408.0
"Line.RBT_UC3869200"    ,   1, 438124688714435788800.0, 203170691836101197824.0, 438124688499053232128.0, 203170691736222302208.0, 438124685124726947840.0, 203170690171452620800.0
"Line.RBT_UC3869200"    ,   2, -437438518314936041472.0, -203155507814622691328.0
"Line.RBT_UC3870343"    ,   1, 19023330.6, -115276386268096.4, 19005890.1, 115170701658387.5, 18732656.2, 113514976106281.2
"Line.RBT_UC3870343"    ,   2, 18237870.8, -13696357.6
"Line.RBT_UC3888584"    ,   1, 176084444230109396992.0, 12115529811861782528.0, 176084444119749591040.0, 12115529804268451840.0, 176084443297491222528.0, 12115529747692779520.0
"Line.RBT_UC3888584"    ,   2, -175017266897081106432.0, -11907221603717634048.0
"Line.RBT_UC3889143"    ,   1, 31507306.4, -70602728432239.5, 31461148.9, 70499296947199.8, 30738014.2, 68878870348243.3
"Line.RBT_UC3889143"    ,   2, -57943870.5, -33074625.1
"Line.RBT_UC3895714"    ,   1, 46365610807514873856.0, 21507243470102384640.0, 46365610720001179648.0, 21507243429508108288.0, 46365609348953219072.0, 21507242793531105280.0
"Line.RBT_UC3895714"    ,   2, -46307235551828828160.0, -21506039312648785920.0
"Line.RBT_UC3963561"    ,   1, 326707400809677568.0, -452907319936666983989248.0, 326707349846652352.0, 452907249287740413444096.0, 326707227072091648.0, 452907079088053757673472.0
"Line.RBT_UC3963561"    ,   2, -351245801204048064.0, -387347916326966592.0
"Line.RBT_UC3968299"    ,   1, 66472381460453679104.0, 30820975447976706048.0, 66472381383446749184.0, 30820975412271218688.0, 66472380177004896256.0, 30820974852885291008.0
"Line.RBT_UC3968299"    ,   2, -66358948685789675520.0, -30818470441763741696.0
"Line.RBT_UC4021804"    ,   1, -27700636.4, -244804323696359.3, 27688318.0, 244695459928889.1, 27495329.9, 242989927571855.4
"Line.RBT_UC4021804"    ,   2, 33261370.8, 20556997.8
"Line.RBT_UC4022671"    ,   1, 162488848803688939520.0, 75459511037534322688.0, 162488848270118420480.0, 75459510789745180672.0, 162488843878422478848.0, 75459508750249984000.0
"Line.RBT_UC4022671"    ,   2, -162477589157173624832.0, -75457957470007099392.0
"Line.RBT_UC4055732"    ,   1, 28613250518996926464.0, 13278903488647196672.0, 28613250427355557888.0, 13278903446118057984.0, 28613248991640784896.0, 13278902779828226048.0
"Line.RBT_UC4055732"    ,   2, -28591651392537280512.0, -13278555084938278912.0
"Line.RBT_UC4064676"    ,   1, 97834865631762605729120256.0, 45425048209620228485677056.0, 97834865631687856118300672.0, 45425048209585525149925376.0, 97834865630516790335373312.0, 45425048209041790880186368.0
"Line.RBT_UC4064676"    ,   2, -97811580995873802708582400.0, -45441931697403081879715840.0
"Line.RBT_UC4154454"    ,   1, -34328809.4, -2378472982053074.5, 34303839.5, 2376742940564514.0, 34243684.7, 2372575113342072.5
"Line.RBT_UC4154454"    ,   2, -81475454.2, -118761498.2
"Line.RBT_UC4283787"    ,   1, -406689668.6, -20892217175892.2, 404485085.4, 20778964650817.8, 369946614.6, 19004675091318.8
"Line.RBT_UC4283787"    ,   2, 519499426.3, 137862591.6
"Line.RBT_UC4534725"    ,   1, 54671856366575280128.0, 25346426756660666368.0, 54671856275516514304.0, 25346426714444898304.0, 54671854848929161216.0, 25346426053064544256.0
"Line.RBT_UC4534725"    ,   2, -54571899709846151168.0, -25344320501868441600.0
"Line.RBT_UC4541182"    ,   1, 20565428526275837952.0, 9550086011259643904.0, 20565428397461442560.0, 9550085951441364992.0, 20565427067999686656.0, 9550085334071582720.0
"Line.RBT_UC4541182"    ,   2, -20563371327033552896.0, -9550055555802028032.0
"Line.RBT_UC4584561"    ,   1, -36536595.4, -2018295280721190.0, 36508382.5, 2016736789268797.5, 36440415.1, 2012982241678942.5
"Line.RBT_UC4584561"    ,   2, 180360433.8, -287302235.1
"Line.RBT_UC4640377"    ,   1, 47229246360644993024.0, 21921310320483602432.0, 47229246268238995456.0, 21921310277593640960.0, 47229244820545036288.0, 21921309605650915328.0
"Line.RBT_UC4640377"    ,   2, -47200130264206385152.0, -21920718085636567040.0
"Line.RBT_UC469949"     ,   1, 42875586245969977344.0, 19911935994547265536.0, 42875586060157575168.0, 19911935908253757440.0, 42875584675724271616.0, 19911935265306345472.0
"Line.RBT_UC469949"     ,   2, -42874468616036278272.0, -19911791212145176576.0
"Line.RBT_UC4709489"    ,   1, 686863026992500965376.0, 82325853530292387840.0, 686863026796244500480.0, 82325853506769534976.0, 686863025180903211008.0, 82325853313158365184.0
"Line.RBT_UC4709489"    ,   2, -682799687277916585984.0, -81532912942698102784.0
"Line.RBT_UC4841705"    ,   1, -22738259.4, -435254021059774.9, 22699532.5, 434512714501882.4, 22606236.0, 432726839612414.3
"Line.RBT_UC4841705"    ,   2, 10159017.7, 51109049.8
"Line.RBT_UC4910677"    ,   1, -182175729.3, -2085927205787717.2, 182037783.1, 2084347710792757.5, 181705458.3, 2080542563759445.2
"Line.RBT_UC4910677"    ,   2, 130428740.4, 100857288.9
"Line.RBT_UC4930481"    ,   1, 2774705919459.5, -81183949818954.6, 2771209690237.9, 81081655123256.6, 2716435432432.7, 79479038223987.2
"Line.RBT_UC4930481"    ,   2, -2774679127723.5, -1288586118113.8
"Line.RBT_UC5005807"    ,   1, 153578082899258015744.0, 71324514612910342144.0, 153578082258427838464.0, 71324514315296907264.0, 153578077483791810560.0, 71324512097867235328.0
"Line.RBT_UC5005807"    ,   2, -153577178650885488640.0, -71324422503707279360.0
"Line.RBT_UC5039444"    ,   1, 53584580.3, -2078509969978432.5, 53543755.4, 2076926399362629.2, 53445404.5, 2073111433788194.0
"Line.RBT_UC5039444"    ,   2, -128362356.3, 57670606.1
"Line.RBT_UC5223914"    ,   1, 59339175789679640576.0, 27497522228892315648.0, 59339175697247215616.0, 27497522186059522048.0, 59339174249139265536.0, 27497521515012444160.0
"Line.RBT_UC5223914"    ,   2, -59201930374100140032.0, -27494602633469546496.0
"Line.RBT_UC5228365"    ,   1, 137610330207994626048.0, 63686207778021351424.0, 137610330093472268288.0, 63686207725020282880.0, 137610328746007150592.0, 63686207101411983360.0
"Line.RBT_UC5228365"    ,   2, -136971070563137388544.0, -63612202135461789696.0
"Line.RBT_UC5254190"    ,   1, 38422658575919136768.0, 17842746557846943744.0, 38422658327600455680.0, 17842746442532507648.0, 38422656283746721792.0, 17842745493405988864.0
"Line.RBT_UC5254190"    ,   2, -38417824964207280128.0, -17842033583836604416.0
"Line.RBT_UC5276789"    ,   1, 218297548222836637696.0, 101381265538515173376.0, 218297547674814349312.0, 101381265284003872768.0, 218297543164169453568.0, 101381263189180137472.0
"Line.RBT_UC5276789"    ,   2, -218295454439134691328.0, -101380930150966706176.0
"Line.RBT_UC5474582"    ,   1, 12988075202371012608.0, 6030506882595135488.0, 12988075105111377920.0, 6030506837436411904.0, 12988073581377116160.0, 6030506129949751296.0
"Line.RBT_UC5474582"    ,   2, -12985117998966779904.0, -6030557738062256128.0
"Line.RBT_UC5603276"    ,   1, 1301731952493346947072.0, 248643039955816710144.0, 1301731952159607750656.0, 248643039892069384192.0, 1301731949673015410688.0, 248643039417106857984.0
"Line.RBT_UC5603276"    ,   2, -1295338489598319263744.0, -247394935645775527936.0
"Line.RBT_UC5791304"    ,   1, -412314563.6, -2060714114957827.2, 412185091.8, 2060067025647140.5, 411220435.8, 2055245754585827.0
"Line.RBT_UC5791304"    ,   2, 544477371.0, 207631279.6
"Line.RBT_UC5944448"    ,   1, 21707029731258990592.0, 10076254604342861824.0, 21707029654197293056.0, 10076254568571348992.0, 21707028446897369088.0, 10076254008150988800.0
"Line.RBT_UC5944448"    ,   2, -21696029009213759488.0, -10076085317707388928.0
"Line.RBT_UC5983923"    ,   1, 15621722.6, -85658281228177.1, 15601068.4, 85545028709529.1, 15277486.6, 83770739250711.2
"Line.RBT_UC5983923"    ,   2, -58756645.4, 13578818.5
"Line.RBT_UC6007468"    ,   1, 26927961377598087168.0, 12497733905698895872.0, 26927961286557007872.0, 12497733863445151744.0, 26927959860246749184.0, 12497733201469822976.0
"Line.RBT_UC6007468"    ,   2, -26909767683779051520.0, -12497453459216375808.0
"Line.RBT_UC6007469"    ,   1, 617588541042013896704.0, 8106396097495171072.0, 617588540860808036352.0, 8106396095116684288.0, 617588539369344860160.0, 8106396075539909632.0
"Line.RBT_UC6007469"    ,   2, -614461863768872583168.0, -7496298973848892416.0
"Line.RBT_UC6007470"    ,   1, 122779500864097419264.0, 57010417079291371520.0, 122779500773063639040.0, 57010417037021495296.0, 122779499346867601408.0, 57010416374793437184.0
"Line.RBT_UC6007470"    ,   2, -122754775416736284672.0, -57009860162767093760.0
"Line.RBT_UC6160134"    ,   1, 6006423.7, -31926919782981.8, 5994143.6, 31861645451658.0, 5801755.6, 30839014260918.3
"Line.RBT_UC6160134"    ,   2, -14225308.0, 3083237.9
"Line.RBT_UC6196029"    ,   1, -12148128.0, -269115303222375.7, 12143281.4, 269007936647786.1, 12067350.8, 267325860312549.5
"Line.RBT_UC6196029"    ,   2, 17446123.7, 18233931.0
"Line.RBT_UC6200883"    ,   1, -8699830.7, -269115269345150.2, 8695299.3, 268975096317316.2, 8641982.5, 267325826436630.1
"Line.RBT_UC6200883"    ,   2, 481181.7, -17247923.1
"Line.RBT_UC6511990"    ,   1, -32722350.8, -435029046130878.4, 32699861.8, 434730064738344.7, 32532302.8, 432502442813691.6
"Line.RBT_UC6511990"    ,   2, 47267368.1, -17683686.9
"Line.RBT_UC6854152"    ,   1, 30202511166618759168.0, 14024895671364493312.0, 30202510608144437248.0, 14024895412030291968.0, 30202506011471192064.0, 14024893277510338560.0
"Line.RBT_UC6854152"    ,   2, -30201723907482279936.0, -14026306089175007232.0
"Line.RBT_UC6903877"    ,   1, -36259685.9, -223166766639378.6, 36243595.1, 223067733512489.2, 35991507.5, 221516214524556.4
"Line.RBT_UC6903877"    ,   2, 32784471.0, 13867178.1
"Line.RBT_UC7033869"    ,   1, 128911299793326096384.0, 59819047273708109824.0, 128911299579387740160.0, 59819047174433734656.0, 128911297818510491648.0, 59819046357329264640.0
"Line.RBT_UC7033869"    ,   2, -128727973957065179136.0, -59783937185850040320.0
"Line.RBT_UC7695571"    ,   1, 24582428640276385792.0, 11416506074756734976.0, 24582428084403478528.0, 11416505816599719936.0, 24582423509141868544.0, 11416503691768901632.0
"Line.RBT_UC7695571"    ,   2, -24582402835161853952.0, -11416577010468577280.0
"Line.RBT_UC7782095"    ,   1, 127738771006595203072.0, 59260115155071705088.0, 127738770793845620736.0, 59260115056373678080.0, 127738767460768776192.0, 59260113510104555520.0
"Line.RBT_UC7782095"    ,   2, -127598138192711778304.0, -59259218058569203712.0
"Line.RBT_UC8100236"    ,   1, 9879688.7, -9377256873430.5, 9766569.3, 9269890174892.0, 7994365.6, 7587811897789.4
"Line.RBT_UC8100236"    ,   2, -92229274.1, 570607088.8
"Line.RBT_UC8199621"    ,   1, 95767489221062819840.0, 44472492371520700416.0, 95767488811940134912.0, 44472492181532368896.0, 95767485763687956480.0, 44472490765985480704.0
"Line.RBT_UC8199621"    ,   2, -95755757648759980032.0, -44470957050913775616.0
"Line.RBT_UC8205543"    ,   1, 83580997035640012800.0, 38814337618216574976.0, 83580996501331738624.0, 38814337370088136704.0, 83580992103563608064.0, 38814335327800262656.0
"Line.RBT_UC8205543"    ,   2, -83576056195322560512.0, -38814451436836937728.0
"Line.RBT_UC8205577"    ,   1, 9125606627951.3, -1435410065423747.0, 9121939250063.0, 1434833206114644.5, 9091753908982.6, 1430085210262800.5
"Line.RBT_UC8205577"    ,   2, -9125551975810.2, -4238262814285.0
"Line.RBT_UC8313045"    ,   1, 102849861012464025600.0, 47761498024090009600.0, 102849860475274952704.0, 47761497774629732352.0, 102849856053795667968.0, 47761495721379758080.0
"Line.RBT_UC8313045"    ,   2, -102839992925969367040.0, -47761022629187035136.0
"Line.RBT_UC8326477"    ,   1, 263753147568120692736.0, 122449558832787718144.0, 263753147128147673088.0, 122449558628526653440.0, 263753143850038820864.0, 122449557106637766656.0
"Line.RBT_UC8326477"    ,   2, -263599261044882374656.0, -122420956365287653376.0
"Line.RBT_UC8332639"    ,   1, 612155487530042523648.0, 284073308203937333248.0, 612155487090034737152.0, 284073307999749865472.0, 612155483811666984960.0, 284073306478409646080.0
"Line.RBT_UC8332639"    ,   2, -611326667447583375360.0, -283912765853331816448.0
"Line.RBT_UC8333223"    ,   1, 388016590.5, -1480878397680153.0, 387603024.3, 1479300008277018.2, 386606705.7, 1475497524714921.0
"Line.RBT_UC8333223"    ,   2, -314408073.9, -102012838.9
"Line.RBT_UC8553109"    ,   1, 392658457341977886720.0, 182320258824735555584.0, 392658456249875169280.0, 182320258317647380480.0, 392658453618900402176.0, 182320257096025931776.0
"Line.RBT_UC8553109"    ,   2, -392402937271817535488.0, -182240051325293854720.0
"Line.RBT_UC8699661"    ,   1, -423845914.7, -1547189312503212.0, 423412274.8, 1545606371669185.5, 422367596.9, 1541792923296303.8
"Line.RBT_UC8699661"    ,   2, 605764058.2, 285556699.3
"Line.RBT_UC9240093"    ,   1, 285636046848780599296.0, 132624756364755599360.0, 285636046258787844096.0, 132624756090813825024.0, 285636041862926237696.0, 132624754049754644480.0
"Line.RBT_UC9240093"    ,   2, -285530143623945814016.0, -132606112300436488192.0
"Line.RBT_UC9265590"    ,   1, 30766693895631421440.0, 14288002062793205760.0, 30766693804153028608.0, 14288002020310790144.0, 30766692370991497216.0, 14288001354752931840.0
"Line.RBT_UC9265590"    ,   2, -30765156370310762496.0, -14287975813563906048.0
"Line.RBT_UC9675682"    ,   1, -108881298.6, -2020126403029267.8, 108850257.3, 2019550479542975.5, 108594763.8, 2014810186232724.8
"Line.RBT_UC9675682"    ,   2, 85947858.8, 58069253.8
"Line.RBT_UC9767213"    ,   1, -71283414.2, -2573922605613087.0, 71234282.6, 2572148544197857.0, 71115919.9, 2567874668970258.5
"Line.RBT_UC9767213"    ,   2, -64648169.2, -33705799.8
"Line.RBT_UC9772167"    ,   1, 970429487045639667712.0, 450569340262553092096.0, 970429486826904879104.0, 450569340160994770944.0, 970429483400059813888.0, 450569338569914384384.0
"Line.RBT_UC9772167"    ,   2, -970161946325945286656.0, -450563300914580357120.0
"Line.RBT_UI1053908"    ,   1, -4178577875.1, -73020618216641.3, 4141223256.7, 72367846529344.7, 3862905043.4, 67504237760613.6
"Line.RBT_UI1053908"    ,   2, 3447473192.0, 9107095135.2
"Line.RBT_UI1674309"    ,   1, 9600546831232.4, -69412326152628.5, 9511157338921.3, 68766036654333.3, 8845142670856.8, 63950724758584.9
"Line.RBT_UI1674309"    ,   2, -9605498211687.0, -4458536383741.7
"Line.RBT_UI3098898"    ,   1, 25884579.9, -127044671771900.9, 25863756.6, 126942468531515.3, 25537525.1, 125341284432139.8
"Line.RBT_UI3098898"    ,   2, -15668433.6, 13783014.5
"Line.RBT_UI3357576"    ,   1, 33908607.2, -300971796748829.6, 33895822.9, 300858324016134.0, 33695536.2, 299080584537235.8
"Line.RBT_UI3357576"    ,   2, -18066428.2, -11996150.7
"Line.RBT_UM6016409"    ,   1, -231546874.4, -2193245203285645.8, 231371032.0, 2191579598388640.5, 230947411.5, 2187567004773127.5
"Line.RBT_UM6016409"    ,   2, 110945988.2, 293776210.0
"Line.RBT_U10192293"    ,   1, 21423570948155359232.0, 9940062266071097344.0, 21423570870549327872.0, 9940062230063618048.0, 21423569654721499136.0, 9940061665946443776.0
"Line.RBT_U10192293"    ,   2, -21402439953194319872.0, -9939736446400135168.0
"Line.RBT_U10452686"    ,   1, 148932408414398775296.0, 69156828302960041984.0, 148932407732935524352.0, 69156827986522284032.0, 148932402655554273280.0, 69156825628838109184.0
"Line.RBT_U10452686"    ,   2, -148901603966461116416.0, -69152988777281921024.0
"Line.RBT_U10453082"    ,   1, 54287898033743257600.0, 25209304836400979968.0, 54287897435111899136.0, 25209304558418575360.0, 54287892974886674432.0, 25209302487253889024.0
"Line.RBT_U10453082"    ,   2, -54284181993243918336.0, -25210698395046100992.0
"Line.RBT_U10453195"    ,   1, -199244219.9, -2182641953502216.8, 199182987.0, 2181971170607300.8, 198726758.3, 2176973365657855.8
"Line.RBT_U10453195"    ,   2, 192294313.7, -271859591.1
"Line.RBT_U10453284"    ,   1, 43624832709660688384.0, 20257510465738219520.0, 43624832111027961856.0, 20257510187758727168.0, 43624827650792546304.0, 20257508116615761920.0
"Line.RBT_U10453284"    ,   2, -43622433094762135552.0, -20259161391726665728.0
"Line.RBT_U37982280"    ,   1, -2873775901.4, -83005456260210.2, 2849591894.9, 82306931195961.1, 2669404015.3, 77102427548246.0
"Line.RBT_U37982280"    ,   2, 2412384585.6, 7395485661.7
"Line.RBT_U38756432"    ,   1, -2925661447.8, -82877272077166.4, 2913169082.9, 82523392058966.9, 2717455365.8, 76979271773841.7
"Line.RBT_U38756432"    ,   2, 2606076110.6, 5022272506.4
"Line.RBT_U40487820"    ,   1, -195975161.0, -2018040750518497.8, 195914113.7, 2017412120199258.0, 195459268.3, 2012728381623513.0
"Line.RBT_U40487820"    ,   2, 207154521.8, -337850786.8
"Line.RBT_U41539040"    ,   1, 3096814428411888926720.0, 1434879963602362302464.0, 3096814427871345377280.0, 1434879963351906516992.0, 3096814423422256807936.0, 1434879961290462986240.0
"Line.RBT_U41539040"    ,   2, -3084384903938905735168.0, -1432452229941830877184.0
"Line.RBT_U43159000"    ,   1, -77696661.7, -1441580607464660.5, 77662671.0, 1440949945556359.0, 77409416.4, 1436251070211409.0
"Line.RBT_U43159000"    ,   2, -47692126.8, -89913828.7
"Line.RBT_U48952100"    ,   1, 33041803966303809536.0, 15340597544530567168.0, 33041803818565705728.0, 15340597475938949120.0, 33041802602567458816.0, 15340596911377168384.0
"Line.RBT_U48952100"    ,   2, -33028340072790462464.0, -15339045267676973056.0
"Line.RBT_U49979735"    ,   1, 45885565309381574656.0, 21302666760372617216.0, 45885565115707056128.0, 21302666670457982976.0, 45885563672695504896.0, 21302666000530657280.0
"Line.RBT_U49979735"    ,   2, -45863885676088139776.0, -21300138445966520320.0
"Line.RBT_U50018583"    ,   1, 14153075097091594240.0, 6569449134416086016.0, 14153074903422142464.0, 6569449044520313856.0, 14153073460448335872.0, 6569448374733503488.0
"Line.RBT_U50018583"    ,   2, -14149857840099999744.0, -6571487053928843264.0
"Line.RBT_U50898039"    ,   1, 2656677571086963965952.0, 2253462777601019346944.0, 2656677570544574398464.0, 2253462777140950335488.0, 2656677566503390281728.0, 2253462773713113186304.0
"Line.RBT_U50898039"    ,   2, -2645141569524308377600.0, -2251209539064084037632.0
"Line.RBT_U50964176"    ,   1, 41487227745706401792.0, 19258600699956301824.0, 41487227582614462464.0, 19258600624248119296.0, 41487226367464628224.0, 19258600060168847360.0
"Line.RBT_U50964176"    ,   2, -41459518757063819264.0, -19254659282448826368.0
"Line.RBT_U51789048"    ,   1, 52478622992754352128.0, 24369125835272167424.0, 52478622401931239424.0, 24369125560915832832.0, 52478617999883026432.0, 24369123516767932416.0
"Line.RBT_U51789048"    ,   2, -52475058115958980608.0, -24370503797545603072.0
"Line.RBT_U52543404"    ,   1, -6859076707806627233792.0, -47158431349083291648.0, 6859076707155141722112.0, 47158431344604110848.0, 6859076702301114597376.0, 47158431311231066112.0
"Line.RBT_U52543404"    ,   2, 6904742332846687911936.0, 56092569200591921152.0
"Line.RBT_U53514934"    ,   1, 104491764910786641920.0, 48478745278894137344.0, 104491764720987127808.0, 48478745190837035008.0, 104491763306847191040.0, 48478744534749642752.0
"Line.RBT_U53514934"    ,   2, -104309172289073741824.0, -48443339987153477632.0
"Line.RBT_U53514986"    ,   1, 190091627332239458304.0, 88120603150131970048.0, 190091627141900926976.0, 88120603061896904704.0, 190091625723744813056.0, 88120602404483563520.0
"Line.RBT_U53514986"    ,   2, -189490755531360239616.0, -88003431463835860992.0
"Line.RBT_U56879189"    ,   1, 74265691438174830592.0, 34486531895832371200.0, 74265690904858083328.0, 34486531648177704960.0, 74265686515251036160.0, 34486529609789308928.0
"Line.RBT_U56879189"    ,   2, -74258346913659060224.0, -34487114267712962560.0
"Line.RBT_U57267822"    ,   1, 184482264457406873600.0, 85663641963789008896.0, 184482263861268905984.0, 85663641686974595072.0, 184482259419621031936.0, 85663639624512208896.0
"Line.RBT_U57267822"    ,   2, -184438990102126690304.0, -85657286910788468736.0
"Line.RBT_U60285657"    ,   1, 97532972613974638592.0, 45290993707565572096.0, 97532972013511999488.0, 45290993428731150336.0, 97532967539642449920.0, 45290991351218372608.0
"Line.RBT_U60285657"    ,   2, -97521051365321752576.0, -45290796007843635200.0
"Line.RBT_U61233341"    ,   1, 155440038850195423232.0, 72180156928337043456.0, 155440038197683027968.0, 72180156625336295424.0, 155440033336006017024.0, 72180154367767322624.0
"Line.RBT_U61233341"    ,   2, -155414394752575307776.0, -72177663703329021952.0
"Line.RBT_VC0469934"    ,   1, 225186792728000724992.0, 104572685960420966400.0, 225186792545905606656.0, 104572685875859275776.0, 225186791189168816128.0, 104572685245815177216.0
"Line.RBT_VC0469934"    ,   2, -225154691872871579648.0, -104566502796527419392.0
"Line.RBT_VC0469981"    ,   1, 270482407398201688064.0, 125616618711011246080.0, 270482406855375945728.0, 125616618458913767424.0, 270482402810941865984.0, 125616616580609966080.0
"Line.RBT_VC0469981"    ,   2, -270478928359753285632.0, -125616016203271241728.0
"Line.RBT_VC1418755"    ,   1, 297833103379806486528.0, 138296951680848068608.0, 297833102787566436352.0, 138296951405845086208.0, 297833097912975360000.0, 138296949142358982656.0
"Line.RBT_VC1418755"    ,   2, -297753818683178549248.0, -138283040174585331712.0
"Line.RBT_VC2131656"    ,   1, 7415304264577565696.0, 3442863137719997952.0, 7415304144898253824.0, 3442863082153904128.0, 7415302909717427200.0, 3442862508669879296.0
"Line.RBT_VC2131656"    ,   2, -7413528313586869248.0, -3442996107095234048.0
"Line.RBT_VC2148733"    ,   1, 74317319168433029120.0, 34491515664883433472.0, 74317318994094342144.0, 34491515583970856960.0, 74317317559152771072.0, 34491514917998104576.0
"Line.RBT_VC2148733"    ,   2, -74238995019305893888.0, -34478126884484186112.0
"Line.RBT_CL6650949"    ,   1, -3116965125095489536000.0, 348925435074969796608.0, 3116965124401774723072.0, 348925434997312585728.0, 3116965119233110835200.0, 348925434418711887872.0
"Line.RBT_CL6650949"    ,   2, 3117283391053613236224.0, -348863301234060099584.0
"Line.RBT_UC0470177"    ,   1, 3098955082.4, -25092604940276.8, 3051382341.2, 24707402842005.4, 2696931917.6, 21837375940800.2
"Line.RBT_UC0470177"    ,   2, -3028992873.6, 2280296003.5
"Line.RBT_UC0909667"    ,   1,  -3473.0, -39790758461.9,   3151.5, 36107202307.4,    756.0, 8662114903.1
"Line.RBT_UC0909667"    ,   2,   7124.8,  -5009.8
"Line.RBT_UC0943016"    ,   1,  26808.0, -314671361.2,      0.0,      0.0,      0.0,      0.0
"Line.RBT_UC0943016"    ,   2, -34681.5, -78518.8
"Line.RBT_UC1071255"    ,   1,  26808.0, -314671361.2,      0.0,      0.0,      0.0,      0.0
"Line.RBT_UC1071255"    ,   2, -34681.5, -78518.8
"Line.RBT_UC2028978"    ,   1,  15854.5, -314703318.5,      0.0,      0.0,      0.0,      0.0
"Line.RBT_UC2028978"    ,   2, -14752.0,  -5372.5
"Line.RBT_UC3691279"    ,   1, 40103686375178174464.0, 18610948040203522048.0, 40103686315916492800.0, 18610948012701908992.0, 40103685387483463680.0, 18610947581843292160.0
"Line.RBT_UC3691279"    ,   2, -40071940414328225792.0, -18610239058601816064.0
"Line.RBT_UC3815113"    ,   1, 150913766585250807808.0, 70078198115713409024.0, 150913765952566460416.0, 70078197821920600064.0, 150913761238622502912.0, 70078195632957284352.0
"Line.RBT_UC3815113"    ,   2, -150888058952074493952.0, -70075539612588122112.0
"Line.RBT_UC5046565"    ,   1, 133469876391505018880.0, 61116457475155181568.0, 133469876332104253440.0, 61116457447955300352.0, 133469875401492168704.0, 61116457021823844352.0
"Line.RBT_UC5046565"    ,   2, -131500349525969780736.0, -61071485824088383488.0
"Line.RBT_UC5046567"    ,   1, 87088151599701442560.0, 40102923248860831744.0, 87088151540358823936.0, 40102923221534351360.0, 87088150610657624064.0, 40102922793419448320.0
"Line.RBT_UC5046567"    ,   2, -86312390309833637888.0, -40085261676129394688.0
"Line.RBT_UC5394458"    ,   1, -84314.0, -2300183206.4,      0.0,      0.0,      0.0,      0.0
"Line.RBT_UC5394458"    ,   2,  32651.3, 117249.6
"Line.RBT_UC5399517"    ,   1, 43772739411271147520.0, 20235350259276337152.0, 43772739351969054720.0, 20235350231862046720.0, 43772738422902964224.0, 20235349802371497984.0
"Line.RBT_UC5399517"    ,   2, -43560936905173745664.0, -20230601289523732480.0
"Line.RBT_UC5515018"    ,   1, -22008.6, -1262750123.6,    306.9, 17605761.4,      0.0,      0.0
"Line.RBT_UC5515018"    ,   2, -25745.1, -42780.0
"Line.RBT_UC5633602"    ,   1,  13186.7, -2300322119.3,      0.0,      0.0,      0.0,      0.0
"Line.RBT_UC5633602"    ,   2,  26895.3, 201649.6
"Line.RBT_UC6197524"    ,   1,  13186.7, -2300322119.3,      0.0,      0.0,      0.0,      0.0
"Line.RBT_UC6197524"    ,   2,  26895.3, 201649.6
"Line.RBT_UC6210896"    ,   1,  13186.7, -2300322119.3,      0.0,      0.0,      0.0,      0.0
"Line.RBT_UC6210896"    ,   2,  26895.3, 201649.6
"Line.RBT_UC8954755"    ,   1, 87152006905317588992.0, 40456880111978422272.0, 87152006702457176064.0, 40456880017808482304.0, 87152005191004241920.0, 40456879316176101376.0
"Line.RBT_UC8954755"    ,   2, -87084982372498898944.0, -40444069428536836096.0
"Line.RBT_UC9633468"    ,   1, 356781204332533514240.0, 165695114637072728064.0, 356781203708901785600.0, 165695114347447779328.0, 356781199062405939200.0, 165695112189537976320.0
"Line.RBT_UC9633468"    ,   2, -356776051419049295872.0, -165694187462306922496.0
"Line.RBT_UI3101290"    ,   1,     56.9, -9032383741.6,     52.9, 8410773500.4,      0.0,      0.0
"Line.RBT_UI3101290"    ,   2,    177.5,    698.0
"Line.RBT_UM2993009"    ,   1, -252343360.2, -1847421356584513.5, 252256139.6, 1846782809177943.8, 251538247.0, 1841527072831563.0
"Line.RBT_UM2993009"    ,   2, 229158590.4, 208720102.0
"Line.RBT_U40406529"    ,   1, 15614389.9, -182235967387949.2, 15604645.8, 182122242729323.0, 15451986.8, 180340556410844.7
"Line.RBT_U40406529"    ,   2, -24353485.1, -3106949.3
"Line.RBT_VC1232293"    ,   1, -45151.0, -314748741.8,      0.0,      0.0,      0.0,      0.0
"Line.RBT_VC1232293"    ,   2,  27983.1,  35403.7
"Line.RBT_CL2980107"    ,   1, -310239508.2, -2501589546895736.0, 310158460.3, 2500936024231126.5, 309491373.9, 2495557029991649.0
"Line.RBT_CL2980107"    ,   2, 170608534.7, 219117599.1
"Line.RBT_CL3018855"    ,   1, -328227991.7, -2462830134887585.0, 328133830.2, 2462123602011238.5, 327432260.4, 2456859434524094.0
"Line.RBT_CL3018855"    ,   2, 232316184.4, -180301233.7
"Line.RBT_CL3163544"    ,   1, -215157951.6, -661253954313867.6, 214934205.1, 660566304653334.6, 213267135.7, 655442830422038.9
"Line.RBT_CL3163544"    ,   2, -616773298.8, -1351362798.3
"Line.RBT_CL3185564"    ,   1, -313167171.4, -2698880140593807.0, 313088786.7, 2698204619987996.5, 312443620.5, 2692644565770944.5
"Line.RBT_CL3185564"    ,   2, 304183912.0, -13024889.2
"Line.RBT_CL3197146"    ,   1, 217424522.1, -2586035354770784.0, 217362484.1, 2585297478461265.5, 216900257.5, 2579799780324151.5
"Line.RBT_CL3197146"    ,   2, -99326886.6, 4174700.9
"Line.RBT_CL3358744"    ,   1, 5406236381.3, -94043135845156.7, 5363822356.6, 93305330908627.5, 5047808003.2, 87808164550543.1
"Line.RBT_CL3358744"    ,   2, -1722777223.9, 9362126511.8
"Line.RBT_CL3366513"    ,   1, -15947755.4, -1580978176585765.8, 15940609.7, 1580269786396072.8, 15887369.0, 1574991780616530.2
"Line.RBT_CL3366513"    ,   2, -23438700.3, 103414574.1
"Line.RBT_CL3433382"    ,   1, -11860540887.4, -91053950049250.0, 11765265200.9, 90322513964093.2, 11055394241.4, 84872800033840.3
"Line.RBT_CL3433382"    ,   2, 11782707678.4, 10820458550.2
"Line.RBT_CL3437715"    ,   1, -388475890.0, -2314394858016360.5, 388360466.9, 2313707209999450.0, 387500483.3, 2308583748014301.5
"Line.RBT_CL3437715"    ,   2, 390389902.5, -68429776.5
"Line.RBT_CL3461632"    ,   1, -297615332.0, -87185173338717.3, 295189853.9, 86474639621690.0, 277118334.0, 81180663053979.4
"Line.RBT_CL3461632"    ,   2, -127800661.4, 10572809660.0
"Line.RBT_CL3610866"    ,   1, -160054977.8, -2526981157306061.5, 160009432.8, 2526262084260840.5, 159670090.9, 2520904483684476.0
"Line.RBT_CL3610866"    ,   2, 126761225.4, -432350539.9
"Line.RBT_CL3619506"    ,   1, 1504584128099054256128.0, 698104504087989977088.0, 1504584127450028703744.0, 698104503786851794944.0, 1504584122614331736064.0, 698104501543160905728.0
"Line.RBT_CL3619506"    ,   2, -1502155894316879314944.0, -697632308400889135104.0
"Line.RBT_CL3640653"    ,   1, -3303311722504789164032.0, 181924029085787717632.0, 3303311721785231671296.0, 181924029046159343616.0, 3303311716424019345408.0, 181924028750900101120.0
"Line.RBT_CL3640653"    ,   2, 3308283731376579018752.0, -180953258786090450944.0
"Line.RBT_CL3662927"    ,   1, -215649561.6, -2467934718881261.0, 215592790.0, 2467285014561920.0, 215125516.6, 2461937448241189.5
"Line.RBT_CL3662927"    ,   2, 273739267.7, -38193390.0
"Line.RBT_CL3672496"    ,   1, -328227991.7, -2462830134887585.0, 328133830.2, 2462123602011238.5, 327432260.4, 2456859434524094.0
"Line.RBT_CL3672496"    ,   2, 232316184.4, -180301233.7
"Line.RBT_CL3937422"    ,   1, 2571337205765603590144.0, 1192892722084119838720.0, 2571337205099644583936.0, 1192892721775168716800.0, 2571337200137783476224.0, 1192892719473265737728.0
"Line.RBT_CL3937422"    ,   2, -2566549183869177823232.0, -1191958596666993934336.0
"Line.RBT_CL4343443"    ,   1, 927292951419464056832.0, 430416659303198621696.0, 927292950752320159744.0, 430416658993533943808.0, 927292945781628076032.0, 430416656686314160128.0
"Line.RBT_CL4343443"    ,   2, -926420018506970038272.0, -430248643635907198976.0
"Line.RBT_CL4686380"    ,   1, 65199034.8, -593952148837183.0, 65124010.6, 593268690651202.5, 64506503.3, 587643304043517.1
"Line.RBT_CL4686380"    ,   2, 371688662.8, 1221353907.3
"Line.RBT_CL4989528"    ,   1, -325849961.2, -2462698663290483.5, 325764042.3, 2462049308619937.0, 325056864.3, 2456704620177747.5
"Line.RBT_CL4989528"    ,   2, -27141451.6, -88766985.4
"Line.RBT_CL5111168"    ,   1, -3403547612697710821376.0, 88605945428068057088.0, 3403547611998872141824.0, 88605945409874903040.0, 3403547606792033271808.0, 88605945274323140608.0
"Line.RBT_CL5111168"    ,   2, 3414454550443545591808.0, -86475844096640139264.0
"Line.RBT_CL5755874"    ,   1, -1375625867095168253952.0, -29541134224727027712.0, 1375625866973295673344.0, 29541134222109851648.0, 1375625865063958315008.0, 29541134181107429376.0
"Line.RBT_CL5755874"    ,   2, 1396753264222429773824.0, 30024458731817906176.0
"Line.RBT_CL5800312"    ,   1, -313167171.4, -2698880140593807.0, 313088786.7, 2698204619987996.5, 312443620.5, 2692644565770944.5
"Line.RBT_CL5800312"    ,   2, 304183912.0, -13024889.2
"Line.RBT_CL6081030"    ,   1, -2410736421122349203456.0, 367573860596334854144.0, 2410736420404931330048.0, 367573860486947536896.0, 2410736415059662602240.0, 367573859671934697472.0
"Line.RBT_CL6081030"    ,   2, 2410910696581014487040.0, -367539876991847825408.0
"Line.RBT_CL6143851"    ,   1, -621169578.4, -603397976941355.9, 620493572.1, 602741311107376.6, 614929520.2, 597336446166162.2
"Line.RBT_CL6143851"    ,   2, 497056114.3, -509506090.4
"Line.RBT_CL6265275"    ,   1, -215649561.6, -2467934718881261.0, 215587549.6, 2467225041855519.5, 215125516.6, 2461937448241189.5
"Line.RBT_CL6265275"    ,   2, 273739267.7, -38193390.0
"Line.RBT_CL6350004"    ,   1, -5760038753594661404672.0, 37155241920345243648.0, 5760038753228113838080.0, 37155241917980819456.0, 5760038747485537042432.0, 37155241880938217472.0
"Line.RBT_CL6350004"    ,   2, 5762374217818784661504.0, -37101880989899628544.0
"Line.RBT_CL6828043"    ,   1, -2267500583891204308992.0, 1754547676922774552576.0, 2267500583656571273216.0, 1754547676741220171776.0, 2267500581908391919616.0, 1754547675388512829440.0
"Line.RBT_CL6828043"    ,   2, 2290359559568293625856.0, -1746542124371263356928.0
"Line.RBT_CL7808503"    ,   1, -2033249030862408253440.0, 206265904168521236480.0, 2033249030180400005120.0, 206265904099333931008.0, 2033249025098958241792.0, 206265903583839682560.0
"Line.RBT_CL7808503"    ,   2, 2033380675165952933888.0, -206240208569774702592.0
"Line.RBT_CL7934696"    ,   1, 3307250141668242358272.0, 1535861358462791319552.0, 3307250140966112198656.0, 1535861358136727437312.0, 3307250135734747660288.0, 1535861355707322335232.0
"Line.RBT_CL7934696"    ,   2, -3306900608542606622720.0, -1535793131657829285888.0
"Line.RBT_C42016976"    ,   1, -604327124.1, -2351336806165853.5, 604148445.4, 2350641596846360.5, 602817163.1, 2345461797832111.5
"Line.RBT_C42016976"    ,   2, 487701590.8, 180356477.7
"Line.RBT_UC0469555"    ,   1, 12167562.8, -607049221176825.8, 12149458.6, 606145988818683.2, 12105844.0, 603970019955885.6
"Line.RBT_UC0469555"    ,   2, 17097868.2, 19799066.7
"Line.RBT_UC0988028"    ,   1, 3262706999913787424768.0, 3609800886965745745920.0, 3262706999712198164480.0, 3609800886742711009280.0, 3262706998052961910784.0, 3609800884906961666048.0
"Line.RBT_UC0988028"    ,   2, -3259635756596480966656.0, -3609192401327410905088.0
"Line.RBT_UC1194089"    ,   1, 16192221091820744704.0, 7519970794636876800.0, 16192220772472866816.0, 7519970646325739520.0, 16192218393106278400.0, 7519969541303325696.0
"Line.RBT_UC1194089"    ,   2, -16192180615686273024.0, -7519984033121040384.0
"Line.RBT_UC2165828"    ,   1, 72789959460275576832.0, 33801268223535996928.0, 72789959166375837696.0, 33801268087058604032.0, 72789956747354890240.0, 33801266963744669696.0
"Line.RBT_UC2165828"    ,   2, -72776766020782178304.0, -33799037416983953408.0
"Line.RBT_UC2972550"    ,   1, 313421071032381800448.0, 145527770883519430656.0, 313421070445374472192.0, 145527770610960007168.0, 313421065613852868608.0, 145527768367586344960.0
"Line.RBT_UC2972550"    ,   2, -313313111539128991744.0, -145509098012105146368.0
"Line.RBT_UC3069999"    ,   1, 1616639673800145502208.0, 750026277742697381888.0, 1616639673158860275712.0, 750026277445178490880.0, 1616639668380832890880.0, 750026275228453175296.0
"Line.RBT_UC3069999"    ,   2, -1613768204065852096512.0, -749467376645390598144.0
"Line.RBT_UC3079452"    ,   1, -301453743.6, -2920164583638105.5, 301374789.0, 2919399755285168.0, 300786521.8, 2913701245444266.5
"Line.RBT_UC3079452"    ,   2, 214960738.6, -269409698.0
"Line.RBT_UC3155163"    ,   1, 571238084373492858880.0, 265274058457835995136.0, 571238083727808135168.0, 265274058157990084608.0, 571238078917002461184.0, 265274055923926958080.0
"Line.RBT_UC3155163"    ,   2, -571162918627564519424.0, -265259888740864950272.0
"Line.RBT_UC3182805"    ,   1, -328791875192858607616.0, 85555974478170243072.0, 328791875069433085952.0, 85555974446053294080.0, 328791873135766732800.0, 85555973942887858176.0
"Line.RBT_UC3182805"    ,   2, 329673684267241046016.0, -85448334941483941888.0
"Line.RBT_UC3277539"    ,   1, -879659691506710085632.0, 94792395041984233472.0, 879659691389309943808.0, 94792395029333164032.0, 879659689550041317376.0, 94792394831133016064.0
"Line.RBT_UC3277539"    ,   2, 887897828281177210880.0, -94503220431614181376.0
"Line.RBT_UC3322675"    ,   1, -1318047363109372035072.0, 310379312103557300224.0, 1318047362446410907648.0, 310379311947440455680.0, 1318047357506883420160.0, 310379310784259817472.0
"Line.RBT_UC3322675"    ,   2, 1318162600288959332352.0, -310356886644406288384.0
"Line.RBT_UC3358703"    ,   1, 364649739983030059008.0, 169349526076249079808.0, 364649739318361325568.0, 169349525767565639680.0, 364649734366111072256.0, 169349523467656593408.0
"Line.RBT_UC3358703"    ,   2, -364645001391615377408.0, -169348690797764673536.0
"Line.RBT_UC3366710"    ,   1, -1700576272553602449408.0, 159457206927044411392.0, 1700576271848437972992.0, 159457206860923568128.0, 1700576266594465611776.0, 159457206368276578304.0
"Line.RBT_UC3366710"    ,   2, 1700665558509339279360.0, -159439834909088940032.0
"Line.RBT_UC3394430"    ,   1, 48079480030312644608.0, 248378327543176921088.0, 48079480021171781632.0, 248378327495955251200.0, 48079479877964824576.0, 248378326756148936704.0
"Line.RBT_UC3394430"    ,   2, -47898750309345763328.0, -248370979445449654272.0
"Line.RBT_UC3461817"    ,   1, -2741280401333590425600.0, 48965999535005605888.0, 2741280400649832890368.0, 48965999522792013824.0, 2741280395555356803072.0, 48965999431792164864.0
"Line.RBT_UC3461817"    ,   2, 2748418384568510316544.0, -47572758381681647616.0
"Line.RBT_UC3493662"    ,   1, -4102099461955821502464.0, 274121620698377977856.0, 4102099461199895199744.0, 274121620647863418880.0, 4102099455567709863936.0, 274121620271494266880.0
"Line.RBT_UC3493662"    ,   2, 4115092211650277146624.0, -271583920974408810496.0
"Line.RBT_UC3583569"    ,   1, 614207807451523973120.0, 285213922414391918592.0, 614207806813788962816.0, 285213922118252888064.0, 614207802062214004736.0, 285213919911808532480.0
"Line.RBT_UC3583569"    ,   2, -614073451362976006144.0, -285188428859419459584.0
"Line.RBT_UC3588572"    ,   1, -2032322350734125563904.0, 308109356577479720960.0, 2032322350047976488960.0, 308109356473456394240.0, 2032322344935682211840.0, 308109355698409177088.0
"Line.RBT_UC3588572"    ,   2, 2036040737873140645888.0, -307383520520665825280.0
"Line.RBT_UC3597811"    ,   1, 3816270677042499420160.0, 282346706430546149376.0, 3816270676795641036800.0, 282346706412282347520.0, 3816270674763810078720.0, 282346706261957345280.0
"Line.RBT_UC3597811"    ,   2, -3721368520650884907008.0, -263797042857093169152.0
"Line.RBT_UC3628465"    ,   1, 907137361555681443840.0, 421224046249349611520.0, 907137360964996956160.0, 421224045975068606464.0, 907137356103208796160.0, 421224043717525110784.0
"Line.RBT_UC3628465"    ,   2, -906882175378975752192.0, -421174864639137677312.0
"Line.RBT_UC3629367"    ,   1, 439665050377482272768.0, 8986800911828217856.0, 439665050318261256192.0, 8986800910617733120.0, 439665049390464630784.0, 8986800891653471232.0
"Line.RBT_UC3629367"    ,   2, -438915865306631569408.0, -8969660929633553408.0
"Line.RBT_UC3723991"    ,   1, -67286441613098065920.0, 172010326416967335936.0, 67286441595267661824.0, 172010326371385901056.0, 67286441315924762624.0, 172010325657276743680.0
"Line.RBT_UC3723991"    ,   2, 69532964337936056320.0, -171875679186964021248.0
"Line.RBT_UC3799280"    ,   1, -8008047363.4, -81409060571053.4, 7939696873.0, 80714215877271.7, 7430437584.9, 75537133581349.2
"Line.RBT_UC3799280"    ,   2, 578323744.9, 8764796712.3
"Line.RBT_UC3800906"    ,   1, 522792309466380238848.0, 242721798883742220288.0, 522792308891038646272.0, 242721798616622858240.0, 522792304155534491648.0, 242721796418024931328.0
"Line.RBT_UC3800906"    ,   2, -522525390564522852352.0, -242671613377242595328.0
"Line.RBT_UC3812766"    ,   1, 645606403178128605184.0, 299708854350601977856.0, 645606402532901126144.0, 299708854051069034496.0, 645606397725502078976.0, 299708851819337678848.0
"Line.RBT_UC3812766"    ,   2, -645153992796357132288.0, -299622876008644542464.0
"Line.RBT_UC3814980"    ,   1, 734526772.3, -855040037682829.1, 733923571.7, 854337870365434.0, 729429302.2, 849106229366814.0
"Line.RBT_UC3814980"    ,   2, -226010522.5, -755499310.7
"Line.RBT_UC3818966"    ,   1, -2651957089324696600576.0, 157248677615596994560.0, 2651957088637789143040.0, 157248677574866567168.0, 2651957083519843303424.0, 157248677271396286464.0
"Line.RBT_UC3818966"    ,   2, 2656702167038266703872.0, -156321499537477042176.0
"Line.RBT_UC3834342"    ,   1, 278419296245888548864.0, 129278873426657607680.0, 278419295651132112896.0, 129278873150493409280.0, 278419290755829301248.0, 129278870877449682944.0
"Line.RBT_UC3834342"    ,   2, -278336308064125976576.0, -129265146074513997824.0
"Line.RBT_UC3839187"    ,   1, 197938011427728424960.0, 91912400160312066048.0, 197938010843883995136.0, 91912399889204232192.0, 197938006038395191296.0, 91912397657778323456.0
"Line.RBT_UC3839187"    ,   2, -197894482571865292800.0, -91906296289880424448.0
"Line.RBT_UC3849166"    ,   1, 89249714.6, -2347809590532951.5, 89184264.3, 2346087849796141.0, 89026588.5, 2341940019839279.5
"Line.RBT_UC3849166"    ,   2, -190978887.7, -260748759.9
"Line.RBT_UC3856707"    ,   1, 3959026439.0, -83283318495768.0, 3925330039.6, 82574470499780.1, 3674268134.8, 77293053740940.4
"Line.RBT_UC3856707"    ,   2, -1737657657.2, 1489644454.3
"Line.RBT_UC3862307"    ,   1, 1464186212393140617216.0, 679975685380957274112.0, 1464186211813201543168.0, 679975685111630528512.0, 1464186207039856574464.0, 679975682894864318464.0
"Line.RBT_UC3862307"    ,   2, -1464102052293812682752.0, -679959316037654020096.0
"Line.RBT_UC3863460"    ,   1, -7752361342.0, -84846099394057.5, 7686875712.0, 84129388700208.5, 7198961651.4, 78789389305193.0
"Line.RBT_UC3863460"    ,   2, 4610657776.5, 8603482841.8
"Line.RBT_UC3863530"    ,   1, 158474548.6, -2432929701141527.0, 158360651.0, 2431181124750511.0, 158086261.3, 2426968645263064.0
"Line.RBT_UC3863530"    ,   2, 118578914.6, -95843315.0
"Line.RBT_UC3880984"    ,   1, -72337780.9, -2314441209199807.5, 72284296.2, 2312729973270656.5, 72155446.9, 2308607450350428.5
"Line.RBT_UC3880984"    ,   2, 46624890.2, -153749490.6
"Line.RBT_UC3882582"    ,   1, -221128038.7, -2526175655798871.0, 221065114.9, 2525456812116425.0, 220596288.5, 2520100920454259.0
"Line.RBT_UC3882582"    ,   2, 240988581.1, 68390895.3
"Line.RBT_UC3900944"    ,   1, -325849961.2, -2462698663290483.5, 325756111.4, 2461989368188810.0, 325056864.3, 2456704620177747.5
"Line.RBT_UC3900944"    ,   2, -27141451.6, -88766985.4
"Line.RBT_UC3919386"    ,   1, -3848448051638998401024.0, 324603060587331911680.0, 3848448050955162746880.0, 324603060529652760576.0, 3848448045326667874304.0, 324603060054909059072.0
"Line.RBT_UC3919386"    ,   2, 3854742217785955319808.0, -323373978874764263424.0
"Line.RBT_UC3959057"    ,   1, 24100381.1, -2047496336478676.0, 24091830.6, 2046769913943495.2, 24028123.6, 2041357554491234.8
"Line.RBT_UC3959057"    ,   2, -98308826.5, -224721004.3
"Line.RBT_UC3959086"    ,   1, -1554710338945076953088.0, 203896754609615110144.0, 1554710338251095277568.0, 203896754518600974336.0, 1554710333080444076032.0, 203896753840481730560.0
"Line.RBT_UC3959086"    ,   2, 1556046544578373484544.0, -203636954405937971200.0
"Line.RBT_UC4032766"    ,   1, -987361166.5, -831761961001066.5, 986535645.4, 831066534585123.0, 980384932.0, 825885118049430.9
"Line.RBT_UC4032766"    ,   2, 793298900.7, 1112386744.0
"Line.RBT_UC4036215"    ,   1, -4744426465815032758272.0, 58050323504703987712.0, 4744426465078670262272.0, 58050323495694245888.0, 4744426459592252194816.0, 58050323428565286912.0
"Line.RBT_UC4036215"    ,   2, 4751078400996896931840.0, -56750907075091079168.0
"Line.RBT_UC4046815"    ,   1, -668725739428955815936.0, 1020396900467611009024.0, 668725739036387573760.0, 1020396899868598075392.0, 668725736111477882880.0, 1020396895405529497600.0
"Line.RBT_UC4046815"    ,   2, 669222030851772383232.0, -1020299743843029745664.0
"Line.RBT_UC4052185"    ,   1, 153409271.4, -2698879942083796.5, 153305301.9, 2697050840364431.5, 153054829.9, 2692644368040506.5
"Line.RBT_UC4052185"    ,   2, -255142732.7, -130523048.3
"Line.RBT_UC4084678"    ,   1, 921493494966417752064.0, 427726385533346512896.0, 921493494325632434176.0, 427726385235915505664.0, 921493489551331426304.0, 427726383019845025792.0
"Line.RBT_UC4084678"    ,   2, -920630695747377561600.0, -427559962244287692800.0
"Line.RBT_UC4086951"    ,   1, -3285534837652465385472.0, 90001569842070208512.0, 3285534836951778066432.0, 90001569822876090368.0, 3285534831731165102080.0, 90001569679866380288.0
"Line.RBT_UC4086951"    ,   2, 3286214850911973408768.0, -89868787303583399936.0
"Line.RBT_UC4102185"    ,   1, -116813052.1, -2435024853590628.5, 116727817.9, 2433248105482833.0, 116522481.0, 2428967757768599.5
"Line.RBT_UC4102185"    ,   2, 310216246.4, 31180213.3
"Line.RBT_UC4119401"    ,   1, 382995461169493508096.0, 177835784257613266944.0, 382995460577871855616.0, 177835783982906343424.0, 382995455708370436096.0, 177835781721857097728.0
"Line.RBT_UC4119401"    ,   2, -382871593675244109824.0, -177813497738003382272.0
"Line.RBT_UC4147877"    ,   1, 76149578.4, -1663521979979252.5, 76117744.4, 1662826553081188.2, 75880559.1, 1657645132953357.8
"Line.RBT_UC4147877"    ,   2, -18213348.2, -267281252.4
"Line.RBT_UC4162488"    ,   1, -3384726250207095816192.0, 227831968055218634752.0, 3384726249543744618496.0, 227831968010567286784.0, 3384726244083856048128.0, 227831967643052441600.0
"Line.RBT_UC4162488"    ,   2, 3387360973601073266688.0, -227316165576114143232.0
"Line.RBT_UC4169940"    ,   1, -5601590149952591872.0, 200040964413253615616.0, 5601590148614662144.0, 200040964365474201600.0, 5601590127653764096.0, 200040963616929906688.0
"Line.RBT_UC4169940"    ,   2, 7199086106958148608.0, -199964671686300106752.0
"Line.RBT_UC4239906"    ,   1, 1205271239352461295616.0, 559594073120546750464.0, 1205271238722373550080.0, 559594072828004007936.0, 1205271234027776376832.0, 559594070648354570240.0
"Line.RBT_UC4239906"    ,   2, -1204683668568048140288.0, -559480045829851185152.0
"Line.RBT_UC4271891"    ,   1, -4838380322079202344960.0, 305589195629737279488.0, 4838380321330156273664.0, 305589195582427955200.0, 4838380315749232148480.0, 305589195229940154368.0
"Line.RBT_UC4271891"    ,   2, 4843002490356429225984.0, -304686280315778498560.0
"Line.RBT_UC4277003"    ,   1, -9462765376085535227904.0, -47539663395091628032.0, 9462765375432805056512.0, 47539663391812395008.0, 9462765370060331548672.0, 47539663364821811200.0
"Line.RBT_UC4277003"    ,   2, 9468335669052004368384.0, 48628446359938482176.0
"Line.RBT_UC4293884"    ,   1, -17487812.3, -322980255114919.2, 17481447.3, 322862701139579.3, 17381729.3, 321021022192587.3
"Line.RBT_UC4293884"    ,   2, 925804.7, 17691730.1
"Line.RBT_UC4338863"    ,   1, 154524336.1, -2238220260529215.0, 154476031.8, 2237520593146643.2, 154116130.8, 2232307578422974.0
"Line.RBT_UC4338863"    ,   2, -72802674.1, -101923918.9
"Line.RBT_UC4351102"    ,   1, 1408969955796630110208.0, 653949706327694245888.0, 1408969955144601960448.0, 653949706025066299392.0, 1408969950286532313088.0, 653949703770275053568.0
"Line.RBT_UC4351102"    ,   2, -1407470202613580955648.0, -653658312141552222208.0
"Line.RBT_UC4362343"    ,   1, -3986983019240574418944.0, 266506582395046232064.0, 3986983018606130888704.0, 266506582352637394944.0, 3986983013384174174208.0, 266506582003580010496.0
"Line.RBT_UC4362343"    ,   2, 3997060898477124354048.0, -264535622050958376960.0
"Line.RBT_UC4399633"    ,   1, 347559540920263507968.0, 161402920021661450240.0, 347559540334276968448.0, 161402919749535596544.0, 347559535511156948992.0, 161402917509730435072.0
"Line.RBT_UC4399633"    ,   2, -347521477691831943168.0, -161396171741638262784.0
"Line.RBT_UC4420983"    ,   1, -3507017872307581878272.0, 255354274331459092480.0, 3507017871601096982528.0, 255354274280018247680.0, 3507017866337285832704.0, 255354273896747696128.0
"Line.RBT_UC4420983"    ,   2, 3514742926155120640000.0, -253845513594451492864.0
"Line.RBT_UC4441736"    ,   1, 168230195606691086336.0, 78125170600467546112.0, 168230194997734572032.0, 78125170317671514112.0, 168230189985553907712.0, 78125167990042591232.0
"Line.RBT_UC4441736"    ,   2, -168217909622567698432.0, -78123881181527998464.0
"Line.RBT_UC4526242"    ,   1, -297938294.5, -1660706147615755.2, 297813637.5, 1660011309807765.0, 296884854.4, 1654834278815838.0
"Line.RBT_UC4526242"    ,   2, 422296429.3, 194767252.2
"Line.RBT_UC4562227"    ,   1, 911878129097418211328.0, 423404820252860022784.0, 911878128488896528384.0, 423404819970310209536.0, 911878123480294883328.0, 423404817644707643392.0
"Line.RBT_UC4562227"    ,   2, -911546267436443107328.0, -423340965589938929664.0
"Line.RBT_UC4636099"    ,   1, 536738434.2, -556664100388421.9, 536038743.0, 555938434155017.4, 530825551.0, 550531709683594.6
"Line.RBT_UC4636099"    ,   2, -602490548.9, -65130092.3
"Line.RBT_UC4677027"    ,   1, -987361166.5, -831761961001066.5, 986605407.8, 831125303014639.4, 980384932.0, 825885118049430.9
"Line.RBT_UC4677027"    ,   2, 793298900.7, 1112386744.0
"Line.RBT_UC4731841"    ,   1, 82504904909482491904.0, 38269351270459056128.0, 82504904798534582272.0, 38269351218996609024.0, 82504903060350599168.0, 38269350412751527936.0
"Line.RBT_UC4731841"    ,   2, -82397418163772932096.0, -38267067526133006336.0
"Line.RBT_UC4809043"    ,   1, -4844771739027062652928.0, 351494355686654279680.0, 4844771738341804605440.0, 351494355636937949184.0, 4844771732701605527552.0, 351494355227734310912.0
"Line.RBT_UC4809043"    ,   2, 4851438037673055354880.0, -350192125527381704704.0
"Line.RBT_UC4878146"    ,   1, -3086060722573826588672.0, 213651914528290406400.0, 3086060721913872252928.0, 213651914482600902656.0, 3086060716481938718720.0, 213651914106541244416.0
"Line.RBT_UC4878146"    ,   2, 3086684042519783145472.0, -213529910330155433984.0
"Line.RBT_UC4937081"    ,   1, 564038259004013281280.0, 261911596986988593152.0, 564038258378435788800.0, 261911596696501223424.0, 564038253717443182592.0, 261911594532165746688.0
"Line.RBT_UC4937081"    ,   2, -563894918841231147008.0, -261884479109958729728.0
"Line.RBT_UC5027544"    ,   1, -2002394629610612195328.0, 471533892644335058944.0, 2002394628975888695296.0, 471533892494867169280.0, 2002394623751626162176.0, 471533891264631734272.0
"Line.RBT_UC5027544"    ,   2, 2006182006435892166656.0, -470795968877667549184.0
"Line.RBT_UC5042532"    ,   1, 178544689209517998080.0, 82906274932223393792.0, 178544688915615711232.0, 82906274795751440384.0, 178544686496573882368.0, 82906273672482242560.0
"Line.RBT_UC5042532"    ,   2, -178495017002720329728.0, -82896782700322750464.0
"Line.RBT_UC5064469"    ,   1, 1578202921060493164544.0, 732276730591147327488.0, 1578202920415197659136.0, 732276730291734052864.0, 1578202915607291101184.0, 732276728060894117888.0
"Line.RBT_UC5064469"    ,   2, -1575707449222715146240.0, -731791173821960028160.0
"Line.RBT_UC5217444"    ,   1, -2194701612128324550656.0, 138847800203742003200.0, 2194701611488051986432.0, 138847800163235151872.0, 2194701606218116104192.0, 138847799829832663040.0
"Line.RBT_UC5217444"    ,   2, 2197496991085863108608.0, -138302806258276794368.0
"Line.RBT_UC5240254"    ,   1, -1837767236976415866880.0, 248070925792047857664.0, 1837767236282440482816.0, 248070925698371616768.0, 1837767231111834632192.0, 248070925000417640448.0
"Line.RBT_UC5240254"    ,   2, 1839686920604883615744.0, -247696693448903229440.0
"Line.RBT_UC5246925"    ,   1, -616695.2, -608163849396726.2, 616325.6, 607799296440814.5, 613571.3, 605083120191838.2
"Line.RBT_UC5246925"    ,   2, -6139689.5, -67716201.2
"Line.RBT_UC5307420"    ,   1, 39640631523778838528.0, 18399448925856102400.0, 39640631453482762240.0, 18399448893227735040.0, 39640630626382102528.0, 18399448509323753472.0
"Line.RBT_UC5307420"    ,   2, -39610602680795742208.0, -18395984368586639360.0
"Line.RBT_UC5373674"    ,   1, -2437833351230366679040.0, -31004137862937731072.0, 2437833350596401823744.0, 31004137854875025408.0, 2437833345378385133568.0, 31004137788512772096.0
"Line.RBT_UC5373674"    ,   2, 2443478397658893647872.0, 32105373342034677760.0
"Line.RBT_UC5482480"    ,   1, -2562849874425080709120.0, 128532875663005155328.0, 2562849873733001674752.0, 128532875628295798784.0, 2562849868576526958592.0, 128532875369686597632.0
"Line.RBT_UC5482480"    ,   2, 2565072372524521619456.0, -128099216867827515392.0
"Line.RBT_UC5485115"    ,   1, 4574316644768835698688.0, 2118159187199654363136.0, 4574316644130782445568.0, 2118159186904200773632.0, 4574316639376839278592.0, 2118159184702864621568.0
"Line.RBT_UC5485115"    ,   2, -4551092474496797900800.0, -2113621602617141493760.0
"Line.RBT_UC5755874"    ,   1, 328585.1, -334026440464598.1, 328401.4, 333839673405789.1, 326505.2, 331912096402610.2
"Line.RBT_UC5755874"    ,   2, 44041711.4, -25559446.3
"Line.RBT_UC5842078"    ,   1, -12951276.6, -387062393643361.5, 12946965.4, 386933551782157.2, 12879424.8, 384915029289956.9
"Line.RBT_UC5842078"    ,   2, 16401486.8, 10863178.1
"Line.RBT_UC5879323"    ,   1, 6900735.3, -2462277052587416.5, 6898910.8, 2461626060811694.0, 6883894.1, 2456267897734592.5
"Line.RBT_UC5879323"    ,   2, 68695058.3, -205651402.8
"Line.RBT_UC5906411"    ,   1, -116813052.1, -2435024853590628.5, 116727817.9, 2433248105482833.0, 116522481.0, 2428967757768599.5
"Line.RBT_UC5906411"    ,   2, 310216246.4, 31180213.3
"Line.RBT_UC5931106"    ,   1, 1443289836401617534976.0, 670073255991516463104.0, 1443289835761532403712.0, 670073255694345437184.0, 1443289830992447537152.0, 670073253480211939328.0
"Line.RBT_UC5931106"    ,   2, -1442473377453512589312.0, -669914511487612092416.0
"Line.RBT_UC6009757"    ,   1, 1064260071520823934976.0, 493985753728305201152.0, 1064260070855596179456.0, 493985753419533844480.0, 1064260065899180982272.0, 493985751118969765888.0
"Line.RBT_UC6009757"    ,   2, -1063232530796455526400.0, -493787207860339081216.0
"Line.RBT_UC6018349"    ,   1, -368290326.7, -830352797616118.6, 367982141.7, 829657959107881.0, 365685946.2, 824480922898617.4
"Line.RBT_UC6018349"    ,   2, 421683001.9, -952270626.5
"Line.RBT_UC6110697"    ,   1, -3444867931239621328896.0, 248138395680096452608.0, 3444867930543368962048.0, 248138395629944471552.0, 3444867925355798724608.0, 248138395256276942848.0
"Line.RBT_UC6110697"    ,   2, 3456089560212229324800.0, -245946827833537822720.0
"Line.RBT_UC6166081"    ,   1, -17581633.8, -1733711106227722.2, 17574359.9, 1732993825698036.2, 17520163.7, 1727649580624741.8
"Line.RBT_UC6166081"    ,   2, 109124271.7, 62852933.7
"Line.RBT_UC6175572"    ,   1, 1498168096885415870464.0, 695161071847667138560.0, 1498168096258792095744.0, 695161071556909072384.0, 1498168091590003523584.0, 695161069390556692480.0
"Line.RBT_UC6175572"    ,   2, -1495873268905227845632.0, -694714527040849182720.0
"Line.RBT_UC6252928"    ,   1, 1154890965108083785728.0, 535968006697614245888.0, 1154890964459083137024.0, 535968006396422520832.0, 1154890959623571374080.0, 535968004152332255232.0
"Line.RBT_UC6252928"    ,   2, -1153460185058186100736.0, -535690799200888946688.0
"Line.RBT_UC6353060"    ,   1, 72712954.8, -2919657482460277.0, 72693885.5, 2918891790451798.0, 72551806.0, 2913186845768908.0
"Line.RBT_UC6353060"    ,   2, -151893553.9, -418563394.9
"Line.RBT_UC6446204"    ,   1, -6307777603.0, -81554930934690.8, 6253988333.9, 80859475196254.5, 5853220398.9, 75677840187342.0
"Line.RBT_UC6446204"    ,   2, 2205222481.7, 7950709807.9
"Line.RBT_UC6485048"    ,   1, 3165707305440621101056.0, 1470116748406807855104.0, 3165707304799410061312.0, 1470116748109037174784.0, 3165707300021938421760.0, 1470116745890436218880.0
"Line.RBT_UC6485048"    ,   2, -3165323554284986433536.0, -1470041815481044172800.0
"Line.RBT_UC6527915"    ,   1, 452182265072914530304.0, 209971772775262552064.0, 452182264404239384576.0, 209971772464761864192.0, 452182259422138531840.0, 209971770151312982016.0
"Line.RBT_UC6527915"    ,   2, -452072102157265010688.0, -209951647085695401984.0
"Line.RBT_UC6708718"    ,   1, -2378743786588209676288.0, 231111652888004886528.0, 2378743785867661803520.0, 231111652817998577664.0, 2378743780499072745472.0, 231111652296402501632.0
"Line.RBT_UC6708718"    ,   2, 2379878316292090888192.0, -230889730296153997312.0
"Line.RBT_UC6727296"    ,   1, 7458357901.1, -95229416001846.2, 7404824212.4, 94545889952440.0, 6964200774.6, 88919944776558.4
"Line.RBT_UC6727296"    ,   2, -4296126538.5, 2872392449.6
"Line.RBT_UC6828043"    ,   1, -675403424.3, -1698871591713553.8, 675145448.0, 1698222692488919.2, 673022103.8, 1692881752716927.0
"Line.RBT_UC6828043"    ,   2, 714998110.2, 250898004.2
"Line.RBT_UC7100024"    ,   1, -4414446479630169276416.0, -94789196097972715520.0, 4414446478910902763520.0, 94789196082528272384.0, 4414446473551861514240.0, 94789195967456264192.0
"Line.RBT_UC7100024"    ,   2, 4415040513548758286336.0, 94905233423006760960.0
"Line.RBT_UC7292520"    ,   1, 284654070920804794368.0, 130915288199966015488.0, 284654070816435666944.0, 130915288151965597696.0, 284654069181319512064.0, 130915287399959117824.0
"Line.RBT_UC7292520"    ,   2, -281752252477224910848.0, -130851581731524788224.0
"Line.RBT_UC7552928"    ,   1, -2930761044689318576128.0, 193969896199064616960.0, 2930761043942518554624.0, 193969896149638316032.0, 2930761038378334945280.0, 193969895781377605632.0
"Line.RBT_UC7552928"    ,   2, 2931002870140737421312.0, -193922717988850565120.0
"Line.RBT_UC7939402"    ,   1, 80742237.2, -1245529340606793.2, 80697193.9, 1244834502943143.0, 80361589.7, 1239657473026651.0
"Line.RBT_UC7939402"    ,   2, -424858676.2, -449517076.0
"Line.RBT_UC8051530"    ,   1, -271399602.5, -2439093191174315.5, 271319790.2, 2438375910735770.5, 270725132.4, 2433031666341541.0
"Line.RBT_UC8051530"    ,   2, 201666182.4, 216765327.0
"Line.RBT_UC8079425"    ,   1, 7458357901.1, -95229416001846.2, 7404824212.4, 94545889952440.0, 6964200774.6, 88919944776558.4
"Line.RBT_UC8079425"    ,   2, -4296126538.5, 2872392449.6
"Line.RBT_UC8182346"    ,   1, 21839348.5, -325910481119761.4, 21831435.2, 325792390279546.1, 21707460.2, 323942300449506.0
"Line.RBT_UC8182346"    ,   2, 1210751.7, -14921550.2
"Line.RBT_UC8263861"    ,   1, 476248417600289177600.0, 220705114284767313920.0, 476248417277744447488.0, 220705114135292248064.0, 476248413948839854080.0, 220705112592596795392.0
"Line.RBT_UC8263861"    ,   2, -475154024751447932928.0, -220671369995855626240.0
"Line.RBT_UC8363745"    ,   1, -3127760517159439564800.0, 153834104953563774976.0, 3127760515296460275712.0, 153834104861935992832.0, 3127760510808374116352.0, 153834104641196359680.0
"Line.RBT_UC8363745"    ,   2, 3131660751507790757888.0, -152588479988600340480.0
"Line.RBT_UC8444785"    ,   1, -240723584.9, -1660152289398371.2, 240622273.8, 1659453596424986.0, 239867434.7, 1654247841735962.0
"Line.RBT_UC8444785"    ,   2, 19165354.9, 111186960.4
"Line.RBT_UC8498249"    ,   1, 323207923689450831872.0, 150074862724679008256.0, 323207923048225636352.0, 150074862426939457536.0, 323207918270646452224.0, 150074860208570138624.0
"Line.RBT_UC8498249"    ,   2, -323105925159841890304.0, -150057083475949912064.0
"Line.RBT_UC8501283"    ,   1, -18782257.1, -216101735998056.5, 18767658.5, 215933769110147.8, 18616989.2, 214200224059467.7
"Line.RBT_UC8501283"    ,   2, 39809710.8, 10704299.2
"Line.RBT_UC8655686"    ,   1, -6971744343028497645568.0, -154983010009258950656.0, 6971744342377585704960.0, 154983009994789060608.0, 6971744337527831527424.0, 154983009886978244608.0
"Line.RBT_UC8655686"    ,   2, 6989823067124457799680.0, 158524061892964286464.0
"Line.RBT_UC8710609"    ,   1, 155651257728749043712.0, 72284171627944599552.0, 155651257103182921728.0, 72284171337432793088.0, 155651252442274889728.0, 72284169172915257344.0
"Line.RBT_UC8710609"    ,   2, -155641316168090386432.0, -72283050708328030208.0
"Line.RBT_UC8824007"    ,   1, 3317779292.7, -82710456859860.2, 3289461933.5, 82004520295305.1, 3078477665.8, 76744795750943.8
"Line.RBT_UC8824007"    ,   2, -1627979173.8, 2069578826.0
"Line.RBT_UC8824016"    ,   1, -5504733918.3, -80658194019876.0, 5457625618.2, 79967938965888.0, 5106635607.8, 74825052718568.9
"Line.RBT_UC8824016"    ,   2, 15036701089.8, 14861334023.0
"Line.RBT_UC8994334"    ,   1, -309762716.3, -2513975051242368.5, 309681796.3, 2513318320540916.5, 309015763.1, 2507912921690505.0
"Line.RBT_UC8994334"    ,   2, 211022728.8, -95108101.6
"Line.RBT_UC9111391"    ,   1, 221312435.1, -1670036943963376.5, 221218684.9, 1669329499343227.5, 220520180.0, 1664058538722680.5
"Line.RBT_UC9111391"    ,   2, -319916442.8, -468219261.8
"Line.RBT_UC9116377"    ,   1, -37303340.0, -608163912531352.9, 37280979.2, 607799359540788.6, 37114375.3, 605083183033627.1
"Line.RBT_UC9116377"    ,   2, 25507859.7, -13147286.2
"Line.RBT_UC9236837"    ,   1, -7737549231067456602112.0, 1106861048095863734272.0, 7737549230371769417728.0, 1106861047996345221120.0, 7737549225188407640064.0, 1106861047254862266368.0
"Line.RBT_UC9236837"    ,   2, 7762777570077446242304.0, -1101928826902810066944.0
"Line.RBT_UC9606048"    ,   1, -452524.2, -148730498648747.1, 452180.4, 148617478105204.7, 446793.0, 146846822923041.3
"Line.RBT_UC9606048"    ,   2, 8897582.3, 4151772.7
"Line.RBT_UC9748751"    ,   1, 13236731319734.2, -95601619034374.8, 13131898257705.7, 94844467573325.6, 12350818119493.6, 89203155983254.6
"Line.RBT_UC9748751"    ,   2, -13236682334947.4, -6142198669496.6
"Line.RBT_UC9999908"    ,   1, -3151839624151853694976.0, 345565837867580784640.0, 3151839623433888989184.0, 345565837788863594496.0, 3151839618084549165056.0, 345565837202365087744.0
"Line.RBT_UC9999908"    ,   2, 3160563103934404100096.0, -343863065100552241152.0
"Line.RBT_UI2991306"    ,   1, -5111326136399594258432.0, 181111320007947649024.0, 5111326135623890239488.0, 181111319980461883392.0, 5111326129844352188416.0, 181111319775673581568.0
"Line.RBT_UI2991306"    ,   2, 5130640005566328471552.0, -177338293620812972032.0
"Line.RBT_UI2997792"    ,   1, -1313633156401402216448.0, 91094302058149707776.0, 1313633155747192242176.0, 91094302012783312896.0, 1313633150362541359104.0, 91094301639383007232.0
"Line.RBT_UI2997792"    ,   2, 1314512371726848622592.0, -90923813127558070272.0
"Line.RBT_UI3005580"    ,   1, 612170873459162087424.0, 284192981420159762432.0, 612170872868486119424.0, 284192981145945538560.0, 612170868006768869376.0, 284192978888951627776.0
"Line.RBT_UI3005580"    ,   2, -611764121634443231232.0, -284115928304704094208.0
"Line.RBT_UI3059438"    ,   1, 2419619303760160358400.0, 1122305412930336849920.0, 2419619303050570104832.0, 1122305412601203785728.0, 2419619297763623698432.0, 1122305410148930027520.0
"Line.RBT_UI3059438"    ,   2, -2414365505401314607104.0, -1121281344516526309376.0
"Line.RBT_UI3135787"    ,   1, -417886948.7, -2976733915786190.5, 417777347.3, 2975953192237603.5, 416960739.7, 2970136251995313.5
"Line.RBT_UI3135787"    ,   2, 454581376.1, 440249489.6
"Line.RBT_UI3140110"    ,   1, -313167171.4, -2698880140593807.0, 313088786.7, 2698204619987996.5, 312443620.5, 2692644565770944.5
"Line.RBT_UI3140110"    ,   2, 304183912.0, -13024889.2
"Line.RBT_UI3146812"    ,   1, -417886948.7, -2976733915786190.5, 417777347.3, 2975953192237603.5, 416960739.7, 2970136251995313.5
"Line.RBT_UI3146812"    ,   2, 454581376.1, 440249489.6
"Line.RBT_UI3316203"    ,   1, -4625591827387509637120.0, 121594555221992947712.0, 4625591826611493142528.0, 121594555201593524224.0, 4625591820829620436992.0, 121594555049603416064.0
"Line.RBT_UI3316203"    ,   2, 4641400424103270154240.0, -118506848830924062720.0
"Line.RBT_UI3326369"    ,   1, -3181515893879060037632.0, 222295112274911100928.0, 3181515893105121296384.0, 222295112220835381248.0, 3181515887338732912640.0, 222295111817933094912.0
"Line.RBT_UI3326369"    ,   2, 3189025800479975145472.0, -220829825285923143680.0
"Line.RBT_UM3003416"    ,   1, 873286351.1, -1871836135145428.0, 872929125.2, 1871070443081687.5, 870267540.4, 1865365497987056.5
"Line.RBT_UM3003416"    ,   2, -668095003.4, 157127279.4
"Line.RBT_U10040064"    ,   1, -2864668140720611131392.0, 57398454998904029184.0, 2864668140364599132160.0, 57398454991770722304.0, 2864668134787075538944.0, 57398454880015638528.0
"Line.RBT_U10040064"    ,   2, 2880006029632980123648.0, -57049834916772069376.0
"Line.RBT_U10075965"    ,   1, -7236923125206839459840.0, -25804430829703462912.0, 7236923124528457973760.0, 25804430827284582400.0, 7236923119474040635392.0, 25804430809262231552.0
"Line.RBT_U10075965"    ,   2, 7238633063527749779456.0, 26138957247578058752.0
"Line.RBT_U10131431"    ,   1, 5748786236844.6, -8755218795243.2, 5683683761041.7, 8656069792952.3, 4663744973462.3, 7102735423728.3
"Line.RBT_U10131431"    ,   2, -5748255519514.2, -2669744287549.7
"Line.RBT_U10298055"    ,   1, 6120596975.3, -60311723425555.3, 6060087974.9, 59715474054444.3, 5609253309.9, 55272996345743.7
"Line.RBT_U10298055"    ,   2, -4124507920.6, 7343289842.2
"Line.RBT_U10428776"    ,   1, 1387344047307154.5, 631319939298423.6, 1387341670847332.2, 631318857874912.5, 1387335945739578.5, 631316252627363.0
"Line.RBT_U10428776"    ,   2, -1387309855755430.2, -644294190668193.8
"Line.RBT_U40497335"    ,   1, -652377669.5, -172497922568948.9, 649693609.6, 171788219016994.5, 629695473.5, 166500427763700.2
"Line.RBT_U40497335"    ,   2, -2167859646.7, 8200577409.2
"Line.RBT_U41415295"    ,   1, 8381260879643003904.0, 3892406841351754240.0, 8381260585449341952.0, 3892406704722977280.0, 8381258164009201664.0, 3892405580163044864.0
"Line.RBT_U41415295"    ,   2, -8381250169424778240.0, -3892426162830593536.0
"Line.RBT_U41422060"    ,   1, -2886746246967292592128.0, 49772890138901061632.0, 2886746246336102793216.0, 49772890128018178048.0, 2886746241140926185472.0, 49772890038443638784.0
"Line.RBT_U41422060"    ,   2, 2894263960847981215744.0, -48303845972593934336.0
"Line.RBT_U42479842"    ,   1, -161524445.7, -2351336531240624.0, 161476688.4, 2350641321846570.0, 161120863.5, 2345461522276786.0
"Line.RBT_U42479842"    ,   2, 87126959.4, 53416962.2
"Line.RBT_U42772522"    ,   1, -426028647.9, -2390079302277345.5, 425902305.7, 2389370504759651.0, 424960966.8, 2384089464099644.5
"Line.RBT_U42772522"    ,   2, 464094468.3, 178407972.0
"Line.RBT_U43229909"    ,   1, -3551178355064684675072.0, 154592225480069677056.0, 3551178354340422221824.0, 154592225448540602368.0, 3551178348944156000256.0, 154592225213626810368.0
"Line.RBT_U43229909"    ,   2, 3559491102445085392896.0, -152965044183210950656.0
"Line.RBT_U44409208"    ,   1, 6120596975.3, -60311723425555.3, 6060087974.9, 59715474054444.3, 5609253309.9, 55272996345743.7
"Line.RBT_U44409208"    ,   2, -4124507920.6, 7343289842.2
"Line.RBT_U44790149"    ,   1, 6120596975.3, -60311723425555.3, 6060087974.9, 59715474054444.3, 5609253309.9, 55272996345743.7
"Line.RBT_U44790149"    ,   2, -4124507920.6, 7343289842.2
"Line.RBT_U47645730"    ,   1, 9642280.0, -2424025241987716.0, 9639500.6, 2423326504153126.5, 9618791.8, 2418120415216535.5
"Line.RBT_U47645730"    ,   2, -17286291.5, -78639097.7
"Line.RBT_U49307398"    ,   1, -271399602.5, -2439093191174315.5, 271319790.2, 2438375910735770.5, 270725132.4, 2433031666341541.0
"Line.RBT_U49307398"    ,   2, 201666182.4, 216765327.0
"Line.RBT_U50169243"    ,   1, -426028647.9, -2390079302277345.5, 425902305.7, 2389370504759651.0, 424960966.8, 2384089464099644.5
"Line.RBT_U50169243"    ,   2, 464094468.3, 178407972.0
"Line.RBT_U50341918"    ,   1, -48138940.8, -1294475100046691.8, 48130189.2, 1294239768104899.2, 47993082.0, 1290552901016816.8
"Line.RBT_U50341918"    ,   2, 65272780.6, 32048642.9
"Line.RBT_U50976277"    ,   1, 169510950959695265792.0, 78718718777144573952.0, 169510950257271832576.0, 78718718450948112384.0, 169510945023722422272.0, 78718716020554661888.0
"Line.RBT_U50976277"    ,   2, -169496006037446098944.0, -78717455627140268032.0
"Line.RBT_U50978508"    ,   1, 1211518450648272863232.0, 562232225527312089088.0, 1211518449996229509120.0, 562232225224716779520.0, 1211518445138047401984.0, 562232222970168737792.0
"Line.RBT_U50978508"    ,   2, -1209958509971699662848.0, -561929791424036143104.0
"Line.RBT_U51047642"    ,   1, 56517709877625831424.0, 26240323886537814016.0, 56517709656529051648.0, 26240323783885901824.0, 56517708009202352128.0, 26240323019056852992.0
"Line.RBT_U51047642"    ,   2, -56495352600661925888.0, -26237611819342532608.0
"Line.RBT_U51397607"    ,   1, 6550814758748240.0, 2981759005186980.0, 6550813800048027.0, 2981758568811796.0, 6550806657056299.0, 2981755317509371.5
"Line.RBT_U51397607"    ,   2, -6549831514669961.0, -3041876065238283.5
"Line.RBT_U52040502"    ,   1, -713348234.2, -1480621856242146.8, 713006354.0, 1479912251534298.8, 710459105.9, 1474625196739205.0
"Line.RBT_U52040502"    ,   2, 717876151.4, 145810624.5
"Line.RBT_U52112265"    ,   1, 147241179805767761920.0, 68373211623714365440.0, 147241179150185136128.0, 68373211319286693888.0, 147241174265632866304.0, 68373209051086135296.0
"Line.RBT_U52112265"    ,   2, -147218466705006231552.0, -68371304972977545216.0
"Line.RBT_U52207356"    ,   1, 950079630671134.4, 380916411654632.3, 950078671982791.5, 380916027286720.8, 950071529079504.6, 380913163475098.0
"Line.RBT_U52207356"    ,   2, -950056820394286.8, -441218312445188.9
"Line.RBT_U52235928"    ,   1, -2636716745712406626304.0, 56515253293492166656.0, 2636716745074456657920.0, 56515253279818375168.0, 2636716740321279475712.0, 56515253177939017728.0
"Line.RBT_U52235928"    ,   2, 2643667050421793849344.0, -55157529208367104000.0
"Line.RBT_U52535087"    ,   1, 197551292623924232192.0, 91549462600207908864.0, 197551292444185198592.0, 91549462516913029120.0, 197551291105002848256.0, 91549461896307507200.0
"Line.RBT_U52535087"    ,   2, -196823539355979874304.0, -91408928084616527872.0
"Line.RBT_U52609564"    ,   1, -4806629292765006004224.0, -10147006633488754688.0, 4806629292027745927168.0, 10147006631932364800.0, 4806629286534636896256.0, 10147006620336171008.0
"Line.RBT_U52609564"    ,   2, 4824494663775345967104.0, 13636852260593651712.0
"Line.RBT_U52632844"    ,   1, -44802143.9, -614636538809732.6, 44775440.5, 614270196835566.9, 44576481.1, 611540691140726.2
"Line.RBT_U52632844"    ,   2, 57544560.3, 8361132.1
"Line.RBT_U52766703"    ,   1, 22203487588152176640.0, 10309464507701819392.0, 22203487388499546112.0, 10309464414999638016.0, 22203485900946833408.0, 10309463724303106048.0
"Line.RBT_U52766703"    ,   2, -22196036816787927040.0, -10308299199195410432.0
"Line.RBT_U52956151"    ,   1, 45134782236406652928.0, 20954067029107531776.0, 45134782021200232448.0, 20954066929196785664.0, 45134780417760837632.0, 20954066184791367680.0
"Line.RBT_U52956151"    ,   2, -45108283729970053120.0, -20949221201100075008.0
"Line.RBT_U53577351"    ,   1, -4705534453181444521984.0, 265060316218607861760.0, 4705534452587377983488.0, 265060316185144393728.0, 4705534448161162526720.0, 265060315935817990144.0
"Line.RBT_U53577351"    ,   2, 4735085166842522632192.0, -259285410945001029632.0
"Line.RBT_U54703198"    ,   1, 223084313252581277696.0, 103441759812618813440.0, 223084313030055165952.0, 103441759709435871232.0, 223084311372078776320.0, 103441758940650340352.0
"Line.RBT_U54703198"    ,   2, -222478853419230691328.0, -103323787335262502912.0
"Line.RBT_U54703232"    ,   1, 53873436303707275264.0, 25006792457569628160.0, 53873436091217854464.0, 25006792358936993792.0, 53873434508022022144.0, 25006791624054419456.0
"Line.RBT_U54703232"    ,   2, -53834712024598233088.0, -25001955241662304256.0
"Line.RBT_U55806469"    ,   1, 35317247923172696064.0, 16396927069540079616.0, 35317247718773260288.0, 16396926974642462720.0, 35317246195853508608.0, 16396926267588386816.0
"Line.RBT_U55806469"    ,   2, -35299262386620850176.0, -16393708535089631232.0
"Line.RBT_U56602941"    ,   1, 91987223588404641792.0, 42688180359125172224.0, 91987223382340124672.0, 42688180263497555968.0, 91987221847014408192.0, 42688179551004459008.0
"Line.RBT_U56602941"    ,   2, -91867174791207616512.0, -42665018632961507328.0
"Line.RBT_U57040807"    ,   1, -30513332839282460590080.0, 1296310187569375346688.0, 30513332838593688764416.0, 1296310187540114046976.0, 30513332832924579397632.0, 1296310187299270819840.0
"Line.RBT_U57040807"    ,   2, 31213785906408480309248.0, -1159156933041240539136.0
"Line.RBT_U57346990"    ,   1, 3040465084876886016.0, 1411884746335897088.0, 3040464948741203456.0, 1411884683119287808.0, 3040463934434499584.0, 1411884212111029760.0
"Line.RBT_U57346990"    ,   2, -3040239706102697984.0, -1411950285908852992.0
"Line.RBT_U57586643"    ,   1, -10644362379819514593280.0, -211203762075105460224.0, 10644362379104249446400.0, 211203762060913278976.0, 10644362373775017115648.0, 211203761955171467264.0
"Line.RBT_U57586643"    ,   2, 10745561956110626193408.0, 230985445024988725248.0
"Line.RBT_U59486894"    ,   1, -266846331.1, -2470622556854955.0, 266769921.6, 2469915112179544.0, 266200617.0, 2464644151147257.0
"Line.RBT_U59486894"    ,   2, 474246374.1, 8275728.5
"Line.RBT_U59488518"    ,   1, 11021461039800.5, -2429905725871306.0, 11013402151353.9, 2428128979656826.0, 10993987556459.9, 2423848636503761.0
"Line.RBT_U59488518"    ,   2, -11021442965205.6, -5119030902361.2
"Line.RBT_U60081597"    ,   1, -41003026.6, -1730885120905285.2, 40988899.5, 1730288765551539.8, 40883642.7, 1725845498197576.8
"Line.RBT_U60081597"    ,   2, 241681153.8, 111254326.4
"Line.RBT_U60474431"    ,   1, 145112360456955641856.0, 67384790995074473984.0, 145112359791109685248.0, 67384790685880336384.0, 145112354830088421376.0, 67384788382166310912.0
"Line.RBT_U60474431"    ,   2, -145090899522065104896.0, -67383218709132550144.0
"Line.RBT_U61765951"    ,   1, -6882745706348433899520.0, -85928768922470809600.0, 6882745705637373542400.0, 85928768913593450496.0, 6882745700339474759680.0, 85928768847450980352.0
"Line.RBT_U61765951"    ,   2, 6921921556448109658112.0, 93584350215774453760.0
"Line.RBT_U61811601"    ,   1, -44802143.9, -614636538809732.6, 44775440.5, 614270196835566.9, 44576481.1, 611540691140726.2
"Line.RBT_U61811601"    ,   2, 57544560.3, 8361132.1
"Line.RBT_VC2706716"    ,   1, -399405511.6, -2496268619782858.0, 399122902.4, 2494502323522391.0, 398442071.2, 2490247155258539.5
"Line.RBT_VC2706716"    ,   2, 259737320.9, -460404364.7
"Line.RBT_VC2989105"    ,   1, -223112570.4, -1512634923995942.8, 222833769.2, 1510744737130079.5, 222162111.8, 1506191105135045.2
"Line.RBT_VC2989105"    ,   2, 298008548.3, -638254448.1
"Line.RBT_VC3509553"    ,   1, -2282138113088927825920.0, 329008298664882798592.0, 2282138112455013302272.0, 329008298573493436416.0, 2282138107237408178176.0, 329008297821288595456.0
"Line.RBT_VC3509553"    ,   2, 2286940153340953886720.0, -328071801874706071552.0
"Line.RBT_VC3917322"    ,   1, -1730956489482480386048.0, 76279838489820446720.0, 1730956488790244851712.0, 76279838459314995200.0, 1730956483632602808320.0, 76279838232027873280.0
"Line.RBT_VC3917322"    ,   2, 1733807514607433547776.0, -75724802771205472256.0
"Line.RBT_VC4386607"    ,   1, -7909558203288125440000.0, 843440196085882683392.0, 7909558202511883501568.0, 843440196003107700736.0, 7909558196728337793024.0, 843440195386376060928.0
"Line.RBT_VC4386607"    ,   2, 7955678281784219402240.0, -834426123462236962816.0
"Line.RBT_VC4911106"    ,   1, 776423578.2, -1046862128388095.0, 775941973.0, 1046212773645173.6, 771977991.0, 1040868084607282.1
"Line.RBT_VC4911106"    ,   2, -413929146.1, 304056127.9
"Line.RBT_CL2997676"    ,   1, 6687043.0, -2261171004216201.0, 6685026.6, 2260489167451801.0, 6670002.8, 2255409003390286.0
"Line.RBT_CL2997676"    ,   2, -65189948.1, -290930281.6
"Line.RBT_CL3183134"    ,   1, 153347809225917956096.0, 8640404696363279360.0, 153347809178010222592.0, 8640404693663911936.0, 153347808614329876480.0, 8640404661903260672.0
"Line.RBT_CL3183134"    ,   2, -150962712185018580992.0, -8363460632013529088.0
"Line.RBT_CL3264527"    ,   1, -296772329.3, -2314852890780759.5, 296683888.7, 2314163046295097.5, 296024944.7, 2309023219070942.0
"Line.RBT_CL3264527"    ,   2, 101901991.0, -114661171.4
"Line.RBT_CL3278396"    ,   1, 300910789645695254528.0, 139415210677508374528.0, 300910789429206515712.0, 139415210577206820864.0, 300910786037549760512.0, 139415209005815709696.0
"Line.RBT_CL3278396"    ,   2, -300157113962452287488.0, -139399180378838204416.0
"Line.RBT_CL3358703"    ,   1, -149942551.0, -2146531953793493.0, 149896416.7, 2145871509177679.0, 149552683.7, 2140950731688023.5
"Line.RBT_CL3358703"    ,   2, 111219630.0, -204022934.9
"Line.RBT_CL3401502"    ,   1, -153936630.8, -1907197562306238.5, 153887828.8, 1906592929934575.5, 153486150.7, 1901616340413964.0
"Line.RBT_CL3401502"    ,   2, 328446592.3, -30081757.2
"Line.RBT_CL3556937"    ,   1, -148198900.7, -667220318747003.9, 148116674.6, 666850120820495.2, 147504032.2, 664091885565240.4
"Line.RBT_CL3556937"    ,   2, 150433198.6, 8226920.3
"Line.RBT_CL5833916"    ,   1, -169340716.6, -2246779254252998.2, 169285482.1, 2246046413071132.2, 168873945.7, 2240586230180890.8
"Line.RBT_CL5833916"    ,   2, 171806078.6, -264401745.7
"Line.RBT_CL5927483"    ,   1, -239976893447233699840.0, 67137393203426418688.0, 239976893347657809920.0, 67137393175568457728.0, 239976891787635359744.0, 67137392739127107584.0
"Line.RBT_CL5927483"    ,   2, 240273497784376590336.0, -67104711783490174976.0
"Line.RBT_CL9342520"    ,   1, 299905700631483318272.0, 139195909673560260608.0, 299905700215943659520.0, 139195909480694890496.0, 299905697119880544256.0, 139195908043712118784.0
"Line.RBT_CL9342520"    ,   2, -299591900237226835968.0, -139136683340254527488.0
"Line.RBT_UC0266248"    ,   1, 60997121664590454784.0, 28328235795124994048.0, 60997120626312708096.0, 28328235312928854016.0, 60997118125007233024.0, 28328234151274508288.0
"Line.RBT_UC0266248"    ,   2, -60996787252300496896.0, -28328171311982952448.0
"Line.RBT_UC0469915"    ,   1, 5039019123344.1, -8226263607106.8, 4979310325853.4, 8128788226323.7, 4043872498499.6, 6601673927387.5
"Line.RBT_UC0469915"    ,   2, -5039004911763.7, -2340431674720.6
"Line.RBT_UC0469921"    ,   1, -102798922.9, -2125924057896403.2, 102719937.7, 2124290611706402.8, 102529655.2, 2120355491339584.0
"Line.RBT_UC0469921"    ,   2, 126753682.7, -85253393.6
"Line.RBT_UC0469925"    ,   1, 463421565360933306368.0, 215219885175029596160.0, 463421564771369091072.0, 215219884901227200512.0, 463421560378700726272.0, 215219882861206503424.0
"Line.RBT_UC0469925"    ,   2, -463411838054406094848.0, -215218055301790531584.0
"Line.RBT_UC0469928"    ,   1, 3548544753.1, -80566735221595.9, 3518162246.0, 79876925855597.4, 3291791171.8, 74737360297665.1
"Line.RBT_UC0469928"    ,   2, -4246313342.5, 14318547163.9
"Line.RBT_UC0469939"    ,   1, -137924623.5, -2471992496221136.0, 137826587.0, 2470235408991661.0, 137590408.1, 2466002426120653.0
"Line.RBT_UC0469939"    ,   2, 472331000.9, 76622156.1
"Line.RBT_UC0469953"    ,   1, 271568849254909542400.0, 126119688642933391360.0, 271568848876429737984.0, 126119688467163037696.0, 271568845761250066432.0, 126119687020437848064.0
"Line.RBT_UC0469953"    ,   2, -271559791681421017088.0, -126117991552956334080.0
"Line.RBT_UC0469962"    ,   1, 56003502615489003520.0, 26008448589473681408.0, 56003502466188984320.0, 26008448520137625600.0, 56003501237334941696.0, 26008447949448552448.0
"Line.RBT_UC0469962"    ,   2, -56001027202211528704.0, -26008037001141350400.0
"Line.RBT_UC0469973"    ,   1, 51230999211991433216.0, 23792104649571614720.0, 51230999049352134656.0, 23792104574040563712.0, 51230997837574864896.0, 23792104011281059840.0
"Line.RBT_UC0469973"    ,   2, -51228916439627448320.0, -23791769915324805120.0
"Line.RBT_UC0469984"    ,   1, 1306897946729424355328.0, 606930374990536114176.0, 1306897946128480993280.0, 606930374711454728192.0, 1306897941651029229568.0, 606930372632102305792.0
"Line.RBT_UC0469984"    ,   2, -1306823489653936488448.0, -606915894159739453440.0
"Line.RBT_UC0469999"    ,   1, 197930295341874872320.0, 91922403850493575168.0, 197930294733681917952.0, 91922403568037789696.0, 197930290202216136704.0, 91922401463543234560.0
"Line.RBT_UC0469999"    ,   2, -197928627977231368192.0, -91922154121211215872.0
"Line.RBT_UC0470010"    ,   1, -34993933.9, -268903773479520.1, 34979967.2, 268796449054194.1, 34761155.3, 267115033057419.4
"Line.RBT_UC0470010"    ,   2, 27315823.0, 14952807.2
"Line.RBT_UC0879311"    ,   1, 643264711272048099328.0, 298733488827334459392.0, 643264710828848971776.0, 298733488621511835648.0, 643264707526703316992.0, 298733487087988441088.0
"Line.RBT_UC0879311"    ,   2, -643220492262157189120.0, -298724918657267204096.0
"Line.RBT_UC0943012"    ,   1, -24659307.2, -6026289817710.8, 23887066.7, 5837568175753.1, 18133331.3, 4431459040602.9
"Line.RBT_UC0943012"    ,   2, 343523950.4, 266729906.6
"Line.RBT_UC0956089"    ,   1, 301857859530457612288.0, 140186146848388349952.0, 301857859103699173376.0, 140186146650197000192.0, 301857855924048363520.0, 140186145173531787264.0
"Line.RBT_UC0956089"    ,   2, -301847357627050164224.0, -140184164543987204096.0
"Line.RBT_UC1009990"    ,   1, 2321146837458419187712.0, 1077928967214852866048.0, 2321146836839852146688.0, 1077928966927593504768.0, 2321146832231092977664.0, 1077928964787308855296.0
"Line.RBT_UC1009990"    ,   2, -2320925154511641116672.0, -1077885710339375628288.0
"Line.RBT_UC1071253"    ,   1, 6078329924200603648.0, 2822839055847440896.0, 6078329863832807424.0, 2822839027812014592.0, 6078329414050214912.0, 2822838818928343040.0
"Line.RBT_UC1071253"    ,   2, -6078117117858959360.0, -2822803474609267200.0
"Line.RBT_UC1115313"    ,   1, 8878935958307056640.0, 4123440307378692608.0, 8878935901351643136.0, 4123440280928198144.0, 8878935432564773888.0, 4123440063220278784.0
"Line.RBT_UC1115313"    ,   2, -8878508406118498304.0, -4123363191060118016.0
"Line.RBT_UC1283698"    ,   1, 353862917995075207168.0, 164339702998077964288.0, 353862917398847881216.0, 164339702721180270592.0, 353862912956534620160.0, 164339700658097651712.0
"Line.RBT_UC1283698"    ,   2, -353857371730470633472.0, -164338692158769790976.0
"Line.RBT_UC1349508"    ,   1, 5754135257370311680.0, 2672282620929932800.0, 5754135196833041408.0, 2672282592815770112.0, 5754134745787750400.0, 2672282383345460736.0
"Line.RBT_UC1349508"    ,   2, -5753945612196578304.0, -2672251517149615104.0
"Line.RBT_UC1723509"    ,   1, 10531792537953470464.0, 4890519905028712448.0, 10531792506103269376.0, 4890519890238823424.0, 10531792007116789760.0, 4890519658530564096.0
"Line.RBT_UC1723509"    ,   2, -10530306335750465536.0, -4890492359816459264.0
"Line.RBT_UC1755804"    ,   1, 467178371849539878912.0, 216959947479454449664.0, 467178371438424096768.0, 216959947288530255872.0, 467178368375322312704.0, 216959945866010624000.0
"Line.RBT_UC1755804"    ,   2, -467151265901679280128.0, -216954723081137487872.0
"Line.RBT_UC2333386"    ,   1, -187143195.0, -2187808151764169.2, 187085803.7, 2187137215499776.8, 186658198.1, 2182138267839726.0
"Line.RBT_UC2333386"    ,   2, 248979608.7, -79585272.5
"Line.RBT_UC2359131"    ,   1, 175802635997389783040.0, 81458196966573375488.0, 175802635863034232832.0, 81458196904319696896.0, 175802634861990739968.0, 81458196440485937152.0
"Line.RBT_UC2359131"    ,   2, -175105417949803413504.0, -81322582713835716608.0
"Line.RBT_UC2410688"    ,   1, 6459598188310781952.0, 2996895327989094400.0, 6459598146924732416.0, 2996895308788262912.0, 6459597659978234880.0, 2996895082872092160.0
"Line.RBT_UC2410688"    ,   2, -6451150445239957504.0, -2996047884776082944.0
"Line.RBT_UC2436027"    ,   1, 1194435081691973287936.0, 554703630240153337856.0, 1194435081090268921856.0, 554703629960717860864.0, 1194435076607148032000.0, 554703627878726500352.0
"Line.RBT_UC2436027"    ,   2, -1194373041073173561344.0, -554691576877680689152.0
"Line.RBT_UC2558620"    ,   1, 1472016900398974238720.0, 682905974641161142272.0, 1472016899848017018880.0, 682905974385558028288.0, 1472016895313214177280.0, 682905972281747963904.0
"Line.RBT_UC2558620"    ,   2, -1469313570145028276224.0, -682379652860749283328.0
"Line.RBT_UC2625178"    ,   1, -88660064.9, -55093649541683.7, 88504618.0, 54997054312683.1, 86069282.6, 53483729058339.7
"Line.RBT_UC2625178"    ,   2, 63909656.5, 23294909.5
"Line.RBT_UC2776972"    ,   1, 484389436469601959936.0, 224877111426696118272.0, 484389435877352603648.0, 224877111151745171456.0, 484389431464677736448.0, 224877109103167143936.0
"Line.RBT_UC2776972"    ,   2, -484087188436976730112.0, -224820116217431097344.0
"Line.RBT_UC2942321"    ,   1, -41472868.7, -2353399794738634.0, 41442486.0, 2351675713349899.0, 41369291.4, 2347522244549764.5
"Line.RBT_UC2942321"    ,   2, 128714979.5, -160713446.7
"Line.RBT_UC3195617"    ,   1, 17760033.4, -330830801781888.9, 17750631.2, 330655658183599.9, 17653592.8, 328848044065409.6
"Line.RBT_UC3195617"    ,   2, -19030200.8, -31018193.3
"Line.RBT_UC3330405"    ,   1, 1090400462.3, -11196455738309.6, 1078982126.8, 11079209925692.1, 900094870.3, 9242358861351.9
"Line.RBT_UC3330405"    ,   2, -1063864579.0, 58536763.4
"Line.RBT_UC3393938"    ,   1, 169587177473405059072.0, 78744352074670391296.0, 169587177367390519296.0, 78744352025444696064.0, 169587175706495844352.0, 78744351254242082816.0
"Line.RBT_UC3393938"    ,   2, -169552395619422765056.0, -78743644168758984704.0
"Line.RBT_UC3552276"    ,   1, -16049872.5, -12736970183676.5, 15986064.1, 12686332703857.3, 14986399.9, 11893012186690.2
"Line.RBT_UC3552276"    ,   2, -2333354.8, -18213832.9
"Line.RBT_UC3615908"    ,   1, 2549809311899798528.0, 1182725964569975296.0, 2549809282440342528.0, 1182725950905242368.0, 2549808820908867072.0, 1182725736824425728.0
"Line.RBT_UC3615908"    ,   2, -2546897059615071232.0, -1182831744410511360.0
"Line.RBT_UC3620999"    ,   1, 85748706508558024704.0, 39817295437003620352.0, 85748706321710120960.0, 39817295350241050624.0, 85748704783808135168.0, 39817294636118351872.0
"Line.RBT_UC3620999"    ,   2, -85726104554153902080.0, -39812978426452893696.0
"Line.RBT_UC3629519"    ,   1, 473575767804817637376.0, 219528647900008546304.0, 473575767496183316480.0, 219528647756939395072.0, 473575764310843981824.0, 219528646280357871616.0
"Line.RBT_UC3629519"    ,   2, -472630257230610038784.0, -219499280101590040576.0
"Line.RBT_UC3655513"    ,   1, 68423764555449647104.0, 31771650356970938368.0, 68423764049606066176.0, 31771650122089308160.0, 68423762830982889472.0, 31771649556238102528.0
"Line.RBT_UC3655513"    ,   2, -68393094162144215040.0, -31763169416396640256.0
"Line.RBT_UC3670452"    ,   1, 16438562952404404224.0, 7630011324981074944.0, 16438562852227082240.0, 7630011278483451904.0, 16438561673544990720.0, 7630010731394407424.0
"Line.RBT_UC3670452"    ,   2, -16426599430197362688.0, -7628853064082833408.0
"Line.RBT_UC3789810"    ,   1, 12959437.3, -146021254810426.8, 12950331.6, 145918655331306.8, 12807675.0, 144311263491758.5
"Line.RBT_UC3789810"    ,   2, -14818016.3, 14299278.1
"Line.RBT_UC3801169"    ,   1, 25031864053790978048.0, 11623922304654714880.0, 25031863876734242816.0, 11623922222435758080.0, 25031862557536874496.0, 11623921609846632448.0
"Line.RBT_UC3801169"    ,   2, -25027049090533552128.0, -11623079932411428864.0
"Line.RBT_UC3826444"    ,   1, 44560629704312504320.0, 20668386315418017792.0, 44560629612300419072.0, 20668386272740405248.0, 44560628529690124288.0, 20668385770597416960.0
"Line.RBT_UC3826444"    ,   2, -44486561353163194368.0, -20660480453594222592.0
"Line.RBT_UC3867781"    ,   1, 65750770621662502912.0, 30516018315282337792.0, 65750770507205992448.0, 30516018262161182720.0, 65750769325928423424.0, 30516017713910755328.0
"Line.RBT_UC3867781"    ,   2, -65704646842335723520.0, -30514599002837028864.0
"Line.RBT_UC3944717"    ,   1, -123008152.0, -2381842205238501.5, 122972073.9, 2381143615080289.0, 122703266.9, 2375938626436706.0
"Line.RBT_UC3944717"    ,   2, 55832183.6, 230436665.7
"Line.RBT_UC4002135"    ,   1, 33380831290278109184.0, 15501407050335180800.0, 33380830712705245184.0, 15501406782121607168.0, 33380825958836277248.0, 15501404574517569536.0
"Line.RBT_UC4002135"    ,   2, -33380201027377283072.0, -15502456692656504832.0
"Line.RBT_UC4134277"    ,   1, 131992704299209834496.0, 61297191702879698944.0, 131992703656612724736.0, 61297191404458672128.0, 131992698868811743232.0, 61297189181011886080.0
"Line.RBT_UC4134277"    ,   2, -131985264827818475520.0, -61296690526133026816.0
"Line.RBT_UC4271074"    ,   1, 4537518.7, -299670847802553.6, 4535804.2, 299557619117341.1, 4508944.2, 297783703049011.9
"Line.RBT_UC4271074"    ,   2, 21548275.1, 7815316.0
"Line.RBT_UC4397672"    ,   1, 1099681224312719409152.0, 510071985937080975360.0, 1099681223852829966336.0, 510071985723767586816.0, 1099681220426330275840.0, 510071984134432882688.0
"Line.RBT_UC4397672"    ,   2, -1097295530611132334080.0, -509606770455823908864.0
"Line.RBT_UC4428312"    ,   1, 709063432446223974400.0, 329298474988293783552.0, 709063431805392519168.0, 329298474690683142144.0, 709063427030746791936.0, 329298472473274286080.0
"Line.RBT_UC4428312"    ,   2, -709044157307881521152.0, -329294791639335174144.0
"Line.RBT_UC4487130"    ,   1, 94212958276051304448.0, 43643182427571249152.0, 94212958184979611648.0, 43643182385383227392.0, 94212956758189752320.0, 43643181724437520384.0
"Line.RBT_UC4487130"    ,   2, -93961307573414199296.0, -43637577335309434880.0
"Line.RBT_UC4556071"    ,   1, -2303559063951291711488.0, 2075816202085812142080.0, 2303559063439848767488.0, 2075816201624933367808.0, 2303559059629237600256.0, 2075816198191060877312.0
"Line.RBT_UC4556071"    ,   2, 2308458681941479653376.0, -2074859619482674921472.0
"Line.RBT_UC4690501"    ,   1, -2778253229585917280256.0, 83898343185708269568.0, 2778253228877347815424.0, 83898343164310732800.0, 2778253223598006206464.0, 83898343004883910656.0
"Line.RBT_UC4690501"    ,   2, 2783264606287455846400.0, -82920312080404332544.0
"Line.RBT_UC470097"     ,   1, -67771809.8, -957142569996573.6, 67740415.6, 956699189672342.0, 67506507.0, 953395694017151.6
"Line.RBT_UC470097"     ,   2, 105899658.1, -55034320.3
"Line.RBT_UC4765071"    ,   1, -47225821.2, -1653821507412945.2, 47207282.3, 1653172285272028.5, 47054692.8, 1647828687650635.8
"Line.RBT_UC4765071"    ,   2, -260445734.0, 199449546.7
"Line.RBT_UC4949698"    ,   1, 182832968338803294208.0, 84894887241651503104.0, 182832968182695165952.0, 84894887169165770752.0, 182832965737001582592.0, 84894886033556127744.0
"Line.RBT_UC4949698"    ,   2, -182795678908123938816.0, -84894099728778149888.0
"Line.RBT_UC5123390"    ,   1, 51127883380555038720.0, 23725251325721243648.0, 51127883299392413696.0, 23725251288058748928.0, 51127882027844698112.0, 23725250698013020160.0
"Line.RBT_UC5123390"    ,   2, -51083653579095474176.0, -23724306855367991296.0
"Line.RBT_UC5191509"    ,   1, 68214184798511603712.0, 31676293444841533440.0, 68214184217217769472.0, 31676293174908907520.0, 68214179432722366464.0, 31676290953155751936.0
"Line.RBT_UC5191509"    ,   2, -68208969115634401280.0, -31677657929918083072.0
"Line.RBT_UC5353517"    ,   1, 65313820176735862784.0, 30331868912287903744.0, 65313820045881327616.0, 30331868851518795776.0, 65313818968847851520.0, 30331868351342292992.0
"Line.RBT_UC5353517"    ,   2, -65309437193045442560.0, -30331056188566679552.0
"Line.RBT_UC5353532"    ,   1, 41872564793871900672.0, 19445172578939478016.0, 41872564687174582272.0, 19445172529390383104.0, 41872563585977745408.0, 19445172018006310912.0
"Line.RBT_UC5353532"    ,   2, -41869533013815214080.0, -19445078889226670080.0
"Line.RBT_UC5354172"    ,   1, -405066577.2, -1127579808937397.2, 404486489.1, 1125965023468618.0, 403089004.2, 1122074858475649.6
"Line.RBT_UC5354172"    ,   2, -1840696.9, -57723657.4
"Line.RBT_UC5396488"    ,   1, 19428377.7, -504569821856550.8, 19397407.5, 503765502666548.4, 19322797.6, 501827824617906.6
"Line.RBT_UC5396488"    ,   2, -1299786.7, 38510913.2
"Line.RBT_UC5440556"    ,   1, -174992305.0, -2673879402262210.0, 174872659.8, 2672051226196149.5, 174584423.7, 2667646983855186.0
"Line.RBT_UC5440556"    ,   2, -219702079.3, 116142750.9
"Line.RBT_UC5518906"    ,   1, -2955660386553101287424.0, 406982698444545982464.0, 2955660385887153815552.0, 406982698352847618048.0, 2955660380925372923904.0, 406982697669630164992.0
"Line.RBT_UC5518906"    ,   2, 2963059168977684529152.0, -405538554677709766656.0
"Line.RBT_UC5581914"    ,   1, -21459636.3, -947099111710867.4, 21452174.8, 946769804647492.1, 21375166.2, 943371107219827.8
"Line.RBT_UC5581914"    ,   2, -35883260.4, -70026168.1
"Line.RBT_UC5699333"    ,   1, 59223608790762577920.0, 27445972862951731200.0, 59223608687264260096.0, 27445972814987550720.0, 59223607065790709760.0, 27445972063548723200.0
"Line.RBT_UC5699333"    ,   2, -59095876054493437952.0, -27445348776773414912.0
"Line.RBT_UC5886865"    ,   1, 1123585763163849359360.0, 521802452873705947136.0, 1123585762597504811008.0, 521802452610690908160.0, 1123585757936052994048.0, 521802450445874364416.0
"Line.RBT_UC5886865"    ,   2, -1123533828008852717568.0, -521792379186467373056.0
"Line.RBT_UC5892832"    ,   1, -2816147975.5, -78877484423286.2, 2791784774.0, 78195095550284.7, 2610261766.0, 73110817890879.5
"Line.RBT_UC5892832"    ,   2, 7484569799.0, 11293996932.8
"Line.RBT_UC6068497"    ,   1, 7129533871476276224.0, 3305931487077629952.0, 7129533841156902912.0, 3305931473018678272.0, 7129533366153384960.0, 3305931252761769984.0
"Line.RBT_UC6068497"    ,   2, -7118034588191652864.0, -3305762688010642432.0
"Line.RBT_UC6127180"    ,   1, 84021363692511936512.0, 39020993189156118528.0, 84021363371384700928.0, 39020993040019005440.0, 84021360728260509696.0, 39020991812505829376.0
"Line.RBT_UC6127180"    ,   2, -84020460405929754624.0, -39020841962586365952.0
"Line.RBT_UC6187112"    ,   1, 42054597136343744512.0, 19503545372243730432.0, 42054597073530691584.0, 19503545343113093120.0, 42054596089459564544.0, 19503544886733119488.0
"Line.RBT_UC6187112"    ,   2, -41992449445145067520.0, -19502163227749482496.0
"Line.RBT_UC6223453"    ,   1, -27801334.6, -286838425089037.1, 27784381.3, 286663510049021.9, 27644842.2, 285223824719666.3
"Line.RBT_UC6223453"    ,   2, 28366321.5, 124765500008909.7
"Line.RBT_UC6229977"    ,   1, 607995872491683053568.0, 282361706707070943232.0, 607995871873061748736.0, 282361706419774652416.0, 607995867263897960448.0, 282361704279215112192.0
"Line.RBT_UC6229977"    ,   2, -607980665184984367104.0, -282358812769992540160.0
"Line.RBT_UC6467713"    ,   1, 20995719534017089536.0, 9750540317958668288.0, 20995719439711883264.0, 9750540274162753536.0, 20995717962263621632.0, 9750539588026763264.0
"Line.RBT_UC6467713"    ,   2, -20995045800526626816.0, -9750534108969564160.0
"Line.RBT_UC6495798"    ,   1, 206400601191239155712.0, 2530601260190879744.0, 206400601077084651520.0, 2530601258791273984.0, 206400600226553298944.0, 2530601248363224064.0
"Line.RBT_UC6495798"    ,   2, -206331979201506803712.0, -2517203961900438528.0
"Line.RBT_UC6515535"    ,   1, 36018969.8, -516202603542815.6, 35998072.7, 515903119489357.1, 35826074.0, 513438135357044.9
"Line.RBT_UC6515535"    ,   2, -67479921.9, -52691000.2
"Line.RBT_UC6515541"    ,   1, 463425798356859486208.0, 215214099485910007808.0, 463425798061373587456.0, 215214099348686897152.0, 463425795859795673088.0, 215214098326278111232.0
"Line.RBT_UC6515541"    ,   2, -463387048252843884544.0, -215206542399729958912.0
"Line.RBT_UC6517990"    ,   1, -43062162.3, -6498453329560.5, 41759135.6, 6301815314904.8, 32050669.2, 4836723628244.9
"Line.RBT_UC6517990"    ,   2, -434497017.9, 450272774.2
"Line.RBT_UC6543779"    ,   1, -5237504649875610927104.0, 190243874010118815744.0, 5237504649172023771136.0, 190243873984562167808.0, 5237504643929803325440.0, 190243873794146959360.0
"Line.RBT_UC6543779"    ,   2, 5238388098136504532992.0, -190071243617478475776.0
"Line.RBT_UC6592852"    ,   1, 70339706082216116224.0, 32608457775689846784.0, 70339705935667314688.0, 32608457707751968768.0, 70339704423173095424.0, 32608457006581796864.0
"Line.RBT_UC6592852"    ,   2, -70209550211964272640.0, -32606769270908940288.0
"Line.RBT_UC6774682"    ,   1, 8292274.8, -305380172310828.1, 8289171.0, 305265870865062.4, 8240545.8, 303475148214733.4
"Line.RBT_UC6774682"    ,   2, -9561295.1, -1891412.4
"Line.RBT_UC7972842"    ,   1, 30826614640478552064.0, 14307602672446457856.0, 30826614559318896640.0, 14307602634777704448.0, 30826613287817580544.0, 14307602044633901056.0
"Line.RBT_UC7972842"    ,   2, -30806612848715227136.0, -14307229126872940544.0
"Line.RBT_UC8148115"    ,   1, 357870582087575011328.0, 166198251258965590016.0, 357870581729536311296.0, 166198251092689289216.0, 357870579061895921664.0, 166198249853813555200.0
"Line.RBT_UC8148115"    ,   2, -357854844122695991296.0, -166195201123765714944.0
"Line.RBT_UC8196455"    ,   1, 53307939424584368128.0, 24757201543635607552.0, 53307939030829694976.0, 24757201360768593920.0, 53307936097080098816.0, 24757199998280548352.0
"Line.RBT_UC8196455"    ,   2, -53307650708207935488.0, -24757177040443109376.0
"Line.RBT_UC8361998"    ,   1, 64613726876040699904.0, 30005877465297657856.0, 64613726242208243712.0, 30005877170953097216.0, 64613721025279557632.0, 30005874748270944256.0
"Line.RBT_UC8361998"    ,   2, -64611627761578409984.0, -30006978100447043584.0
"Line.RBT_UC8464781"    ,   1, -1401724393.9, -44341720842251.8, 1386268653.4, 43852798670811.8, 1271112501.7, 40209984182194.8
"Line.RBT_UC8464781"    ,   2, 1059516452.0, 4155889964.5
"Line.RBT_UC8516217"    ,   1, 163471441106941083648.0, 75915847485199171584.0, 163471439597394001920.0, 75915846784168181760.0, 163471435960757846016.0, 75915845095320797184.0
"Line.RBT_UC8516217"    ,   2, -163455760479008096256.0, -75912240491292491776.0
"Line.RBT_UC8787907"    ,   1, -324383398.8, -1265602429193366.2, 324258569.0, 1265115397982427.5, 323328499.4, 1261486672481209.2
"Line.RBT_UC8787907"    ,   2, 330991505.8, -172571792.6
"Line.RBT_UC8921757"    ,   1, -505423605.3, -1040143522833806.6, 504642106.4, 1038535226279977.1, 502759404.4, 1034660693673024.2
"Line.RBT_UC8921757"    ,   2, 64631002.4, 712400855.0
"Line.RBT_UC9139955"    ,   1, -200226913.2, -2311929073064965.5, 200078812.5, 2310219021560727.5, 199722024.4, 2306099352027789.5
"Line.RBT_UC9139955"    ,   2, 210598850.6, -96997082.7
"Line.RBT_UC9921315"    ,   1, -11563230.7, -172944755982256.9, 11550613.0, 172756039443632.6, 11456601.9, 171349968331911.1
"Line.RBT_UC9921315"    ,   2, 10707923.3, 21434866.6
"Line.RBT_UI0469941"    ,   1, -147549383.9, -10948256589224.8, 145248991.6, 10777566043450.4, 121507207.2, 9015910788005.2
"Line.RBT_UI0469941"    ,   2, 266598369.8, -348867740.2
"Line.RBT_UI2995403"    ,   1, 5703070992810974208.0, 2641965841221728256.0, 5703070963420726272.0, 2641965827606602240.0, 5703070502973503488.0, 2641965614302956032.0
"Line.RBT_UI2995403"    ,   2, -5688382058253775872.0, -2641802442282942976.0
"Line.RBT_UI3373540"    ,   1, -333174738.8, -2083393159920167.0, 333081517.3, 2082810231964165.8, 332314233.3, 2078012286480153.5
"Line.RBT_UI3373540"    ,   2, 369645556.4, -24296231.5
"Line.RBT_UM6025068"    ,   1, 78779476189860864.0, -499868224638587571798016.0, 78779474487246304.0, 499868213835229101555712.0, 78779456914979040.0, 499868102336416734773248.0
"Line.RBT_UM6025068"    ,   2, 10872223560121502.0, 37765339906792568.0
"Line.RBT_UM6027369"    ,   1, -235463963.5, -2244519509663569.5, 235295243.3, 2242911213552278.8, 234888781.0, 2239036682011441.5
"Line.RBT_UM6027369"    ,   2, 232888814.2, 26202657.0
"Line.RBT_U10050355"    ,   1, 4772712542872551424.0, 2215501655427188224.0, 4772712480403871744.0, 2215501626429115648.0, 4772712014968211456.0, 2215501410373053952.0
"Line.RBT_U10050355"    ,   2, -4769465568939209728.0, -2215038593295075072.0
"Line.RBT_U10261563"    ,   1, 150158418801740480512.0, 69731754593124802560.0, 150158418224235511808.0, 69731754324938481664.0, 150158413470925553664.0, 69731752117558779904.0
"Line.RBT_U10261563"    ,   2, -150144770460730589184.0, -69730341043008364544.0
"Line.RBT_U10428775"    ,   1, 5756190770751045894144.0, 2672633151956866564096.0, 5756190770290339348480.0, 2672633151742958108672.0, 5756190766857752412160.0, 2672633150149187600384.0
"Line.RBT_U10428775"    ,   2, -5753732879412855046144.0, -2672152714512567369728.0
"Line.RBT_U10428783"    ,   1, 90822718301980016640.0, 42179533147903467520.0, 90822718006496149504.0, 42179533010676006912.0, 90822715804933292032.0, 42179531988234747904.0
"Line.RBT_U10428783"    ,   2, -90821229945236602880.0, -42179260180425744384.0
"Line.RBT_U10428788"    ,   1, 520403541882139443200.0, 241673023560837201920.0, 520403541586653282304.0, 241673023423614779392.0, 520403539385073008640.0, 241673022401210974208.0
"Line.RBT_U10428788"    ,   2, -520354677543277494272.0, -241663489293256458240.0
"Line.RBT_U10428794"    ,   1, 1043646208850986795008.0, 484638044737782743040.0, 1043646208555497816064.0, 484638044600566480896.0, 1043646206353896243200.0, 484638043578208616448.0
"Line.RBT_U10428794"    ,   2, -1043449687506754732032.0, -484599645723061125120.0
"Line.RBT_U10428800"    ,   1, 2679439244396039503872.0, 1244117603658831757312.0, 2679439244060055830528.0, 1244117603502827765760.0, 2679439241556739489792.0, 1244117602340487561216.0
"Line.RBT_U10428800"    ,   2, -2678437324408658853888.0, -1243921766458542522368.0
"Line.RBT_U10428807"    ,   1, 4342614077121.4, -31339779580290.5, 4281772850251.4, 30900700581872.3, 3828462864135.8, 27629252833094.7
"Line.RBT_U10428807"    ,   2, -4341937840246.1, -2013512615915.9
"Line.RBT_U10428816"    ,   1, 811783785865986834432.0, 376991929682513952768.0, 811783785463638130688.0, 376991929495663411200.0, 811783782465856602112.0, 376991928103495401472.0
"Line.RBT_U10428816"    ,   2, -811719681516951044096.0, -376979431587139092480.0
"Line.RBT_U10449953"    ,   1, 28672114311954419712.0, 13310405715041828864.0, 28672114108167467008.0, 13310405620438167552.0, 28672112589811175424.0, 13310404915574267904.0
"Line.RBT_U10449953"    ,   2, -28660188859259142144.0, -13310385286754115584.0
"Line.RBT_U10449961"    ,   1, 3108650800795205238784.0, 1440531083537748852736.0, 3108650800188276342784.0, 1440531083256501370880.0, 3108650795666227331072.0, 1440531081161009528832.0
"Line.RBT_U10449961"    ,   2, -3096794845236651622400.0, -1438215663700978696192.0
"Line.RBT_U10449966"    ,   1, 2018158468373952856064.0, 935927131693599031296.0, 2018158467767330406400.0, 935927131412275920896.0, 2018158463247565717504.0, 935927129316221386752.0
"Line.RBT_U10449966"    ,   2, -2013156471486257037312.0, -934951559747625549824.0
"Line.RBT_U10449968"    ,   1, -197434187.5, -2310888832277386.5, 197375413.2, 2310200902822891.0, 196937503.5, 2305075343929536.0
"Line.RBT_U10449968"    ,   2, 313236275.3, 70116304.9
"Line.RBT_U10449980"    ,   1, 263225733669251317760.0, 121975051204848992256.0, 263225733465393201152.0, 121975051110384058368.0, 263225731946506747904.0, 121975050406553731072.0
"Line.RBT_U10449980"    ,   2, -262221326250314956800.0, -121781014768820912128.0
"Line.RBT_U10449986"    ,   1, -197434187.5, -2310888832277386.5, 197375413.2, 2310200902822891.0, 196937503.5, 2305075343929536.0
"Line.RBT_U10449986"    ,   2, 313236275.3, 70116304.9
"Line.RBT_U10449991"    ,   1, -197434187.5, -2310888832277386.5, 197375413.2, 2310200902822891.0, 196937503.5, 2305075343929536.0
"Line.RBT_U10449991"    ,   2, 313236275.3, 70116304.9
"Line.RBT_U10452691"    ,   1, 139237199788411158528.0, 64655945562193436672.0, 139237199189778694144.0, 64655945284213497856.0, 139237194729545187328.0, 64655943213067173888.0
"Line.RBT_U10452691"    ,   2, -139212755389369794560.0, -64653286831661096960.0
"Line.RBT_U10453103"    ,   1, -84598757.0, -2295221675835082.5, 84573397.0, 2294533641832294.5, 84384447.2, 2289407303980533.0
"Line.RBT_U10453103"    ,   2, 80830704.4, -3061462.0
"Line.RBT_U10453107"    ,   1, -84598757.0, -2295221675835082.5, 84573397.0, 2294533641832294.5, 84384447.2, 2289407303980533.0
"Line.RBT_U10453107"    ,   2, 80830704.4, -3061462.0
"Line.RBT_U10453123"    ,   1, -84598757.0, -2295221675835082.5, 84573397.0, 2294533641832294.5, 84384447.2, 2289407303980533.0
"Line.RBT_U10453123"    ,   2, 80830704.4, -3061462.0
"Line.RBT_U10453202"    ,   1, -84598757.0, -2295221675835082.5, 84573397.0, 2294533641832294.5, 84384447.2, 2289407303980533.0
"Line.RBT_U10453202"    ,   2, 80830704.4, -3061462.0
"Line.RBT_U10453301"    ,   1, -84598757.0, -2295221675835082.5, 84573397.0, 2294533641832294.5, 84384447.2, 2289407303980533.0
"Line.RBT_U10453301"    ,   2, 80830704.4, -3061462.0
"Line.RBT_U10453305"    ,   1, -84598757.0, -2295221675835082.5, 84573397.0, 2294533641832294.5, 84384447.2, 2289407303980533.0
"Line.RBT_U10453305"    ,   2, 80830704.4, -3061462.0
"Line.RBT_U10453366"    ,   1, -84598757.0, -2295221675835082.5, 84573397.0, 2294533641832294.5, 84384447.2, 2289407303980533.0
"Line.RBT_U10453366"    ,   2, 80830704.4, -3061462.0
"Line.RBT_U10453411"    ,   1, -84598757.0, -2295221675835082.5, 84573397.0, 2294533641832294.5, 84384447.2, 2289407303980533.0
"Line.RBT_U10453411"    ,   2, 80830704.4, -3061462.0
"Line.RBT_U10453501"    ,   1, -84598757.0, -2295221675835082.5, 84573397.0, 2294533641832294.5, 84384447.2, 2289407303980533.0
"Line.RBT_U10453501"    ,   2, 80830704.4, -3061462.0
"Line.RBT_U10453535"    ,   1, -84598757.0, -2295221675835082.5, 84573397.0, 2294533641832294.5, 84384447.2, 2289407303980533.0
"Line.RBT_U10453535"    ,   2, 80830704.4, -3061462.0
"Line.RBT_U10453704"    ,   1, -84598757.0, -2295221675835082.5, 84573397.0, 2294533641832294.5, 84384447.2, 2289407303980533.0
"Line.RBT_U10453704"    ,   2, 80830704.4, -3061462.0
"Line.RBT_U39687965"    ,   1, 19593251799591677952.0, 9099363074195150848.0, 19593251655951523840.0, 9099363007486779392.0, 19593250585731223552.0, 9099362510462438400.0
"Line.RBT_U39687965"    ,   2, -19592861238563885056.0, -9099330820325891072.0
"Line.RBT_U40485684"    ,   1, 41311221.5, -1635396667751382.0, 41296126.2, 1634799085279612.8, 41171880.0, 1629880521858126.2
"Line.RBT_U40485684"    ,   2, -46162642.8, 39422333.3
"Line.RBT_U40844177"    ,   1, -532785574.9, -1385923679522102.2, 532543239.8, 1385293298486676.8, 530548635.7, 1380104777656636.2
"Line.RBT_U40844177"    ,   2, 541651947.7, 355663582.6
"Line.RBT_U44570662"    ,   1, 231796313932092932096.0, 107612665842551521280.0, 231796313513714450432.0, 107612665648317087744.0, 231796310396500180992.0, 107612664201133867008.0
"Line.RBT_U44570662"    ,   2, -231657586674538381312.0, -107586581101789806592.0
"Line.RBT_U49964771"    ,   1, -402043377.6, -2775462185700529.0, 401935097.8, 2774714687798117.0, 401128336.8, 2769145302018174.5
"Line.RBT_U49964771"    ,   2, 317189413.1, -72637287.4
"Line.RBT_U50886001"    ,   1, 33451672870540582912.0, 15532792651360923648.0, 33451672562702782464.0, 15532792508420964352.0, 33451670269094383616.0, 15532791443417614336.0
"Line.RBT_U50886001"    ,   2, -33444559104537141248.0, -15532346021319776256.0
"Line.RBT_U50906565"    ,   1, -123008152.0, -2381842205238501.5, 122972073.9, 2381143615080289.0, 122703266.9, 2375938626436706.0
"Line.RBT_U50906565"    ,   2, 55832183.6, 230436665.7
"Line.RBT_U50946550"    ,   1, -15347860.3, -124765549956559.7, 15324357.2, 124574488964167.1, 15149242.5, 123150950020847.5
"Line.RBT_U50946550"    ,   2, -1615505.7, 10093174.0
"Line.RBT_U51007964"    ,   1, 9515694543120.1, -1117448292018031.6, 9510175943869.3, 1116800231145630.0, 9469058493113.4, 1111971721265342.6
"Line.RBT_U51007964"    ,   2, -9515403862984.1, -4419558702004.5
"Line.RBT_U51788987"    ,   1, 92725651084532727808.0, 43058644921674293248.0, 92725650493710467072.0, 43058644647316488192.0, 92725646091668570112.0, 43058642603157651456.0
"Line.RBT_U51788987"    ,   2, -92714521533718036480.0, -43058544006266503168.0
"Line.RBT_U51929160"    ,   1, 36779667994554793984.0, 17071624280056676352.0, 36779667880142651392.0, 17071624226951217152.0, 36779667027691597824.0, 17071623831278149632.0
"Line.RBT_U51929160"    ,   2, -36744310114260402176.0, -17064818634316261376.0
"Line.RBT_U52513810"    ,   1, 35167881126040272896.0, 16310215562671575040.0, 35167881030562578432.0, 16310215518390779904.0, 35167880319186526208.0, 16310215188467666944.0
"Line.RBT_U52513810"    ,   2, -35086148068415819776.0, -16294733838070900736.0
"Line.RBT_U59083455"    ,   1, 91700205876665204736.0, 42582473801840803840.0, 91700205285499092992.0, 42582473527323262976.0, 91700200880895262720.0, 42582471481974226944.0
"Line.RBT_U59083455"    ,   2, -91689333771271962624.0, -42582425577004728320.0
"Line.RBT_U59092043"    ,   1, 31231419359197745152.0, 14501866054174261248.0, 31231418728256335872.0, 14501865761205577728.0, 31231414027298533376.0, 14501863578382581760.0
"Line.RBT_U59092043"    ,   2, -31230312253887692800.0, -14504003820166639616.0
"Line.RBT_U61265987"    ,   1, 2427252307667402240.0, 1127065320991154432.0, 2427252134709406208.0, 1127065240680195840.0, 2427250846050532864.0, 1127064642306997504.0
"Line.RBT_U61265987"    ,   2, -2427163298850463232.0, -1127224904912144384.0
"Line.RBT_U61642429"    ,   1, -240281419.5, -1033775412526168.6, 240174432.7, 1033315117375981.5, 239377305.3, 1029885594355573.9
"Line.RBT_U61642429"    ,   2, 219649647.6, -14358691.4
"Line.RBT_U61642950"    ,   1, -240281419.5, -1033775412526168.6, 240174432.7, 1033315117375981.5, 239377305.3, 1029885594355573.9
"Line.RBT_U61642950"    ,   2, 219649647.6, -14358691.4
"Line.RBT_U61643133"    ,   1, -150188213.7, -1255092838004678.8, 150127437.6, 1254584944408261.0, 149674613.0, 1250800779443400.5
"Line.RBT_U61643133"    ,   2, -66050777.3, -33024569.9
"Line.RBT_U62824753"    ,   1, -102695463.3, -965417928868956.8, 102648042.3, 964972134210203.2, 102294722.4, 961650650062588.9
"Line.RBT_U62824753"    ,   2, 140269647.1, 65542810.7
"Line.RBT_VC0469949"    ,   1, -603489955.0, -2259908099743156.0, 603308968.1, 2259230352518212.0, 601960488.6, 2254180658405599.5
"Line.RBT_VC0469949"    ,   2, 527767652.8, 218971627.3
"Line.RBT_VC0774105"    ,   1, 135700007256861032448.0, 62926778203743469568.0, 135700007136446316544.0, 62926778147904790528.0, 135700006145340686336.0, 62926777688309497856.0
"Line.RBT_VC0774105"    ,   2, -135346812662043213824.0, -62857862976927965184.0
"Line.RBT_VC1076515"    ,   1, 19236425070865891328.0, 8933389942916208640.0, 19236425008026796032.0, 8933389913733751808.0, 19236424539831271424.0, 8933389696303892480.0
"Line.RBT_VC1076515"    ,   2, -19234945918565982208.0, -8933107269415854080.0
"Line.RBT_VC2338782"    ,   1, 91131012626212782080.0, 42272821027647610880.0, 91131012521906159616.0, 42272820979263037440.0, 91131011294638850048.0, 42272820409972187136.0
"Line.RBT_VC2338782"    ,   2, -90986848160136560640.0, -42256177036943310848.0
"Line.RBT_VC2737820"    ,   1, 11334583.4, -85418574802357.9, 11321796.8, 85322214141868.0, 11121474.4, 83812563794193.6
"Line.RBT_VC2737820"    ,   2, -9541884.7, -18080455.4
"Line.RBT_VC4545669"    ,   1, 144124934455191420928.0, 66810600620472090624.0, 144124934301882286080.0, 66810600549404057600.0, 144124932719616245760.0, 66810599815928307712.0
"Line.RBT_VC4545669"    ,   2, -143841354540968640512.0, -66802904156876996608.0
"Line.RBT_VC5353528"    ,   1, -1382358356469651865600.0, 117134816559548399616.0, 1382358356067590078464.0, 117134816525479493632.0, 1382358352758312009728.0, 117134816245066186752.0
"Line.RBT_VC5353528"    ,   2, 1382456800865873821696.0, -117113136754093899776.0
"Line.RBT_CL3122770"    ,   1, -230228717.8, -2432929693810636.5, 230161966.5, 2432224302176945.5, 229664621.7, 2426968637751274.0
"Line.RBT_CL3122770"    ,   2, 80755905.4, 137265883.7
"Line.RBT_CL3139211"    ,   1, -391446674.4, -2053771903225343.5, 391312842.0, 2053069735694306.0, 390315696.7, 2047838093103899.2
"Line.RBT_CL3139211"    ,   2, 306994364.8, -159723098.2
"Line.RBT_CL3758122"    ,   1, 9642280.0, -2424025241987716.0, 9639500.6, 2423326504153126.5, 9618791.8, 2418120415216535.5
"Line.RBT_CL3758122"    ,   2, -17286291.5, -78639097.7
"Line.RBT_CL4491246"    ,   1, 89885165.1, -104141838502997.0, 89783411.5, 104023945748124.4, 88189271.4, 102176959255121.8
"Line.RBT_CL4491246"    ,   2, -130921610.7, -45719753.8
"Line.RBT_CL4615894"    ,   1, 1441343975.9, -261269288601554.1, 1437455303.5, 260564397401258.8, 1408481955.2, 255312461556804.9
"Line.RBT_CL4615894"    ,   2, 300717497.7, -794271830.6
"Line.RBT_CL5858694"    ,   1, 517651451.2, -1247641669292916.8, 517362915.9, 1246946242623194.5, 515213125.0, 1241764824196671.8
"Line.RBT_CL5858694"    ,   2, -378144334.0, -168602979.8
"Line.RBT_CL5875217"    ,   1, -378779040.5, -2769169477745131.0, 378675829.3, 2768414923431253.5, 377906833.0, 2762792962416589.5
"Line.RBT_CL5875217"    ,   2, 362998277.0, 101950336.1
"Line.RBT_CL6106865"    ,   1, 100273968.1, -1821901154291729.0, 100234708.5, 1821187836119286.2, 99911571.1, 1815316678853795.8
"Line.RBT_CL6106865"    ,   2, 104882659.6, 97710842.8
"Line.RBT_CL6340816"    ,   1, 431711102754184364032.0, 200444199991091822592.0, 431711102128615718912.0, 200444199700639252480.0, 431711097467689041920.0, 200444197536563036160.0
"Line.RBT_CL6340816"    ,   2, -431527407000312545280.0, -200410265155255468032.0
"Line.RBT_CL6435210"    ,   1, -1216620515606363635712.0, 71646049300012466176.0, 1216620515440362258432.0, 71646049290236747776.0, 1216620514203535671296.0, 71646049217400766464.0
"Line.RBT_CL6435210"    ,   2, 1217703984199476183040.0, -71434322290808700928.0
"Line.RBT_CL6612165"    ,   1, 173216610.0, -2460564035516816.0, 173167642.9, 2459868452508889.5, 172802804.0, 2454685869252649.5
"Line.RBT_CL6612165"    ,   2, -115387279.7, -250735057.9
"Line.RBT_CL6743060"    ,   1, -1648059001114319126528.0, 13766202971252715520.0, 1648059000990942363648.0, 13766202970222151680.0, 1648058999058037735424.0, 13766202954076639232.0
"Line.RBT_CL6743060"    ,   2, 1706961137192707031040.0, -12420254500659128320.0
"Line.RBT_CL6969967"    ,   1, -1054172927.3, -93364599516421.0, 1046542880.7, 92688831599973.5, 983741728.1, 87126741826136.6
"Line.RBT_CL6969967"    ,   2, -778497062.6, 14693585710.8
"Line.RBT_CL8734463"    ,   1, 69841953310663065600.0, 32424181579424288768.0, 69841953107805822976.0, 32424181485247651840.0, 69841951596376473600.0, 32424180783565393920.0
"Line.RBT_CL8734463"    ,   2, -69798908050230648832.0, -32416058501835268096.0
"Line.RBT_UC0469960"    ,   1, 85520152347237171200.0, 39716610444968910848.0, 85520151949809188864.0, 39716610260398465024.0, 85520150992369025024.0, 39716609815751483392.0
"Line.RBT_UC0469960"    ,   2, -85515665797685985280.0, -39715246547901743104.0
"Line.RBT_UC1003822"    ,   1, 162457760452960649216.0, 75447645060384735232.0, 162457760158766530560.0, 75447644923756904448.0, 162457757737322741760.0, 75447643799204691968.0
"Line.RBT_UC1003822"    ,   2, -162453736684088721408.0, -75446879888072179712.0
"Line.RBT_UC1014512"    ,   1, 7377471981609630720.0, 3425161894133519360.0, 7377471825893935104.0, 3425161821838907904.0, 7377471450760667136.0, 3425161647674617856.0
"Line.RBT_UC1014512"    ,   2, -7371229977663329280.0, -3423351869973016576.0
"Line.RBT_UC1076534"    ,   1, 34574334746492231680.0, 16056845562419392512.0, 34574334371395751936.0, 16056845388218896384.0, 34574333467754242048.0, 16056844968554070016.0
"Line.RBT_UC1076534"    ,   2, -34573511525094506496.0, -16056654972423356416.0
"Line.RBT_UC1092168"    ,   1, 74007240082623905792.0, 34370270352165306368.0, 74007239663482863616.0, 34370270157508796416.0, 74007236213629648896.0, 34370268555335987200.0
"Line.RBT_UC1092168"    ,   2, -74006691598121025536.0, -34370240382516838400.0
"Line.RBT_UC1276241"    ,   1, 2062146695.4, -21375129386316.8, 2026859576.3, 21009361645634.1, 1763945688.4, 18284134394631.9
"Line.RBT_UC1276241"    ,   2, -724168271.5, 863338873.9
"Line.RBT_UC2178464"    ,   1, 91577345478665502720.0, 42530300019659358208.0, 91577343957561737216.0, 42530299313229193216.0, 91577340293084528640.0, 42530297611374714880.0
"Line.RBT_UC2178464"    ,   2, -91577082064229007360.0, -42530293562181640192.0
"Line.RBT_UC2231677"    ,   1, 14318582641237401600.0, 6648867407244210176.0, 14318582478963419136.0, 6648867331891905536.0, 14318581143323717632.0, 6648866711684480000.0
"Line.RBT_UC2231677"    ,   2, -14315633898051645440.0, -6648476873096551424.0
"Line.RBT_UC2295844"    ,   1, 2055181749262.9, -956308345482769.8, 2054229720345.3, 955865351475343.5, 2047136434465.8, 952564734152406.8
"Line.RBT_UC2295844"    ,   2, -2055159514093.2, -954600697706.4
"Line.RBT_UC2382775"    ,   1, -56233193.3, -2584033747567247.0, 56194955.1, 2582276618387823.0, 56102835.6, 2578043534455574.5
"Line.RBT_UC2382775"    ,   2, -194416879.5, 49427594.2
"Line.RBT_UC3115655"    ,   1, 91678025887738331136.0, 42572257540002734080.0, 91678025300741472256.0, 42572257267420717056.0, 91678020469305802752.0, 42572255023861022720.0
"Line.RBT_UC3115655"    ,   2, -91668788405919678464.0, -42572883883458772992.0
"Line.RBT_UC3135787"    ,   1, -1862949199554679406592.0, 324789868924316221440.0, 1862949198953429336064.0, 324789868819493224448.0, 1862949194473693511680.0, 324789868038488129536.0
"Line.RBT_UC3135787"    ,   2, 1867147490777289195520.0, -323970285057584201728.0
"Line.RBT_UC3394419"    ,   1, 814300322846448812032.0, 378171025033771286528.0, 814300322205079961600.0, 378171024735911739392.0, 814300317426430509056.0, 378171022516648542208.0
"Line.RBT_UC3394419"    ,   2, -814274944773142872064.0, -378166148761882787840.0
"Line.RBT_UC3433920"    ,   1, 533651880452585750528.0, 246424837505965948928.0, 533651880341550071808.0, 246424837454692941824.0, 533651878601991389184.0, 246424836651415568384.0
"Line.RBT_UC3433920"    ,   2, -530449381636165140480.0, -246351678957683802112.0
"Line.RBT_UC3437715"    ,   1, 1533611237626934198272.0, 711582408632235589632.0, 1533611236992780075008.0, 711582408337993498624.0, 1533611232267884560384.0, 711582406145682702336.0
"Line.RBT_UC3437715"    ,   2, -1531171175203843342336.0, -711107605778758500352.0
"Line.RBT_UC3557462"    ,   1, -9130478.9, -281305179328680.6, 9126994.1, 281197812754161.1, 9072398.0, 279515736420022.7
"Line.RBT_UC3557462"    ,   2, 14346274.4, -2123026.9
"Line.RBT_UC3573712"    ,   1,    249.5, -5444608408.2,    207.6, 4529459998.2,      0.0,      0.0
"Line.RBT_UC3573712"    ,   2,   -229.0,   1203.5
"Line.RBT_UC3609943"    ,   1, -9914679.4, -105776428319602.5, 9902826.3, 105649971064827.3, 9763362.7, 104162080386302.7
"Line.RBT_UC3609943"    ,   2, -9590703.3, -32931311.3
"Line.RBT_UC3644179"    ,   1, 1753394444207372369920.0, 813537090318093254656.0, 1753394443570823561216.0, 813537090022748323840.0, 1753394438331535458304.0, 813537087591832092672.0
"Line.RBT_UC3644179"    ,   2, -1750521081592564154368.0, -812978245250481258496.0
"Line.RBT_UC3800354"    ,   1, 890022163631271706624.0, 413098700016746299392.0, 890022163055900360704.0, 413098699749690966016.0, 890022158320151560192.0, 413098697551620210688.0
"Line.RBT_UC3800354"    ,   2, -889116027761053270016.0, -412923897732924440576.0
"Line.RBT_UC3849162"    ,   1, -72337780.9, -2314441209199807.5, 72284296.2, 2312729973270656.5, 72155446.9, 2308607450350428.5
"Line.RBT_UC3849162"    ,   2, 46624890.2, -153749490.6
"Line.RBT_UC3849167"    ,   1, 89249714.6, -2347809590532951.5, 89184264.3, 2346087849796141.0, 89026588.5, 2341940019839279.5
"Line.RBT_UC3849167"    ,   2, -190978887.7, -260748759.9
"Line.RBT_UC3853377"    ,   1, -19048819.2, -2341551340132081.0, 19034711.3, 2339817144922118.5, 19000724.1, 2335639311007209.0
"Line.RBT_UC3853377"    ,   2, 31837039.6, 74714178.3
"Line.RBT_UC3880983"    ,   1, -72337780.9, -2314441209199807.5, 72284296.2, 2312729973270656.5, 72155446.9, 2308607450350428.5
"Line.RBT_UC3880983"    ,   2, 46624890.2, -153749490.6
"Line.RBT_UC3901586"    ,   1, -6141223624841842655232.0, 159459200391097188352.0, 6141223624113677926400.0, 159459200372190117888.0, 6141223618688337313792.0, 159459200231319076864.0
"Line.RBT_UC3901586"    ,   2, 6163621786443033083904.0, -155081784966842810368.0
"Line.RBT_UC3942682"    ,   1, -120863834.0, -2203177162895643.5, 120776705.2, 2201588928655608.2, 120566804.1, 2197762727986432.2
"Line.RBT_UC3942682"    ,   2, 27244611.1, -264048384.7
"Line.RBT_UC3946822"    ,   1, -480896116.7, -2335919734051127.0, 480753244.7, 2335225743552218.5, 479688748.3, 2330055025609645.5
"Line.RBT_UC3946822"    ,   2, 378146649.6, -87171670.2
"Line.RBT_UC3957723"    ,   1, -2097979390218179444736.0, 356163541412611555328.0, 2097979389543040942080.0, 356163541297996627968.0, 2097979384512784891904.0, 356163540444035088384.0
"Line.RBT_UC3957723"    ,   2, 2100862397564517875712.0, -355601401111109369856.0
"Line.RBT_UC3997842"    ,   1, 305429848947350831104.0, 141824090433365901312.0, 305429848349899423744.0, 141824090155943755776.0, 305429843432414773248.0, 141824087872546160640.0
"Line.RBT_UC3997842"    ,   2, -305348808600489492480.0, -141810310778677624832.0
"Line.RBT_UC4183989"    ,   1, -3180821555241264087040.0, 99532821273462079488.0, 3180821554554291617792.0, 99532821251965648896.0, 3180821548899980279808.0, 99532821075033505792.0
"Line.RBT_UC4183989"    ,   2, 3185394029463103078400.0, -98640513202179227648.0
"Line.RBT_UC4190457"    ,   1, 116283252436433420288.0, 54003979844257316864.0, 116283252023462281216.0, 54003979652466286592.0, 116283248946536480768.0, 54003978223488032768.0
"Line.RBT_UC4190457"    ,   2, -116282003873914175488.0, -54003770907322228736.0
"Line.RBT_UC4318681"    ,   1, 100954300070599688192.0, 46838498281266176000.0, 100954299966947721216.0, 46838498233176080384.0, 100954298343066959872.0, 46838497479764525056.0
"Line.RBT_UC4318681"    ,   2, -100848568160882360320.0, -46836163727755239424.0
"Line.RBT_UC4325369"    ,   1, -3124542916490024714240.0, 332832775145243148288.0, 3124542915771756969984.0, 332832775068731768832.0, 3124542910420155367424.0, 332832774498668118016.0
"Line.RBT_UC4325369"    ,   2, 3131108117753486639104.0, -331547594978030714880.0
"Line.RBT_UC4363917"    ,   1, 111797058996223148032.0, 51913317163618189312.0, 111797058576148135936.0, 51913316968555028480.0, 111797055118607597568.0, 51913315363035168768.0
"Line.RBT_UC4363917"    ,   2, -111773226375570604032.0, -51909801259434926080.0
"Line.RBT_UC4406948"    ,   1, 33657699037867286528.0, 15614582343785943040.0, 33657698946372452352.0, 15614582301339381760.0, 33657697512953425920.0, 15614581636343257088.0
"Line.RBT_UC4406948"    ,   2, -33620175551374786560.0, -15613905853128890368.0
"Line.RBT_UC4481737"    ,   1, 215502092110181826560.0, 100075724321156907008.0, 215502091789154942976.0, 100075724172077154304.0, 215502089397278441472.0, 100075723061327970304.0
"Line.RBT_UC4481737"    ,   2, -215473003755298390016.0, -100070125596844195840.0
"Line.RBT_UC4590946"    ,   1, -3501409616393084600320.0, 365771555022919041024.0, 3501409615671762354176.0, 365771554947566796800.0, 3501409610297405079552.0, 365771554386139480064.0
"Line.RBT_UC4590946"    ,   2, 3508807210627791585280.0, -364326955175718354944.0
"Line.RBT_UC4625363"    ,   1, 710881752715889868800.0, 330010747534034731008.0, 710881752040835121152.0, 330010747220655865856.0, 710881747011202449408.0, 330010744885762850816.0
"Line.RBT_UC4625363"    ,   2, -710380650262906404864.0, -329915486642229542912.0
"Line.RBT_UC4671423"    ,   1, 132072660524675284992.0, 61230778848920158208.0, 132072660382577344512.0, 61230778783041519616.0, 132072658156376457216.0, 61230777750942867456.0
"Line.RBT_UC4671423"    ,   2, -131833120621609467904.0, -61226031608447041536.0
"Line.RBT_UC4710584"    ,   1, -15939389.2, -139996650742451.9, 15925269.8, 139872638972167.5, 15704065.5, 137929787904377.5
"Line.RBT_UC4710584"    ,   2, -5859420.4, -45797777.3
"Line.RBT_UC4783786"    ,   1, 79153022342142361600.0, 36759089914429227008.0, 79153021785980256256.0, 36759089656144547840.0, 79153017208338300928.0, 36759087530262970368.0
"Line.RBT_UC4783786"    ,   2, -79150830813637050368.0, -36759285118686543872.0
"Line.RBT_UC4870955"    ,   1, 49651617.0, -865409520582878.4, 49610494.1, 864692763693344.2, 49304099.7, 859352420107942.1
"Line.RBT_UC4870955"    ,   2, 44482381.0, 157702882.9
"Line.RBT_UC5046563"    ,   1, 32280930711051722752.0, 14940952443493863424.0, 32280930651762286592.0, 14940952416052254720.0, 32280929722894426112.0, 14940951986133719040.0
"Line.RBT_UC5046563"    ,   2, -32165691290088427520.0, -14938413218906890240.0
"Line.RBT_UC5046564"    ,   1, -100683644.7, -720076256455806.6, 100550114.6, 719121266829499.2, 100228428.5, 716820610002486.0
"Line.RBT_UC5046564"    ,   2, -46748089.9, -138901572.5
"Line.RBT_UC5185595"    ,   1, 75755875556613193728.0, 35180260980506284032.0, 75755874975324831744.0, 35180260710561861632.0, 75755870190874525696.0, 35180258488711614464.0
"Line.RBT_UC5185595"    ,   2, -75752222087221411840.0, -35180900837171347456.0
"Line.RBT_UC5200912"    ,   1, -4985385768376821874688.0, 56156132106279043072.0, 4985385767728098312192.0, 56156132098971721728.0, 4985385762388605665280.0, 56156132038826885120.0
"Line.RBT_UC5200912"    ,   2, 4990799059886653046784.0, -55098293657174589440.0
"Line.RBT_UC5205463"    ,   1, 150604860632248975360.0, 69774033838235262976.0, 150604860521500409856.0, 69774033786926333952.0, 150604858786439528448.0, 69774032983086424064.0
"Line.RBT_UC5205463"    ,   2, -150220276990866620416.0, -69765407860088094720.0
"Line.RBT_UC5274931"    ,   1, -49542329.4, -333570156258457.3, 49516781.1, 333398138727450.1, 49253103.4, 331622787982903.4
"Line.RBT_UC5274931"    ,   2, 22060362.0, 27572002.2
"Line.RBT_UC5355073"    ,   1, 5543489983248.2, -671918619918590.4, 5539474364506.1, 671431892421745.2, 5509555176976.7, 667805429804407.0
"Line.RBT_UC5355073"    ,   2, -5543437217098.0, -2574357364869.1
"Line.RBT_UC5381003"    ,   1, 5369643561591901184.0, 2493527911934437376.0, 5369643476568713216.0, 2493527872451799552.0, 5369642599065247744.0, 2493527464961179648.0
"Line.RBT_UC5381003"    ,   2, -5369164610271283200.0, -2493551246458982912.0
"Line.RBT_UC5394459"    ,   1, -84314.0, -2300183206.4,      0.0,      0.0,      0.0,      0.0
"Line.RBT_UC5394459"    ,   2,  32651.3, 117249.6
"Line.RBT_UC5472861"    ,   1, -9703166555944214593536.0, 173251690103522918400.0, 9703166555259041480704.0, 173251690091289018368.0, 9703166549619537608704.0, 173251689990594756608.0
"Line.RBT_UC5472861"    ,   2, 9724814789728840712192.0, -169020552611445342208.0
"Line.RBT_UC5527900"    ,   1,  13186.7, -2300322119.3,      0.0,      0.0,      0.0,      0.0
"Line.RBT_UC5527900"    ,   2,  26895.3, 201649.6
"Line.RBT_UC5617186"    ,   1,  13186.7, -2300322119.3,      0.0,      0.0,      0.0,      0.0
"Line.RBT_UC5617186"    ,   2,  26895.3, 201649.6
"Line.RBT_UC5976727"    ,   1, -1463475165693429153792.0, 93226351892590985216.0, 1463475165072367288320.0, 93226351853028081664.0, 1463475159960551686144.0, 93226351527395016704.0
"Line.RBT_UC5976727"    ,   2, 1463547950995203162112.0, -93212202321518411776.0
"Line.RBT_UC6058583"    ,   1, -26195618.2, -866017872854732.5, 26183138.4, 865605293817867.4, 26090154.8, 862531289444604.0
"Line.RBT_UC6058583"    ,   2, 23913675.6, 18511049.5
"Line.RBT_UC6255836"    ,   1, 279592214909796450304.0, 129769345865945153536.0, 279592214630354747392.0, 129769345736245673984.0, 279592212330334617600.0, 129769344668719136768.0
"Line.RBT_UC6255836"    ,   2, -279304750669145964544.0, -129714910883110322176.0
"Line.RBT_UC6345092"    ,   1, -7582933943245802045440.0, 658923154257225187328.0, 7582933942481157357568.0, 658923154190780989440.0, 7582933936784014311424.0, 658923153695724666880.0
"Line.RBT_UC6345092"    ,   2, 7626632024068913627136.0, -650382561572776443904.0
"Line.RBT_UC6438600"    ,   1, -3987869455555312484352.0, -85672138974250762240.0, 3987869455206889029632.0, 85672138966765518848.0, 3987869449748251410432.0, 85672138849496580096.0
"Line.RBT_UC6438600"    ,   2, 4026073346475530649600.0, 86544041876162461696.0
"Line.RBT_UC6513717"    ,   1, 2981448.5, -233275347976970.8, 2979585.0, 233129549210436.6, 2960353.1, 231624795902998.8
"Line.RBT_UC6513717"    ,   2, 10943134.3, 1219837.4
"Line.RBT_UC6515533"    ,   1, 800463839152732504064.0, 371719608177687789568.0, 800463838887573192704.0, 371719608054552985600.0, 800463836705107345408.0, 371719607041058996224.0
"Line.RBT_UC6515533"    ,   2, -800343513609634447360.0, -371696103602845712384.0
"Line.RBT_UC7014954"    ,   1, -7752361342.0, -84846099394057.5, 7692409708.9, 84189955801097.1, 7198961651.4, 78789389305193.0
"Line.RBT_UC7014954"    ,   2, 4610657776.5, 8603482841.8
"Line.RBT_UC7100455"    ,   1, -3171772722542958084096.0, 327299357448010792960.0, 3171772721853347397632.0, 327299357376848986112.0, 3171772716715263131648.0, 327299356846643347456.0
"Line.RBT_UC7100455"    ,   2, 3172109160881608720384.0, -327233666340808687616.0
"Line.RBT_UC8124667"    ,   1, 80230687302069174272.0, 37237792605475495936.0, 80230687105877000192.0, 37237792514416033792.0, 80230685491064553472.0, 37237791764926611456.0
"Line.RBT_UC8124667"    ,   2, -80146249494171172864.0, -37221578225086996480.0
"Line.RBT_UC8205545"    ,   1, 52270124627554959360.0, 24274262172631961600.0, 52270124093248389120.0, 24274261924499824640.0, 52270119695494356992.0, 24274259882181480448.0
"Line.RBT_UC8205545"    ,   2, -52268836364781289472.0, -24274730145130627072.0
"Line.RBT_UC8330026"    ,   1, -202211091771270463488.0, 23421113943263420416.0, 202211091584645464064.0, 23421113921647566848.0, 202211090194157830144.0, 23421113760594239488.0
"Line.RBT_UC8330026"    ,   2, 202742525489475321856.0, -23317397694052241408.0
"Line.RBT_UC8411313"    ,   1, -271399602.5, -2439093191174315.5, 271319790.2, 2438375910735770.5, 270725132.4, 2433031666341541.0
"Line.RBT_UC8411313"    ,   2, 201666182.4, 216765327.0
"Line.RBT_UC8538223"    ,   1, 412125160233409511424.0, 191353900119329374208.0, 412125159538190254080.0, 191353899796532002816.0, 412125154358317088768.0, 191353897391464251392.0
"Line.RBT_UC8538223"    ,   2, -411966378558750523392.0, -191325718419221970944.0
"Line.RBT_UC8703516"    ,   1, 87537489734501793792.0, 40649529759727681536.0, 87537489107964100608.0, 40649529468784189440.0, 87537484439817027584.0, 40649527301050302464.0
"Line.RBT_UC8703516"    ,   2, -87528669453416660992.0, -40650126896124108800.0
"Line.RBT_UC8957852"    ,   1, -98975796766729764864.0, 226099309409032044544.0, 98975796746802544640.0, 226099309363510509568.0, 98975796434609373184.0, 226099308650339598336.0
"Line.RBT_UC8957852"    ,   2, 100217206949570543616.0, -226023331180975783936.0
"Line.RBT_UC9290941"    ,   1, 140831205659486666752.0, 65397098674028298240.0, 140831205006275674112.0, 65397098370699902976.0, 140831200139393695744.0, 65397096110689705984.0
"Line.RBT_UC9290941"    ,   2, -140811080846104068096.0, -65395582275937935360.0
"Line.RBT_UC9867010"    ,   1, -148198900.7, -667220318747003.9, 148116674.6, 666850120820495.2, 147504032.2, 664091885565240.4
"Line.RBT_UC9867010"    ,   2, 150433198.6, 8226920.3
"Line.RBT_UI3027993"    ,   1, 420711212.4, -3843823391413.9, 413098608.5, 3774270919354.6, 293834481.1, 2684615523759.3
"Line.RBT_UI3027993"    ,   2, -567909713.2, -100849582.3
"Line.RBT_UI3062389"    ,   1, -2221536856053631156224.0, 461349096550124290048.0, 2221536855539989348352.0, 461349096443455668224.0, 2221536851712996016128.0, 461349095648699678720.0
"Line.RBT_UI3062389"    ,   2, 2233340759201043972096.0, -459043938373175345152.0
"Line.RBT_UI3114850"    ,   1, -39200370.7, -167405783115789.5, 39176125.3, 167302242865311.5, 38796281.1, 165680112274490.2
"Line.RBT_UI3114850"    ,   2, 16482517.7, 7030730.0
"Line.RBT_UI3281548"    ,   1, 83879074.4, -2279476420921934.5, 83817921.1, 2277814535221712.0, 83670597.3, 2273810901489358.0
"Line.RBT_UI3281548"    ,   2, -27825855.8, -242802129.9
"Line.RBT_UM2990930"    ,   1, -320037552.2, -2976733826876047.0, 319829480.8, 2974798512095478.5, 319328217.6, 2970136162851381.5
"Line.RBT_UM2990930"    ,   2, 819825713.1, -166900540.8
"Line.RBT_U10139461"    ,   1, 104126521895918190592.0, 48353608479571795968.0, 104126521286947438592.0, 48353608196781850624.0, 104126516749686521856.0, 48353606089797640192.0
"Line.RBT_U10139461"    ,   2, -104115245040201629696.0, -48353276122647568384.0
"Line.RBT_U10259443"    ,   1, 33450994998851076096.0, 15530614593843369984.0, 33450994842760232960.0, 15530614521373575168.0, 33450992397337022464.0, 15530613386013464576.0
"Line.RBT_U10259443"    ,   2, -33441443938781163520.0, -15530899273969823744.0
"Line.RBT_U10428786"    ,   1, 30820040399522607104.0, 14313400997594312704.0, 30820040104039030784.0, 14313400860366235648.0, 30820037902478290944.0, 14313399837920407552.0
"Line.RBT_U10428786"    ,   2, -30819869010753748992.0, -14313385478253492224.0
"Line.RBT_U10428803"    ,   1, 1467615512113429872640.0, 482627926564938252288.0, 1467615511825202282496.0, 482627926470154059776.0, 1467615509677703692288.0, 482627925763945463808.0
"Line.RBT_U10428803"    ,   2, -1467072368443285569536.0, -482521773306762166272.0
"Line.RBT_U10428817"    ,   1, 1113543605364901806080.0, 517120240567752327168.0, 1113543604962551791616.0, 517120240380904407040.0, 1113543601964761350144.0, 517120238988755795968.0
"Line.RBT_U10428817"    ,   2, -1113422985566481940480.0, -517096694547547881472.0
"Line.RBT_U10449965"    ,   1, 374649639.9, -2248800571346655.2, 374541416.0, 2248150967261269.8, 373735071.9, 2243310959357481.8
"Line.RBT_U10449965"    ,   2, -243619131.5, -390072554.8
"Line.RBT_U10453193"    ,   1, 95861274659325886464.0, 44514488217071099904.0, 95861274060694618112.0, 44514487939088523264.0, 95861269600470171648.0, 44514485867922563072.0
"Line.RBT_U10453193"    ,   2, -95849163167256412160.0, -44514336502548545536.0
"Line.RBT_U10453302"    ,   1, -84598757.0, -2295221675835082.5, 84573397.0, 2294533641832294.5, 84384447.2, 2289407303980533.0
"Line.RBT_U10453302"    ,   2, 80830704.4, -3061462.0
"Line.RBT_U10453337"    ,   1, -84598757.0, -2295221675835082.5, 84573397.0, 2294533641832294.5, 84384447.2, 2289407303980533.0
"Line.RBT_U10453337"    ,   2, 80830704.4, -3061462.0
"Line.RBT_U10453702"    ,   1, -84598757.0, -2295221675835082.5, 84573397.0, 2294533641832294.5, 84384447.2, 2289407303980533.0
"Line.RBT_U10453702"    ,   2, 80830704.4, -3061462.0
"Line.RBT_U39691917"    ,   1, -309762716.3, -2513975051242368.5, 309674326.8, 2513257699245398.0, 309015763.1, 2507912921690505.0
"Line.RBT_U39691917"    ,   2, 211022728.8, -95108101.6
"Line.RBT_U40279110"    ,   1, 16895102134964942848.0, 7842982267085806592.0, 16895101916194906112.0, 7842982165529183232.0, 16895100286204065792.0, 7842981408860821504.0
"Line.RBT_U40279110"    ,   2, -16891909777514459136.0, -7844952748507546624.0
"Line.RBT_U41098602"    ,   1, 253140365.9, -1958824182464813.5, 253062991.3, 1958225450932664.8, 252426139.4, 1953297429860364.5
"Line.RBT_U41098602"    ,   2, -157740527.4, -304269465.5
"Line.RBT_U44409255"    ,   1, 6120596975.3, -60311723425555.3, 6060087974.9, 59715474054444.3, 5609253309.9, 55272996345743.7
"Line.RBT_U44409255"    ,   2, -4124507920.6, 7343289842.2
"Line.RBT_U48468475"    ,   1, -266846331.1, -2470622556854955.0, 266769921.6, 2469915112179544.0, 266200617.0, 2464644151147257.0
"Line.RBT_U48468475"    ,   2, 474246374.1, 8275728.5
"Line.RBT_U51084075"    ,   1, 31206039096732217344.0, 14481967954374400000.0, 31206038983858155520.0, 14481967901992278016.0, 31206038142866898944.0, 14481967511708577792.0
"Line.RBT_U51084075"    ,   2, -31166730985138909184.0, -14474475405084024832.0
"Line.RBT_U51851428"    ,   1, 216577523.8, -1821017649055590.5, 216495357.4, 1820326781139300.0, 215883159.9, 1815179328636233.2
"Line.RBT_U51851428"    ,   2, -88896624.4, 61642487.8
"Line.RBT_U51990810"    ,   1, -73263741.1, -2109716463823569.5, 73241908.0, 2109087754186040.0, 73079236.1, 2104403424633178.8
"Line.RBT_U51990810"    ,   2, -10452175.6, -5749981.7
"Line.RBT_U52777763"    ,   1, 5330648787320.0, -2541439365439878.0, 5329131991515.9, 2540716218085832.5, 5317830794609.3, 2535328261039493.0
"Line.RBT_U52777763"    ,   2, -5330673700863.8, -2475742905530.4
"Line.RBT_U52894463"    ,   1, 45245949990663561216.0, 21005871012472819712.0, 45245949772323807232.0, 21005870911106469888.0, 45245948145538850816.0, 21005870155855781888.0
"Line.RBT_U52894463"    ,   2, -45220079603489480704.0, -21001141525183610880.0
"Line.RBT_U54955863"    ,   1, -2126210675504709894144.0, 79669862065865900032.0, 2126210675271182057472.0, 79669862057115533312.0, 2126210673531234811904.0, 79669861991919091712.0
"Line.RBT_U54955863"    ,   2, 2176150201076539719680.0, -69909769474360074240.0
"Line.RBT_U55887192"    ,   1, -13434007.0, -188289522638573.1, 13419900.8, 188091811937259.3, 13314799.8, 186618727979583.5
"Line.RBT_U55887192"    ,   2, 17459686.5, -2620223.5
"Line.RBT_U56927439"    ,   1, -373102033.1, -2795970408771553.5, 373002381.0, 2795223630287300.5, 372259902.0, 2789659604679274.5
"Line.RBT_U56927439"    ,   2, 373167553.4, -172618241.2
"Line.RBT_U57645166"    ,   1, 1090235644282150846464.0, 132117984874936500224.0, 1090235643995311308800.0, 132117984840176435200.0, 1090235641858155085824.0, 132117984581189517312.0
"Line.RBT_U57645166"    ,   2, -1081893763605120942080.0, -130489583406704721920.0
"Line.RBT_U57790271"    ,   1, 30512716227797766144.0, 14168146348013770752.0, 30512715604146618368.0, 14168146058430218240.0, 30512710957506359296.0, 14168143900828821504.0
"Line.RBT_U57790271"    ,   2, -30511634599493283840.0, -14170235032923168768.0
"Line.RBT_U59090866"    ,   1, 2021596201484467830784.0, 31603234784383553536.0, 2021596201229489012736.0, 31603234780397518848.0, 2021596199329718599680.0, 31603234750698762240.0
"Line.RBT_U59090866"    ,   2, -1983726625168989618176.0, -24201012137023303680.0
"Line.RBT_U61007746"    ,   1, -179647566.9, -916582466635185.1, 179562669.5, 916149310302087.2, 178930124.0, 912921990580837.5
"Line.RBT_U61007746"    ,   2, 155029032.4, 34955791.9
"Line.RBT_U61110119"    ,   1, 129356222181588025344.0, 60067680916439924736.0, 129356221573003132928.0, 60067680633838264320.0, 129356217038617100288.0, 60067678528256884736.0
"Line.RBT_U61110119"    ,   2, -129334884587153276928.0, -60065799050960486400.0
"Line.RBT_U61642377"    ,   1, -240281419.5, -1033775412526168.6, 240174432.7, 1033315117375981.5, 239377305.3, 1029885594355573.9
"Line.RBT_U61642377"    ,   2, 219649647.6, -14358691.4
"Line.RBT_U61642580"    ,   1, -41003026.6, -1730885120905285.2, 40988899.5, 1730288765551539.8, 40883642.7, 1725845498197576.8
"Line.RBT_U61642580"    ,   2, 241681153.8, 111254326.4
"Line.RBT_U61811566"    ,   1, 424027667668826521600.0, 196715118761646555136.0, 424027667347415498752.0, 196715118612537376768.0, 424027664952676843520.0, 196715117501569105920.0
"Line.RBT_U61811566"    ,   2, -423241239599762636800.0, -196561997404490694656.0
"Line.RBT_U62999372"    ,   1, 6131581.5, -224561569071834.3, 6125524.2, 224339724706288.8, 6080392.3, 222686827954548.7
"Line.RBT_U62999372"    ,   2, 105385.0, 29578929.4
"Line.RBT_VC0469920"    ,   1, -1088412001853134471168.0, 421271769530044514304.0, 1088412001380475863040.0, 421271769347101163520.0, 1088411997858836643840.0, 421271767984044507136.0
"Line.RBT_VC0469920"    ,   2, 1089494831894309109760.0, -421060875466620665856.0
"Line.RBT_VC2457205"    ,   1, -15481245.4, -37296899706518.1, 15422054.4, 37154298735894.9, 14811158.7, 35682549095689.3
"Line.RBT_VC2457205"    ,   2, 15849066.3, -33088220.4
"Line.RBT_VC5394477"    ,   1, -84314.0, -2300183206.4,      0.0,      0.0,      0.0,      0.0
"Line.RBT_VC5394477"    ,   2,  32651.3, 117249.6
"Line.RBT_CL2964657"    ,   1, -11288969246683042938880.0, 776782085220146348032.0, 11288969245973966487552.0, 776782085171355582464.0, 11288969240137728786432.0, 776782084769770110976.0
"Line.RBT_CL2964657"    ,   2, 11356081736966972899328.0, -763662996611039363072.0
"Line.RBT_CL3084066"    ,   1, 41402514.3, -2821128756774636.0, 41391685.3, 2820390880440753.0, 41311001.8, 2814893182122103.0
"Line.RBT_CL3084066"    ,   2, -82002168.0, -369199873.0
"Line.RBT_CL3111378"    ,   1, -188350859.6, -2800467365474600.5, 188301209.7, 2799729152478401.5, 187931282.6, 2794228945788413.5
"Line.RBT_CL3111378"    ,   2, 316606072.2, -296274853.7
"Line.RBT_CL3150449"    ,   1, 113315714.9, -515086930072627.0, 113214453.1, 514626634974019.8, 112459980.8, 511197112337918.7
"Line.RBT_CL3150449"    ,   2, -17625610.7, 181305433.9
"Line.RBT_CL3248620"    ,   1, -9788831734.5, -84701876818426.6, 9707402896.5, 83997280438573.2, 9100700709.4, 78747541214031.7
"Line.RBT_CL3248620"    ,   2, 8327493367.3, 13775331736.8
"Line.RBT_CL3248630"    ,   1, -9788831734.5, -84701876818426.6, 9707402896.5, 83997280438573.2, 9100700709.4, 78747541214031.7
"Line.RBT_CL3248630"    ,   2, 8327493367.3, 13775331736.8
"Line.RBT_CL3308227"    ,   1, 157558291.3, -1402591895790379.2, 157521919.5, 1402268112345508.5, 156952095.0, 1397195505042531.5
"Line.RBT_CL3308227"    ,   2, -191612290.4, -114140403.7
"Line.RBT_CL3936325"    ,   1, 166956492507163656192.0, 77530422955025235968.0, 166956491869432119296.0, 77530422658878652416.0, 166956487117883113472.0, 77530420452378034176.0
"Line.RBT_CL3936325"    ,   2, -166934479370945429504.0, -77527829592294965248.0
"Line.RBT_CL4102185"    ,   1, -480166450.4, -1213270977428972.8, 479882785.6, 1212554221333830.2, 477769283.3, 1207213883667206.2
"Line.RBT_CL4102185"    ,   2, 522467409.4, 454092550.4
"Line.RBT_CL4290044"    ,   1, -2974691204601837780992.0, 148271222721547501568.0, 2974691203863183622144.0, 148271222684729835520.0, 2974691198359689494528.0, 148271222410412359680.0
"Line.RBT_CL4290044"    ,   2, 2982301474502051102720.0, -146786305372036792320.0
"Line.RBT_CL5246266"    ,   1, 250969458911934349312.0, 116537505102662090752.0, 250969458286377107456.0, 116537504812184993792.0, 250969453625535168512.0, 116537502647926079488.0
"Line.RBT_CL5246266"    ,   2, -250909910180996743168.0, -116527758871438884864.0
"Line.RBT_CL5257444"    ,   1, -6307777603.0, -81554930934690.8, 6253988333.9, 80859475196254.5, 5853220398.9, 75677840187342.0
"Line.RBT_CL5257444"    ,   2, 2205222481.7, 7950709807.9
"Line.RBT_CL5752331"    ,   1, -87314431.2, -2893362210556768.0, 87291697.0, 2892608862800362.0, 87122311.6, 2886995891488546.0
"Line.RBT_CL5752331"    ,   2, 38836517.6, 37271387.8
"Line.RBT_CL6487822"    ,   1, 150140275838113546240.0, 69727671558465740800.0, 150140275419994161152.0, 69727671364284063744.0, 150140272304710221824.0, 69727669917493764096.0
"Line.RBT_CL6487822"    ,   2, -150138245362300715008.0, -69727310650360455168.0
"Line.RBT_UC0469944"    ,   1, -171588803.8, -2199740998859157.2, 171542521.8, 2199147670539666.0, 171161585.0, 2194264122063852.5
"Line.RBT_UC0469944"    ,   2, 288253321.3, 52730233.4
"Line.RBT_UC0469968"    ,   1, -8839768482.9, -72579749560907.5, 8768765850.9, 71996775780274.3, 8184359571.7, 67198453124293.1
"Line.RBT_UC0469968"    ,   2, 11124851995.0, 10699762856.2
"Line.RBT_UC0469971"    ,   1, 32444317012319117312.0, 15067567936835045376.0, 32444316826070036480.0, 15067567850338521088.0, 32444315438383243264.0, 15067567205878505472.0
"Line.RBT_UC0469971"    ,   2, -32443680048463839232.0, -15067516973061371904.0
"Line.RBT_UC0971896"    ,   1, 229005739824008298496.0, 106353213468105932800.0, 229005739409273782272.0, 106353213275497889792.0, 229005736319209537536.0, 106353211840432275456.0
"Line.RBT_UC0971896"    ,   2, -228999339830033907712.0, -106352036231725023232.0
"Line.RBT_UC1059968"    ,   1, 1873499631294659840.0, 870085548092960128.0, 1873499461192978176.0, 870085469094804736.0, 1873498193815659520.0, 870084880502914688.0
"Line.RBT_UC1059968"    ,   2, -1873497720945651968.0, -870091143538956416.0
"Line.RBT_UC1096745"    ,   1, 771302527097372409856.0, 358201848054731571200.0, 771302526495142838272.0, 358201847775049154560.0, 771302522008108400640.0, 358201845691218264064.0
"Line.RBT_UC1096745"    ,   2, -771276702345814343680.0, -358196874448135192576.0
"Line.RBT_UC1101352"    ,   1, 3569784841.8, -78337225352764.9, 3539000415.4, 77661675801840.4, 3309634759.7, 72628355908332.3
"Line.RBT_UC1101352"    ,   2, -2804039013.7, -237597107.6
"Line.RBT_UC1159660"    ,   1, 65166854061151248384.0, 30264180967985926144.0, 65166853857800585216.0, 30264180873547714560.0, 65166852342694928384.0, 30264180169916510208.0
"Line.RBT_UC1159660"    ,   2, -65164698354851545088.0, -30263835534603649024.0
"Line.RBT_UC1232287"    ,   1, 7858781529183273984.0, 3649671030731964928.0, 7858781471244047360.0, 3649671003824598016.0, 7858781039556004864.0, 3649670803345765888.0
"Line.RBT_UC1232287"    ,   2, -7858395347002218496.0, -3649601557108030464.0
"Line.RBT_UC1393853"    ,   1, 5837566511779048448.0, 2711023467397268992.0, 5837566453839896576.0, 2711023440489755136.0, 5837566022152414208.0, 2711023240009830400.0
"Line.RBT_UC1393853"    ,   2, -5837353429901857792.0, -2710987832291725312.0
"Line.RBT_UC1610858"    ,   1, 71227890634085122048.0, 33078705451579387904.0, 71227890473332129792.0, 33078705376924631040.0, 71227889150211375104.0, 33078704762458566656.0
"Line.RBT_UC1610858"    ,   2, -71224436656940040192.0, -33078103568154746880.0
"Line.RBT_UC2047789"    ,   1, 153874230.8, -1895621563721049.2, 153844042.1, 1895249660566413.8, 153371086.1, 1889423177810457.2
"Line.RBT_UC2047789"    ,   2, -67670198.2, 272058605.9
"Line.RBT_UC2108693"    ,   1, 240445061.3, -2217066389299439.0, 240268137.3, 2215435030735558.2, 239841911.5, 2211504939649845.0
"Line.RBT_UC2108693"    ,   2, -201655635.0, -57305174.3
"Line.RBT_UC2199010"    ,   1, 7239403.0, -65932258653523.1, 7219711.2, 65752917660489.6, 7057632.9, 64276803333214.0
"Line.RBT_UC2199010"    ,   2, 2677145.9, -38866186.2
"Line.RBT_UC2247318"    ,   1, 347119949549527695360.0, 161164622292831961088.0, 347119949002445029376.0, 161164622038826450944.0, 347119944499533578240.0, 161164619948165824512.0
"Line.RBT_UC2247318"    ,   2, -346960572928727449600.0, -161135675952548708352.0
"Line.RBT_UC2550679"    ,   1, 58944446944242245632.0, 27308404614699024384.0, 58944446850019950592.0, 27308404571046727680.0, 58944445373870710784.0, 27308403887160750080.0
"Line.RBT_UC2550679"    ,   2, -58798159124306755584.0, -27307082896337854464.0
"Line.RBT_UC2734536"    ,   1, -12011092.8, -116992111364636.2, 12001263.8, 116896373202787.5, 11847275.5, 115396475333825.9
"Line.RBT_UC2734536"    ,   2, 15193179.2, -8170632.9
"Line.RBT_UC2991694"    ,   1, -1677828812.8, -17985174978347.2, 1602165155.1, 17174112423886.7, 1419884525.3, 15220188997231.9
"Line.RBT_UC2991694"    ,   2, 2017927591.2, 1160208363.4
"Line.RBT_UC3048714"    ,   1, 46427899436245196800.0, 21548282342919118848.0, 46427899333326667776.0, 21548282295152201728.0, 46427897720936357888.0, 21548281546803859456.0
"Line.RBT_UC3048714"    ,   2, -46396919070839160832.0, -21547690141946908672.0
"Line.RBT_UC3102045"    ,   1, 495317106728134639616.0, 229957083863543578624.0, 495317106087372914688.0, 229957083566062043136.0, 495317101313246560256.0, 229957081349614895104.0
"Line.RBT_UC3102045"    ,   2, -495034879127843766272.0, -229904450511304949760.0
"Line.RBT_UC3158973"    ,   1, -23663288.1, -3051907226182283.5, 23660277.9, 3051518988064591.0, 23613117.4, 3045436590887409.0
"Line.RBT_UC3158973"    ,   2, 8151962.3, 423074428.1
"Line.RBT_UC3197134"    ,   1, -141298998.4, -2088588705640559.8, 141251022.4, 2087879555155036.8, 140893566.9, 2082595884636140.0
"Line.RBT_UC3197134"    ,   2, 176123800.6, -257964430.6
"Line.RBT_UC3264527"    ,   1, 1157099958149318574080.0, 537255773463689428992.0, 1157099957502405509120.0, 537255773163319721984.0, 1157099952682447405056.0, 537255770925353795584.0
"Line.RBT_UC3264527"    ,   2, -1156636581143354802176.0, -537165983329337278464.0
"Line.RBT_UC3330440"    ,   1, -7630134.4, -2247418606010309.0, 7627885.7, 2246756251009943.8, 7611131.0, 2241821239810039.8
"Line.RBT_UC3330440"    ,   2, 25579868.5, -43375481.0
"Line.RBT_UC3410056"    ,   1, 319464804235570970624.0, 148362594656059654144.0, 319464803589603328000.0, 148362594356065927168.0, 319464798776689229824.0, 148362592120901304320.0
"Line.RBT_UC3410056"    ,   2, -319452867205217583104.0, -148360527703792058368.0
"Line.RBT_UC3461429"    ,   1, 40362144977910513664.0, 18701090790281826304.0, 40362144899335241728.0, 18701090753875353600.0, 40362143668322623488.0, 18701090183507283968.0
"Line.RBT_UC3461429"    ,   2, -40267102188151177216.0, -18700876405834854400.0
"Line.RBT_UC3502881"    ,   1, 44276581773198876672.0, 20558864000269307904.0, 44276581719474503680.0, 20558863975323570176.0, 44276580877792706560.0, 20558863584507002880.0
"Line.RBT_UC3502881"    ,   2, -44267349618392236032.0, -20558674110119469056.0
"Line.RBT_UC3556990"    ,   1, -2082844147286585376768.0, 26969597403323559936.0, 2082844146560134807552.0, 26969597393917153280.0, 2082844141147564539904.0, 26969597323832774656.0
"Line.RBT_UC3556990"    ,   2, 2084913613611663360000.0, -26566466505376387072.0
"Line.RBT_UC3578392"    ,   1, 8399355592289931264.0, 3894695021512346624.0, 8399355546571493376.0, 3894695000313176064.0, 8399354830315965440.0, 3894694668192835584.0
"Line.RBT_UC3578392"    ,   2, -8385592126084909056.0, -3894442657628148736.0
"Line.RBT_UC3603643"    ,   1, -2799554319088188653568.0, 55335211574190931968.0, 2799554318449113563136.0, 55335211561559146496.0, 2799554313189032722432.0, 55335211457589862400.0
"Line.RBT_UC3603643"    ,   2, 2807147069876738195456.0, -53853428459140161536.0
"Line.RBT_UC3627786"    ,   1, -1934499740488677457920.0, -41431173703313514496.0, 1934499739727274967040.0, 41431173687006560256.0, 1934499734054291111936.0, 41431173565508288512.0
"Line.RBT_UC3627786"    ,   2, 1935382492615330234368.0, 41602774977458708480.0
"Line.RBT_UC3629956"    ,   1, 786060806163.3, -86128841991888.1, 784479315872.0, 85955557779856.3, 771462434244.2, 84529295419287.2
"Line.RBT_UC3629956"    ,   2, -786091050564.8, -365017798658.3
"Line.RBT_UC3648203"    ,   1, 3409985128836052992.0, 1583057162158156032.0, 3409985099294979584.0, 1583057148443959040.0, 3409984636484832768.0, 1583056933588207360.0
"Line.RBT_UC3648203"    ,   2, -3408699225565222400.0, -1583070519530888192.0
"Line.RBT_UC3705850"    ,   1, -3697177618245447843840.0, 189216797962184294400.0, 3697177617552555638784.0, 189216797926722961408.0, 3697177611849519595520.0, 189216797634848915456.0
"Line.RBT_UC3705850"    ,   2, 3708189837665596604416.0, -187066527276203016192.0
"Line.RBT_UC3753117"    ,   1, 30569865435913367552.0, 14179407758700683264.0, 30569865337700913152.0, 14179407713146200064.0, 30569863799039143936.0, 14179406999459295232.0
"Line.RBT_UC3753117"    ,   2, -30534967778267430912.0, -14181071479966220288.0
"Line.RBT_UC3820081"    ,   1, 248108011.8, -2346187766021620.5, 247937935.4, 2344579469998733.5, 247528205.9, 2340704938670869.0
"Line.RBT_UC3820081"    ,   2, -137762869.0, -199853915.7
"Line.RBT_UC3821082"    ,   1, -5494633294217361752064.0, 565690697595294711808.0, 5494633293591895605248.0, 565690697530900938752.0, 5494633288443829944320.0, 565690697000890466304.0
"Line.RBT_UC3821082"    ,   2, 5523385692536328683520.0, -560062769962014539776.0
"Line.RBT_UC3829166"    ,   1, 43053838214184296448.0, 19956521885735157760.0, 43053838136007122944.0, 19956521849498095616.0, 43053836911231352832.0, 19956521281784152064.0
"Line.RBT_UC3829166"    ,   2, -42969739181301039104.0, -19956036949557563392.0
"Line.RBT_UC3847511"    ,   1, 376111511412064911360.0, 174639325374555717632.0, 376111510651653914624.0, 174639325021475143680.0, 376111504986056622080.0, 174639322390776381440.0
"Line.RBT_UC3847511"    ,   2, -375995960645913477120.0, -174620311358002003968.0
"Line.RBT_UC3855982"    ,   1, -4778510520134729203712.0, -34237872632964235264.0, 4778510519427198353408.0, 34237872627894800384.0, 4778510514155593662464.0, 34237872590123925504.0
"Line.RBT_UC3855982"    ,   2, 4799114440789135982592.0, 38266700985429524480.0
"Line.RBT_UC3863516"    ,   1, 126751618.6, -2481161579607609.5, 126662218.9, 2479411582348409.0, 126446847.1, 2475195679860335.5
"Line.RBT_UC3863516"    ,   2, -149784152.5, -97930827.9
"Line.RBT_UC3910460"    ,   1, -77812533.4, -2856724530834509.0, 77792196.3, 2855977897461024.5, 77640670.8, 2850414953030413.5
"Line.RBT_UC3910460"    ,   2, -3928117.9, -77458407.9
"Line.RBT_UC4082155"    ,   1, 30690159110012989440.0, 14220601791590803456.0, 30690159038729379840.0, 14220601758560808960.0, 30690158303028740096.0, 14220601417666326528.0
"Line.RBT_UC4082155"    ,   2, -30615721090641145856.0, -14218574961822056448.0
"Line.RBT_UC4094065"    ,   1, -77812533.4, -2856724530834509.0, 77792196.3, 2855977897461024.5, 77640670.8, 2850414953030413.5
"Line.RBT_UC4094065"    ,   2, -3928117.9, -77458407.9
"Line.RBT_UC4204303"    ,   1, 182912462.1, -2190263295749534.0, 182777334.4, 2188645226178537.5, 182451799.7, 2184747149484773.5
"Line.RBT_UC4204303"    ,   2, -244182446.7, 30807278.3
"Line.RBT_UC4209155"    ,   1, 12379873278380.6, -1936823153473954.2, 12375504336554.6, 1936139635355913.5, 12339544584602.0, 1930513755461271.0
"Line.RBT_UC4209155"    ,   2, -12380006616057.1, -5749166501782.7
"Line.RBT_UC4294458"    ,   1, 169634995759164948480.0, 78690303237559549952.0, 169634995621037670400.0, 78690303173485051904.0, 169634994195459997696.0, 78690302512187899904.0
"Line.RBT_UC4294458"    ,   2, -169424193040789045248.0, -78684104290967814144.0
"Line.RBT_UC4308460"    ,   1, 2286798874749178216448.0, 331666308980282359808.0, 2286798874449166467072.0, 331666308936770060288.0, 2286798872213867200512.0, 331666308612573036544.0
"Line.RBT_UC4308460"    ,   2, -2273816345684255965184.0, -329129330843061583872.0
"Line.RBT_UC4634989"    ,   1, 432888467310421934080.0, 200991766200777474048.0, 432888466723727802368.0, 200991765928373157888.0, 432888461894784057344.0, 200991763686276136960.0
"Line.RBT_UC4634989"    ,   2, -432705866176772505600.0, -200957566026081173504.0
"Line.RBT_UC4636097"    ,   1, -16712449015190143369216.0, -168561570262869966848.0, 16712449014513193189376.0, 168561570256042262528.0, 16712449008941372801024.0, 168561570199844945920.0
"Line.RBT_UC4636097"    ,   2, 16769646122625876885504.0, 179742116004289904640.0
"Line.RBT_UC4663469"    ,   1, 460849447063499440128.0, 213985802873079005184.0, 460849446479650488320.0, 213985802601980952576.0, 460849441674124460032.0, 213985800370635440128.0
"Line.RBT_UC4663469"    ,   2, -460698172918235987968.0, -213957773000431763456.0
"Line.RBT_UC4822838"    ,   1, -5159521403388305604608.0, -68404629312038731776.0, 5159521402686533533696.0, 68404629302734675968.0, 5159521397457837621248.0, 68404629233412939776.0
"Line.RBT_UC4822838"    ,   2, 5184615603373473792000.0, 73308287389798187008.0
"Line.RBT_UC4827459"    ,   1, 10350131.5, -171698065539065.0, 10343055.7, 171580685335663.8, 10232201.6, 169741728815712.8
"Line.RBT_UC4827459"    ,   2, -16529730.2, 33388220.3
"Line.RBT_UC4868318"    ,   1, 274043263159030415360.0, 127248073282388492288.0, 274043262475177066496.0, 127248072964850958336.0, 274043257379988144128.0, 127248070598972801024.0
"Line.RBT_UC4868318"    ,   2, -273967397930155048960.0, -127236133724879601664.0
"Line.RBT_UC4878101"    ,   1, 1498679387647482003456.0, 695976388815637970944.0, 1498679386967738155008.0, 695976388499969671168.0, 1498679381903168765952.0, 695976386148018421760.0
"Line.RBT_UC4878101"    ,   2, -1498526312147191332864.0, -695946655264262193152.0
"Line.RBT_UC5034930"    ,   1, 24656085081205207040.0, 11438478027051644928.0, 24656085023443501056.0, 11438478000254771200.0, 24656084118510075904.0, 11438477580437063680.0
"Line.RBT_UC5034930"    ,   2, -24628346532701642752.0, -11437914210224500736.0
"Line.RBT_UC5115435"    ,   1, 2061149.0, -1086028794224683.1, 2060704.8, 1085794749186534.8, 2053745.8, 1082128043588878.1
"Line.RBT_UC5115435"    ,   2, -13080209.9, 177118358.1
"Line.RBT_UC5122756"    ,   1, 1903460143.1, -166559943643284.8, 1883380572.0, 164802905416502.0, 1835007059.8, 160570040597434.2
"Line.RBT_UC5122756"    ,   2, 1132415616.7, 928571211.2
"Line.RBT_UC5169941"    ,   1, 40030082984039907328.0, 18546692459086626816.0, 40030082906714767360.0, 18546692423260430336.0, 40030081996910469120.0, 18546692001730940928.0
"Line.RBT_UC5169941"    ,   2, -39905619381707538432.0, -18532996126033002496.0
"Line.RBT_UC5200410"    ,   1, -34900813.9, -1617871199119198.2, 34885331.8, 1617153510897340.0, 34769979.9, 1611806228230254.0
"Line.RBT_UC5200410"    ,   2, -18664577.6, 552845458.2
"Line.RBT_UC5272377"    ,   1, 5819159052588291072.0, 2699466071488844800.0, 5819158950257514496.0, 2699466024018332672.0, 5819157347075340288.0, 2699465280313641472.0
"Line.RBT_UC5272377"    ,   2, -5817840432719273984.0, -2701925591764569088.0
"Line.RBT_UC5353520"    ,   1, 4207629790941089280.0, 37259029092523098112.0, 4207629785591311360.0, 37259029045150220288.0, 4207629730377564672.0, 37259028556226363392.0
"Line.RBT_UC5353520"    ,   2, -4202850436137181184.0, -37258378232770658304.0
"Line.RBT_UC5353521"    ,   1, 25998939359698804736.0, 12073670703089141760.0, 25998939287225200640.0, 12073670669433059328.0, 25998938151805366272.0, 12073670142154428416.0
"Line.RBT_UC5353521"    ,   2, -25997190121579773952.0, -12073633891143116800.0
"Line.RBT_UC5373707"    ,   1, -77549519.2, -2545321539647729.0, 77495386.1, 2543544791475511.0, 77364974.7, 2539264443606077.0
"Line.RBT_UC5373707"    ,   2, -131079578.8, -219545805.6
"Line.RBT_UC5394457"    ,   1, -68008224649280256.0, 5985442544172725.0, 68008220979908864.0, 5985442221229261.0, 68008193640507928.0, 5985439815073030.0
"Line.RBT_UC5394457"    ,   2, 68013632548703696.0, -5984387680523631.0
"Line.RBT_UC5473372"    ,   1, 219051209376068567040.0, 101731331323202895872.0, 219051208741129650176.0, 101731331028325810176.0, 219051204010387603456.0, 101731328831283920896.0
"Line.RBT_UC5473372"    ,   2, -219049335324012183552.0, -101731048042272587776.0
"Line.RBT_UC5603277"    ,   1, 187172184724747157504.0, 86766345375496552448.0, 187172184585529556992.0, 86766345310960238592.0, 187172182947501375488.0, 86766344551628832768.0
"Line.RBT_UC5603277"    ,   2, -186716072458946379776.0, -86714811134815666176.0
"Line.RBT_UC5835891"    ,   1, -22096250.0, -2167138128813755.8, 22088936.6, 2166420848414799.8, 22034446.4, 2161076604315536.5
"Line.RBT_UC5835891"    ,   2, 12550132.7, -356345640.5
"Line.RBT_UC5839753"    ,   1, -6656361173164834684928.0, 297530577149148135424.0, 6656361172389543804928.0, 297530577114493681664.0, 6656361166613082275840.0, 297530576856293441536.0
"Line.RBT_UC5839753"    ,   2, 6657503298755292561408.0, -297307385071950233600.0
"Line.RBT_UC5867381"    ,   1, -8925539.3, -185006578781979.8, 8919433.6, 184880022365694.8, 8847594.9, 183390964957064.7
"Line.RBT_UC5867381"    ,   2, 7120271.0, 3962616.5
"Line.RBT_UC5932672"    ,   1, 77557447153337794560.0, 36019139334853836800.0, 77557446586995474432.0, 36019139071833800704.0, 77557441925562630144.0, 36019136906976583680.0
"Line.RBT_UC5932672"    ,   2, -77557199689687859200.0, -36019169825386946560.0
"Line.RBT_UC5932690"    ,   1, 106454367714433794048.0, 49280669329011441664.0, 106454367633237082112.0, 49280669291423244288.0, 106454366361155420160.0, 49280668702541479936.0
"Line.RBT_UC5932690"    ,   2, -106096898077809721344.0, -49273597132717408256.0
"Line.RBT_UC6007467"    ,   1, 32379215966697791488.0, 15030334384916733952.0, 32379215847843614720.0, 15030334329744982016.0, 32379214449410416640.0, 15030333680596510720.0
"Line.RBT_UC6007467"    ,   2, -32361637365082664960.0, -15029414656606992384.0
"Line.RBT_UC6166354"    ,   1, 5937066.3, -2640601749412020.5, 5936246.8, 2640237265311166.5, 5923408.0, 2634527014397788.5
"Line.RBT_UC6166354"    ,   2, 10181011.9, 321123837.3
"Line.RBT_UC6319479"    ,   1, 191109740765216604160.0, 88635917298956500992.0, 191109740547166502912.0, 88635917197825753088.0, 191109737131048009728.0, 88635915613443948544.0
"Line.RBT_UC6319479"    ,   2, -190843490216251031552.0, -88631669476624302080.0
"Line.RBT_UC6457508"    ,   1, 3959026439.0, -83283318495768.0, 3925330039.6, 82574470499780.1, 3674268134.8, 77293053740940.4
"Line.RBT_UC6457508"    ,   2, -1737657657.2, 1489644454.3
"Line.RBT_UC6495794"    ,   1, 1035500380653058260992.0, 480885913536993427456.0, 1035500379935093555200.0, 480885913203570966528.0, 1035500378205451190272.0, 480885912400325771264.0
"Line.RBT_UC6495794"    ,   2, -1035349116040218804224.0, -480837572562430197760.0
"Line.RBT_UC6515530"    ,   1, 355319812662579167232.0, 165011486433665581056.0, 355319812372946026496.0, 165011486299159166976.0, 355319810214975045632.0, 165011485296991567872.0
"Line.RBT_UC6515530"    ,   2, -355296103254127607808.0, -165006868876442730496.0
"Line.RBT_UC6515539"    ,   1, 606214732370609307648.0, 281520826552992268288.0, 606214732100093345792.0, 281520826427367030784.0, 606214729873538809856.0, 281520825393374560256.0
"Line.RBT_UC6515539"    ,   2, -606148424797132292096.0, -281507882391696506880.0
"Line.RBT_UC6545744"    ,   1, 6887980.2, -117732824683486.7, 6883919.0, 117663409999700.1, 6820294.8, 116575913287042.3
"Line.RBT_UC6545744"    ,   2, -6068534.4, -9529116.1
"Line.RBT_UC6913749"    ,   1, -9130478.9, -281305179328680.6, 9126994.1, 281197812754161.1, 9072398.0, 279515736420022.7
"Line.RBT_UC6913749"    ,   2, 14346274.4, -2123026.9
"Line.RBT_UC6924803"    ,   1, -37556598.8, -336593965001605.8, 37543503.1, 336476596800373.9, 37338336.3, 334637828314406.8
"Line.RBT_UC6924803"    ,   2, 22535442.9, 2956904.6
"Line.RBT_UC7484275"    ,   1, 7458357901.1, -95229416001846.2, 7404824212.4, 94545889952440.0, 6964200774.6, 88919944776558.4
"Line.RBT_UC7484275"    ,   2, -4296126538.5, 2872392449.6
"Line.RBT_UC7937516"    ,   1, 93573072.3, -2154056106713675.5, 93544962.5, 2153409017471298.2, 93335524.5, 2148587746918939.2
"Line.RBT_UC7937516"    ,   2, -21751493.7, 44061526.0
"Line.RBT_UC8000574"    ,   1, -2279459543077681364992.0, 53636705090064818176.0, 2279459542607856140288.0, 53636705079009615872.0, 2279459537758903599104.0, 53636704964911587328.0
"Line.RBT_UC8000574"    ,   2, 2282784555582313201664.0, -53531259507123314688.0
"Line.RBT_UC8205544"    ,   1, 35369686205644845056.0, 16422928961547608064.0, 35369686057908482048.0, 16422928892950341632.0, 35369684841924579328.0, 16422928328342073344.0
"Line.RBT_UC8205544"    ,   2, -35359400718595907584.0, -16421638116200636416.0
"Line.RBT_UC8205547"    ,   1, 161233362718714036224.0, 74876096671771623424.0, 161233362135085940736.0, 74876096400737173504.0, 161233357786645561344.0, 74876094381339721728.0
"Line.RBT_UC8205547"    ,   2, -161221105154480898048.0, -74874420276159741952.0
"Line.RBT_UC8588910"    ,   1, 10414471.4, -94353331051301.6, 10393369.4, 94162150051007.1, 10236144.2, 92737716964305.8
"Line.RBT_UC8588910"    ,   2, 30574889.9, -39745261.7
"Line.RBT_UC8789570"    ,   1, 14238483422321.5, -1432383041052331.0, 14232588142325.7, 1431789979359049.0, 14184065453129.7, 1426908625422034.2
"Line.RBT_UC8789570"    ,   2, -14238325893811.6, -6611783575212.3
"Line.RBT_UC879305"     ,   1, 281374985.8, -7824736653290.3, 273397019.4, 7602877963282.0, 213955551.8, 5949874484205.5
"Line.RBT_UC879305"     ,   2, -412434594.0, 522096074.7
"Line.RBT_UC8848286"    ,   1, 45027997.8, -567510852776539.5, 44997323.8, 567124252432438.1, 44768780.7, 564243807615119.4
"Line.RBT_UC8848286"    ,   2, 22838527.7, 16776477.9
"Line.RBT_UC8911818"    ,   1, -41497789.2, -520757265506855.4, 41468289.1, 520387067514565.8, 41248492.5, 517628831769197.4
"Line.RBT_UC8911818"    ,   2, 6671282.6, -11460790.6
"Line.RBT_UC9312502"    ,   1, -389060411.9, -1981836304368994.2, 388924551.6, 1981144245360547.5, 387912297.2, 1975987918382121.5
"Line.RBT_UC9312502"    ,   2, 292495065.7, -229555787.9
"Line.RBT_UC9578939"    ,   1, -286948107.3, -1130647378977465.2, 286824029.7, 1130158482085547.0, 285899564.0, 1126515855947171.0
"Line.RBT_UC9578939"    ,   2, 273939138.7, -102432387.5
"Line.RBT_UC9674619"    ,   1, 210268621.5, -2627848283897936.0, 210211222.2, 2627130931805538.5, 209783557.0, 2621786153539648.0
"Line.RBT_UC9674619"    ,   2, 102364658.1, -383233451.1
"Line.RBT_UI2650619"    ,   1, 3252165.7, -236755655422298.1, 3250610.8, 236642462603162.4, 3226251.3, 234869108436702.9
"Line.RBT_UI2650619"    ,   2, 8569785.8, 48089376.3
"Line.RBT_UI3340398"    ,   1, 19393472.6, -62382750487267.2, 19363355.9, 62285874460136.8, 18891527.6, 60768150035095.1
"Line.RBT_UI3340398"    ,   2, -20020470.7, -20650584.7
"Line.RBT_UI3409838"    ,   1, -290961404.2, -35329885879360.8, 289987217.9, 35211595644161.2, 274724964.9, 33358381959368.4
"Line.RBT_UI3409838"    ,   2, 116898415.1, -129307338.3
"Line.RBT_UI3450379"    ,   1, 83879074.4, -2279476420921934.5, 83817921.1, 2277814535221712.0, 83670597.3, 2273810901489358.0
"Line.RBT_UI3450379"    ,   2, -27825855.8, -242802129.9
"Line.RBT_U10129937"    ,   1, -699390086665973137408.0, 59609601015304380416.0, 699390086352308273152.0, 59609600988570468352.0, 699390084015284551680.0, 59609600789383979008.0
"Line.RBT_U10129937"    ,   2, 701661720301252509696.0, -59166019248140369920.0
"Line.RBT_U10262599"    ,   1, 98978522.7, -2210941951558247.8, 98963736.1, 2210611654510652.5, 98732079.4, 2205437000764993.8
"Line.RBT_U10262599"    ,   2, -58509709.8, 210261678.7
"Line.RBT_U10342912"    ,   1, 38547487122587836416.0, 17901399322028832768.0, 38547487019650375680.0, 17901399274224818176.0, 38547485406963425280.0, 17901398525295247360.0
"Line.RBT_U10342912"    ,   2, -38545581034979762176.0, -17901366148995901440.0
"Line.RBT_U10428785"    ,   1, 2338361765278.6, -16900155663157.8, 2293537614017.3, 16576195895669.0, 1959566120817.2, 14162467487196.2
"Line.RBT_U10428785"    ,   2, -2338909992656.8, -1085676787536.4
"Line.RBT_U10428795"    ,   1, 506664195299952295936.0, 235292871187801735168.0, 506664195004466135040.0, 235292871050579116032.0, 506664192802886451200.0, 235292870028174131200.0
"Line.RBT_U10428795"    ,   2, -506617877045066268672.0, -235283834641809670144.0
"Line.RBT_U10428799"    ,   1, 1948180695.5, -23247132261704.0, 1917157873.3, 22876945012856.2, 1686016000.5, 20118789313694.3
"Line.RBT_U10428799"    ,   2, -2430056927.8, 3140057323.9
"Line.RBT_U10428815"    ,   1, 551070414375179649024.0, 255920535687764705280.0, 551070413972831928320.0, 255920535500911935488.0, 551070410975058198528.0, 255920534108727115776.0
"Line.RBT_U10428815"    ,   2, -551040873509916114944.0, -255914794244148396032.0
"Line.RBT_U10428821"    ,   1, 1369217388975945678848.0, 635843834861173473280.0, 1369217388573594746880.0, 635843834674327715840.0, 1369217385575796441088.0, 635843833282195619840.0
"Line.RBT_U10428821"    ,   2, -1369035021777966465024.0, -635808218140325838848.0
"Line.RBT_U10449946"    ,   1, 275155662530359893606531072.0, 125780911321403781850071040.0, 275155662530247399823114240.0, 125780911321352362501603328.0, 275155662529086693501304832.0, 125780911320821762241855488.0
"Line.RBT_U10449946"    ,   2, -271620873484102727198834688.0, -126190552618744510307893248.0
"Line.RBT_U10449951"    ,   1, 759871164892474376192.0, 349940377178534641664.0, 759871164710631505920.0, 349940377094791299072.0, 759871163355774582784.0, 349940376470844538880.0
"Line.RBT_U10449951"    ,   2, -748875131533149863936.0, -347793131357440770048.0
"Line.RBT_U10449955"    ,   1, 2187181.7, -2415563018119093.5, 2186558.8, 2414875088568536.5, 2181917.9, 2409749528959457.5
"Line.RBT_U10449955"    ,   2, -40491959.9, -28135350.3
"Line.RBT_U10449956"    ,   1, 812642782248054030336.0, 374375788211890946048.0, 812642782055932624896.0, 374375788123382677504.0, 812642780624492953600.0, 374375787463933820928.0
"Line.RBT_U10449956"    ,   2, -801376094257087905792.0, -372175667014851756032.0
"Line.RBT_U10449960"    ,   1, 2187181.7, -2415563018119093.5, 2186558.8, 2414875088568536.5, 2181917.9, 2409749528959457.5
"Line.RBT_U10449960"    ,   2, -40491959.9, -28135350.3
"Line.RBT_U10449973"    ,   1, -323962979.8, -2316950340492415.5, 323873227.3, 2316308439203871.5, 323204507.4, 2311525822561058.5
"Line.RBT_U10449973"    ,   2, 294437497.3, -50143835.9
"Line.RBT_U10449975"    ,   1, -60322962.0, -2350662767376269.0, 60306291.8, 2350013163318221.5, 60182087.0, 2345173155618120.5
"Line.RBT_U10449975"    ,   2, -33230069.7, -168570376.5
"Line.RBT_U10449979"    ,   1, 118910921067998298112.0, 55164633982955651072.0, 118910920864182304768.0, 55164633888402227200.0, 118910919345609670656.0, 55164633183912665088.0
"Line.RBT_U10449979"    ,   2, -118696575069837082624.0, -55125147783686119424.0
"Line.RBT_U10449987"    ,   1, 804096731046232326144.0, 370806404213979480064.0, 804096730842199752704.0, 370806404119890624512.0, 804096729322014113792.0, 370806403418862256128.0
"Line.RBT_U10449987"    ,   2, -794316107601027661824.0, -368896851429087838208.0
"Line.RBT_U10449990"    ,   1, 2187181.7, -2415563018119093.5, 2186558.8, 2414875088568536.5, 2181917.9, 2409749528959457.5
"Line.RBT_U10449990"    ,   2, -40491959.9, -28135350.3
"Line.RBT_U10449995"    ,   1, 95824607724751929344.0, 44463079757490610176.0, 95824607520943259648.0, 44463079662922407936.0, 95824606002425184256.0, 44463078958322704384.0
"Line.RBT_U10449995"    ,   2, -95685401988786536448.0, -44438282421015429120.0
"Line.RBT_U10452646"    ,   1, -151722442.5, -2399186418823593.0, 151678931.8, 2398498384800953.5, 151354746.7, 2393372046801287.5
"Line.RBT_U10452646"    ,   2, 51312776.0, -91939259.9
"Line.RBT_U10452649"    ,   1, -151722442.5, -2399186418823593.0, 151678931.8, 2398498384800953.5, 151354746.7, 2393372046801287.5
"Line.RBT_U10452649"    ,   2, 51312776.0, -91939259.9
"Line.RBT_U10453180"    ,   1, 124266430080279085056.0, 57704214483220717568.0, 124266429481646735360.0, 57704214205240500224.0, 124266425021414178816.0, 57704212134092111872.0
"Line.RBT_U10453180"    ,   2, -124246077643030921216.0, -57702451712057892864.0
"Line.RBT_U10453300"    ,   1, -151722442.5, -2399186418823593.0, 151678931.8, 2398498384800953.5, 151354746.7, 2393372046801287.5
"Line.RBT_U10453300"    ,   2, 51312776.0, -91939259.9
"Line.RBT_U10453303"    ,   1, -151722442.5, -2399186418823593.0, 151678931.8, 2398498384800953.5, 151354746.7, 2393372046801287.5
"Line.RBT_U10453303"    ,   2, 51312776.0, -91939259.9
"Line.RBT_U10453497"    ,   1, -151722442.5, -2399186418823593.0, 151678931.8, 2398498384800953.5, 151354746.7, 2393372046801287.5
"Line.RBT_U10453497"    ,   2, 51312776.0, -91939259.9
"Line.RBT_U10453502"    ,   1, -151722442.5, -2399186418823593.0, 151678931.8, 2398498384800953.5, 151354746.7, 2393372046801287.5
"Line.RBT_U10453502"    ,   2, 51312776.0, -91939259.9
"Line.RBT_U43593234"    ,   1, 69687558378166353920.0, 32345694169707130880.0, 69687558147980951552.0, 32345694062865870848.0, 69687556432937598976.0, 32345693266823233536.0
"Line.RBT_U43593234"    ,   2, -69629841489859731456.0, -32337540514838908928.0
"Line.RBT_U49343322"    ,   1, -9460609848104118648832.0, 327003924830737203200.0, 9460609847388601843712.0, 327003924806005555200.0, 9460609842057503047680.0, 327003924621737263104.0
"Line.RBT_U49343322"    ,   2, 9531694729987516006400.0, -313109063832746459136.0
"Line.RBT_U50239453"    ,   1, 17286656.4, -697442770613575.1, 17277480.7, 697072572682498.5, 17209115.7, 694314337393208.9
"Line.RBT_U50239453"    ,   2, -16325800.9, -85644505.1
"Line.RBT_U50841581"    ,   1, 37572828.8, -1150143319299920.0, 37565141.0, 1149907987358246.0, 37444698.6, 1146221120272019.5
"Line.RBT_U50841581"    ,   2, -79769235.6, -99629767.5
"Line.RBT_U51047675"    ,   1, 86760566399961825280.0, 40290692590617665536.0, 86760565697538949120.0, 40290692264419885056.0, 86760560463993815040.0, 40290689834016686080.0
"Line.RBT_U51047675"    ,   2, -86756651278751907840.0, -40291585666748129280.0
"Line.RBT_U51151404"    ,   1, -142234341553936973824.0, 56917824763005763584.0, 142234341355624366080.0, 56917824683647139840.0, 142234339878055788544.0, 56917824092369469440.0
"Line.RBT_U51151404"    ,   2, 142484376784432840704.0, -56869150173100343296.0
"Line.RBT_U51188536"    ,   1, -3896461106912234045440.0, -34531130500620652544.0, 3896461106194622185472.0, 34531130494261051392.0, 3896461100847908519936.0, 34531130446877523968.0
"Line.RBT_U51188536"    ,   2, 3907683531480892440576.0, 36722634195677605888.0
"Line.RBT_U51258993"    ,   1, -70855193.9, -2446356216947296.0, 70835051.8, 2445660790072267.5, 70684979.5, 2440479370116071.5
"Line.RBT_U51258993"    ,   2, 163604074.6, -130700444.8
"Line.RBT_U51971024"    ,   1, -705724980.8, -1466192896176091.2, 705387616.1, 1465491997553791.0, 702874011.9, 1460269809227074.8
"Line.RBT_U51971024"    ,   2, 545067706.3, 280218122.9
"Line.RBT_U51971941"    ,   1, 250842299549673127936.0, 116472492241589944320.0, 250842298941080535040.0, 116472491959004839936.0, 250842294406637223936.0, 116472489853546905600.0
"Line.RBT_U51971941"    ,   2, -250762065270487449600.0, -116459096633099010048.0
"Line.RBT_U52006276"    ,   1, -73263741.1, -2109716463823569.5, 73241908.0, 2109087754186040.0, 73079236.1, 2104403424633178.8
"Line.RBT_U52006276"    ,   2, -10452175.6, -5749981.7
"Line.RBT_U52726267"    ,   1, 841707149100538658816.0, 387200119502613446656.0, 841707148920566185984.0, 387200119419822931968.0, 841707147579644575744.0, 387200118802975358976.0
"Line.RBT_U52726267"    ,   2, -827933197224163409920.0, -384509324099658252288.0
"Line.RBT_U52778023"    ,   1, 887313630158628847616.0, 405659722299418083328.0, 887313630014592909312.0, 405659722233568165888.0, 887313628941424394240.0, 405659721742939717632.0
"Line.RBT_U52778023"    ,   2, -863415634657167933440.0, -400988115159259480064.0
"Line.RBT_U52859311"    ,   1, 67282113869575479296.0, 31196389868234858496.0, 67282113745574633472.0, 31196389810739953664.0, 67282112821681045504.0, 31196389382362439680.0
"Line.RBT_U52859311"    ,   2, -67096718653759537152.0, -31161105788107546624.0
"Line.RBT_U53491000"    ,   1, 75609503916094586880.0, 35083549566289911808.0, 75609503732865007616.0, 35083549481269596160.0, 75609502367675645952.0, 35083548847808376832.0
"Line.RBT_U53491000"    ,   2, -75502275535626387456.0, -35064820527088525312.0
"Line.RBT_U54703263"    ,   1, 45035450983079772160.0, 20907062398928388096.0, 45035450775392149504.0, 20907062302512386048.0, 45035449227973091328.0, 20907061584145276928.0
"Line.RBT_U54703263"    ,   2, -45005841136273719296.0, -20901644759244193792.0
"Line.RBT_U55033476"    ,   1, 173216610.0, -2460564035516816.0, 173167642.9, 2459868452508889.5, 172802804.0, 2454685869252649.5
"Line.RBT_U55033476"    ,   2, -115387279.7, -250735057.9
"Line.RBT_U55381087"    ,   1, -205218175362364964864.0, 31833449853674942464.0, 205218175078425853952.0, 31833449809630298112.0, 205218172962879406080.0, 31833449481466667008.0
"Line.RBT_U55381087"    ,   2, 205848221296142286848.0, -31710426962682707968.0
"Line.RBT_U56026107"    ,   1, 13283261917624496128.0, 6160041309972861952.0, 13283261859351902208.0, 6160041282949259264.0, 13283261425180030976.0, 6160041081604387840.0
"Line.RBT_U56026107"    ,   2, -13250540715099484160.0, -6153825545812738048.0
"Line.RBT_U57075034"    ,   1, 192289074423367041024.0, 89256376269667205120.0, 192289074130893996032.0, 89256376133907628032.0, 192289071723615780864.0, 89256375016501805056.0
"Line.RBT_U57075034"    ,   2, -192117962924929908736.0, -89223560930763964416.0
"Line.RBT_U57643525"    ,   1, 53496383.4, -2419228152247884.0, 53481177.5, 2418540504241289.5, 53367882.4, 2413417042333000.0
"Line.RBT_U57643525"    ,   2, -38526083.0, -427008878.8
"Line.RBT_U57749264"    ,   1, 8710732876335628288.0, 4044954502559079936.0, 8710732682608479232.0, 4044954412599082496.0, 8710731239204786176.0, 4044953742333750784.0
"Line.RBT_U57749264"    ,   2, -8709777840926280704.0, -4045001217352244224.0
"Line.RBT_U58864352"    ,   1, 7267335.7, -180589697868111.4, 7259749.3, 180401178364059.9, 7203224.9, 178996575298662.2
"Line.RBT_U58864352"    ,   2, -10457330.9, -17155825.8
"Line.RBT_U59297281"    ,   1, 64203803068679512064.0, 29808456745235959808.0, 64203802551002046464.0, 29808456504889352192.0, 64203801303869988864.0, 29808455925872529408.0
"Line.RBT_U59297281"    ,   2, -64159091926834954240.0, -29796811093183041536.0
"Line.RBT_U61642461"    ,   1, 60183483.5, -1311943594206213.8, 60160184.7, 1311435700647309.0, 59986591.7, 1307651535961949.0
"Line.RBT_U61642461"    ,   2, 15026781.6, 7720552.9
"Line.RBT_U61643185"    ,   1, 115774262.7, -1080601443676512.6, 115724947.3, 1080141148545741.9, 115357512.6, 1076711625669999.5
"Line.RBT_U61643185"    ,   2, -42342499.6, -138258409.4
"Line.RBT_U62603338"    ,   1, 783758009481.6, -180551640844789.4, 782938384582.0, 180362826671657.9, 776831601879.5, 178956028114100.3
"Line.RBT_U62603338"    ,   2, -783754926362.0, -363999240976.9
"Line.RBT_U62741563"    ,   1, 14920286.7, -951655652597784.5, 14913523.2, 951224255527371.0, 14863130.0, 948010043552036.5
"Line.RBT_U62741563"    ,   2, 2888984.2, 20351945.4
"Line.RBT_VC0470060"    ,   1, 19362059.4, -1344976148156071.0, 19354962.6, 1344483176631723.8, 19302086.9, 1340810191612292.5
"Line.RBT_VC0470060"    ,   2, -81529927.7, -150533421.1
"Line.RBT_VC1143889"    ,   1, 40274797293185310720.0, 18704100721207279616.0, 40274797110958628864.0, 18704100636579012608.0, 40274795753241509888.0, 18704100006038839296.0
"Line.RBT_VC1143889"    ,   2, -40273771946096836608.0, -18703973834427457536.0
"Line.RBT_VC3161922"    ,   1, 391144238028670894080.0, 180880336268377948160.0, 391144237930061692928.0, 180880336222777212928.0, 391144236385184055296.0, 180880335508365606912.0
"Line.RBT_VC3161922"    ,   2, -389390557753770770432.0, -180841040294582157312.0
"Line.RBT_VC3363792"    ,   1, 486038385146391560192.0, 225694646696951578624.0, 486038384940835012608.0, 225694646601500229632.0, 486038383409294016512.0, 225694645890320629760.0
"Line.RBT_VC3363792"    ,   2, -485921028971974950912.0, -225671789769027846144.0
"Line.RBT_VC3794637"    ,   1, 66513850.1, -2533824053396611.0, 66495507.9, 2533125315545201.5, 66358846.1, 2527919226483293.0
"Line.RBT_VC3794637"    ,   2, -187454792.3, -312016416.8
"Line.RBT_VC5191506"    ,   1, 314960520940632014848.0, 146232491158415507456.0, 314960520370924027904.0, 146232490893906755584.0, 314960515681789411328.0, 146232488716796297216.0
"Line.RBT_VC5191506"    ,   2, -314813347778058125312.0, -146205838799531786240.0
"Line.RBT_VC5221549"    ,   1, -382492850.7, -81552491445085.5, 380058171.4, 81033385892203.0, 354930443.5, 75675824808679.4
"Line.RBT_VC5221549"    ,   2, -1602911022.3, 8025806159.8
"Line.RBT_VC5353540"    ,   1, 34863725321497264128.0, 33839547429264818176.0, 34863725287679582208.0, 33839547396440584192.0, 34863724757869240320.0, 33839546882194272256.0
"Line.RBT_VC5353540"    ,   2, -34856872562194894848.0, -33839268010981834752.0
"Line.RBT_VC5394460"    ,   1, 6099139814213630.0, 2832550451673564.0, 6099136755690255.0, 2832549031240186.5, 6099111581690173.0, 2832537339980849.0
"Line.RBT_VC5394460"    ,   2, -6099087344028670.0, -2832542494555404.5
"Line.RBT_CL2597900"    ,   1, -518052.5, -51121676599387.1, 517539.5, 51071056386336.1, 509503.0, 50278006381871.3
"Line.RBT_CL2597900"    ,   2, 564546.7, 2370085.4
"Line.RBT_CL2990930"    ,   1, 24711023.0, -2363593534283668.5, 24703894.5, 2362911697582804.5, 24650782.1, 2357831533994678.0
"Line.RBT_CL2990930"    ,   2, -222098752.3, -288847784.2
"Line.RBT_CL3214113"    ,   1, -8689548.6, -2614901774870036.5, 8687176.4, 2614187926976535.5, 8669502.0, 2608869257460170.0
"Line.RBT_CL3214113"    ,   2, -181027247.7, 53435668.3
"Line.RBT_CL3248627"    ,   1, -9788831734.5, -84701876818426.6, 9707402896.5, 83997280438573.2, 9100700709.4, 78747541214031.7
"Line.RBT_CL3248627"    ,   2, 8327493367.3, 13775331736.8
"Line.RBT_CL3248634"    ,   1, -9788831734.5, -84701876818426.6, 9707402896.5, 83997280438573.2, 9100700709.4, 78747541214031.7
"Line.RBT_CL3248634"    ,   2, 8327493367.3, 13775331736.8
"Line.RBT_CL3263479"    ,   1, -5997610227.4, -85995770339446.8, 5948111121.9, 85286035370495.1, 5579307927.4, 79998010038446.5
"Line.RBT_CL3263479"    ,   2, 6728163246.1, 5591044072.8
"Line.RBT_CL3277539"    ,   1, 141605535.1, -2422074201740096.0, 141585025.7, 2421723402755884.0, 141263713.2, 2416227552003234.5
"Line.RBT_CL3277539"    ,   2, -118504191.1, 311942195.5
"Line.RBT_CL3944717"    ,   1, -3897955561965511245824.0, 313972269017862438912.0, 3897955561262861516800.0, 313972268961265418240.0, 3897955556027623014400.0, 313972268539577827328.0
"Line.RBT_CL3944717"    ,   2, 3912147036710293733376.0, -311199909775941238784.0
"Line.RBT_CL4395349"    ,   1, 131555309.4, -751963762043053.6, 131514921.0, 751732904269125.1, 130882170.4, 748116132477579.4
"Line.RBT_CL4395349"    ,   2, -169608516.5, 56847818.8
"Line.RBT_CL4876211"    ,   1, 53023152.2, -143409292540726.2, 52928681.5, 143153781979278.0, 52151115.0, 141050733511973.5
"Line.RBT_CL4876211"    ,   2, 174808856.9, 164609022.7
"Line.RBT_CL5996140"    ,   1, 88731672.1, -2127937910973111.0, 88715176.1, 2127542309664837.0, 88456739.5, 2121344555835210.2
"Line.RBT_CL5996140"    ,   2, -37063604.9, 330970369.8
"Line.RBT_CL6142613"    ,   1, -4067362577757632462848.0, 357819932444835446784.0, 4067362577067127341056.0, 357819932384089341952.0, 4067362571922375704576.0, 357819931931487764480.0
"Line.RBT_CL6142613"    ,   2, 4076906395954021138432.0, -355955574180725587968.0
"Line.RBT_CL6533662"    ,   1, 132362149299189661696.0, 2857012346767341056.0, 132362149266711019520.0, 2857012346066295808.0, 132362148757879095296.0, 2857012335083253248.0
"Line.RBT_CL6533662"    ,   2, -131910647230682759168.0, -2846692549102848000.0
"Line.RBT_CL6721775"    ,   1, -2915122498631633469440.0, 245953795786523803648.0, 2915122497935300886528.0, 245953795727773073408.0, 2915122492747132436480.0, 245953795290038566912.0
"Line.RBT_CL6721775"    ,   2, 2917110863695586525184.0, -245565632778909122560.0
"Line.RBT_UC0469489"    ,   1, 9253456819964241920.0, 4297478484111837184.0, 9253456649890883584.0, 4297478405126586880.0, 9253455382724587520.0, 4297477816630850048.0
"Line.RBT_UC0469489"    ,   2, -9253410199590096896.0, -4297475343758323200.0
"Line.RBT_UC0469983"    ,   1, 270123464.3, -10421252129029.5, 267187079.7, 10307967620733.2, 221183721.6, 8533176990758.4
"Line.RBT_UC0469983"    ,   2, -617215968.6, -8116526.3
"Line.RBT_UC0470011"    ,   1, 248108011.8, -2346187766021620.5, 247937935.4, 2344579469998733.5, 247528205.9, 2340704938670869.0
"Line.RBT_UC0470011"    ,   2, -137762869.0, -199853915.7
"Line.RBT_UC0883043"    ,   1, 3315713849235263193088.0, 275159940280473157632.0, 3315713848816427859968.0, 275159940245715419136.0, 3315713845695808536576.0, 275159939986745720832.0
"Line.RBT_UC0883043"    ,   2, -3314398337834300735488.0, -274902849046382247936.0
"Line.RBT_UC0920164"    ,   1, 330995968903319388160.0, 153717943882034577408.0, 330995968473993576448.0, 153717943682651226112.0, 330995965275213725696.0, 153717942197104869376.0
"Line.RBT_UC0920164"    ,   2, -330983492229563351040.0, -153715588789351677952.0
"Line.RBT_UC0943010"    ,   1, 6678748388607911936.0, 3101674414951038464.0, 6678748333156608000.0, 3101674389198924288.0, 6678747876749722624.0, 3101674177239216640.0
"Line.RBT_UC0943010"    ,   2, -6678493175097561088.0, -3101630549865676288.0
"Line.RBT_UC0968187"    ,   1, 38512961.4, -2785519362555557.0, 38507823.4, 2785147747399467.5, 38427328.1, 2779325776620733.5
"Line.RBT_UC0968187"    ,   2, -23769752.6, 302188994.9
"Line.RBT_UC1048017"    ,   1, 45913669448628895744.0, 21322724843316482048.0, 45913669288309424128.0, 21322724768862666752.0, 45913668093816504320.0, 21322724214129311744.0
"Line.RBT_UC1048017"    ,   2, -45911947817954623488.0, -21322459551906136064.0
"Line.RBT_UC1159659"    ,   1, -46642933.6, -2350229078684827.0, 46609702.1, 2348554621145565.5, 46529644.4, 2344520700710070.5
"Line.RBT_UC1159659"    ,   2, 116456398.4, -175369130.1
"Line.RBT_UC1165885"    ,   1, -1037406813222853672960.0, 954795405170708185088.0, 1037406812753154146304.0, 954795404738412150784.0, 1037406809253562155008.0, 954795401517501644800.0
"Line.RBT_UC1165885"    ,   2, 1037479053721061556224.0, -954781287972592943104.0
"Line.RBT_UC1463152"    ,   1, -1452828982.7, -17581627024367.2, 1386359094.8, 16777231743262.9, 1226227092.0, 14839370384238.8
"Line.RBT_UC1463152"    ,   2, 696637754.8, 1272259587.3
"Line.RBT_UC1726386"    ,   1, 5999100206047190016.0, 2786040499311764992.0, 5999100152712333312.0, 2786040474542538752.0, 5999099713725438976.0, 2786040270672754176.0
"Line.RBT_UC1726386"    ,   2, -5998877625426571264.0, -2786003013987524096.0
"Line.RBT_UC2220916"    ,   1, 77315045937564581888.0, 4006104387274074624.0, 77315045876231602176.0, 4006104384096086016.0, 77315045371413954560.0, 4006104357938794496.0
"Line.RBT_UC2220916"    ,   2, -76716784534509404160.0, -3889283940603143680.0
"Line.RBT_UC2335036"    ,   1, 71924995502252474368.0, 33396733298014867456.0, 71924995210149412864.0, 33396733162383462400.0, 71924993033775874048.0, 33396732151833989120.0
"Line.RBT_UC2335036"    ,   2, -71901593453109133312.0, -33392589150499106816.0
"Line.RBT_UC2549886"    ,   1, 107470217470714396672.0, 49648275332350033920.0, 107470217399129260032.0, 49648275299279675392.0, 107470216277628780544.0, 49648274781177397248.0
"Line.RBT_UC2549886"    ,   2, -106875884432053633024.0, -49635374235686240256.0
"Line.RBT_UC2625760"    ,   1, 5991998073189031936.0, 2779929675360076288.0, 5991998042574644224.0, 2779929661156826624.0, 5991997562949239808.0, 2779929438639248896.0
"Line.RBT_UC2625760"    ,   2, -5985645502288855040.0, -2779857741375115264.0
"Line.RBT_UC2690786"    ,   1, -127967047.5, -2232851713662350.8, 127873345.5, 2231216739412024.5, 127647608.7, 2227277937808965.5
"Line.RBT_UC2690786"    ,   2, 45288282.6, 306768645.7
"Line.RBT_UC2792085"    ,   1, -314620914.2, -2206450275916286.0, 314528062.0, 2205799099699374.0, 313836248.1, 2200947378308579.5
"Line.RBT_UC2792085"    ,   2, 198374351.4, -162719496.3
"Line.RBT_UC2922123"    ,   1,   -271.3, -9441516223.0,    253.4, 8819905982.2,      0.0,      0.0
"Line.RBT_UC2922123"    ,   2,    397.5,    306.7
"Line.RBT_UC3102928"    ,   1, -8560523085829945425920.0, 757456529832534867968.0, 8560523085188365811712.0, 757456529775766274048.0, 8560523079907677306880.0, 757456529308517793792.0
"Line.RBT_UC3102928"    ,   2, 8629318273535438749696.0, -744007073853525327872.0
"Line.RBT_UC3228035"    ,   1, 3238875937436620800.0, 1503395711316118272.0, 3238875908056552448.0, 1503395697678711552.0, 3238875447768815616.0, 1503395484026005248.0
"Line.RBT_UC3228035"    ,   2, -3237191012124334080.0, -1503418552885833472.0
"Line.RBT_UC3330396"    ,   1, -33744058.1, -792115227800614.2, 33727269.7, 791721132795358.0, 33602184.1, 788784847474505.2
"Line.RBT_UC3330396"    ,   2, 15567979.2, -73005836.1
"Line.RBT_UC3338341"    ,   1, -121051303.9, -2250457190908453.5, 121033384.6, 2250124053535462.5, 120752648.2, 2244904901358604.8
"Line.RBT_UC3338341"    ,   2, 168007497.6, 387791012.4
"Line.RBT_UC3368397"    ,   1, 530590881110831005696.0, 246414291325143646208.0, 530590880482749382656.0, 246414291033453199360.0, 530590875803099004928.0, 246414288860154003456.0
"Line.RBT_UC3368397"    ,   2, -530579645662415028224.0, -246412176251241136128.0
"Line.RBT_UC3502888"    ,   1, 54539912848336224256.0, 25329019987457400832.0, 54539912554441564160.0, 25329019850969034752.0, 54539910135462445056.0, 25329018727564771328.0
"Line.RBT_UC3502888"    ,   2, -54538504103243538432.0, -25328810850848399360.0
"Line.RBT_UC3539246"    ,   1, -3858908443493426266112.0, 81590147123579764736.0, 3858908442779903328256.0, 81590147108493524992.0, 3858908437463654989824.0, 81590146996090372096.0
"Line.RBT_UC3539246"    ,   2, 3867437117302111731712.0, -79924468875072176128.0
"Line.RBT_UC3754365"    ,   1, 269426505.3, -2742182670352412.0, 269361164.0, 2741517635581010.5, 268823354.1, 2736043887847166.5
"Line.RBT_UC3754365"    ,   2, -291341894.2, -223893052.5
"Line.RBT_UC3838227"    ,   1, -3131034143711559155712.0, 282917508318356799488.0, 3131034143029028978688.0, 282917508256683982848.0, 3131034137943697522688.0, 282917507797177860096.0
"Line.RBT_UC3838227"    ,   2, 3140357138607225438208.0, -281093981074942099456.0
"Line.RBT_UC3852626"    ,   1, -167092082.0, -2454156997879522.0, 166974856.7, 2452435257276109.5, 166692450.4, 2448287427640615.5
"Line.RBT_UC3852626"    ,   2, 85978619.3, 185307233.9
"Line.RBT_UC3867775"    ,   1, 109272805517462831104.0, 50746098549547679744.0, 109272804983892312064.0, 50746098301758472192.0, 109272800592196452352.0, 50746096262262644736.0
"Line.RBT_UC3867775"    ,   2, -109266606360514084864.0, -50745675009187241984.0
"Line.RBT_UC3880985"    ,   1, 3959026439.0, -83283318495768.0, 3925330039.6, 82574470499780.1, 3674268134.8, 77293053740940.4
"Line.RBT_UC3880985"    ,   2, -1737657657.2, 1489644454.3
"Line.RBT_UC4134611"    ,   1, 8430172269219003392.0, 3915030494302508544.0, 8430172153872349184.0, 3915030440734722048.0, 8430170963407823872.0, 3915029887874736640.0
"Line.RBT_UC4134611"    ,   2, -8430067117081779200.0, -3915097782866365440.0
"Line.RBT_UC4215928"    ,   1, -13033210.0, -1350621079268525.0, 13029870.0, 1350274950709771.8, 12995397.9, 1346702642754337.5
"Line.RBT_UC4215928"    ,   2, 76273828.3, 8165983.4
"Line.RBT_UC4580853"    ,   1, 95255616098216886272.0, 44238324956648906752.0, 95255615444688535552.0, 44238324653139247104.0, 95255610575442083840.0, 44238322391778549760.0
"Line.RBT_UC4580853"    ,   2, -95254947183784198144.0, -44238370288177102848.0
"Line.RBT_UC4622885"    ,   1, 578195077331939950592.0, 268520833489108434944.0, 578195076809122250752.0, 268520833246305550336.0, 578195072913762418688.0, 268520831437252984832.0
"Line.RBT_UC4622885"    ,   2, -578177037760247300096.0, -268517390936088379392.0
"Line.RBT_UC4634969"    ,   1, 4014919583870706176.0, 1862338843433116416.0, 4014919553553381376.0, 1862338829370286336.0, 4014919078581961728.0, 1862338609052617472.0
"Line.RBT_UC4634969"    ,   2, -4010056637606038528.0, -1862353356869711104.0
"Line.RBT_UC4636098"    ,   1, -3113134029546027745280.0, 182914521078763487232.0, 3113134028789628010496.0, 182914521034320674816.0, 3113134023153920507904.0, 182914520703190433792.0
"Line.RBT_UC4636098"    ,   2, 3115530400173962821632.0, -182446861148552232960.0
"Line.RBT_UC4636188"    ,   1, -448792473.4, -1647378599925973.2, 448606258.5, 1646695062592254.2, 447073566.8, 1641069024537796.2
"Line.RBT_UC4636188"    ,   2, 478439084.5, 535483633.3
"Line.RBT_UC4661175"    ,   1, 2406032337799828471808.0, 1115836317411944693760.0, 2406032337173629370368.0, 1115836317121534754816.0, 2406032332019529678848.0, 1115836314731237736448.0
"Line.RBT_UC4661175"    ,   2, -2400186900852984250368.0, -1114696506912170704896.0
"Line.RBT_UC4696003"    ,   1, -2134415690725003100160.0, 191575741455475310592.0, 2134415689978220904448.0, 191575741388447416320.0, 2134415684414167318528.0, 191575740889042518016.0
"Line.RBT_UC4696003"    ,   2, 2135711296361778642944.0, -191323433955946463232.0
"Line.RBT_UC4723993"    ,   1, -3922725022033849090048.0, 207459514496067371008.0, 3922725021308134359040.0, 207459514457686802432.0, 3922725015901049978880.0, 207459514171724595200.0
"Line.RBT_UC4723993"    ,   2, 3931950547972218421248.0, -205657681621649784832.0
"Line.RBT_UC4913165"    ,   1, -15730587.4, -338680582110812.3, 15723448.4, 338526877175403.8, 15639450.2, 336718391446022.5
"Line.RBT_UC4913165"    ,   2, -6946779.7, -25324542.1
"Line.RBT_UC5140546"    ,   1, 1268649438007636000768.0, 588687667175556317184.0, 1268649437365802369024.0, 588687666877728096256.0, 1268649432583689994240.0, 588687664658698534912.0
"Line.RBT_UC5140546"    ,   2, -1266801914762697900032.0, -588329045890680094720.0
"Line.RBT_UC5266062"    ,   1, -4071541740451615735808.0, -26976616361743212544.0, 4071541739742287626240.0, 26976616357043453952.0, 4071541734457293668352.0, 26976616322026926080.0
"Line.RBT_UC5266062"    ,   2, 4083166629478742360064.0, 29247194344425021440.0
"Line.RBT_UC5330102"    ,   1, -2506625630967838015488.0, 350172203260326182912.0, 2506625630297269469184.0, 350172203166648631296.0, 2506625624777973825536.0, 350172202395610513408.0
"Line.RBT_UC5330102"    ,   2, 2510024868989851664384.0, -349509406512332865536.0
"Line.RBT_UC5353536"    ,   1, 11182894343176704000.0, 40496336758672367616.0, 11182894334259828736.0, 40496336726381912064.0, 11182894194562113536.0, 40496336220498051072.0
"Line.RBT_UC5353536"    ,   2, -11174741379324395520.0, -40495650070387515392.0
"Line.RBT_UC5394476"    ,   1, 29229233971365440.0, 13574335307331006.0, 29229230630506012.0, 13574333755803994.0, 29229205738750568.0, 13574322195835124.0
"Line.RBT_UC5394476"    ,   2, -29228028914531652.0, -13574102036712132.0
"Line.RBT_UC5539132"    ,   1,  13186.7, -2300322119.3,      0.0,      0.0,      0.0,      0.0
"Line.RBT_UC5539132"    ,   2,  26895.3, 201649.6
"Line.RBT_UC5649903"    ,   1, 35175301.8, -2403359720098575.5, 35150319.9, 2401652825499532.5, 35090136.1, 2397540761238202.0
"Line.RBT_UC5649903"    ,   2, -2860993.8, 53621326.5
"Line.RBT_UC5882941"    ,   1, 52408242759264411648.0, 24337863709747941376.0, 52408242390915645440.0, 24337863538690461696.0, 52408239359121965056.0, 24337862130755801088.0
"Line.RBT_UC5882941"    ,   2, -52404154900695285760.0, -24337574876453171200.0
"Line.RBT_UC5950763"    ,   1, -3341649905547634278400.0, 380418793575065911296.0, 3341649904924595060736.0, 380418793504138133504.0, 3341649899796505296896.0, 380418792920348164096.0
"Line.RBT_UC5950763"    ,   2, 3342032662531953655808.0, -380344046715848884224.0
"Line.RBT_UC6030007"    ,   1, 55586604127083896832.0, 25800393358874202112.0, 55586604014971420672.0, 25800393306837458944.0, 55586602258542698496.0, 25800392491595141120.0
"Line.RBT_UC6030007"    ,   2, -55552521723249369088.0, -25799741633260838912.0
"Line.RBT_UC6050742"    ,   1,  13186.7, -2300322119.3,      0.0,      0.0,      0.0,      0.0
"Line.RBT_UC6050742"    ,   2,  26895.3, 201649.6
"Line.RBT_UC6056389"    ,   1, 176710530145033322496.0, 82049871902162550784.0, 176710530043411529728.0, 82049871854977728512.0, 176710528451336896512.0, 82049871115748884480.0
"Line.RBT_UC6056389"    ,   2, -176669429476185866240.0, -82048942055469137920.0
"Line.RBT_UC6495793"    ,   1, 756408078418914181120.0, 351262664409617072128.0, 756408078153755000832.0, 351262664286481809408.0, 756408075971291119616.0, 351262663272983822336.0
"Line.RBT_UC6495793"    ,   2, -756300633112263917568.0, -351241677729336655872.0
"Line.RBT_UC6549521"    ,   1, 1395341.4, -117732836045449.9, 1394267.4, 117642211319355.2, 1381630.0, 116575924648496.5
"Line.RBT_UC6549521"    ,   2, -5180884.9, 7803529.5
"Line.RBT_UC6723391"    ,   1, -2098255176536092049408.0, 37755507335453761536.0, 2098255176126940839936.0, 37755507328091594752.0, 2098255172759311613952.0, 37755507267495264256.0
"Line.RBT_UC6723391"    ,   2, 2098485597232129900544.0, -37706099620018814976.0
"Line.RBT_UC6770171"    ,   1, 139797342235622686720.0, 64924485990940188672.0, 139797341669280333824.0, 64924485727920267264.0, 139797337007847047168.0, 64924483563063943168.0
"Line.RBT_UC6770171"    ,   2, -139796538241743454208.0, -64924407687236870144.0
"Line.RBT_UC7775543"    ,   1, 105020107426623700992.0, 48770506088850661376.0, 105020106798069153792.0, 48770505796954906624.0, 105020101624581767168.0, 48770503394428346368.0
"Line.RBT_UC7775543"    ,   2, -105014465949574348800.0, -48770892937074589696.0
"Line.RBT_UC8456677"    ,   1, 1167659248063653478400.0, 541908156711471939584.0, 1167659247437051330560.0, 541908156420667211776.0, 1167659242768423976960.0, 541908154253967294464.0
"Line.RBT_UC8456677"    ,   2, -1166265156298394959872.0, -541637693047732043776.0
"Line.RBT_UC8529681"    ,   1, -274699584.1, -615157629122620.4, 274455785.1, 614611669875465.6, 272449132.3, 610118005302730.2
"Line.RBT_UC8529681"    ,   2, 48919643.5, -72395327.5
"Line.RBT_UC8603629"    ,   1, -3980093.3, -2648323714510416.5, 3979011.2, 2647603645716844.0, 3970948.2, 2642238626114029.0
"Line.RBT_UC8603629"    ,   2, -41168648.0, -368848128.5
"Line.RBT_UC8628888"    ,   1, -5286165180858261045248.0, -104953637652324958208.0, 5286165180161970929664.0, 104953637638500532224.0, 5286165174974120198144.0, 104953637535498862592.0
"Line.RBT_UC8628888"    ,   2, 5306562764426682826752.0, 108942705561139478528.0
"Line.RBT_UC8811685"    ,   1, -651773530335297142784.0, -13934216013259307008.0, 651773530220082102272.0, 13934216010796134400.0, 651773528415046205440.0, 13934215972206411776.0
"Line.RBT_UC8811685"    ,   2, 653734759021484048384.0, 14052609972563666944.0
"Line.RBT_UC8877889"    ,   1, 22934597.4, -1722717778202453.5, 22930354.0, 1722399036045882.2, 22863873.6, 1717405408926267.5
"Line.RBT_UC8877889"    ,   2, -23698002.1, -51984646.3
"Line.RBT_UC9123564"    ,   1, 60031740586089504768.0, 27875620051353440256.0, 60031740361841352704.0, 27875619947224256512.0, 60031738691034742784.0, 27875619171388510208.0
"Line.RBT_UC9123564"    ,   2, -60016396836660969472.0, -27872857689402859520.0
"Line.RBT_UI2002101"    ,   1, 642639.3, -179072331562700.9, 640957.9, 178603807529007.6, 636907.2, 177475090538746.4
"Line.RBT_UI2002101"    ,   2, 1378632.4, 12288081.8
"Line.RBT_UI2989105"    ,   1, 75723304.4, -2902482057509413.0, 75705282.8, 2901791286697565.0, 75556951.0, 2896105711553893.5
"Line.RBT_UI2989105"    ,   2, 104005429.5, 91426411.5
"Line.RBT_UI3319451"    ,   1, -971472748.6, -564850792489769.4, 970207777.4, 564115290642921.9, 960782850.9, 558635283924860.9
"Line.RBT_UI3319451"    ,   2, 1160040677.7, 2679362343.9
"Line.RBT_UI3343920"    ,   1, -226272793.3, -85264523679144.0, 224550207.8, 84615415870529.1, 210372003.6, 79272759291929.8
"Line.RBT_UI3343920"    ,   2, -759210637.0, 11522847490.3
"Line.RBT_UM3001808"    ,   1, 864187629250659614720.0, 401113391006356668416.0, 864187628609425506304.0, 401113390708727349248.0, 864187623831780065280.0, 401113388491179294720.0
"Line.RBT_UM3001808"    ,   2, -863329796002849751040.0, -400948237646111440896.0
"Line.RBT_U10040352"    ,   1, 561490529940741160960.0, 260545894061656276992.0, 561490529590056321024.0, 260545893898929602560.0, 561490526977207500800.0, 260545892686501249024.0
"Line.RBT_U10040352"    ,   2, -560667206843579826176.0, -260385462815524454400.0
"Line.RBT_U10139459"    ,   1, 429553188413224386560.0, 199452096644116119552.0, 429553187812842274816.0, 199452096365343965184.0, 429553183339573084160.0, 199452094288295198720.0
"Line.RBT_U10139459"    ,   2, -429404878053971132416.0, -199424518752241025024.0
"Line.RBT_U10393588"    ,   1, -2162732.5, -194357774791189.3, 2161625.4, 194258285664688.6, 2144281.3, 192699622682844.4
"Line.RBT_U10393588"    ,   2, 1394525.9, 31125191.3
"Line.RBT_U10428777"    ,   1, 6120596975.3, -60311723425555.3, 6060087974.9, 59715474054444.3, 5609253309.9, 55272996345743.7
"Line.RBT_U10428777"    ,   2, -4124507920.6, 7343289842.2
"Line.RBT_U10428790"    ,   1, 799454406800021913600.0, 371252153075291979776.0, 799454406504534245376.0, 371252152938072834048.0, 799454404302942633984.0, 371252151915693539328.0
"Line.RBT_U10428790"    ,   2, -799339089502010212352.0, -371229628243157450752.0
"Line.RBT_U10428802"    ,   1, 450609387964761178112.0, 209264687908279484416.0, 450609387628788056064.0, 209264687752252293120.0, 450609385125551734784.0, 209264686589739991040.0
"Line.RBT_U10428802"    ,   2, -450581049689630310400.0, -209259171442563284992.0
"Line.RBT_U10428804"    ,   1, 312001179120718577664.0, 144896132458739269632.0, 312001178784746110976.0, 144896132302710652928.0, 312001176281514770432.0, 144896131140187668480.0
"Line.RBT_U10428804"    ,   2, -311987593260437995520.0, -144893499870309646336.0
"Line.RBT_U10428810"    ,   1, 539908067168611532800.0, 250736829050627948544.0, 539908066766263877632.0, 250736828863775080448.0, 539908063768490475520.0, 250736827471589572608.0
"Line.RBT_U10428810"    ,   2, -539879710922323787776.0, -250731319180872318976.0
"Line.RBT_U10428812"    ,   1, 855595829976692817920.0, 397337239275624071168.0, 855595829574343852032.0, 397337239088773922816.0, 855595826576561012736.0, 397337237696608731136.0
"Line.RBT_U10428812"    ,   2, -855524619532227051520.0, -397323352045601357824.0
"Line.RBT_U10449958"    ,   1, 288881641240326897664.0, 133820161803843764224.0, 288881641036457050112.0, 133820161709404061696.0, 288881639517483171840.0, 133820161005761806336.0
"Line.RBT_U10449958"    ,   2, -287617247093504278528.0, -133575406382444265472.0
"Line.RBT_U10449972"    ,   1, -60322962.0, -2350662767376269.0, 60306291.8, 2350013163318221.5, 60182087.0, 2345173155618120.5
"Line.RBT_U10449972"    ,   2, -33230069.7, -168570376.5
"Line.RBT_U10449976"    ,   1, 788480167166066556928.0, 363654804104015970304.0, 788480166962038964224.0, 363654804009916432384.0, 788480165441889894400.0, 363654803308808699904.0
"Line.RBT_U10449976"    ,   2, -779075305168632020992.0, -361818707127879139328.0
"Line.RBT_U10449996"    ,   1, 612010889194856644608.0, 282703453789167124480.0, 612010888990884626432.0, 282703453694947262464.0, 612010887471150006272.0, 282703452992942997504.0
"Line.RBT_U10449996"    ,   2, -606341634091088084992.0, -281597612796408692736.0
"Line.RBT_U10452643"    ,   1, 6981149266061634306048.0, 3224680509408309936128.0, 6981149265387082219520.0, 3224680509096725577728.0, 6981149260361189294080.0, 3224680506775202955264.0
"Line.RBT_U10452643"    ,   2, -6916050353591401054208.0, -3211957022298949025792.0
"Line.RBT_U10453104"    ,   1, -151722442.5, -2399186418823593.0, 151678931.8, 2398498384800953.5, 151354746.7, 2393372046801287.5
"Line.RBT_U10453104"    ,   2, 51312776.0, -91939259.9
"Line.RBT_U10453105"    ,   1, -151722442.5, -2399186418823593.0, 151678931.8, 2398498384800953.5, 151354746.7, 2393372046801287.5
"Line.RBT_U10453105"    ,   2, 51312776.0, -91939259.9
"Line.RBT_U10453533"    ,   1, -151722442.5, -2399186418823593.0, 151678931.8, 2398498384800953.5, 151354746.7, 2393372046801287.5
"Line.RBT_U10453533"    ,   2, 51312776.0, -91939259.9
"Line.RBT_U10453699"    ,   1, -151722442.5, -2399186418823593.0, 151678931.8, 2398498384800953.5, 151354746.7, 2393372046801287.5
"Line.RBT_U10453699"    ,   2, 51312776.0, -91939259.9
"Line.RBT_U10453700"    ,   1, -151722442.5, -2399186418823593.0, 151678931.8, 2398498384800953.5, 151354746.7, 2393372046801287.5
"Line.RBT_U10453700"    ,   2, 51312776.0, -91939259.9
"Line.RBT_U39795215"    ,   1, 554713626.8, -509297442558283.1, 553949240.1, 508595638607046.9, 548254020.5, 503366704942202.9
"Line.RBT_U39795215"    ,   2, 55675001.7, 292358755.4
"Line.RBT_U40839126"    ,   1, 94698492818651136000.0, 43972077132994879488.0, 94698492410265878528.0, 43972076943366217728.0, 94698489367508041728.0, 43972075530499153920.0
"Line.RBT_U40839126"    ,   2, -94673081751636344832.0, -43968139935499829248.0
"Line.RBT_U40897516"    ,   1, 36161634050329124864.0, 16788257415739465728.0, 36161633832272793600.0, 16788257314505494528.0, 36161632207599587328.0, 16788256560241129472.0
"Line.RBT_U40897516"    ,   2, -36147490728720097280.0, -16787643348873517056.0
"Line.RBT_U41217317"    ,   1,  -3641.5, -69001304982.7,   3447.1, 65317750193.0,   1998.7, 37872672957.4
"Line.RBT_U41217317"    ,   2,  -1018.7,  -3666.9
"Line.RBT_U43329773"    ,   1, 9192817318521867264.0, 4267343642122795008.0, 9192817157150753792.0, 4267343567213659648.0, 9192815954822312960.0, 4267343009087847936.0
"Line.RBT_U43329773"    ,   2, -9191291449585247232.0, -4268626134365626368.0
"Line.RBT_U43428761"    ,   1, 11725563491752900608.0, 5442693336129614848.0, 11725563309497333760.0, 5442693251531449344.0, 11725561951565012992.0, 5442692621215541248.0
"Line.RBT_U43428761"    ,   2, -11722957034466969600.0, -5444384049090782208.0
"Line.RBT_U51004118"    ,   1, 6120596975.3, -60311723425555.3, 6060087974.9, 59715474054444.3, 5609253309.9, 55272996345743.7
"Line.RBT_U51004118"    ,   2, -4124507920.6, 7343289842.2
"Line.RBT_U51198534"    ,   1, 6261249.3, -180775327239793.9, 6254713.1, 180586612531391.2, 6206013.5, 179180555056109.0
"Line.RBT_U51198534"    ,   2, -4579389.0, 30960819.7
"Line.RBT_U51725099"    ,   1, -2792080512788349321216.0, 579425972948307345408.0, 2792080512112855089152.0, 579425972808125513728.0, 2792080507079946141696.0, 579425971763672055808.0
"Line.RBT_U51725099"    ,   2, 2798513595086019756032.0, -578168046622457790464.0
"Line.RBT_U51900479"    ,   1, -26344049.0, -986848998834160.6, 26338612.2, 986645337697214.0, 26253436.4, 983454646551716.8
"Line.RBT_U51900479"    ,   2, 44292755.2, -29376896.7
"Line.RBT_U51900932"    ,   1, -4314482276798804000768.0, 114168683629955399680.0, 4314482276161497858048.0, 114168683613091168256.0, 4314482271413116338176.0, 114168683487440764928.0
"Line.RBT_U51900932"    ,   2, 4334631738166911959040.0, -110231645521033478144.0
"Line.RBT_U52221711"    ,   1, -4741670780412110045184.0, 124475698537330802688.0, 4741670779749084954624.0, 124475698519925424128.0, 4741670774809079840768.0, 124475698390243164160.0
"Line.RBT_U52221711"    ,   2, 4765474416733043294208.0, -119814869458960859136.0
"Line.RBT_U52913785"    ,   1, -4800273107740584312832.0, -61217234769470750720.0, 4800273107495319240704.0, 61217234766342922240.0, 4800273105667922853888.0, 61217234743038386176.0
"Line.RBT_U52913785"    ,   2, 5041491148704707510272.0, 108371354352745234432.0
"Line.RBT_U52993311"    ,   1, 9951531.9, -2604320136244208.0, 9948820.9, 2603610673518305.5, 9928622.3, 2598324676588691.0
"Line.RBT_U52993311"    ,   2, 209205570.4, -190423298.9
"Line.RBT_U55677013"    ,   1, 145150639564227690496.0, 67372340044629180416.0, 145150639256327831552.0, 67372339901716037632.0, 145150636962257043456.0, 67372338836912488448.0
"Line.RBT_U55677013"    ,   2, -145010691362562785280.0, -67345968833680662528.0
"Line.RBT_U56422640"    ,   1, 24594617349655760896.0, 11416928821034108928.0, 24594617154385326080.0, 11416928730388719616.0, 24594615699483070464.0, 11416928055016736768.0
"Line.RBT_U56422640"    ,   2, -24584627611382484992.0, -11417610253116035072.0
"Line.RBT_U56849055"    ,   1, -224331901.8, -2441727545634329.5, 224268142.0, 2441033555158030.0, 223793086.1, 2435862837383911.0
"Line.RBT_U56849055"    ,   2, 135341188.8, -94275683.0
"Line.RBT_U57957177"    ,   1, 99077918805067235328.0, 46008282187910070272.0, 99077918125316079616.0, 46008281872257662976.0, 99077913060691230720.0, 46008279520424968192.0
"Line.RBT_U57957177"    ,   2, -99067883547285815296.0, -46009176909461913600.0
"Line.RBT_U58544820"    ,   1, 91924160241701797888.0, 42684973450748706816.0, 91924159786822467584.0, 42684973239525548032.0, 91924156397651165184.0, 42684971665764229120.0
"Line.RBT_U58544820"    ,   2, -91904868974477131776.0, -42682524589458186240.0
"Line.RBT_U59159359"    ,   1, -9687840.3, -454763447671086.2, 9681471.4, 454464479559364.4, 9634018.4, 452236956586113.9
"Line.RBT_U59159359"    ,   2, -29434232.1, -24600164.9
"Line.RBT_U59509485"    ,   1, -47005128.3, -2280699910736021.5, 46991299.5, 2280028934308999.0, 46888265.3, 2275029687409072.0
"Line.RBT_U59509485"    ,   2, -96417039.4, -173378702.8
"Line.RBT_U61377052"    ,   1, 197881354880498958336.0, 91884847091523026944.0, 197881354261601714176.0, 91884846804142358528.0, 197881349650381602816.0, 91884844662953967616.0
"Line.RBT_U61377052"    ,   2, -197833071641556582400.0, -91877775781859098624.0
"Line.RBT_U61640486"    ,   1, -81707523.0, -1081685696422000.0, 81672739.3, 1081225211622211.0, 81413576.0, 1077794275578712.9
"Line.RBT_U61640486"    ,   2, 104435006.0, -18036056.0
"Line.RBT_U61643012"    ,   1, 76391629.7, -1030535679117285.5, 76358239.5, 1030085239005901.1, 76109458.5, 1026729142964740.8
"Line.RBT_U61643012"    ,   2, -21908078.1, -129761970.1
"Line.RBT_U61643634"    ,   1, 115774262.7, -1080601443676512.6, 115724947.3, 1080141148545741.9, 115357512.6, 1076711625669999.5
"Line.RBT_U61643634"    ,   2, -42342499.6, -138258409.4
"Line.RBT_U61748003"    ,   1, 60183483.5, -1311943594206213.8, 60160184.7, 1311435700647309.0, 59986591.7, 1307651535961949.0
"Line.RBT_U61748003"    ,   2, 15026781.6, 7720552.9
"Line.RBT_U62183470"    ,   1, 23753344073326489600.0, 11029490850393057280.0, 23753343532327944192.0, 11029490599188912128.0, 23753339501507805184.0, 11029488727541127168.0
"Line.RBT_U62183470"    ,   2, -23752433571201744896.0, -11031122085974616064.0
"Line.RBT_U62604429"    ,   1, 7964226.0, -180915646363174.9, 7955913.9, 180726829506026.2, 7893983.3, 179320010950650.0
"Line.RBT_U62604429"    ,   2, -2281613.0, 4430431.5
"Line.RBT_VC0469553"    ,   1, 23490866807320829952.0, 10909601006662875136.0, 23490866514690437120.0, 10909600870759809024.0, 23490864106117189632.0, 10909599752173027328.0
"Line.RBT_VC0469553"    ,   2, -23490781776613793792.0, -10909605574509043712.0
"Line.RBT_VC0979556"    ,   1, 2175485857482662477824.0, 1010301722224258187264.0, 2175485856351746523136.0, 1010301721699057664000.0, 2175485853627267153920.0, 1010301720433801822208.0
"Line.RBT_VC0979556"    ,   2, -2175216924335787474944.0, -1010215790490023755776.0
"Line.RBT_VC2681570"    ,   1, 4055868178079190876160.0, 1877873778519703289856.0, 4055868177476547510272.0, 1877873778240678526976.0, 4055868172986432880640.0, 1877873776161747894272.0
"Line.RBT_VC2681570"    ,   2, -4034475800389105483776.0, -1873694119540971012096.0
"Line.RBT_VC2756380"    ,   1, -171115064.5, -2239608698928710.2, 170990171.9, 2237974065287489.8, 170689294.4, 2234036084242731.8
"Line.RBT_VC2756380"    ,   2, 167495343.7, 312327146.6
"Line.RBT_CL3010910"    ,   1, -2239409817591041228800.0, 61116115376929972224.0, 2239409816907539808256.0, 61116115358276419584.0, 2239409811814972915712.0, 61116115219294306304.0
"Line.RBT_CL3010910"    ,   2, 2244391290725257445376.0, -60144596684755517440.0
"Line.RBT_CL3079452"    ,   1, 428012817.6, -2798067594835508.5, 427895823.9, 2797302766563931.5, 427024138.3, 2791604257329223.5
"Line.RBT_CL3079452"    ,   2, -300239388.0, 298850832.3
"Line.RBT_CL3102928"    ,   1, 259365718.3, -2486208431473170.5, 259292910.6, 2485510516966328.5, 258750442.1, 2480310562401265.0
"Line.RBT_CL3102928"    ,   2, -265429792.5, -441734701.4
"Line.RBT_CL3113774"    ,   1, -5989821042530669559808.0, -122563695764518764544.0, 5989821041842456625152.0, 122563695750436552704.0, 5989821036714786816000.0, 122563695645514186752.0
"Line.RBT_CL3113774"    ,   2, 6025428381436850733056.0, 129521963782057148416.0
"Line.RBT_CL3149417"    ,   1, -64647486.2, -2418034466612502.0, 64635281.8, 2417577980735223.5, 64491685.3, 2412206987328094.5
"Line.RBT_CL3149417"    ,   2, -14130044.7, -308085029.9
"Line.RBT_CL3394419"    ,   1, -314620914.2, -2206450275916286.0, 314528062.0, 2205799099699374.0, 313836248.1, 2200947378308579.5
"Line.RBT_CL3394419"    ,   2, 198374351.4, -162719496.3
"Line.RBT_CL3411072"    ,   1, -3514958953834456547328.0, 274929757922323791872.0, 3514958953128085422080.0, 274929757867073503232.0, 3514958947865122045952.0, 274929757455419998208.0
"Line.RBT_CL3411072"    ,   2, 3526372105816441880576.0, -272700665976031019008.0
"Line.RBT_CL3444738"    ,   1, -39322726.0, -2491997275775621.0, 39312066.6, 2491321755147340.0, 39224331.1, 2485761700745333.0
"Line.RBT_CL3444738"    ,   2, -134993222.1, -263997003.7
"Line.RBT_CL4176864"    ,   1, -3032101335524079828992.0, -25377157425429475328.0, 3032101334814589714432.0, 25377157419491401728.0, 3032101329528390418432.0, 25377157375248580608.0
"Line.RBT_CL4176864"    ,   2, 3032391169809564827648.0, 25433732744570441728.0
"Line.RBT_CL4306533"    ,   1, -9788831734.5, -84701876818426.6, 9714284206.7, 84056823794617.1, 9100700709.4, 78747541214031.7
"Line.RBT_CL4306533"    ,   2, 8327493367.3, 13775331736.8
"Line.RBT_CL5853819"    ,   1, -1763772208275528351744.0, 288705603566212317184.0, 1763772207583891030016.0, 288705603453000646656.0, 1763772202430704648192.0, 288705602609493868544.0
"Line.RBT_CL5853819"    ,   2, 1763876922110861115392.0, -288685210307798990848.0
"Line.RBT_CL6109933"    ,   1, -8689548.6, -2614901774870036.5, 8687376.9, 2614248252150634.0, 8669502.0, 2608869257460170.0
"Line.RBT_CL6109933"    ,   2, -181027247.7, 53435668.3
"Line.RBT_CL6300944"    ,   1, 1521791865.6, -84298636727226.0, 1509068422.7, 83593830161962.2, 1414269812.3, 78342524908095.3
"Line.RBT_CL6300944"    ,   2, 1733694154.3, 15097787142.3
"Line.RBT_CL6512426"    ,   1, 19585325925374574592.0, 9089665367871320064.0, 19585325848642670592.0, 9089665332259590144.0, 19585324646509498368.0, 9089664774342489088.0
"Line.RBT_CL6512426"    ,   2, -19573548294985347072.0, -9090361308370910208.0
"Line.RBT_CL6703912"    ,   1, 753108559398102368256.0, 349753060738457010176.0, 753108558768933699584.0, 349753060446263181312.0, 753108554081183989760.0, 349753058269213425664.0
"Line.RBT_CL6703912"    ,   2, -753085987967206293504.0, -349748729943582900224.0
"Line.RBT_CL6995403"    ,   1, 571281439683388309504.0, 265311298591945261056.0, 571281439059821264896.0, 265311298302351769600.0, 571281434413807501312.0, 265311296144676323328.0
"Line.RBT_CL6995403"    ,   2, -571268225963155128320.0, -265308795640395923456.0
"Line.RBT_CL7142085"    ,   1, -1447031869826593456128.0, 188805434457094422528.0, 1447031869132117901312.0, 188805434366480809984.0, 1447031863957786198016.0, 188805433691345747968.0
"Line.RBT_CL7142085"    ,   2, 1447096477040987340800.0, -188792873216828506112.0
"Line.RBT_C10108481"    ,   1, 398206216010583900160.0, 184823322581005893632.0, 398206215659914395648.0, 184823322418246254592.0, 398206213047179542528.0, 184823321205572239360.0
"Line.RBT_C10108481"    ,   2, -397792083370145087488.0, -184742882174021009408.0
"Line.RBT_UC0469496"    ,   1, 1498570187418149120.0, 695957870983548544.0, 1498570124405603328.0, 695957841719602432.0, 1498569654917762048.0, 695957623682595456.0
"Line.RBT_UC0469496"    ,   2, -1498558315531608320.0, -695961519294264960.0
"Line.RBT_UC0469990"    ,   1, -231163818.2, -2242933583847921.2, 230994562.0, 2241291326877480.8, 230586808.4, 2237334980539601.2
"Line.RBT_UC0469990"    ,   2, 385903670.2, 109507532.4
"Line.RBT_UC0824929"    ,   1, 257183585816380047360.0, 119439139803955183616.0, 257183585401603424256.0, 119439139611327938560.0, 257183582311225458688.0, 119439138176119373824.0
"Line.RBT_UC0824929"    ,   2, -257175515597244694528.0, -119437635809707540480.0
"Line.RBT_UC0971898"    ,   1, 89808952326558040064.0, 41708681923429785600.0, 89808951822478278656.0, 41708681689327255552.0, 89808950608104292352.0, 41708681125352996864.0
"Line.RBT_UC0971898"    ,   2, -89805876705523957760.0, -41707709109331976192.0
"Line.RBT_UC1143872"    ,   1, 6321909328900872192.0, 2935962378992842752.0, 6321909265835366400.0, 2935962349704546304.0, 6321908795952932864.0, 2935962131486113792.0
"Line.RBT_UC1143872"    ,   2, -6321698397974459392.0, -2935927668234905600.0
"Line.RBT_UC1165886"    ,   1, 5770398109.6, -44100857861437.4, 5706673347.9, 43613834851334.9, 5231878996.8, 39985170452120.4
"Line.RBT_UC1165886"    ,   2, -6827079299.8, 3325852879.8
"Line.RBT_UC1772928"    ,   1, 202051752192425164800.0, 93831403850249666560.0, 202051751988362772480.0, 93831403755484528640.0, 202051750467954180096.0, 93831403049417539584.0
"Line.RBT_UC1772928"    ,   2, -202031173076254162944.0, -93827461050974224384.0
"Line.RBT_UC2013013"    ,   1, -4995937861207700013056.0, 1950200837118816157696.0, 4995937860573399613440.0, 1950200836871212236800.0, 4995937855847412006912.0, 1950200835026388516864.0
"Line.RBT_UC2013013"    ,   2, 4996916653364653064192.0, -1950009575843127623680.0
"Line.RBT_UC2122519"    ,   1, 71951716.0, -634546148478829.4, 71849297.7, 633642916009977.5, 71602562.8, 631466946880471.0
"Line.RBT_UC2122519"    ,   2, -44832085.1, 21212816.7
"Line.RBT_UC2220161"    ,   1, 29230173902776508416.0, 13572567051892887552.0, 29230173727483027456.0, 13572566970498144256.0, 29230172421423144960.0, 13572566364049977344.0
"Line.RBT_UC2220161"    ,   2, -29221242795348926464.0, -13570950354789511168.0
"Line.RBT_UC2311960"    ,   1, 23889357738932195328.0, 11094543444227483648.0, 23889357520166117376.0, 11094543342629535744.0, 23889355890204782592.0, 11094542585653268480.0
"Line.RBT_UC2311960"    ,   2, -23889107426604523520.0, -11094596256098107392.0
"Line.RBT_UC2479433"    ,   1, 45636591638231859200.0, 21192382656044756992.0, 45636591561506324480.0, 21192382620415520768.0, 45636590359472865280.0, 21192382062224117760.0
"Line.RBT_UC2479433"    ,   2, -45631782756763172864.0, -21192345205035597824.0
"Line.RBT_UC2631463"    ,   1, 74749107348433862656.0, 34611458591895695360.0, 74749107266579267584.0, 34611458553994141696.0, 74749105984190545920.0, 34611457960203190272.0
"Line.RBT_UC2631463"    ,   2, -74517872473607913472.0, -34607643510812672000.0
"Line.RBT_UC2657895"    ,   1, 79875678744594055168.0, 36916546119819534336.0, 79875678667544068096.0, 36916546084208951296.0, 79875677460427702272.0, 36916545526309879808.0
"Line.RBT_UC2657895"    ,   2, -79473967528678899712.0, -36909356883489398784.0
"Line.RBT_UC3123978"    ,   1, 416047315.8, -2557455601779318.5, 415931951.1, 2556746451166686.0, 415072402.5, 2551462779700732.5
"Line.RBT_UC3123978"    ,   2, -356295252.7, -492806043.0
"Line.RBT_UC3225035"    ,   1, 93895404212238712832.0, 43602641430490152960.0, 93895404101535858688.0, 43602641379082559488.0, 93895402367191302144.0, 43602640573696983040.0
"Line.RBT_UC3225035"    ,   2, -93885625790723686400.0, -43602429092139540480.0
"Line.RBT_UC3309056"    ,   1, -99249618.7, -2250456627573513.5, 99230437.4, 2250021698219858.8, 99004751.6, 2244904337952388.2
"Line.RBT_UC3309056"    ,   2, 167434578.1, -73166392.7
"Line.RBT_UC3410162"    ,   1, 74152922.9, -2894602147954412.0, 74133593.0, 2893847593629167.5, 73989571.5, 2888225632529808.5
"Line.RBT_UC3410162"    ,   2, -81745530.8, 4480366.3
"Line.RBT_UC3526986"    ,   1, -21496697638358601433088.0, -434924219435081924608.0, 21496697637665694023680.0, 434924219421062987776.0, 21496697631962556268544.0, 434924219305676242944.0
"Line.RBT_UC3526986"    ,   2, 21652843395755181867008.0, 465447204830436655104.0
"Line.RBT_UC3585407"    ,   1, 932862.8, -189562437792555.6, 932291.8, 189446404823395.2, 923345.9, 187628554973215.4
"Line.RBT_UC3585407"    ,   2, -19791991.6, -15334630.6
"Line.RBT_UC3585646"    ,   1, 26390064096691908608.0, 12247171526966837248.0, 26390063981264928768.0, 12247171473399175168.0, 26390062789971382272.0, 12247170920540479488.0
"Line.RBT_UC3585646"    ,   2, -26372262570121007104.0, -12247825009590124544.0
"Line.RBT_UC3585671"    ,   1, -2384158524919519379456.0, 103042001278585946112.0, 2384158524214265511936.0, 103042001248105267200.0, 2384158518959628353536.0, 103042001021002776576.0
"Line.RBT_UC3585671"    ,   2, 2389295851027112132608.0, -102039240715152343040.0
"Line.RBT_UC3635647"    ,   1, 410182954509939376128.0, 190468763836584263680.0, 410182953857340669952.0, 190468763533549568000.0, 410182948995020554240.0, 190468761275727544320.0
"Line.RBT_UC3635647"    ,   2, -410081573769331736576.0, -190450376038363070464.0
"Line.RBT_UC3658130"    ,   1, -49593301.3, -467341810726225.2, 49557234.6, 467001936823170.1, 49184999.2, 463494181635035.1
"Line.RBT_UC3658130"    ,   2, 130080279.5, -23987179.8
"Line.RBT_UC3662055"    ,   1, -29431590.9, -103488544869542.8, 29374290.3, 103287062117244.4, 28902662.1, 101628704079096.3
"Line.RBT_UC3662055"    ,   2, 72077558.6, -23591377.6
"Line.RBT_UC3849171"    ,   1, 5273276.6, -2419276419079316.0, 5269546.6, 2417565183040103.5, 5260560.8, 2413442659854728.0
"Line.RBT_UC3849171"    ,   2, -153086142.2, -113795697.7
"Line.RBT_UC3852633"    ,   1, -167092082.0, -2454156997879522.0, 166974856.7, 2452435257276109.5, 166692450.4, 2448287427640615.5
"Line.RBT_UC3852633"    ,   2, 85978619.3, 185307233.9
"Line.RBT_UC3867803"    ,   1, 143536829615179857920.0, 66656142776295776256.0, 143536829032353398784.0, 66656142505640755200.0, 143536824689885806592.0, 66656140489070231552.0
"Line.RBT_UC3867803"    ,   2, -143521262792988114944.0, -66654246903001014272.0
"Line.RBT_UC3888819"    ,   1, 269700466976740442112.0, 125231841923787210752.0, 269700466292753104896.0, 125231841606186729472.0, 269700461196565643264.0, 125231839239839563776.0
"Line.RBT_UC3888819"    ,   2, -269627032449372291072.0, -125220378102053224448.0
"Line.RBT_UC3961668"    ,   1, -17911642184242392203264.0, 2770520537676607127552.0, 17911642183483430797312.0, 2770520537559213277184.0, 17911642177236587511808.0, 2770520536592969891840.0
"Line.RBT_UC3961668"    ,   2, 17960243184607443288064.0, -2761016088178370543616.0
"Line.RBT_UC3989390"    ,   1, 233925503.6, -2133020920757500.0, 233843621.4, 2132274287519949.8, 233233540.9, 2126711344102144.5
"Line.RBT_UC3989390"    ,   2, -328266009.0, 173003006.0
"Line.RBT_UC4027439"    ,   1, 1180888753340797681664.0, 548227031529560997888.0, 1180888752686885765120.0, 548227031225982779392.0, 1180888747304689074176.0, 548227028727300554752.0
"Line.RBT_UC4027439"    ,   2, -1180143806028426903552.0, -548083225421595279360.0
"Line.RBT_UC4032348"    ,   1, 106595856.0, -2442214224701128.0, 106568091.1, 2441578105537058.5, 106339565.2, 2436342355494333.5
"Line.RBT_UC4032348"    ,   2, -102119073.2, -200453760.7
"Line.RBT_UC4310721"    ,   1, 37883515647914360832.0, 17573474735904368640.0, 37883515581759512576.0, 17573474705216335872.0, 37883514545333592064.0, 17573474224437180416.0
"Line.RBT_UC4310721"    ,   2, -37838050879401271296.0, -17572774494608365568.0
"Line.RBT_UC4333184"    ,   1, 1018472602001938841600.0, 472703233093590122496.0, 1018472601403572617216.0, 472703232815870640128.0, 1018472596478557814784.0, 472703230530025750528.0
"Line.RBT_UC4333184"    ,   2, -1017379325171961430016.0, -472492029504143491072.0
"Line.RBT_UC4354930"    ,   1, 234209474.0, -2419228191668430.0, 234044449.6, 2417523599345088.0, 233646890.8, 2413417081475218.5
"Line.RBT_UC4354930"    ,   2, -204371145.6, -50111342.7
"Line.RBT_UC5046566"    ,   1, 48199087003895177216.0, 22324135319927664640.0, 48199086926499438592.0, 22324135284080660480.0, 48199086015864528896.0, 22324134862306344960.0
"Line.RBT_UC5046566"    ,   2, -48027375565364920320.0, -22304907907751333888.0
"Line.RBT_UC5087538"    ,   1, 24448560924138356736.0, 11340833200014749696.0, 24448560846530555904.0, 11340833164015202304.0, 24448559630675001344.0, 11340832600022292480.0
"Line.RBT_UC5087538"    ,   2, -24421042566458916864.0, -11341638027435241472.0
"Line.RBT_UC5353535"    ,   1, 2775832505.2, -44091437278244.1, 2747776513.1, 43645794750118.3, 2516854116.7, 39977813941698.2
"Line.RBT_UC5353535"    ,   2, -2427340242.9, 8082934755.5
"Line.RBT_UC5392368"    ,   1, 118824.9, -2300186028.7,      0.0,      0.0,      0.0,      0.0
"Line.RBT_UC5392368"    ,   2,  58193.6, 139256.3
"Line.RBT_UC5394480"    ,   1, -84314.0, -2300183206.4,      0.0,      0.0,      0.0,      0.0
"Line.RBT_UC5394480"    ,   2,  32651.3, 117249.6
"Line.RBT_UC5600872"    ,   1, -188350859.6, -2800467365474600.5, 188301209.7, 2799729152478401.5, 187931282.6, 2794228945788413.5
"Line.RBT_UC5600872"    ,   2, 316606072.2, -296274853.7
"Line.RBT_UC5603275"    ,   1, 544114723149700923392.0, 252622181636279730176.0, 544114722570900799488.0, 252622181367553753088.0, 544114717806929969152.0, 252622179155732168704.0
"Line.RBT_UC5603275"    ,   2, -543838966102892412928.0, -252570079340482953216.0
"Line.RBT_UC5710896"    ,   1, 5334874867637739520.0, 2477599632171272192.0, 5334874785638905856.0, 2477599594089726976.0, 5334873820844124160.0, 2477599146023885312.0
"Line.RBT_UC5710896"    ,   2, -5334809340039200768.0, -2477595946711475712.0
"Line.RBT_UC5721942"    ,   1, 464546078915347742720.0, 215703887303282360320.0, 464546078281617571840.0, 215703887009020772352.0, 464546073065530654720.0, 215703884587021598720.0
"Line.RBT_UC5721942"    ,   2, -464401361978060046336.0, -215677610697146302464.0
"Line.RBT_UC5778103"    ,   1, 7890098015438860451840.0, 354237682431031967744.0, 7890098014984812363776.0, 354237682410646798336.0, 7890098011247651848192.0, 354237682242861400064.0
"Line.RBT_UC5778103"    ,   2, -7786596810605942800384.0, -334006537408625115136.0
"Line.RBT_UC5832611"    ,   1, -76261160.3, -386441645248910.2, 76236307.3, 386315706579185.8, 75846943.9, 384342667420168.4
"Line.RBT_UC5832611"    ,   2, 28700912.1, -32044342.5
"Line.RBT_UC5858131"    ,   1, -11909298.1, -2442214963249773.0, 11907580.0, 2441862651137882.5, 11880664.3, 2436343094718263.0
"Line.RBT_UC5858131"    ,   2, 6961864.6, 453037867.0
"Line.RBT_UC5912839"    ,   1, -1410493581915854733312.0, 117802225092598792192.0, 1410493581291083530240.0, 117802225040418881536.0, 1410493576148737589248.0, 117802224610938142720.0
"Line.RBT_UC5912839"    ,   2, 1410561372759009263616.0, -117789051472070017024.0
"Line.RBT_UC6324030"    ,   1, 240762842675888291840.0, 111593621303667834880.0, 240762842457813516288.0, 111593621202590138368.0, 240762839041308721152.0, 111593619619039543296.0
"Line.RBT_UC6324030"    ,   2, -240265808024143986688.0, -111584417467413168128.0
"Line.RBT_UC6361977"    ,   1, -25258169.9, -1000623188472203.5, 25246976.5, 1000179752304857.2, 25163577.7, 996875840579136.4
"Line.RBT_UC6361977"    ,   2, 96669577.3, -111973161.8
"Line.RBT_UC6419900"    ,   1, -3781986056.5, -43736992551785.1, 3738070484.8, 43229128428422.9, 3410868549.0, 39445183058583.9
"Line.RBT_UC6419900"    ,   2, 717506735.0, 3788936573.8
"Line.RBT_UC6495795"    ,   1, 659473775509761687552.0, 306251297966749384704.0, 659473775220126777344.0, 306251297832246575104.0, 659473773062143213568.0, 306251296830106238976.0
"Line.RBT_UC6495795"    ,   2, -659392103767883120640.0, -306235349634198470656.0
"Line.RBT_UC6495796"    ,   1, 2827427408005184880640.0, 1312712117735988920320.0, 2827427407715537780736.0, 1312712117601512194048.0, 2827427405557464039424.0, 1312712116599566106624.0
"Line.RBT_UC6495796"    ,   2, -2825926260511976456192.0, -1312418683024667312128.0
"Line.RBT_UC6512426"    ,   1, 197008262.3, -2743190708752835.0, 196981750.7, 2742821554819872.0, 196566402.3, 2737038143203448.0
"Line.RBT_UC6512426"    ,   2, -137339538.3, 334044544.0
"Line.RBT_UC6604076"    ,   1, -1271682557691934015488.0, 287536103811579510784.0, 1271682557015100227584.0, 287536103658542792704.0, 1271682551972213030912.0, 287536102518311550976.0
"Line.RBT_UC6604076"    ,   2, 1271738805789246619648.0, -287525188061332307968.0
"Line.RBT_UC6851536"    ,   1, -788876841.4, -73704633577355.7, 785341990.6, 73374373049808.1, 729962661.7, 68200291451563.6
"Line.RBT_UC6851536"    ,   2, 462845437.6, 6899391586.5
"Line.RBT_UC6915024"    ,   1, 976733554314.8, -138406725303058.9, 975597258243.8, 138245707984183.7, 963869825208.4, 136583887730886.9
"Line.RBT_UC6915024"    ,   2, -976727445376.4, -453614365768.0
"Line.RBT_UC8110659"    ,   1, -4494493789.4, -76894979318832.8, 4475536581.5, 76570645995635.5, 4178540325.0, 71489423932211.9
"Line.RBT_UC8110659"    ,   2, 4204657968.0, -6376090523.6
"Line.RBT_UC8205546"    ,   1, 37511209751275282432.0, 17411034987807795200.0, 37511209636208164864.0, 17411034934398756864.0, 37511208448628637696.0, 17411034383177166848.0
"Line.RBT_UC8205546"    ,   2, -37489871180308455424.0, -17411072739178819584.0
"Line.RBT_UC8205548"    ,   1, 58024567891264282624.0, 26913361025697849344.0, 58024567813095473152.0, 26913360989441044480.0, 58024566588450725888.0, 26913360421417750528.0
"Line.RBT_UC8205548"    ,   2, -57948174732196356096.0, -26912332681753096192.0
"Line.RBT_UC8591315"    ,   1, 22800612237112049664.0, 10588580695313954816.0, 22800611854324080640.0, 10588580517547618304.0, 22800608703684657152.0, 10588579054393933824.0
"Line.RBT_UC8591315"    ,   2, -22800134605172715520.0, -10588854722954336256.0
"Line.RBT_UC8666665"    ,   1, -367393533.5, -2281531389031611.5, 367125995.7, 2279869966897394.0, 366481473.0, 2275867449937688.0
"Line.RBT_UC8666665"    ,   2, 222287846.4, 303054944.2
"Line.RBT_UC8747078"    ,   1, 212602219.6, -1595407721086750.5, 212515761.1, 1594758919868554.8, 211871584.3, 1589924893890729.5
"Line.RBT_UC8747078"    ,   2, -144738549.2, 272024873.9
"Line.RBT_UC8824010"    ,   1, 3317779292.7, -82710456859860.2, 3291854949.8, 82064176906394.3, 3078477665.8, 76744795750943.8
"Line.RBT_UC8824010"    ,   2, -1627979173.8, 2069578826.0
"Line.RBT_UC8994293"    ,   1, -110142369.4, -432283829001372.5, 110057333.7, 431950083372503.8, 109357424.9, 429203100119507.9
"Line.RBT_UC8994293"    ,   2, 83018261.7, 52766953.9
"Line.RBT_UC9361536"    ,   1, 28532036551231803392.0, 13249022691722350592.0, 28532034849275387904.0, 13249021901408657408.0, 28532030749107654656.0, 13249019997471123456.0
"Line.RBT_UC9361536"    ,   2, -28531660374801641472.0, -13250693995789303808.0
"Line.RBT_UI0824930"    ,   1, 50588478260840701952.0, 23494015271843815424.0, 50588477880866963456.0, 23494015095378558976.0, 50588476965475696640.0, 23494014670257721344.0
"Line.RBT_UI0824930"    ,   2, -50586760798291927040.0, -23493539635257139200.0
"Line.RBT_UI3334902"    ,   1, 552125847238672973824.0, 256399239501859225600.0, 552125846648007163904.0, 256399239227562590208.0, 552125841786373603328.0, 256399236969890414592.0
"Line.RBT_UI3334902"    ,   2, -552055512054034857984.0, -256386013392311222272.0
"Line.RBT_UM6016412"    ,   1, -5616375969.7, -76896553244512.2, 5500572605.7, 75311032688468.9, 5221591774.1, 71491369530728.0
"Line.RBT_UM6016412"    ,   2, 9401871686.4, 9866000772.6
"Line.RBT_U10428779"    ,   1, -3665692048.8, -17988110077155.8, 3599035394.1, 17661015703916.9, 3102396374.8, 15223932275137.1
"Line.RBT_U10428779"    ,   2, 2286617953.3, 4889355260.9
"Line.RBT_U10428808"    ,   1, 71725872.1, -33357232953499.2, 70772338.3, 32913777245609.4, 63667840.4, 29609719929078.1
"Line.RBT_U10428808"    ,   2, 800405454.3, 2888944353.8
"Line.RBT_U10449947"    ,   1, 1477098555062190342144.0, 685227737182848286720.0, 1477098554460276785152.0, 685227736903619969024.0, 1477098549975597711360.0, 685227734823172046848.0
"Line.RBT_U10449947"    ,   2, -1474253595818326753280.0, -684673903095342563328.0
"Line.RBT_U10449952"    ,   1, 28671685070127353856.0, 13309956539074662400.0, 28671684866340007936.0, 13309956444472594432.0, 28671683347980787712.0, 13309955739620569088.0
"Line.RBT_U10449952"    ,   2, -28659219863185563648.0, -13309935264715622400.0
"Line.RBT_U10449993"    ,   1, 3006178297060084154368.0, 1393193361618376065024.0, 3006178296434735972352.0, 1393193361328562765824.0, 3006178291775453003776.0, 1393193359169248821248.0
"Line.RBT_U10449993"    ,   2, -2995262328159605358592.0, -1391061859934463328256.0
"Line.RBT_U10451431"    ,   1, 184944524846275854336.0, 85750236182528032768.0, 184944524642438938624.0, 85750236088018255872.0, 184944523123710328832.0, 85750235383853940736.0
"Line.RBT_U10451431"    ,   2, -184426123946568646656.0, -85651311604766441472.0
"Line.RBT_U10453109"    ,   1, -151722442.5, -2399186418823593.0, 151678931.8, 2398498384800953.5, 151354746.7, 2393372046801287.5
"Line.RBT_U10453109"    ,   2, 51312776.0, -91939259.9
"Line.RBT_U10453185"    ,   1, 241018067647887376384.0, 111910977394333859840.0, 241018067049247539200.0, 111910977116369764352.0, 241018062588959293440.0, 111910975045341560832.0
"Line.RBT_U10453185"    ,   2, -240941508747662983168.0, -111898226790739509248.0
"Line.RBT_U10453192"    ,   1, 139537258501985861632.0, 64794875630198882304.0, 139537257903352725504.0, 64794875352220368896.0, 139537253443114287104.0, 64794873281084686336.0
"Line.RBT_U10453192"    ,   2, -139511596668403286016.0, -64792074911143657472.0
"Line.RBT_U10453304"    ,   1, -151722442.5, -2399186418823593.0, 151678931.8, 2398498384800953.5, 151354746.7, 2393372046801287.5
"Line.RBT_U10453304"    ,   2, 51312776.0, -91939259.9
"Line.RBT_U10453322"    ,   1, -151722442.5, -2399186418823593.0, 151678931.8, 2398498384800953.5, 151354746.7, 2393372046801287.5
"Line.RBT_U10453322"    ,   2, 51312776.0, -91939259.9
"Line.RBT_U10453496"    ,   1, -151722442.5, -2399186418823593.0, 151678931.8, 2398498384800953.5, 151354746.7, 2393372046801287.5
"Line.RBT_U10453496"    ,   2, 51312776.0, -91939259.9
"Line.RBT_U10453614"    ,   1, -151722442.5, -2399186418823593.0, 151678931.8, 2398498384800953.5, 151354746.7, 2393372046801287.5
"Line.RBT_U10453614"    ,   2, 51312776.0, -91939259.9
"Line.RBT_U43500471"    ,   1, -2113227467.8, -33131732949293.2, 2087854368.4, 32733926860237.6, 1898806909.3, 29769991351640.0
"Line.RBT_U43500471"    ,   2, 2633004853.5, -4183596403.2
"Line.RBT_U48636124"    ,   1, 26215187994942222336.0, 12170896854166140928.0, 26215187844847431680.0, 12170896784481796096.0, 26215186726535548928.0, 12170896265284352000.0
"Line.RBT_U48636124"    ,   2, -26203405982782578688.0, -12169404775129081856.0
"Line.RBT_U48824132"    ,   1, 7063591309449667584.0, 3278582307861332992.0, 7063591246539726848.0, 3278582278661538304.0, 7063590777816368128.0, 3278582061102502912.0
"Line.RBT_U48824132"    ,   2, -7057107864618031104.0, -3277467055606927360.0
"Line.RBT_U50886047"    ,   1, 151799420831921274880.0, 70497389783698685952.0, 151799420524089344000.0, 70497389640738021376.0, 151799418230524739584.0, 70497388575580340224.0
"Line.RBT_U50886047"    ,   2, -151794316484359749632.0, -70496424855241932800.0
"Line.RBT_U51047699"    ,   1, 17507336585151270912.0, 8128534244461566976.0, 17507336364060717056.0, 8128534141810765824.0, 17507334716780398592.0, 8128533376990005248.0
"Line.RBT_U51047699"    ,   2, -17505191158947682304.0, -8129773323150019584.0
"Line.RBT_U51975742"    ,   1, 57154588955626717184.0, 26542330631161188352.0, 57154588551513194496.0, 26542330443492708352.0, 57154585540582834176.0, 26542329045230370816.0
"Line.RBT_U51975742"    ,   2, -57150744749834027008.0, -26541989508361089024.0
"Line.RBT_U52044199"    ,   1, 93573072.3, -2154056106713675.5, 93544962.5, 2153409017471298.2, 93335524.5, 2148587746918939.2
"Line.RBT_U52044199"    ,   2, -21751493.7, 44061526.0
"Line.RBT_U52120635"    ,   1, 252154941547667161088.0, 117081148519018381312.0, 252154940950102835200.0, 117081148241555980288.0, 252154936497827741696.0, 117081146174265606144.0
"Line.RBT_U52120635"    ,   2, -252070835455332089856.0, -117066916612532207616.0
"Line.RBT_U52173281"    ,   1, -4979042674354656641024.0, 94268226025010741248.0, 4979042673651113525248.0, 94268226011690549248.0, 4979042668409218138112.0, 94268225912445747200.0
"Line.RBT_U52173281"    ,   2, 5001623123909624725504.0, -89852260410334330880.0
"Line.RBT_U52204671"    ,   1, -2864197143952940335104.0, 12633524380919859200.0, 2864197143265172520960.0, 12633524377886222336.0, 2864197138140816211968.0, 12633524355283490816.0
"Line.RBT_U52204671"    ,   2, 2871409280474333315072.0, -11226123331025940480.0
"Line.RBT_U52215082"    ,   1, -3801054392307388252160.0, 28685064865809514496.0, 3801054391651817488384.0, 28685064860862177280.0, 3801054386767352299520.0, 28685064824001040384.0
"Line.RBT_U52215082"    ,   2, 3815854259375475523584.0, -25794392732335804416.0
"Line.RBT_U52610328"    ,   1, -326891036.0, -2352317383857484.0, 326800715.5, 2351667434610987.0, 326127763.8, 2346824855013848.0
"Line.RBT_U52610328"    ,   2, 422412543.0, -106879476.4
"Line.RBT_U52719416"    ,   1, -926108415531281285120.0, -3276043106840200704.0, 926108415322571145216.0, 3276043106101903360.0, 926108413767534247936.0, 3276043100601070080.0
"Line.RBT_U52719416"    ,   2, 935194648641263763456.0, 5052567231501396992.0
"Line.RBT_U52738140"    ,   1, -893174960692931461120.0, 238462487908145692672.0, 893174960441699074048.0, 238462487841070907392.0, 893174958569840443392.0, 238462487341316603904.0
"Line.RBT_U52738140"    ,   2, 896104467476236206080.0, -237245244959038570496.0
"Line.RBT_U53502825"    ,   1, 244227129024758218752.0, 112632794206276403200.0, 244227128911759310848.0, 112632794154163519488.0, 244227128069837914112.0, 112632793765885755392.0
"Line.RBT_U53502825"    ,   2, -241285499108326932480.0, -112057983401804529664.0
"Line.RBT_U53519394"    ,   1, 561412450925842989056.0, 259483632770673311744.0, 561412450718787043328.0, 259483632674972499968.0, 561412449176074584064.0, 259483631961934102528.0
"Line.RBT_U53519394"    ,   2, -556782915765479145472.0, -258581517796740464640.0
"Line.RBT_U55020560"    ,   1, -3873289069573258608640.0, 94876183728514138112.0, 3873289068892448096256.0, 94876183711837700096.0, 3873289063819929714688.0, 94876183587586408448.0
"Line.RBT_U55020560"    ,   2, 3887761943785155592192.0, -92049755163285323776.0
"Line.RBT_U55184825"    ,   1, 189180.5, -233432797332680.8, 189002.2, 233212716152660.6, 187673.3, 231572956374762.9
"Line.RBT_U55184825"    ,   2, 375109.3, -11075437.6
"Line.RBT_U55624260"    ,   1, 34035574.8, -2606928677400037.0, 34026264.3, 2606215547154101.5, 33956894.6, 2600902224617483.0
"Line.RBT_U55624260"    ,   2, -61364792.0, -180243011.2
"Line.RBT_U56217499"    ,   1,  -3641.5, -69001304982.7,   3447.1, 65317750193.0,   1998.7, 37872672957.4
"Line.RBT_U56217499"    ,   2,  -1018.7,  -3666.9
"Line.RBT_U56854030"    ,   1, -3159802992279437180928.0, 809291548981740175360.0, 3159802991657626894336.0, 809291548822481534976.0, 3159802986539650121728.0, 809291547511660871680.0
"Line.RBT_U56854030"    ,   2, 3170033267817402335232.0, -807294186841268420608.0
"Line.RBT_U57091020"    ,   1, 60289047.1, -2117130002682901.0, 60271102.9, 2116499867960898.8, 60137405.9, 2111804920525135.8
"Line.RBT_U57091020"    ,   2, -78262951.4, -250324930.8
"Line.RBT_U58681991"    ,   1, 2235183.3, -194357759748988.0, 2232926.7, 194161545081828.6, 2216113.9, 192699607632148.3
"Line.RBT_U58681991"    ,   2, -4619866.7, 1798624.4
"Line.RBT_U61642276"    ,   1, 60183483.5, -1311943594206213.8, 60160184.7, 1311435700647309.0, 59986591.7, 1307651535961949.0
"Line.RBT_U61642276"    ,   2, 15026781.6, 7720552.9
"Line.RBT_U61997956"    ,   1, 362662658587937603584.0, 168385042973439524864.0, 362662657945316884480.0, 168385042675069353984.0, 362662653157339955200.0, 168385040452001497088.0
"Line.RBT_U61997956"    ,   2, -362512233876449001472.0, -168358189386385686528.0
"Line.RBT_VC0469923"    ,   1, 205517867868862906368.0, 95446168136536326144.0, 205517867279299379200.0, 95446167862732488704.0, 205517862886635929600.0, 95446165822701142016.0
"Line.RBT_VC0469923"    ,   2, -205515954755267887104.0, -95445865820097363968.0
"Line.RBT_VC0469964"    ,   1, 65631696627096739840.0, 30480253839605424128.0, 65631696234834616320.0, 30480253657433550848.0, 65631695289839501312.0, 30480253218564947968.0
"Line.RBT_VC0469964"    ,   2, -65628984149868322816.0, -30479459712758173696.0
"Line.RBT_VC1601947"    ,   1, 458303664872565899264.0, 212809290005771976704.0, 458303664707220930560.0, 212809289928995471360.0, 458303663346304352256.0, 212809289297065803776.0
"Line.RBT_VC1601947"    ,   2, -458168500591786000384.0, -212782941073627414528.0
"Line.RBT_VC3169036"    ,   1, 107832423464615051264.0, 50074871906286395392.0, 107832422762480648192.0, 50074871580231491584.0, 107832417531084881920.0, 50074869150892851200.0
"Line.RBT_VC3169036"    ,   2, -107823691350830448640.0, -50075555394589564928.0
"Transformer.REG_RGEK0071A",   1, -7678449108153522176.0, -11796640713762295808.0, 7678449063181494272.0, 11796640644670367744.0, 7678449046828029952.0, 11796640619546030080.0
"Transformer.REG_RGEK0071A",   2, 7761388246097472512.0, 12833680486063814656.0
"Reactor.TRF_RGEK0071A_P",   1,  55096.4,      0.0,  54963.3,      0.0,  54916.7,      0.0
"Reactor.TRF_RGEK0071A_P",   2,      0.0,      0.0
"Reactor.TRF_RGEK0071A_S",   1,  55160.1,      0.0,  55026.9,      0.0,  54980.3,      0.0
"Reactor.TRF_RGEK0071A_S",   2,      0.0,      0.0
"Transformer.REG_RGEK0071B",   1, -8406174693634114657976320.0, -11059122561493568673808384.0, 8406174693585464489672704.0, 11059122561429565071163392.0, 8406174693567772445638656.0, 11059122561406290643386368.0
"Transformer.REG_RGEK0071B",   2, 8491060999391868472000512.0, 12121205908023256161452032.0
"Reactor.TRF_RGEK0071B_P",   1,  55096.4,      0.0,  54963.3,      0.0,  54916.7,      0.0
"Reactor.TRF_RGEK0071B_P",   2,      0.0,      0.0
"Reactor.TRF_RGEK0071B_S",   1,  55160.1,      0.0,  55026.9,      0.0,  54980.3,      0.0
"Reactor.TRF_RGEK0071B_S",   2,      0.0,      0.0
"Transformer.REG_RGEK0071C",   1, -8390487305461917567418368.0, -11037069043007535999614976.0, 8390487305413312496271360.0, 11037069042943598968963072.0, 8390487305395637632106496.0, 11037069042920348163506176.0
"Transformer.REG_RGEK0071C",   2, 8475212857529108459945984.0, 12097142028704826584465408.0
"Reactor.TRF_RGEK0071C_P",   1,  55096.4,      0.0,  54963.3,      0.0,  54916.7,      0.0
"Reactor.TRF_RGEK0071C_P",   2,      0.0,      0.0
"Reactor.TRF_RGEK0071C_S",   1,  55160.1,      0.0,  55026.9,      0.0,  54980.3,      0.0
"Reactor.TRF_RGEK0071C_S",   2,      0.0,      0.0
"Load.BT_U52513810_M1"  ,   1, -10674169361346441216.0, -6973752317197227008.0
"Load.BT_U52513810_M2"  ,   1, -4744075271709530112.0, -3099445474309877760.0
"Load.BT_U50978508_M1"  ,   1, -368102593380049027072.0, -240492372374498541568.0
"Load.BT_U50978508_M2"  ,   1, -163601152613355159552.0, -106885498833110499328.0
"Load.BT_UC6495794_M1"  ,   1, -314981622521672957952.0, -205786862201501810688.0
"Load.BT_UC6495794_M2"  ,   1, -139991832231854669824.0, -91460827645111926784.0
"Load.BT_UI3140110_M1"  ,   1, -110854284609777303552.0, -72424401167439749120.0
"Load.BT_UI3140110_M2"  ,   1, -49268570937678798848.0, -32188622741084340224.0
"Load.BT_UC6416078_1_M1",   1, -19438611069345226752.0, -12699822756283629568.0
"Load.BT_UC6416078_1_M2",   1, -8639382697486766080.0, -5644365669459390464.0
"Load.BT_CL6487577_M1"  ,   1, -2815198876255557632.0, -1839253156214985728.0
"Load.BT_CL6487577_M2"  ,   1, -1251199500558025728.0, -817445847206660224.0
"Load.BT_U50886001_M1"  ,   1, -10174752416888602624.0, -6647468372112478208.0
"Load.BT_U50886001_M2"  ,   1, -4522112185283822592.0, -2954430387605545984.0
"Load.BT_U52778023_M1"  ,   1, -262674673195671617536.0, -171613176520915124224.0
"Load.BT_U52778023_M2"  ,   1, -116744299198076256256.0, -76272522898184486912.0
"Load.BT_UC3655513_M1"  ,   1, -20807056706545246208.0, -13593868992314148864.0
"Load.BT_UC3655513_M2"  ,   1, -9247580758464548864.0, -6041719552139621376.0
"Load.BT_UC0943015_M1"  ,   1, -6461421338001891328.0, -4221438737338528768.0
"Load.BT_UC0943015_M2"  ,   1, -2871742816889729536.0, -1876194994372679936.0
"Load.BT_UC4671423_M1"  ,   1, -40107254243627204608.0, -26203262069885648896.0
"Load.BT_UC4671423_M2"  ,   1, -17825446330500978688.0, -11645894253282508800.0
"Load.BT_U52173281_M1"  ,   1, -135563283097515819008.0, -88567524775355056128.0
"Load.BT_U52173281_M2"  ,   1, -60250348043340374016.0, -39363344344602255360.0
"Load.BT_U10428805_M1"  ,   1, -200248521674372448256.0, -130828315015560839168.0
"Load.BT_U10428805_M2"  ,   1, -88999342966387752960.0, -58145917784693702656.0
"Load.BT_U10453697_1_M1",   1, -221538020948000899072.0, -144737378076983738368.0
"Load.BT_U10453697_1_M2",   1, -98461342643555958784.0, -64327723589770551296.0
"Load.BT_UC1343424_1_M1",   1, -2805505092790369280.0, -1832919920274980096.0
"Load.BT_UC1343424_1_M2",   1, -1246891152351275264.0, -814631075677768960.0
"Load.BT_UC0988028_1_M1",   1, -260872003459245801472.0, -170435438745834258432.0
"Load.BT_UC0988028_1_M2",   1, -115943112648553725952.0, -75749083887037431808.0
"Load.BT_UC5581850_1_M1",   1, -80240408230168838144.0, -52423445209349095424.0
"Load.BT_UC5581850_1_M2",   1, -35662403657852821504.0, -23299308981932933120.0
"Load.BT_UC9236837_M1"  ,   1, -871485992752571613184.0, -569367718830332641280.0
"Load.BT_UC9236837_M2"  ,   1, -387327107890031886336.0, -253052319480147935232.0
"Load.BT_UC3123978_M1"  ,   1, -102671152552922562560.0, -67078117611515379712.0
"Load.BT_UC3123978_M2"  ,   1, -45631623356854476800.0, -29812496716229058560.0
"Load.BT_U51151404_M1"  ,   1, -41164894116889903104.0, -26894249662417076224.0
"Load.BT_U51151404_M2"  ,   1, -18295508496395515904.0, -11952999849963143168.0
"Load.BT_UC5266062_M1"  ,   1, -40197890739696377856.0, -26262477587261767680.0
"Load.BT_UC5266062_M2"  ,   1, -17865729217642833920.0, -11672212261005232128.0
"Load.BT_UC5945204_M1"  ,   1, -177202102811217625088.0, -115771404117798076416.0
"Load.BT_UC5945204_M2"  ,   1, -78756490138318929920.0, -51453957385688047616.0
"Load.BT_UC1048017_M1"  ,   1, -13967674307558039552.0, -9125497053522055168.0
"Load.BT_UC1048017_M2"  ,   1, -6207855247803575296.0, -4055776468232024576.0
"Load.BT_UC3597811_M1"  ,   1, -166608180379936423936.0, -108850079508331921408.0
"Load.BT_UC3597811_M2"  ,   1, -74048080168860631040.0, -48377813114814169088.0
"Load.BT_UC3867775_M1"  ,   1, -33241901139513208832.0, -21717922696315072512.0
"Load.BT_UC3867775_M2"  ,   1, -14774178284228091904.0, -9652410087251142656.0
"Load.BT_U10453697_2_M1",   1, -29443003476537597952.0, -19235989868550397952.0
"Load.BT_U10453697_2_M2",   1, -13085779322905604096.0, -8549328830466844672.0
"Load.BT_UC6515541_M1"  ,   1, -140975060541110632448.0, -92103199942640353280.0
"Load.BT_UC6515541_M2"  ,   1, -62655582462715830272.0, -40934755530062372864.0
"Load.BT_UC6416078_2_M1",   1, -290049998634360209408.0, -189498290793218703360.0
"Load.BT_UC6416078_2_M2",   1, -128911110504160083968.0, -84221462574763868160.0
"Load.BT_U10453697_3_M1",   1, -4335874774832561664.0, -2832755948503883264.0
"Load.BT_U10453697_3_M2",   1, -1927055455481138176.0, -1259002643779503360.0
"Load.BT_U57261876_M1"  ,   1, -17487972984242612224.0, -11425412882115295232.0
"Load.BT_U57261876_M2"  ,   1, -7772432437441160192.0, -5077961280940130304.0
"Load.BT_UC9999908_M1"  ,   1, -282850556025536643072.0, -184794680801857044480.0
"Load.BT_UC9999908_M2"  ,   1, -125711358233571852288.0, -82130969245269786624.0
"Load.BT_UC1621757_M1"  ,   1, -333798768558290305024.0, -218080663363243737088.0
"Load.BT_UC1621757_M2"  ,   1, -148355008248129028096.0, -96924739272552775680.0
"Load.BT_UC4608031_M1"  ,   1, -173800994972165898240.0, -113549359210390388736.0
"Load.BT_UC4608031_M2"  ,   1, -77244886654295982080.0, -50466381871284633600.0
"Load.BT_UC3635647_M1"  ,   1, -124758071915659739136.0, -81508158941308829696.0
"Load.BT_UC3635647_M2"  ,   1, -55448031962515439616.0, -36225848418359480320.0
"Load.BT_UC0469925_M1"  ,   1, -140982602284764299264.0, -92108127182551678976.0
"Load.BT_UC0469925_M2"  ,   1, -62658934348784148480.0, -40936945414467428352.0
"Load.BT_U52766703_M1"  ,   1, -6752643704881515520.0, -4411702970391716864.0
"Load.BT_U52766703_M2"  ,   1, -3001174979947340800.0, -1960756875729651968.0
"Load.BT_CL6995403_M1"  ,   1, -173795476257748451328.0, -113545753670374178816.0
"Load.BT_CL6995403_M2"  ,   1, -77242433892332634112.0, -50464779409055186944.0
"Load.BT_U10453697_4_M1",   1, -3115435871197.1, -2035406914054.9
"Load.BT_U10453697_4_M2",   1, -1384638164976.5, -904625295135.5
"Load.BT_UC3249423_M1"  ,   1, -46367005386509000704.0, -30292943677643706368.0
"Load.BT_UC3249423_M2"  ,   1, -20607557949559554048.0, -13463530523397197824.0
"Load.BT_UC3169832_1_M1",   1, -199236482572024184832.0, -130167119762755190784.0
"Load.BT_UC3169832_1_M2",   1, -88549547809788542976.0, -57852053227891220480.0
"Load.BT_UC0824929_M1"  ,   1, -78239851428819877888.0, -51116421950950301696.0
"Load.BT_UC0824929_M2"  ,   1, -34773267301697732608.0, -22718409755977916416.0
"Load.BT_UC3585646_M1"  ,   1, -8023165814564355072.0, -5241772852718210048.0
"Load.BT_UC3585646_M2"  ,   1, -3565851473139713024.0, -2329676823430316032.0
"Load.BT_CL5752331_M1"  ,   1, -489546216583800946688.0, -319835103390426726400.0
"Load.BT_CL5752331_M2"  ,   1, -217576096259467083776.0, -142148934840189648896.0
"Load.BT_UC6976125_M1"  ,   1, -11249530275097323520.0, -7349652713200253952.0
"Load.BT_UC6976125_M2"  ,   1, -4999791233376588800.0, -3266512316977890304.0
"Load.BT_UC5272377_M1"  ,   1, -1769946756702183936.0, -1156358858124441600.0
"Load.BT_UC5272377_M2"  ,   1, -786643002978748288.0, -513937270277529536.0
"Load.BT_VC3898103_1_M1",   1, -48825988608691027968.0, -31899470542333972480.0
"Load.BT_VC3898103_1_M2",   1, -21700439381640454144.0, -14177542463259541504.0
"Load.BT_UC3393938_M1"  ,   1, -51582492877034381312.0, -33700376769363062784.0
"Load.BT_UC3393938_M2"  ,   1, -22925552389793062912.0, -14977945230828027904.0
"Load.BT_UC3946822_M1"  ,   1, -223872272817243357184.0, -146262414248376664064.0
"Load.BT_UC3946822_M2"  ,   1, -99498787918774829056.0, -65005517443722944512.0
"Load.BT_U54703263_M1"  ,   1, -13692012222502180864.0, -8945398814450271232.0
"Load.BT_U54703263_M2"  ,   1, -6085338765556524032.0, -3975732806422343168.0
"Load.BT_UC0469933_M1"  ,   1, -1848951968671136743424.0, -1207975312723121799168.0
"Load.BT_UC0469933_M2"  ,   1, -821756430520505204736.0, -536877916765831823360.0
"Load.BT_UC8246689_M1"  ,   1, -32028030839970058240.0, -20924865127704567808.0
"Load.BT_UC8246689_M2"  ,   1, -14234680373320022016.0, -9299940056757583872.0
"Load.BT_U59090866_M1"  ,   1, -980187529472.3, -640385665844.4
"Load.BT_U59090866_M2"  ,   1, -435638901987.7, -284615851486.4
"Load.BT_U52449988_M1"  ,   1, -8890362340413890560.0, -5808338139210981376.0
"Load.BT_U52449988_M2"  ,   1, -3951272151295063040.0, -2581483617427102720.0
"Load.BT_UC8444647_M1"  ,   1, -285403137739875090432.0, -186462358367941722112.0
"Load.BT_UC8444647_M2"  ,   1, -126845838995500056576.0, -82872159274640769024.0
"Load.BT_U54955863_M1"  ,   1, -80148390923041243136.0, -52363327573061730304.0
"Load.BT_U54955863_M2"  ,   1, -35621507076907225088.0, -23272590032471875584.0
"Load.BT_UC3997842_M1"  ,   1, -92895489725874208768.0, -60691386338721300480.0
"Load.BT_UC3997842_M2"  ,   1, -41286884322610765824.0, -26973949483876130816.0
"Load.BT_CL4491246_M1"  ,   1, -269161370210174205952.0, -175851128588761137152.0
"Load.BT_CL4491246_M2"  ,   1, -119627275648966295552.0, -78156057150560485376.0
"Load.BT_UC0943013_1_M1",   1, -6267565573241243648.0, -4094787000530878464.0
"Load.BT_UC0943013_1_M2",   1, -2785584699218330624.0, -1819905333569279744.0
"Load.BT_UC6515531_M1"  ,   1, -207667952340238401536.0, -135675649740384681984.0
"Load.BT_UC6515531_M2"  ,   1, -92296867706772619264.0, -60300288773504303104.0
"Load.BT_U54959055_M1"  ,   1, -11135158866132441088.0, -7274930471935670272.0
"Load.BT_U54959055_M2"  ,   1, -4948959496058861568.0, -3233302431971408384.0
"Load.BT_U10453697_5_M1",   1, -8740355336643545088.0, -5710334097380920320.0
"Load.BT_U10453697_5_M2",   1, -3884602371841575936.0, -2537926265502631424.0
"Load.BT_UC0988028_2_M1",   1, -10188969673959337984.0, -6656756929535944704.0
"Load.BT_UC0988028_2_M2",   1, -4528430966204150272.0, -2958558635349308928.0
"Load.BT_UC5472861_M1"  ,   1, -259677223289318539264.0, -169654853302910517248.0
"Load.BT_UC5472861_M2"  ,   1, -115412099239697104896.0, -75402157023515770880.0
"Load.BT_UC4625363_M1"  ,   1, -216117294513980932096.0, -141195856273559175168.0
"Load.BT_UC4625363_M2"  ,   1, -96052130895102623744.0, -62753713899359617024.0
"Load.BT_VC0774105_1_M1",   1, -2674032027324869632.0, -1747024655183855104.0
"Load.BT_VC0774105_1_M2",   1, -1188458678811053312.0, -776455402303935360.0
"Load.BT_UC3864466_M1"  ,   1, -10693221433629134848.0, -6986199601813072896.0
"Load.BT_UC3864466_M2"  ,   1, -4752542859390726144.0, -3104977600805810688.0
"Load.BT_UC4709489_1_M1",   1, -12611505263925676032.0, -8239471479763696640.0
"Load.BT_UC4709489_1_M2",   1, -5605113450633633792.0, -3661987324339420672.0
"Load.BT_UC5888430_M1"  ,   1, -165960145416749056000.0, -108426698993296113664.0
"Load.BT_UC5888430_M2"  ,   1, -73760064629666250752.0, -48189643997020495872.0
"Load.BT_UC1755804_M1"  ,   1, -142120238660308647936.0, -92851378862084161536.0
"Load.BT_UC1755804_M2"  ,   1, -63164550515692716032.0, -41267279494259621888.0
"Load.BT_CL6612165_M1"  ,   1, -340489593249127399424.0, -222451978122899259392.0
"Load.BT_CL6612165_M2"  ,   1, -151328708110723284992.0, -98867545832399650816.0
"Load.BT_UC0774110_M1"  ,   1, -114215746124781502464.0, -74620543951832416256.0
"Load.BT_UC0774110_M2"  ,   1, -50762553833236226048.0, -33164686200814403584.0
"Load.BT_U56260730_1_M1",   1, -119054951043495100416.0, -77782140456167653376.0
"Load.BT_U56260730_1_M2",   1, -52913311574886703104.0, -34569840202741186560.0
"Load.BT_U51037244_M1"  ,   1, -1692133216238717952.0, -1105520957305302784.0
"Load.BT_U51037244_M2"  ,   1, -752059207217208064.0, -491342647691245696.0
"Load.BT_UC4690501_M1"  ,   1, -98048662042564853760.0, -64058107078963888128.0
"Load.BT_UC4690501_M2"  ,   1, -43577183130028818432.0, -28470269812872839168.0
"Load.BT_UC0869212_1_M1",   1, -10009444208371877888.0, -6539467604739257344.0
"Load.BT_UC0869212_1_M2",   1, -4448641870387499520.0, -2906430046550780416.0
"Load.BT_CL4343443_M1"  ,   1, -281842400843587256320.0, -184136023036834316288.0
"Load.BT_CL4343443_M2"  ,   1, -125263289263816556544.0, -81838232460815237120.0
"Load.BT_U61233341_M1"  ,   1, -47281325174067691520.0, -30890295978927300608.0
"Load.BT_U61233341_M2"  ,   1, -21013922299585642496.0, -13729020435078797312.0
"Load.BT_U51007964_M1"  ,   1, -2895021269318.9, -1891403499076.2
"Load.BT_U51007964_M2"  ,   1, -1286676119697.3, -840623777367.2
"Load.BT_UC3646363_M1"  ,   1, -1193521831140742656.0, -779763310783971584.0
"Load.BT_UC3646363_M2"  ,   1, -530454147173663424.0, -346561471459543040.0
"Load.BT_UC0988028_3_M1",   1, -30083120586910625792.0, -19654197415150919680.0
"Load.BT_UC0988028_3_M2",   1, -13370275816404725760.0, -8735198851178187776.0
"Load.BT_UC4310721_M1"  ,   1, -11511373757222201344.0, -7520722849001309184.0
"Load.BT_UC4310721_M2"  ,   1, -5116166114320978944.0, -3342543488445026816.0
"Load.BT_UC5046563_M1"  ,   1, -9785686271806081024.0, -6393279889999862784.0
"Load.BT_UC5046563_M2"  ,   1, -4349193898580480512.0, -2841457728888827904.0
"Load.BT_UC6319479_M1"  ,   1, -58059828213445189632.0, -37932212589316210688.0
"Load.BT_UC6319479_M2"  ,   1, -25804368094864527360.0, -16858761150807199744.0
"Load.BT_VC5291442_1_M1",   1, -9944237397883955200.0, -6496866055956080640.0
"Load.BT_VC5291442_1_M2",   1, -4419661065726202368.0, -2887496024869369344.0
"Load.BT_UC4481737_1_M1",   1, -30844514261421817856.0, -20151638548151107584.0
"Load.BT_UC4481737_1_M2",   1, -13708673005076361216.0, -8956283799178269696.0
"Load.BT_UC4055732_M1"  ,   1, -8698365134013467648.0, -5682900649918865408.0
"Load.BT_UC4055732_M2"  ,   1, -3865940059561541632.0, -2525733622186162176.0
"Load.BT_U52777763_M1"  ,   1, -1621724041362.3, -1059520549731.6
"Load.BT_U52777763_M2"  ,   1, -720766240605.5, -470898022102.9
"Load.BT_UC7318544_M1"  ,   1, -312916060584170160128.0, -204437369139819249664.0
"Load.BT_UC7318544_M2"  ,   1, -139073804704075579392.0, -90861052951030759424.0
"Load.BT_U56260730_2_M1",   1, -3457457358400.3, -2258859724145.8
"Load.BT_U56260730_2_M2",   1, -1536647714844.6, -1003937655175.9
"Load.BT_UC5818777_M1"  ,   1, -1527605499232.7, -998030106872.3
"Load.BT_UC5818777_M2"  ,   1, -678935777436.7, -443568936387.7
"Load.BT_UC6416078_3_M1",   1, -5563132963464285184.0, -3634560224163954688.0
"Load.BT_UC6416078_3_M2",   1, -2472503539317460480.0, -1615360099628424192.0
"Load.BT_U43329773_M1"  ,   1, -2796243037797088768.0, -1826868742328158976.0
"Load.BT_U43329773_M2"  ,   1, -1242774683465372928.0, -811941663256959616.0
"Load.BT_UC9724490_M1"  ,   1, -84525966845350182912.0, -55223328114431279104.0
"Load.BT_UC9724490_M2"  ,   1, -37567096375711195136.0, -24543701384191684608.0
"Load.BT_UC5115435_1_M1",   1, -19514822444368187392.0, -12749613914023962624.0
"Load.BT_UC5115435_1_M2",   1, -8673254419719195648.0, -5666495072899539968.0
"Load.BT_U10428788_M1"  ,   1, -158306177191701118976.0, -103426133913880428544.0
"Load.BT_U10428788_M2"  ,   1, -70358300974089396224.0, -45967170628391305216.0
"Load.BT_UC4541182_M1"  ,   1, -6255941917335128064.0, -4087192919610227712.0
"Load.BT_UC4541182_M2"  ,   1, -2780418629926724608.0, -1816530186493434624.0
"Load.BT_UC5518906_1_M1",   1, -101309778721325121536.0, -66188691597540188160.0
"Load.BT_UC5518906_1_M2",   1, -45026568320588947456.0, -29417196265573416960.0
"Load.BT_UC4636099_M1"  ,   1, -81337524724339867648.0, -53140224053260812288.0
"Load.BT_UC4636099_M2"  ,   1, -36150010988595490816.0, -23617877357004800000.0
"Load.BT_U10428793_M1"  ,   1, -150872305578441179136.0, -98569364490154295296.0
"Load.BT_U10428793_M2"  ,   1, -67054358034862735360.0, -43808606440068579328.0
"Load.BT_U10428781_M1"  ,   1, -67967662451966074880.0, -44405295379332513792.0
"Load.BT_U10428781_M2"  ,   1, -30207849978651586560.0, -19735686835258896384.0
"Load.BT_UC6515530_M1"  ,   1, -108090827862431514624.0, -70618952688396189696.0
"Load.BT_UC6515530_M2"  ,   1, -48040367938858442752.0, -31386201194842750976.0
"Load.BT_CL6703912_M1"  ,   1, -229109430550625320960.0, -149684005159463747584.0
"Load.BT_CL6703912_M2"  ,   1, -101826413578055712768.0, -66526224515317235712.0
"Load.BT_U10453697_6_M1",   1, -33290351923427110912.0, -21749577037200654336.0
"Load.BT_U10453697_6_M2",   1, -14795711965967605760.0, -9666478683200290816.0
"Load.BT_UC0988028_4_M1",   1, -23664738650785087488.0, -15460877600007217152.0
"Load.BT_UC0988028_4_M2",   1, -10517661622571155456.0, -6871501155558763520.0
"Load.BT_CL4102185_M1"  ,   1, -268292927789722894336.0, -175283749302464413696.0
"Load.BT_CL4102185_M2"  ,   1, -119241301239876829184.0, -77903888578873081856.0
"Load.BT_U53502825_M1"  ,   1, -73405670477958160384.0, -47958107773326589952.0
"Load.BT_U53502825_M2"  ,   1, -32624742434648072192.0, -21314714565922926592.0
"Load.BT_UC0869212_2_M1",   1, -9041172236568611840.0, -5906866726971400192.0
"Load.BT_UC0869212_2_M2",   1, -4018298771808272384.0, -2625274100876177408.0
"Load.BT_UC3753117_M1"  ,   1, -9289575233631174656.0, -6069155791860574208.0
"Load.BT_UC3753117_M2"  ,   1, -4128700103836078080.0, -2697402574160254976.0
"Load.BT_U57267822_M1"  ,   1, -56111403835309326336.0, -36659248993064837120.0
"Load.BT_U57267822_M2"  ,   1, -24938401704581922816.0, -16292999552473255936.0
"Load.BT_UI3059438_M1"  ,   1, -734516263642153484288.0, -479881321042259214336.0
"Load.BT_UI3059438_M2"  ,   1, -326451672729845956608.0, -213280587129892929536.0
"Load.BT_UC0266249_1_M1",   1, -8679762374186930176.0, -5670746912873886720.0
"Load.BT_UC0266249_1_M2",   1, -3857672166305302528.0, -2520331961277282816.0
"Load.BT_UC5944448_M1"  ,   1, -6600527076991700992.0, -4312320653171277824.0
"Load.BT_UC5944448_M2"  ,   1, -2933567589774089728.0, -1916586956965012736.0
"Load.BT_UC6723391_M1"  ,   1, -56882277658119577600.0, -37162883790416322560.0
"Load.BT_UC6723391_M2"  ,   1, -25281012292497596416.0, -16516837240185030656.0
"Load.BT_UC6446204_M1"  ,   1, -143467204157369565184.0, -93731391482580664320.0
"Load.BT_UC6446204_M2"  ,   1, -63763201847719804928.0, -41658396214480306176.0
"Load.BT_U52543404_M1"  ,   1, -63418515455469977600.0, -41433202348777259008.0
"Load.BT_U52543404_M2"  ,   1, -28186006869097771008.0, -18414756599456557056.0
"Load.BT_U53514934_M1"  ,   1, -31733713442299191296.0, -20732578819904897024.0
"Load.BT_U53514934_M2"  ,   1, -14103872641021861888.0, -9214479475513285632.0
"Load.BT_UC9772167_M1"  ,   1, -295149895701951741952.0, -192830205220302651392.0
"Load.BT_UC9772167_M2"  ,   1, -131177731423089672192.0, -85702313431245619200.0
"Load.BT_VC5353540_1_M1",   1, -18696735975634841600.0, -12215133694860808192.0
"Load.BT_VC5353540_1_M2",   1, -8309660433615485952.0, -5428948308827027456.0
"Load.BT_U52859311_M1"  ,   1, -20412663658032922624.0, -13336200285103476736.0
"Load.BT_U52859311_M2"  ,   1, -9072294959125740544.0, -5927200126712655872.0
"Load.BT_UC0992586_1_M1",   1, -6358554299162691584.0, -4154232641393652224.0
"Load.BT_UC0992586_1_M2",   1, -2826024132961195520.0, -1846325618397178880.0
"Load.BT_UC3869200_M1"  ,   1, -133080804682538647552.0, -86945647793238556672.0
"Load.BT_UC3869200_M2"  ,   1, -59147024303350505472.0, -38642510130328248320.0
"Load.BT_CL2792085_M1"  ,   1, -1006812911890572509184.0, -657780820001211154432.0
"Load.BT_CL2792085_M2"  ,   1, -447472405284698849280.0, -292347031111649427456.0
"Load.BT_U10428816_M1"  ,   1, -246947409678379614208.0, -161338087468532924416.0
"Load.BT_U10428816_M2"  ,   1, -109754404301502070784.0, -71705816652681289728.0
"Load.BT_UC5353539_M1"  ,   1, -65693767302238420992.0, -42919692046812135424.0
"Load.BT_UC5353539_M2"  ,   1, -29197229912105963520.0, -19075418687472062464.0
"Load.BT_UC0469997_M1"  ,   1, -18538481568476958720.0, -12111741379405197312.0
"Load.BT_UC0469997_M2"  ,   1, -8239325141545314304.0, -5382996168624531456.0
"Load.BT_U38301976_M1"  ,   1, -9905005075879098368.0, -6471234411091255296.0
"Load.BT_U38301976_M2"  ,   1, -4402224478168487936.0, -2876104182707224576.0
"Load.BT_CL5882729_M1"  ,   1, -77005338824442888192.0, -50309878142592081920.0
"Load.BT_CL5882729_M2"  ,   1, -34224595033085734912.0, -22359945841152040960.0
"Load.BT_UC0469999_M1"  ,   1, -60215321980638208000.0, -39340460776281407488.0
"Load.BT_UC0469999_M2"  ,   1, -26762365324728102912.0, -17484649233902852096.0
"Load.BT_UC5353517_M1"  ,   1, -19868918684845776896.0, -12980955522075615232.0
"Load.BT_UC5353517_M2"  ,   1, -8830630526598122496.0, -5769313565366940672.0
"Load.BT_UC5518906_2_M1",   1, -60733488023552843776.0, -39678994057967345664.0
"Load.BT_UC5518906_2_M2",   1, -26992661343801253888.0, -17635108470207709184.0
"Load.BT_UC8124667_M1"  ,   1, -24382688910221217792.0, -15929935857861820416.0
"Load.BT_UC8124667_M2"  ,   1, -10836750626764982272.0, -7079971492383031296.0
"Load.BT_U50898039_M1"  ,   1, -63559208767991808000.0, -41525121463215030272.0
"Load.BT_U50898039_M2"  ,   1, -28248537230218579968.0, -18455609539206680576.0
"Load.BT_UC3867803_M1"  ,   1, -43663107952567508992.0, -28526407055207628800.0
"Load.BT_UC3867803_M2"  ,   1, -19405825756696670208.0, -12678403135647832064.0
"Load.BT_UC8363745_M1"  ,   1, -151044912905191686144.0, -98682133983921111040.0
"Load.BT_UC8363745_M2"  ,   1, -67131072402307432448.0, -43858726215076052992.0
"Load.BT_UC3182805_M1"  ,   1, -63558589233189486592.0, -41524716713319981056.0
"Load.BT_UC3182805_M2"  ,   1, -28248261881417547776.0, -18455429650364432384.0
"Load.BT_CL6650949_M1"  ,   1, -285646008600514592768.0, -186621033112201592832.0
"Load.BT_CL6650949_M2"  ,   1, -126953781600228687872.0, -82942681383200686080.0
"Load.BT_UC1194089_M1"  ,   1, -4926105835854022656.0, -3218371455384786432.0
"Load.BT_UC1194089_M2"  ,   1, -2189380371490676992.0, -1430387313504349440.0
"Load.BT_U10449987_M1"  ,   1, -241652764756986298368.0, -157878938480736698368.0
"Load.BT_U10449987_M2"  ,   1, -107401228780882788352.0, -70168417102549622784.0
"Load.BT_UC3588572_M1"  ,   1, -241191000295477837824.0, -157577254003943931904.0
"Load.BT_UC3588572_M2"  ,   1, -107196000131323445248.0, -70034335112863956992.0
"Load.BT_UC2311848_M1"  ,   1, -73479874776037662720.0, -48006587632398295040.0
"Load.BT_UC2311848_M2"  ,   1, -32657722122683396096.0, -21336261169954795520.0
"Load.BT_U10428806_M1"  ,   1, -1319339899940.0, -861963996522.5
"Load.BT_U10428806_M2"  ,   1, -586373288862.2, -383095109565.5
"Load.BT_UC6592852_1_M1",   1, -5120232989836976128.0, -3345200498865835520.0
"Load.BT_UC6592852_1_M2",   1, -2275659106594211328.0, -1486755777273704448.0
"Load.BT_UC3959057_M1"  ,   1, -300216415037003988992.0, -196140312989994221568.0
"Load.BT_UC3959057_M2"  ,   1, -133429517794223996928.0, -87173472439997448192.0
"Load.BT_U51188536_M1"  ,   1, -32472356726450225152.0, -21215156446353530880.0
"Load.BT_U51188536_M2"  ,   1, -14432158545088987136.0, -9428958420601567232.0
"Load.BT_UI3322327_M1"  ,   1, -481718730106898219008.0, -314721173672658403328.0
"Load.BT_UI3322327_M2"  ,   1, -214097213380843634688.0, -139876077187848192000.0
"Load.BT_UC0988028_5_M1",   1, -9680511315358306304.0, -6324565961233392640.0
"Load.BT_UC0988028_5_M2",   1, -4302449473492580864.0, -2810918204992619008.0
"Load.BT_UC5603275_1_M1",   1, -128381034539272945664.0, -83875148176863657984.0
"Load.BT_UC5603275_1_M2",   1, -57058237573010194432.0, -37277843634161623040.0
"Load.BT_UC3648203_M1"  ,   1, -1037019869834140928.0, -677515924681412480.0
"Load.BT_UC3648203_M2"  ,   1, -460897719926284800.0, -301118188747294464.0
"Load.BT_U56026107_M1"  ,   1, -4031178200244656640.0, -2633688616143521792.0
"Load.BT_U56026107_M2"  ,   1, -1791634755664291584.0, -1170528273841565184.0
"Load.BT_CL3060057_M1"  ,   1, -56488927169548828672.0, -36905896215489478656.0
"Load.BT_CL3060057_M2"  ,   1, -25106189853132808192.0, -16402620540217544704.0
"Load.BT_VC2457205_1_M1",   1, -14463345053836972032.0, -9449333496195282944.0
"Load.BT_VC2457205_1_M2",   1, -6428153357260875776.0, -4199703776086791680.0
"Load.BT_UC0971896_M1"  ,   1, -69667885319107231744.0, -45516101543744512000.0
"Load.BT_UC0971896_M2"  ,   1, -30963504586269884416.0, -20229378463886446592.0
"Load.BT_UC1121844_M1"  ,   1, -25229570896851468288.0, -16483229047882002432.0
"Load.BT_UC1121844_M2"  ,   1, -11213142620822878208.0, -7325879576836445184.0
"Load.BT_UC3677803_M1"  ,   1, -1443652483069126115328.0, -943181104355314368512.0
"Load.BT_UC3677803_M2"  ,   1, -641623325808500539392.0, -419191601935695282176.0
"Load.BT_U53034048_M1"  ,   1, -27766388278135140352.0, -18140607293530398720.0
"Load.BT_U53034048_M2"  ,   1, -12340617012504506368.0, -8062492130457954304.0
"Load.BT_UC4668850_M1"  ,   1, -488505775161616629760.0, -319155352069057347584.0
"Load.BT_UC4668850_M2"  ,   1, -217113677849607372800.0, -141846823141803261952.0
"Load.BT_UC2247318_M1"  ,   1, -105554930721213972480.0, -68962175658834092032.0
"Load.BT_UC2247318_M2"  ,   1, -46913302542761762816.0, -30649855848370708480.0
"Load.BT_U10428783_M1"  ,   1, -27630311287595184128.0, -18051704147037003776.0
"Load.BT_U10428783_M2"  ,   1, -12280138350042302464.0, -8022979620905334784.0
"Load.BT_U10453697_7_M1",   1, -52442599335241949184.0, -34262309895322632192.0
"Load.BT_U10453697_7_M2",   1, -23307821926774202368.0, -15227693286810056704.0
"Load.BT_UI2995403_M1"  ,   1, -1730561963528549120.0, -1130627602275846784.0
"Load.BT_UI2995403_M2"  ,   1, -769138650457132928.0, -502501156567042944.0
"Load.BT_UC3629956_M1"  ,   1, -239127841034.5, -156229330745.8
"Load.BT_UC3629956_M2"  ,   1, -106279040459.8, -69435258109.3
"Load.BT_UC4556071_1_M1",   1, -218727948656086810624.0, -142901474271385059328.0
"Load.BT_UC4556071_1_M2",   1, -97212421624927469568.0, -63511766342837805056.0
"Load.BT_UC1059968_M1"  ,   1, -569969436117534016.0, -372377984784335488.0
"Load.BT_UC1059968_M2"  ,   1, -253319749385570624.0, -165501326570815744.0
"Load.BT_UC0470072_M1"  ,   1, -7302955446739969024.0, -4771237997423872000.0
"Load.BT_UC0470072_M2"  ,   1, -3245757976323148800.0, -2120550221073935872.0
"Load.BT_U10428778_M1"  ,   1, -18598963854185156608.0, -12151256257757745152.0
"Load.BT_U10428778_M2"  ,   1, -8266206157415624704.0, -5400558336781220864.0
"Load.BT_UC3556990_M1"  ,   1, -49030520549559582720.0, -32033097342341677056.0
"Load.BT_UC3556990_M2"  ,   1, -21791342466470924288.0, -14236932152151857152.0
"Load.BT_UC5581850_2_M1",   1, -80339053502257790976.0, -52487893099655553024.0
"Load.BT_UC5581850_2_M2",   1, -35706246001003466752.0, -23327952488735805440.0
"Load.BT_U51788987_M1"  ,   1, -28206302562562551808.0, -18428016377042540544.0
"Load.BT_U51788987_M2"  ,   1, -12536134472250023936.0, -8190229500907795456.0
"Load.BT_UC8196455_M1"  ,   1, -16217650695232786432.0, -10595473545598408704.0
"Load.BT_UC8196455_M2"  ,   1, -7207844753436792832.0, -4709099353599292416.0
"Load.BT_U51201106_M1"  ,   1, -450897967307723374592.0, -294585052661136130048.0
"Load.BT_U51201106_M2"  ,   1, -200399096581210406912.0, -130926690071616061440.0
"Load.BT_UC5602282_M1"  ,   1, -33356675749373026304.0, -21792908363593994240.0
"Load.BT_UC5602282_M2"  ,   1, -14825189221943566336.0, -9685737050486222848.0
"Load.BT_UC1610858_M1"  ,   1, -21668428499968425984.0, -14156628804203304960.0
"Load.BT_UC1610858_M2"  ,   1, -9630412666652633088.0, -6291835024090357760.0
"Load.BT_U10453697_8_M1",   1, -17614830187542126592.0, -11508292462411905024.0
"Load.BT_U10453697_8_M2",   1, -7828813416685389824.0, -5114796649960845312.0
"Load.BT_UC8199621_M1"  ,   1, -29131530046584795136.0, -19032495010463694848.0
"Load.BT_UC8199621_M2"  ,   1, -12947346687371022336.0, -8458886671317198848.0
"Load.BT_CL3433382_M1"  ,   1, -129272051684425695232.0, -84457276178138529792.0
"Load.BT_CL3433382_M2"  ,   1, -57454245193078104064.0, -37536567190283788288.0
"Load.BT_CL3263479_M1"  ,   1, -376890392838019874816.0, -246233703127261839360.0
"Load.BT_CL3263479_M2"  ,   1, -167506841261342162944.0, -109437201389894156288.0
"Load.BT_U41422060_M1"  ,   1, -75910856819672842240.0, -49594820503572643840.0
"Load.BT_U41422060_M2"  ,   1, -33738158586521264128.0, -22042142446032281600.0
"Load.BT_CL2709974_M1"  ,   1, -15367063893310863360.0, -10039759890807185408.0
"Load.BT_CL2709974_M2"  ,   1, -6829806174804829184.0, -4462115507025415680.0
"Load.BT_UC1282322_M1"  ,   1, -342875296782727970816.0, -224010629206696230912.0
"Load.BT_UC1282322_M2"  ,   1, -152389020792323506176.0, -99560279647420530688.0
"Load.BT_UC3629519_M1"  ,   1, -143787098343621115904.0, -93940387868977971200.0
"Load.BT_UC3629519_M2"  ,   1, -63905377041609392128.0, -41751283497323544576.0
"Load.BT_U10453697_9_M1",   1, -49384643255868416000.0, -32264456238832078848.0
"Load.BT_U10453697_9_M2",   1, -21948730335941513216.0, -14339758328369815552.0
"Load.BT_U51852122_M1"  ,   1, -26792317410098741248.0, -17504217827900631040.0
"Load.BT_U51852122_M2"  ,   1, -11907696626710550528.0, -7779652367955836928.0
"Load.BT_U52215082_M1"  ,   1, -74056988861964140544.0, -48383633435185242112.0
"Load.BT_U52215082_M2"  ,   1, -32914217271984074752.0, -21503837082304548864.0
"Load.BT_U48636124_M1"  ,   1, -7971793619062105088.0, -5208209867920462848.0
"Load.BT_U48636124_M2"  ,   1, -3543019386249824256.0, -2314759941297983488.0
"Load.BT_CL4487199_M1"  ,   1, -159480072108215959552.0, -104193074368725073920.0
"Load.BT_CL4487199_M2"  ,   1, -70880032048095993856.0, -46308033052766699520.0
"Load.BT_UC4397672_M1"  ,   1, -333827422334422024192.0, -218099383725948305408.0
"Load.BT_UC4397672_M2"  ,   1, -148367743259743125504.0, -96933059433754787840.0
"Load.BT_U10449959_M1"  ,   1, -27690354302626336768.0, -18090932035817232384.0
"Load.BT_U10449959_M2"  ,   1, -12306824134500595712.0, -8040414238140992512.0
"Load.BT_CL2980107_M1"  ,   1, -291546667976466595840.0, -190476109379399811072.0
"Load.BT_CL2980107_M2"  ,   1, -129576296878429618176.0, -84656048613066620928.0
"Load.BT_UC0869212_3_M1",   1, -10324291144579112960.0, -6745166472319408128.0
"Load.BT_UC0869212_3_M2",   1, -4588573842035161600.0, -2997851765475293184.0
"Load.BT_VC4579658_1_M1",   1, -64592300492025118720.0, -42200071017813925888.0
"Load.BT_VC4579658_1_M2",   1, -28707689107566710784.0, -18755587119028412416.0
"Load.BT_UC6592852_2_M1",   1, -4266849085787663872.0, -2787659412900385280.0
"Load.BT_UC6592852_2_M2",   1, -1896377371461184000.0, -1238959739066838016.0
"Load.BT_UC5839753_1_M1",   1, -218321809943349985280.0, -142636131768888279040.0
"Load.BT_UC5839753_1_M2",   1, -97031915530377773056.0, -63393836341728116736.0
"Load.BT_U49343322_M1"  ,   1, -355794539279549267968.0, -232451154564127260672.0
"Load.BT_U49343322_M2"  ,   1, -158130906346466312192.0, -103311624250723205120.0
"Load.BT_UC5394476_M1"  ,   1, -8891968617085310.0, -5809387713170965.0
"Load.BT_UC5394476_M2"  ,   1, -3951986052037915.5, -2581950094742650.5
"Load.BT_UC8699661_M1"  ,   1, -46005019780027572224.0, -30056447705328693248.0
"Load.BT_UC8699661_M2"  ,   1, -20446675457790033920.0, -13358421202368307200.0
"Load.BT_U51475366_M1"  ,   1, -219821242568834088960.0, -143615755701656190976.0
"Load.BT_U51475366_M2"  ,   1, -97698330030592966656.0, -63829224756291649536.0
"Load.BT_UC0988028_6_M1",   1, -16433830106752768000.0, -10736709985655756800.0
"Load.BT_UC0988028_6_M2",   1, -7303924491890120704.0, -4771871104735892480.0
"Load.BT_UC3461429_M1"  ,   1, -12250356918191568896.0, -8003522526408087552.0
"Load.BT_UC3461429_M2"  ,   1, -5444603074751808512.0, -3557121122848039424.0
"Load.BT_CL6961372_M1"  ,   1, -1086879492564890496.0, -710090699166687232.0
"Load.BT_CL6961372_M2"  ,   1, -483057552251062464.0, -315595866296305472.0
"Load.BT_UC0949091_M1"  ,   1, -7117969027954131968.0, -4650380870426795008.0
"Load.BT_UC0949091_M2"  ,   1, -3163541790201835520.0, -2066835942411908864.0
"Load.BT_U61007746_M1"  ,   1, -925630430002733645824.0, -604741890084261068800.0
"Load.BT_U61007746_M2"  ,   1, -411391302223437234176.0, -268774173370782744576.0
"Load.BT_UC8538223_M1"  ,   1, -125331481272326848512.0, -81882784327899234304.0
"Load.BT_UC8538223_M2"  ,   1, -55702880565478588416.0, -36392348590177431552.0
"Load.BT_UC2311960_M1"  ,   1, -7267722262474157056.0, -4748219111566927872.0
"Load.BT_UC2311960_M2"  ,   1, -3230098783321847808.0, -2110319605140856576.0
"Load.BT_UC3461817_M1"  ,   1, -73255339362310799360.0, -47859891968166780928.0
"Load.BT_UC3461817_M2"  ,   1, -32557928605471461376.0, -21271063096963014656.0
"Load.BT_UC4696003_M1"  ,   1, -162945543602541101056.0, -106457169966958149632.0
"Load.BT_UC4696003_M2"  ,   1, -72420241601129365504.0, -47314297763092512768.0
"Load.BT_U58544461_M1"  ,   1, -8000942863646928896.0, -5227253938808388608.0
"Load.BT_U58544461_M2"  ,   1, -3555974606065302016.0, -2323223972803728384.0
"Load.BT_UC6416078_4_M1",   1, -89824089627756724224.0, -58684749307564253184.0
"Load.BT_UC6416078_4_M2",   1, -39921817612336324608.0, -26082110803361886208.0
"Load.BT_UC3691279_1_M1",   1, -5051718215896650752.0, -3300437760064967680.0
"Load.BT_UC3691279_1_M2",   1, -2245208095954066944.0, -1466861226695541760.0
"Load.BT_UC6007467_M1"  ,   1, -9845298325032720384.0, -6432226215825643520.0
"Load.BT_UC6007467_M2"  ,   1, -4375688144458986496.0, -2858767207033618944.0
"Load.BT_UC0943013_2_M1",   1, -6115132965158937600.0, -3995198243981235712.0
"Load.BT_UC0943013_2_M2",   1, -2717836873403972096.0, -1775643663991660288.0
"Load.BT_UC0869212_4_M1",   1, -16331194716698468352.0, -10669655234924386304.0
"Load.BT_UC0869212_4_M2",   1, -7258308762977096704.0, -4742068993299725312.0
"Load.BT_UC9633468_M1"  ,   1, -108541068726049931264.0, -70913108431005630464.0
"Load.BT_UC9633468_M2"  ,   1, -48240474989355524096.0, -31516937080446947328.0
"Load.BT_UC7547266_M1"  ,   1, -105626986881860960256.0, -69009252090967826432.0
"Load.BT_UC7547266_M2"  ,   1, -46945327503049310208.0, -30670778707096817664.0
"Load.BT_U53577351_M1"  ,   1, -248004832411822653440.0, -162028933204638957568.0
"Load.BT_U53577351_M2"  ,   1, -110224369960810070016.0, -72012859202061737984.0
"Load.BT_U10449993_M1"  ,   1, -911241023360436666368.0, -595340862723425566720.0
"Load.BT_U10449993_M2"  ,   1, -404996010382416281600.0, -264595938988189089792.0
"Load.BT_UC6527915_M1"  ,   1, -137532743336028438528.0, -89854231724603097088.0
"Load.BT_UC6527915_M2"  ,   1, -61125663704901533696.0, -39935214099823599616.0
"Load.BT_UC1165885_1_M1",   1, -211029748780207013888.0, -137872011332731502592.0
"Load.BT_UC1165885_1_M2",   1, -93790999457869807616.0, -61276449481214001152.0
"Load.BT_UC3881471_M1"  ,   1, -509791710373965824.0, -333062086943427136.0
"Load.BT_UC3881471_M2"  ,   1, -226574093499540352.0, -148027594197078784.0
"Load.BT_U51198305_M1"  ,   1, -124462658897068867584.0, -81315156830452973568.0
"Load.BT_U51198305_M2"  ,   1, -55316737287586160640.0, -36140069702423543808.0
"Load.BT_U10449978_M1"  ,   1, -86796889923698475008.0, -56706989710422671360.0
"Load.BT_U10449978_M2"  ,   1, -38576395521643749376.0, -25203106537965629440.0
"Load.BT_UC9361536_M1"  ,   1, -8680114310382904320.0, -5670976843177091072.0
"Load.BT_UC9361536_M2"  ,   1, -3857828582392402432.0, -2520434152523151872.0
"Load.BT_UC5357259_M1"  ,   1, -1045331102263533109248.0, -682945899382587260928.0
"Load.BT_UC5357259_M2"  ,   1, -464591601006014693376.0, -303531510836705558528.0
"Load.BT_UC3947752_M1"  ,   1, -2603989243157071360.0, -1701263621072070912.0
"Load.BT_UC3947752_M2"  ,   1, -1157328552514254080.0, -756117164920920448.0
"Load.BT_U56260730_3_M1",   1, -913140765029439897600.0, -596582020480810483712.0
"Load.BT_U56260730_3_M2",   1, -405840340013084442624.0, -265147564658138021888.0
"Load.BT_UC5603276_1_M1",   1, -46868859047281426432.0, -30620819590802644992.0
"Load.BT_UC5603276_1_M2",   1, -20830604021013962752.0, -13609253151467839488.0
"Load.BT_VC3895456_1_M1",   1, -68834443345773039305359360.0, -44971589107525935574286336.0
"Load.BT_VC3895456_1_M2",   1, -30593085931454341492768768.0, -19987372936678317188186112.0
"Load.BT_UC4209155_1_M1",   1, -3766197986414.4, -2460569158901.6
"Load.BT_UC4209155_1_M2",   1, -1673865771739.7, -1093586292845.2
"Load.BT_U39827320_M1"  ,   1, -5480699986459532288.0, -3580704309458004480.0
"Load.BT_U39827320_M2"  ,   1, -2435866660648681472.0, -1591424137536891648.0
"Load.BT_UC8655686_M1"  ,   1, -3373919588056.3, -2204282014111.9
"Load.BT_UC8655686_M2"  ,   1, -1499519816913.9, -979680895160.8
"Load.BT_U10453192_M1"  ,   1, -42443257448270913536.0, -27729442439914795008.0
"Load.BT_U10453192_M2"  ,   1, -18863669977009295360.0, -12324196639962134528.0
"Load.BT_UC3880985_M1"  ,   1, -129400107882896654336.0, -84540939102328913920.0
"Load.BT_UC3880985_M2"  ,   1, -57511159059065176064.0, -37573750712146182144.0
"Load.BT_UC1003822_1_M1",   1, -12142415393916934144.0, -7933001117991066624.0
"Load.BT_UC1003822_1_M2",   1, -5396629063963080704.0, -3525778274662695936.0
"Load.BT_UC4661175_M1"  ,   1, -730202742919931756544.0, -477063169661771710464.0
"Load.BT_UC4661175_M2"  ,   1, -324534552408858624000.0, -212028075405231915008.0
"Load.BT_CL6350004_M1"  ,   1, -110563383211292360704.0, -72234346642525536256.0
"Load.BT_CL6350004_M2"  ,   1, -49139281427241033728.0, -32104154063344685056.0
"Load.BT_UC0469954_1_M1",   1, -16730213422543435776.0, -10930346021100079104.0
"Load.BT_UC0469954_1_M2",   1, -7435650410019304448.0, -4857931564933368832.0
"Load.BT_UC2436027_M1"  ,   1, -363361065900352929792.0, -237394591450981367808.0
"Load.BT_UC2436027_M2"  ,   1, -161493807066823557120.0, -105508707311547301888.0
"Load.BT_U10453193_M1"  ,   1, -29159946596849012736.0, -19051060387949850624.0
"Load.BT_U10453193_M2"  ,   1, -12959976265266227200.0, -8467137950199933952.0
"Load.BT_UC3705850_M1"  ,   1, -183238777336151244800.0, -119715343126921756672.0
"Load.BT_UC3705850_M2"  ,   1, -81439456593844977664.0, -53206819167520776192.0
"Load.BT_UC5307420_M1"  ,   1, -12050632117394065408.0, -7873036375827780608.0
"Load.BT_UC5307420_M2"  ,   1, -5355836496619584512.0, -3499127278145679360.0
"Load.BT_UC2231677_M1"  ,   1, -4355208810317719040.0, -2845387449456243200.0
"Load.BT_UC2231677_M2"  ,   1, -1935648360141208320.0, -1264616644202774784.0
"Load.BT_UC0469953_M1"  ,   1, -82615943056169189376.0, -53975452764986155008.0
"Load.BT_UC0469953_M2"  ,   1, -36718196913852968960.0, -23989090117771624448.0
"Load.BT_CL3358744_M1"  ,   1, -24096382644716056576.0, -15742883457299767296.0
"Load.BT_CL3358744_M2"  ,   1, -10709503397651582976.0, -6996837092133229568.0
"Load.BT_CL3936325_M1"  ,   1, -50786051153475002368.0, -33180037698954874880.0
"Load.BT_CL3936325_M2"  ,   1, -22571578290433331200.0, -14746683421757718528.0
"Load.BT_UC5899000_M1"  ,   1, -294781509408620183552.0, -192589527498763567104.0
"Load.BT_UC5899000_M2"  ,   1, -131014004181608972288.0, -85595345555006013440.0
"Load.BT_U10428818_M1"  ,   1, -399388734758448136192.0, -260932539062979428352.0
"Load.BT_U10428818_M2"  ,   1, -177506104337088020480.0, -115970017361324195840.0
"Load.BT_UC6397156_M1"  ,   1, -5714486928305707008.0, -3733444271613494784.0
"Load.BT_UC6397156_M2"  ,   1, -2539771968135869952.0, -1659308565161553152.0
"Load.BT_CL4136661_M1"  ,   1, -256084644127865700352.0, -167307714486784884736.0
"Load.BT_CL4136661_M2"  ,   1, -113815397390162526208.0, -74358984216348819456.0
"Load.BT_UC2015764_1_M1",   1, -10821555830335766528.0, -7070044280097471488.0
"Load.BT_UC2015764_1_M2",   1, -4809580369038118912.0, -3142241902265542144.0
"Load.BT_UC2359131_M1"  ,   1, -53271874903315873792.0, -34804100296129200128.0
"Load.BT_UC2359131_M2"  ,   1, -23676388845918162944.0, -15468489020501864448.0
"Load.BT_U52011121_M1"  ,   1, -13362751933042927616.0, -8730283273769964544.0
"Load.BT_U52011121_M2"  ,   1, -5939000859130190848.0, -3880125899453317632.0
"Load.BT_UC7939402_M1"  ,   1, -144117250033689198592.0, -94156085787186642944.0
"Load.BT_UC7939402_M2"  ,   1, -64052111126084075520.0, -41847149238749634560.0
"Load.BT_U10453697_10_M1",   1, -23691379699492384768.0, -15478282989524953088.0
"Load.BT_U10453697_10_M2",   1, -10529502088663283712.0, -6879236884233312256.0
"Load.BT_CL4290044_M1"  ,   1, -144854388702599266304.0, -94637680403443073024.0
"Load.BT_CL4290044_M2"  ,   1, -64379728312266342400.0, -42061191290419142656.0
"Load.BT_UC1284223_1_M1",   1, -55235110229872115712.0, -36086740322390642688.0
"Load.BT_UC1284223_1_M2",   1, -24548937879943163904.0, -16038551254395842560.0
"Load.BT_U10453697_11_M1",   1, -33419280590331596800.0, -21833809967066529792.0
"Load.BT_U10453697_11_M2",   1, -14853013595702935552.0, -9703915540918458368.0
"Load.BT_UC4709489_2_M1",   1, -36635075269054447616.0, -23934784275061370880.0
"Load.BT_UC4709489_2_M2",   1, -16282255675135311872.0, -10637681900027279360.0
"Load.BT_UC0869212_5_M1",   1, -9674948734267981824.0, -6320931762764029952.0
"Load.BT_UC0869212_5_M2",   1, -4299977215230215168.0, -2809303005672902656.0
"Load.BT_UC4640377_M1"  ,   1, -14359575160671225856.0, -9381537536716292096.0
"Load.BT_UC4640377_M2"  ,   1, -6382033404742766592.0, -4169572238540574720.0
"Load.BT_UC5959095_M1"  ,   1, -246600268990286954496.0, -161111290125304201216.0
"Load.BT_UC5959095_M2"  ,   1, -109600119551238651904.0, -71605017833468534784.0
"Load.BT_UI2991944_M1"  ,   1, -3377298298005.6, -2206489425806.6
"Load.BT_UI2991944_M2"  ,   1, -1501021465780.3, -980661967025.2
"Load.BT_VC5353537_1_M1",   1, -78728582402199666688.0, -51435724444256501760.0
"Load.BT_VC5353537_1_M2",   1, -34990481067644309504.0, -22860321975225114624.0
"Load.BT_CL7808503_M1"  ,   1, -171680404828804349952.0, -112163914599105511424.0
"Load.BT_CL7808503_M2"  ,   1, -76302402146135261184.0, -49850628710713548800.0
"Load.BT_U51397607_M1"  ,   1, -1992637937951309.8, -1301849508658200.5
"Load.BT_U51397607_M2"  ,   1, -885616861311729.6, -578599781625864.2
"Load.BT_U10428794_M1"  ,   1, -317446038730962305024.0, -207396938607527264256.0
"Load.BT_U10428794_M2"  ,   1, -141087128324872077312.0, -92176417158900973568.0
"Load.BT_UC5518906_3_M1",   1, -160253649977368838144.0, -104698475799745396736.0
"Load.BT_UC5518906_3_M2",   1, -71223844434386149376.0, -46532655910997942272.0
"Load.BT_UC5699333_M1"  ,   1, -17978587721060022272.0, -11745946079456319488.0
"Load.BT_UC5699333_M2"  ,   1, -7990483431582232576.0, -5220420479758365696.0
"Load.BT_UC0469930_M1"  ,   1, -68607526047093506048.0, -44823337293890945024.0
"Load.BT_UC0469930_M2"  ,   1, -30492233798708232192.0, -19921483241729310720.0
"Load.BT_UC3957723_M1"  ,   1, -275267016500388823040.0, -179840128880557359104.0
"Load.BT_UC3957723_M2"  ,   1, -122340896222395056128.0, -79928946169136611328.0
"Load.BT_UC2907396_1_M1",   1, -28918149109026074624.0, -18893086894953648128.0
"Load.BT_UC2907396_1_M2",   1, -12852510715122702336.0, -8396927508868288512.0
"Load.BT_UC5191509_M1"  ,   1, -20751040813689745408.0, -13557272141734309888.0
"Load.BT_UC5191509_M2"  ,   1, -9222684806084327424.0, -6025454285215246336.0
"Load.BT_UC1171360_M1"  ,   1, -478252189273383632896.0, -312456379474194202624.0
"Load.BT_UC1171360_M2"  ,   1, -212556528565948284928.0, -138869501988530765824.0
"Load.BT_U10131431_M1"  ,   1, -1748672067378.0, -1142459470831.4
"Load.BT_U10131431_M2"  ,   1, -777187585501.3, -507759764813.9
"Load.BT_U10428802_M1"  ,   1, -137079124239877980160.0, -89557868882919571456.0
"Load.BT_U10428802_M2"  ,   1, -60924055217723555840.0, -39803497281297588224.0
"Load.BT_VC0979556_M1"  ,   1, -661760700380051931136.0, -432347947687819608064.0
"Load.BT_VC0979556_M2"  ,   1, -294115866835578683392.0, -192154643416808718336.0
"Load.BT_U10453697_12_M1",   1, -33971491598501289984.0, -22194585842582749184.0
"Load.BT_U10453697_12_M2",   1, -15098440710445021184.0, -9864260374481223680.0
"Load.BT_U10453697_13_M1",   1, -39295927274170744832.0, -25673198029048209408.0
"Load.BT_U10453697_13_M2",   1, -17464856566298112000.0, -11410310235132540928.0
"Load.BT_CL2964657_1_M1",   1, -274692496445477617664.0, -179464777839161278464.0
"Load.BT_CL2964657_1_M2",   1, -122085553975767793664.0, -79762123484071673856.0
"Load.BT_UC0469954_2_M1",   1, -1031576659568.2, -673959712981.2
"Load.BT_UC0469954_2_M2",   1, -458478515363.7, -299537650213.9
"Load.BT_UC1644578_M1"  ,   1, -9318192118775508992.0, -6087852054557078528.0
"Load.BT_UC1644578_M2"  ,   1, -4141418719455780864.0, -2705712024247590912.0
"Load.BT_UC3945466_M1"  ,   1, -240358901274711785472.0, -157033618964502315008.0
"Load.BT_UC3945466_M2"  ,   1, -106826178344316338176.0, -69792719539778797568.0
"Load.BT_UC8553109_M1"  ,   1, -119379744247444258816.0, -77994337513364488192.0
"Load.BT_UC8553109_M2"  ,   1, -53057664109975224320.0, -34664150005939773440.0
"Load.BT_UC5193018_M1"  ,   1, -2345867523854761472.0, -1532625024548715520.0
"Load.BT_UC5193018_M2"  ,   1, -1042607788379894400.0, -681166677577206784.0
"Load.BT_U10453697_14_M1",   1, -12708570393221238784.0, -8302887017710977024.0
"Load.BT_U10453697_14_M2",   1, -5648253508098327552.0, -3690172007871545344.0
"Load.BT_U59488518_M1"  ,   1, -3353164460031.2, -2190722071673.5
"Load.BT_U59488518_M2"  ,   1, -1490295315569.4, -973654254077.1
"Load.BT_UC8361998_M1"  ,   1, -19656630822854455296.0, -12842261544661604352.0
"Load.BT_UC8361998_M2"  ,   1, -8736280365713089536.0, -5707671797627378688.0
"Load.BT_UC3919386_M1"  ,   1, -279026745759457181696.0, -182296471826777669632.0
"Load.BT_UC3919386_M2"  ,   1, -124011887004203204608.0, -81020654145234550784.0
"Load.BT_CL6704183_M1"  ,   1, -721034552400528670720.0, -471073318234597883904.0
"Load.BT_CL6704183_M2"  ,   1, -320459801066901667840.0, -209365919215376859136.0
"Load.BT_UC0909668_M1"  ,   1, -84997599447072112640.0, -55531459720597233664.0
"Load.BT_UC0909668_M2"  ,   1, -37776710865365377024.0, -24680648764709879808.0
"Load.BT_UC4684485_M1"  ,   1, -25170253798620463104.0, -16444475419056990208.0
"Load.BT_UC4684485_M2"  ,   1, -11186779466053537792.0, -7308655741803105280.0
"Load.BT_UC4190457_M1"  ,   1, -35376177641761693696.0, -23112309013853396992.0
"Load.BT_UC4190457_M2"  ,   1, -15722745618560753664.0, -10272137339490400256.0
"Load.BT_UC2657895_M1"  ,   1, -24178160564678393856.0, -15796311407051300864.0
"Load.BT_UC2657895_M2"  ,   1, -10745849139857063936.0, -7020582847578356736.0
"Load.BT_U10449983_M1"  ,   1, -7216847551137786880.0, -4714981149481652224.0
"Load.BT_U10449983_M2"  ,   1, -3207487800505682944.0, -2095547177547400704.0
"Load.BT_U10428790_M1"  ,   1, -243180893725929570304.0, -158877310576063152128.0
"Load.BT_U10428790_M2"  ,   1, -108080397211524251648.0, -70612138033805852672.0
"Load.BT_U50964176_M1"  ,   1, -12613123150785796096.0, -8240528493392483328.0
"Load.BT_U50964176_M2"  ,   1, -5605832511460353024.0, -3662457108174436864.0
"Load.BT_UC8392712_M1"  ,   1, -1649139235315.4, -1077431711327.0
"Load.BT_UC8392712_M2"  ,   1, -732950771251.3, -478858538367.6
"Load.BT_UC6515540_M1"  ,   1, -174484996943624273920.0, -113996238049517813760.0
"Load.BT_UC6515540_M2"  ,   1, -77548887530499670016.0, -50664994688674578432.0
"Load.BT_UC6255836_1_M1",   1, -26874791843654504448.0, -17558100822357151744.0
"Load.BT_UC6255836_1_M2",   1, -11944351930513111040.0, -7803600365492067328.0
"Load.BT_UI3005580_M1"  ,   1, -186115439376306372608.0, -121594751996053766144.0
"Load.BT_UI3005580_M2"  ,   1, -82717973056136151040.0, -54042111998246109184.0
"Load.BT_U51047675_M1"  ,   1, -26393754881590292480.0, -17243825068024485888.0
"Load.BT_U51047675_M2"  ,   1, -11730557725151240192.0, -7663922252455327744.0
"Load.BT_UC5140546_M1"  ,   1, -385395917529726517248.0, -251790615381097906176.0
"Load.BT_UC5140546_M2"  ,   1, -171287074457656229888.0, -111906940169376874496.0
"Load.BT_U10453697_15_M1",   1, -43173866074843365376.0, -28206770785318010880.0
"Load.BT_U10453697_15_M2",   1, -19188384922152603648.0, -12536342571252447232.0
"Load.BT_UC5217444_M1"  ,   1, -127440027689345531904.0, -83260360414951735296.0
"Load.BT_UC5217444_M2"  ,   1, -56640012306375786496.0, -37004604628867440640.0
"Load.BT_UC3720936_1_M1",   1, -28242086525229854720.0, -18451395104826105856.0
"Load.BT_UC3720936_1_M2",   1, -12552038455657713664.0, -8200620046589381632.0
"Load.BT_UC8205546_M1"  ,   1, -11405447361442095104.0, -7451517983563104256.0
"Load.BT_UC8205546_M2"  ,   1, -5069087716196486144.0, -3311785770472490496.0
"Load.BT_UC4410807_M1"  ,   1, -23845059933728636928.0, -15578686853396027392.0
"Load.BT_UC4410807_M2"  ,   1, -10597804414990510080.0, -6923860823731568640.0
"Load.BT_U62604254_M1"  ,   1, -238442871590.2, -155781819835.2
"Load.BT_U62604254_M2"  ,   1, -105974609595.6, -69236364371.2
"Load.BT_UC8148115_M1"  ,   1, -108869267073755381760.0, -71127530176414056448.0
"Load.BT_UC8148115_M2"  ,   1, -48386340921669058560.0, -31612235633961799680.0
"Load.BT_UC3161891_M1"  ,   1, -456544153908.5, -298273874400.9
"Load.BT_UC3161891_M2"  ,   1, -202908512848.2, -132566166400.4
"Load.BT_UC8263861_M1"  ,   1, -144554897766470565888.0, -94442014067459735552.0
"Load.BT_UC8263861_M2"  ,   1, -64246621229542481920.0, -41974228474426548224.0
"Load.BT_UC5228365_1_M1",   1, -1087805732655.1, -710695838799.4
"Load.BT_UC5228365_1_M2",   1, -483469214513.4, -315864817244.2
"Load.BT_UC4052900_1_M1",   1, -32881085533835366400.0, -21482191130621181952.0
"Load.BT_UC4052900_1_M2",   1, -14613815792815722496.0, -9547640502498304000.0
"Load.BT_U52120635_M1"  ,   1, -76686867757637517312.0, -50101811529729851392.0
"Load.BT_U52120635_M2"  ,   1, -34083052336727789568.0, -22267471790991048704.0
"Load.BT_UC4556093_M1"  ,   1, -152505746093124386816.0, -99636539753799303168.0
"Load.BT_UC4556093_M2"  ,   1, -67780331596944171008.0, -44282906557244137472.0
"Load.BT_UC5886865_M1"  ,   1, -341809832676159586304.0, -223314529807507685376.0
"Load.BT_UC5886865_M2"  ,   1, -151915481189404278784.0, -99250902136670093312.0
"Load.BT_UC0470000_M1"  ,   1, -17590513531732080640.0, -11492405667985426432.0
"Load.BT_UC0470000_M2"  ,   1, -7818006014103146496.0, -5107735852437966848.0
"Load.BT_UC5839753_2_M1",   1, -155385690717022355456.0, -101518093230648459264.0
"Load.BT_UC5839753_2_M2",   1, -69060306985343279104.0, -45119152546954878976.0
"Load.BT_U10449954_M1"  ,   1, -340897809239138959360.0, -222718677800893743104.0
"Load.BT_U10449954_M2"  ,   1, -151510137439617318912.0, -98986079022619459584.0
"Load.BT_UC1165885_2_M1",   1, -141432241426141413376.0, -92401889806673051648.0
"Load.BT_UC1165885_2_M2",   1, -62858773967173967872.0, -41067506580743577600.0
"Load.BT_U55677013_M1"  ,   1, -44116230609947607040.0, -28822445565327613952.0
"Load.BT_U55677013_M2"  ,   1, -19607213604421160960.0, -12809975806812276736.0
"Load.BT_UC0988028_7_M1",   1, -257050744613510217728.0, -167938896689583685632.0
"Load.BT_UC0988028_7_M2",   1, -114244775383782342656.0, -74639509639814971392.0
"Load.BT_UC5485115_M1"  ,   1, -1384567263065154781184.0, -904578972805355143168.0
"Load.BT_UC5485115_M2"  ,   1, -615363228028957753344.0, -402035099024602365952.0
"Load.BT_U10040064_M1"  ,   1, -81707612664066228224.0, -53382013511960092672.0
"Load.BT_U10040064_M2"  ,   1, -36314494517362778112.0, -23725339338648932352.0
"Load.BT_UC8456677_M1"  ,   1, -354809875763673759744.0, -231807844603965734912.0
"Load.BT_UC8456677_M2"  ,   1, -157693278117188370432.0, -103025708712873672704.0
"Load.BT_UC6495798_M1"  ,   1, -683370036131.1, -446465969449.6
"Load.BT_UC6495798_M2"  ,   1, -303720016058.3, -198429319755.4
"Load.BT_U59083455_M1"  ,   1, -27894412302837563392.0, -18224249194111102976.0
"Load.BT_U59083455_M2"  ,   1, -12397516579038916608.0, -8099666308493822976.0
"Load.BT_CL3937422_M1"  ,   1, -780814716235736940544.0, -510129477133918142464.0
"Load.BT_CL3937422_M2"  ,   1, -347028762771438501888.0, -226724212059519123456.0
"Load.BT_UC5046566_M1"  ,   1, -14611246047957551104.0, -9545961614913486848.0
"Load.BT_UC5046566_M2"  ,   1, -6493887132425579520.0, -4242649606628216320.0
"Load.BT_U62183470_M1"  ,   1, -7226142321768914944.0, -4721053699085870080.0
"Load.BT_U62183470_M2"  ,   1, -3211618809675073536.0, -2098246088482608896.0
"Load.BT_UC3169832_2_M1",   1, -18627695428364984320.0, -12170027448921542656.0
"Load.BT_UC3169832_2_M2",   1, -8278975745939990528.0, -5408901088409574400.0
"Load.BT_UC4556071_2_M1",   1, -22619001499073150976.0, -14777666414484858880.0
"Load.BT_UC4556071_2_M2",   1, -10052889555143624704.0, -6567851739771047936.0
"Load.BT_VC4579658_2_M1",   1, -26309812462321541120.0, -17188982988961900544.0
"Load.BT_VC4579658_2_M2",   1, -11693249983254020096.0, -7639547995094177792.0
"Load.BT_UC4678042_M1"  ,   1, -94799308730926579712.0, -61935207926872768512.0
"Load.BT_UC4678042_M2"  ,   1, -42133026102634045440.0, -27526759078610116608.0
"Load.BT_UC1027529_M1"  ,   1, -93927737468407234560.0, -61365784501000495104.0
"Load.BT_UC1027529_M2"  ,   1, -41745661097069871104.0, -27273682000444661760.0
"Load.BT_UC8205577_M1"  ,   1, -2776315409665.4, -1813849430411.3
"Load.BT_UC8205577_M2"  ,   1, -1233917959851.3, -806155302405.0
"Load.BT_CL6435210_M1"  ,   1, -77867658463387549696.0, -50873257216598630400.0
"Load.BT_CL6435210_M2"  ,   1, -34607848205950013440.0, -22610336540710502400.0
"Load.BT_U51975742_M1"  ,   1, -17386825401071255552.0, -11359330154572746752.0
"Load.BT_U51975742_M2"  ,   1, -7727477956031670272.0, -5048591179810110464.0
"Load.BT_UC4576174_M1"  ,   1, -231984667469529513984.0, -151562482953761325056.0
"Load.BT_UC4576174_M2"  ,   1, -103104296653124255744.0, -67361103535005032448.0
"Load.BT_UC0869212_6_M1",   1, -11915949614850510848.0, -7785044290439141376.0
"Load.BT_UC0869212_6_M2",   1, -5295977606600227840.0, -3460019684639619072.0
"Load.BT_UC2178464_M1"  ,   1, -27860262254942429184.0, -18201937952097478656.0
"Load.BT_UC2178464_M2"  ,   1, -12382338779974408192.0, -8089750200932211712.0
"Load.BT_UC0988028_8_M1",   1, -32321468936294535168.0, -21116576965024153600.0
"Load.BT_UC0988028_8_M2",   1, -14365097305019789312.0, -9385145317788510208.0
"Load.BT_UC8332639_M1"  ,   1, -185982352050207457280.0, -121507802087994458112.0
"Load.BT_UC8332639_M2"  ,   1, -82658823133425516544.0, -54003467594664189952.0
"Load.BT_UC0988028_9_M1",   1, -26233198035637764096.0, -17138928507553560576.0
"Load.BT_UC0988028_9_M2",   1, -11659199126950117376.0, -7617301558912692224.0
"Load.BT_UC6007468_M1"  ,   1, -8186689929058726912.0, -5348608020199649280.0
"Load.BT_UC6007468_M2"  ,   1, -3638528857359434240.0, -2377159120088733696.0
"Load.BT_CL3640653_M1"  ,   1, -173135332750387609600.0, -113114462282476617728.0
"Load.BT_CL3640653_M2"  ,   1, -76949036777950035968.0, -50273094347767382016.0
"Load.BT_U10453697_16_M1",   1, -3115435871197.1, -2035406914054.9
"Load.BT_U10453697_16_M2",   1, -1384638164976.5, -904625295135.5
"Load.BT_U52719416_M1"  ,   1, -10337436507922317312.0, -6753754732541036544.0
"Load.BT_U52719416_M2"  ,   1, -4594416225743251968.0, -3001668770018238976.0
"Load.BT_UC3394419_M1"  ,   1, -247724790913185546240.0, -161845973742499364864.0
"Load.BT_UC3394419_M2"  ,   1, -110099907072526909440.0, -71931543885555253248.0
"Load.BT_U43819923_M1"  ,   1, -4270678651474209792.0, -2790161381356257792.0
"Load.BT_U43819923_M2"  ,   1, -1898079400655204608.0, -1240071725047225856.0
"Load.BT_UC0869212_7_M1",   1, -5850423710627853312.0, -3822255814871079424.0
"Load.BT_UC0869212_7_M2",   1, -2600188315834601472.0, -1698780362164924416.0
"Load.BT_UC0988028_10_M1",   1, -20418376389692547072.0, -13339932581146023936.0
"Load.BT_UC0988028_10_M2",   1, -9074833950974465024.0, -5928858924953788416.0
"Load.BT_UC6457508_M1"  ,   1, -57027004335711485952.0, -37257438031632883712.0
"Load.BT_UC6457508_M2"  ,   1, -25345335260316217344.0, -16558861347392391168.0
"Load.BT_UC4119401_M1"  ,   1, -116480049028163141632.0, -76099880383689670656.0
"Load.BT_UC4119401_M2"  ,   1, -51768910679183605760.0, -33822169059417636864.0
"Load.BT_UC8565074_M1"  ,   1, -12561601621487108096.0, -8206867949703136256.0
"Load.BT_UC8565074_M2"  ,   1, -5582934053994270720.0, -3647496866534726656.0
"Load.BT_CL3248629_M1"  ,   1, -93443529178653523968.0, -61049436813205692416.0
"Load.BT_CL3248629_M2"  ,   1, -41530457412734902272.0, -27133083028091424768.0
"Load.BT_UC6543779_M1"  ,   1, -207895476685753810944.0, -135824298153111732224.0
"Load.BT_UC6543779_M2"  ,   1, -92397989638112821248.0, -60366354734716338176.0
"Load.BT_UC2223243_M1"  ,   1, -1198167256295366144.0, -782798305186540288.0
"Load.BT_UC2223243_M2"  ,   1, -532518780575718336.0, -347910357860684608.0
"Load.BT_UC0869212_8_M1",   1, -20910438223968223232.0, -13661411215237111808.0
"Load.BT_UC0869212_8_M2",   1, -9293528099541432320.0, -6071738317883160576.0
"Load.BT_U10192293_M1"  ,   1, -6511209401668124672.0, -4253966759374103040.0
"Load.BT_U10192293_M2"  ,   1, -2893870845185833472.0, -1890651893055156480.0
"Load.BT_U41534751_M1"  ,   1, -3874328215255354880.0, -2531213853047118848.0
"Load.BT_U41534751_M2"  ,   1, -1721923651224601856.0, -1124983934687607936.0
"Load.BT_UC4022671_M1"  ,   1, -49430142804131364864.0, -32294182447101194240.0
"Load.BT_UC4022671_M2"  ,   1, -21968952357391720448.0, -14352969976489418752.0
"Load.BT_U10139459_M1"  ,   1, -42808217278803001344.0, -27967881551791665152.0
"Load.BT_U10139459_M2"  ,   1, -19025874346134671360.0, -12430169578574071808.0
"Load.BT_UC7033869_M1"  ,   1, -39162583395138945024.0, -25586080509722402816.0
"Load.BT_UC7033869_M2"  ,   1, -17405592620061755392.0, -11371591337654403072.0
"Load.BT_UC4027439_M1"  ,   1, -359032141995376377856.0, -234566376709482053632.0
"Load.BT_UC4027439_M2"  ,   1, -159569840886833938432.0, -104251722981992022016.0
"Load.BT_UC6495795_M1"  ,   1, -200605178973015900160.0, -131061329838019477504.0
"Load.BT_UC6495795_M2"  ,   1, -89157857321340387328.0, -58249479928008646656.0
"Load.BT_UC3225035_M1"  ,   1, -28562584565913640960.0, -18660786008710778880.0
"Load.BT_UC3225035_M2"  ,   1, -12694482029294950400.0, -8293682670538124288.0
"Load.BT_UC8991968_M1"  ,   1, -899101012295802240.0, -587409432975201920.0
"Load.BT_UC8991968_M2"  ,   1, -399600449909245440.0, -261070859100089696.0
"Load.BT_UC5228365_2_M1",   1, -1087805732655.1, -710695838799.4
"Load.BT_UC5228365_2_M2",   1, -483469214513.4, -315864817244.2
"Load.BT_VC2131656_M1"  ,   1, -2255398733289520384.0, -1473519072821916928.0
"Load.BT_VC2131656_M2"  ,   1, -1002399437017564416.0, -654897365698629760.0
"Load.BT_UC4162488_M1"  ,   1, -206147720223449612288.0, -134682436874633183232.0
"Load.BT_UC4162488_M2"  ,   1, -91621208988199845888.0, -59858860833170317312.0
"Load.BT_UC3800354_M1"  ,   1, -270493502824620785664.0, -176721450422148104192.0
"Load.BT_UC3800354_M2"  ,   1, -120219334588720332800.0, -78542866854288064512.0
"Load.BT_VC3895456_2_M1",   1, -18594650811308488609759232.0, -12148438415975811144220672.0
"Load.BT_VC3895456_2_M2",   1, -8264289249470283450941440.0, -5399305962655908070686720.0
"Load.BT_U10453697_17_M1",   1, -40081017113712418816.0, -26186120571390038016.0
"Load.BT_U10453697_17_M2",   1, -17813785383872184320.0, -11638275809506682880.0
"Load.BT_U10428775_M1"  ,   1, -1750443487968637222912.0, -1143616792483073884160.0
"Load.BT_U10428775_M2"  ,   1, -777974883541616558080.0, -508274129992477245440.0
"Load.BT_VC0774105_2_M1",   1, -6969542252699509760.0, -4553409243565655040.0
"Load.BT_VC0774105_2_M2",   1, -3097574334533115904.0, -2023737441584736000.0
"Load.BT_VC3895456_3_M1",   1, -36762885709957368297553920.0, -24018286633775653111988224.0
"Load.BT_VC3895456_3_M2",   1, -16339060315536654661058560.0, -10674794059455813853904896.0
"Load.BT_UC0988028_11_M1",   1, -164900467472353099776.0, -107734379888849584128.0
"Load.BT_UC0988028_11_M2",   1, -73289096654379171840.0, -47881946617266487296.0
"Load.BT_UC2165828_M1"  ,   1, -22140690021643272192.0, -14465171302141511680.0
"Load.BT_UC2165828_M2"  ,   1, -9840306676285900800.0, -6428965023174004736.0
"Load.BT_U10428789_M1"  ,   1, -160920476321668694016.0, -105134133290174758912.0
"Load.BT_U10428789_M2"  ,   1, -71520211698519408640.0, -46726281462299901952.0
"Load.BT_U41539040_M1"  ,   1, -938354557420729139200.0, -613054940939760435200.0
"Load.BT_U41539040_M2"  ,   1, -417046469964768477184.0, -272468862639893512192.0
"Load.BT_UC5291441_M1"  ,   1, -16684684555335663616.0, -10900600659932063744.0
"Load.BT_UC5291441_M2"  ,   1, -7415415357926961152.0, -4844711404414251008.0
"Load.BT_UC4134611_M1"  ,   1, -2564657701446456832.0, -1675567154744935424.0
"Load.BT_UC4134611_M2"  ,   1, -1139847867309536128.0, -744696513219971328.0
"Load.BT_UC9862829_M1"  ,   1, -26783717043845877760.0, -17498598947633451008.0
"Load.BT_UC9862829_M2"  ,   1, -11903874241709277184.0, -7777155087837087744.0
"Load.BT_UC5839753_3_M1",   1, -302504493510135119872.0, -197635182707910279168.0
"Load.BT_UC5839753_3_M2",   1, -134446441560060051456.0, -87837858981293441024.0
"Load.BT_VC0469981_1_M1",   1, -23437292051380035584.0, -15312279969947879424.0
"Load.BT_VC0469981_1_M2",   1, -10416574245057792000.0, -6805457764421279744.0
"Load.BT_U10449988_M1"  ,   1, -1321148086318409187328.0, -863145338539673649152.0
"Load.BT_U10449988_M2"  ,   1, -587176927252626341888.0, -383620150462077206528.0
"Load.BT_UC2362640_M1"  ,   1, -12938756400133773312.0, -8453274382423950336.0
"Load.BT_UC2362640_M2"  ,   1, -5750558400059452416.0, -3757010836632867328.0
"Load.BT_UC0869212_9_M1",   1, -9184319706866248704.0, -6000389226755203072.0
"Load.BT_UC0869212_9_M2",   1, -4081919869718333440.0, -2666839656335645696.0
"Load.BT_UC4318681_M1"  ,   1, -30680902825586659328.0, -20044746331151466496.0
"Load.BT_UC4318681_M2"  ,   1, -13635956811371845632.0, -8908776147178429440.0
"Load.BT_UC1726386_M1"  ,   1, -1825023236913906432.0, -1192341961702587136.0
"Load.BT_UC1726386_M2"  ,   1, -811121438628402816.0, -529929760756705472.0
"Load.BT_UC4271891_M1"  ,   1, -280782249642462543872.0, -183443394725600264192.0
"Load.BT_UC4271891_M2"  ,   1, -124792110952205549568.0, -81530397655822319616.0
"Load.BT_UC5473372_M1"  ,   1, -66640820943806734336.0, -43538430356116987904.0
"Load.BT_UC5473372_M2"  ,   1, -29618142641691877376.0, -19350413491607547904.0
"Load.BT_CL4727770_M1"  ,   1, -653381659047475806208.0, -426873670749910663168.0
"Load.BT_CL4727770_M2"  ,   1, -290391848465544806400.0, -189721631444404797440.0
"Load.BT_UC6416078_5_M1",   1, -58992411446569607168.0, -38541496954073612288.0
"Load.BT_UC6416078_5_M2",   1, -26218849531808710656.0, -17129554201810493440.0
"Load.BT_UC4325369_M1"  ,   1, -273956655860778500096.0, -178984031302323830784.0
"Load.BT_UC4325369_M2"  ,   1, -121758513715901546496.0, -79548458356588380160.0
"Load.BT_UC4534725_M1"  ,   1, -16602269740787724288.0, -10846756608420642816.0
"Load.BT_UC4534725_M2"  ,   1, -7378786551461213184.0, -4820780714853619712.0
"Load.BT_U52221711_M1"  ,   1, -152656748687593832448.0, -99735194253068451840.0
"Load.BT_U52221711_M2"  ,   1, -67847443861152833536.0, -44326753001363750912.0
"Load.BT_UC3603643_M1"  ,   1, -78436391899284471808.0, -51244827685687631872.0
"Load.BT_UC3603643_M2"  ,   1, -34860618621904220160.0, -22775478971416735744.0
"Load.BT_UC3069999_M1"  ,   1, -490952587328828801024.0, -320753927230503124992.0
"Load.BT_UC3069999_M2"  ,   1, -218201149923923918848.0, -142557300991334727680.0
"Load.BT_U10452686_1_M1",   1, -4916743077586306048.0, -3212254486943645696.0
"Load.BT_U10452686_1_M2",   1, -2185219145593913856.0, -1427668660863842304.0
"Load.BT_U57586643_M1"  ,   1, -3458258040113.1, -2259382833229.2
"Load.BT_U57586643_M2"  ,   1, -1537003573383.6, -1004170148101.9
"Load.BT_UC4556071_3_M1",   1, -164328548149705080832.0, -107360727971677306880.0
"Load.BT_UC4556071_3_M2",   1, -73034910288757809152.0, -47715879098523238400.0
"Load.BT_UC1816404_M1"  ,   1, -11616623114610096128.0, -7589485384564215808.0
"Load.BT_UC1816404_M2"  ,   1, -5162943606493373440.0, -3373104615361873408.0
"Load.BT_UC3102045_M1"  ,   1, -150603199464288911360.0, -98393549455507685376.0
"Load.BT_UC3102045_M2"  ,   1, -66934755317461729280.0, -43730466424670068736.0
"Load.BT_UC5123390_M1"  ,   1, -15541048976561833984.0, -10153429520317044736.0
"Load.BT_UC5123390_M2"  ,   1, -6907132878471927808.0, -4512635342363128832.0
"Load.BT_VC3363792_M1"  ,   1, -147830515982095384576.0, -96582072884430356480.0
"Load.BT_VC3363792_M2"  ,   1, -65702451547597971456.0, -42925365726413496320.0
"Load.BT_U41098602_M1"  ,   1, -156613687484543795200.0, -102320380030535057408.0
"Load.BT_U41098602_M2"  ,   1, -69606083326463918080.0, -45475724458015580160.0
"Load.BT_UC1121825_M1"  ,   1, -2336458808901922816.0, -1526478032291112704.0
"Load.BT_UC1121825_M2"  ,   1, -1038426137289743232.0, -678434681018272256.0
"Load.BT_U44570662_M1"  ,   1, -70476597111770710016.0, -46044457012448395264.0
"Load.BT_U44570662_M2"  ,   1, -31322932049675870208.0, -20464203116643729408.0
"Load.BT_UC0883043_1_M1",   1, -72606286523982766080.0, -47435846445026680832.0
"Load.BT_UC0883043_1_M2",   1, -32269460677325668352.0, -21082598420011855872.0
"Load.BT_U10428798_M1"  ,   1, -375121680015031271424.0, -245078150449357029376.0
"Load.BT_U10428798_M2"  ,   1, -166720746673347231744.0, -108923622421936439296.0
"Load.BT_VC3898103_2_M1",   1, -9279663419852480512.0, -6062680108266510336.0
"Load.BT_VC3898103_2_M2",   1, -4124294853267768832.0, -2694524492562893312.0
"Load.BT_UC6255836_2_M1",   1, -33587817006934175744.0, -21943919823633047552.0
"Load.BT_UC6255836_2_M2",   1, -14927918669748523008.0, -9752853254948022272.0
"Load.BT_UC0869212_10_M1",   1, -36350106747527962624.0, -23748605872187453440.0
"Load.BT_UC0869212_10_M2",   1, -16155602998901315584.0, -10554935943194421248.0
"Load.BT_UC6427486_M1"  ,   1, -488287512336111108096.0, -319012754494629871616.0
"Load.BT_UC6427486_M2"  ,   1, -217016672149382627328.0, -141783446442057744384.0
"Load.BT_UC4084678_M1"  ,   1, -280081129937170169856.0, -182985332370461851648.0
"Load.BT_UC4084678_M2"  ,   1, -124480502194297831424.0, -81326814386871943168.0
"Load.BT_UC4399633_M1"  ,   1, -105725573347362832384.0, -69073661561435996160.0
"Load.BT_UC4399633_M2"  ,   1, -46989143709939048448.0, -30699405138416005120.0
"Load.BT_UC0869212_11_M1",   1, -12217082658977576960.0, -7981783464539234304.0
"Load.BT_UC0869212_11_M2",   1, -5429814515101145088.0, -3547459317572992512.0
"Load.BT_VC3898103_3_M1",   1, -72607978477622386688.0, -47436951848488697856.0
"Load.BT_VC3898103_3_M2",   1, -32270212656721063936.0, -21083089710439424000.0
"Load.BT_UC3437715_M1"  ,   1, -465824303772737142784.0, -304336872216952111104.0
"Load.BT_UC3437715_M2"  ,   1, -207033023898994278400.0, -135260832096423182336.0
"Load.BT_U10453697_18_M1",   1, -3115435871197.1, -2035406914054.9
"Load.BT_U10453697_18_M2",   1, -1384638164976.5, -904625295135.5
"Load.BT_UC3829166_M1"  ,   1, -13072573546108143616.0, -8540701103895851008.0
"Load.BT_UC3829166_M2"  ,   1, -5810032687159175168.0, -3795867157287045120.0
"Load.BT_UC4594410_M1"  ,   1, -488291078204900769792.0, -319015084161846935552.0
"Load.BT_UC4594410_M2"  ,   1, -217018256979955875840.0, -141784481849709772800.0
"Load.BT_U10453697_19_M1",   1, -41538573786052009984.0, -27138385696130613248.0
"Load.BT_U10453697_19_M2",   1, -18461588349356445696.0, -12061504753835827200.0
"Load.BT_UC0469915_M1"  ,   1, -1532847917574.5, -1001455134447.4
"Load.BT_UC0469915_M2"  ,   1, -681265741144.2, -445091170865.5
"Load.BT_U10453697_20_M1",   1, -26912336401247272960.0, -17582629800860608512.0
"Load.BT_U10453697_20_M2",   1, -11961038400554346496.0, -7814502133715827712.0
"Load.BT_UC9923484_M1"  ,   1, -15831444286598899712.0, -10343153412302340096.0
"Load.BT_UC9923484_M2"  ,   1, -7036197460710621184.0, -4596957072134372352.0
"Load.BT_UC1678920_M1"  ,   1, -12669886802094020608.0, -8277613877123639296.0
"Load.BT_UC1678920_M2"  ,   1, -5631060800930675712.0, -3678939500943839232.0
"Load.BT_UC3814980_M1"  ,   1, -31396448926348570624.0, -20512233877772873728.0
"Load.BT_UC3814980_M2"  ,   1, -13953977300599365632.0, -9116548390121276416.0
"Load.BT_UC6852316_M1"  ,   1, -6075156970658509824.0, -3969080737801187328.0
"Load.BT_UC6852316_M2"  ,   1, -2700069764737115648.0, -1764035883467194624.0
"Load.BT_UC8529681_M1"  ,   1, -17607090783889567744.0, -11503236080321953792.0
"Load.BT_UC8529681_M2"  ,   1, -7825373681728698368.0, -5112549369031980032.0
"Load.BT_U51900932_M1"  ,   1, -139713161948575006720.0, -91278764067225944064.0
"Load.BT_U51900932_M2"  ,   1, -62094738643811106816.0, -40568339585433747456.0
"Load.BT_UI3062389_1_M1",   1, -282896858227356172288.0, -184824931407598452736.0
"Load.BT_UI3062389_1_M2",   1, -125731936989936091136.0, -82144413958932660224.0
"Load.BT_CL5856283_M1"  ,   1, -7188015942229625856.0, -4696144601932539904.0
"Load.BT_CL5856283_M2"  ,   1, -3194673752102056448.0, -2087175378636684544.0
"Load.BT_UC6492459_M1"  ,   1, -66837264073903087616.0, -43666772497836998656.0
"Load.BT_UC6492459_M2"  ,   1, -29705450699512487936.0, -19407454443483119616.0
"Load.BT_UC5087538_M1"  ,   1, -7429551130577409024.0, -4853946724313650176.0
"Load.BT_UC5087538_M2"  ,   1, -3302022724701070848.0, -2157309655250511104.0
"Load.BT_CL3672496_M1"  ,   1, -261392693362226495488.0, -170775620923640872960.0
"Load.BT_CL3672496_M2"  ,   1, -116174530383211757568.0, -75900275966062608384.0
"Load.BT_UC5581850_3_M1",   1, -72641844856607776768.0, -47459077760706478080.0
"Load.BT_UC5581850_3_M2",   1, -32285264380714565632.0, -21092923449202876416.0
"Load.BT_UC0988028_12_M1",   1, -28923592574234468352.0, -18896643277650612224.0
"Load.BT_UC0988028_12_M2",   1, -12854930032993095680.0, -8398508123400269824.0
"Load.BT_U49954801_M1"  ,   1, -12626000801931970560.0, -8248941845684208640.0
"Load.BT_U49954801_M2"  ,   1, -5611555911969763328.0, -3666196375859648512.0
"Load.BT_U10452686_2_M1",   1, -40383212351116664832.0, -26383553707982716928.0
"Load.BT_U10452686_2_M2",   1, -17948094378274070528.0, -11726023870214541312.0
"Load.BT_CL6533662_M1"  ,   1, -832457990833191040.0, -543869564916401344.0
"Load.BT_CL6533662_M2"  ,   1, -369981329259196032.0, -241719806629511584.0
"Load.BT_UC8411313_M1"  ,   1, -149076212367686598656.0, -97395923369995534336.0
"Load.BT_UC8411313_M2"  ,   1, -66256094385638481920.0, -43287077053331341312.0
"Load.BT_UC3824531_M1"  ,   1, -172273431897770196992.0, -112551356820714651648.0
"Load.BT_UC3824531_M2"  ,   1, -76565969732342317056.0, -50022825253650948096.0
"Load.BT_U42226625_M1"  ,   1, -83844323380418805760.0, -54777990172664537088.0
"Load.BT_U42226625_M2"  ,   1, -37264143724630589440.0, -24345773410073124864.0
"Load.BT_CL3214113_M1"  ,   1, -326401193993286909952.0, -213247607871619203072.0
"Load.BT_CL3214113_M2"  ,   1, -145067197330349768704.0, -94776714609608540160.0
"Load.BT_U10449976_M1"  ,   1, -237016094281107275776.0, -154849663754440966144.0
"Load.BT_U10449976_M2"  ,   1, -105340486347158798336.0, -68822072779751546880.0
"Load.BT_UC0469998_M1"  ,   1, -3005528209063.5, -1963600969512.3
"Load.BT_UC0469998_M2"  ,   1, -1335790315139.3, -872711542005.5
"Load.BT_U44495341_M1"  ,   1, -32924078763693936640.0, -21510279885196251136.0
"Load.BT_U44495341_M2"  ,   1, -14632923894975080448.0, -9560124393420556288.0
"Load.BT_VC2338782_1_M1",   1, -10336009297562574848.0, -6752822289058236416.0
"Load.BT_VC2338782_1_M2",   1, -4593781910027810816.0, -3001254350692549120.0
"Load.BT_U10428803_M1"  ,   1, -312571378023147634688.0, -204212177782549905408.0
"Load.BT_U10428803_M2"  ,   1, -138920612454732283904.0, -90760967903355502592.0
"Load.BT_CL5111168_M1"  ,   1, -109810129682503745536.0, -71742223698122768384.0
"Load.BT_CL5111168_M2"  ,   1, -48804502081112776704.0, -31885432754721222656.0
"Load.BT_VC5191506_1_M1",   1, -76421894396793569280.0, -49928696551967645696.0
"Load.BT_VC5191506_1_M2",   1, -33965286398574927872.0, -22190531800874508288.0
"Load.BT_UC1143872_M1"  ,   1, -1923234170632174592.0, -1256506085728011520.0
"Load.BT_UC1143872_M2"  ,   1, -854770742503188736.0, -558447149212449536.0
"Load.BT_UC8326477_M1"  ,   1, -80194130529557626880.0, -52393210611582156800.0
"Load.BT_UC8326477_M2"  ,   1, -35641835790914502656.0, -23285871382925410304.0
"Load.BT_U10428812_M1"  ,   1, -260274074317434355712.0, -170044793839739207680.0
"Load.BT_U10428812_M2"  ,   1, -115677366363304148992.0, -75575463928772984832.0
"Load.BT_U10453185_M1"  ,   1, -73301021061490130944.0, -47889737181197238272.0
"Load.BT_U10453185_M2"  ,   1, -32578231582884507648.0, -21284327636087660544.0
"Load.BT_VC0469964_M1"  ,   1, -19966137340447215616.0, -13044471356563134464.0
"Load.BT_VC0469964_M2"  ,   1, -8873838817976541184.0, -5797542825139171328.0
"Load.BT_U53519394_M1"  ,   1, -169388646212116873216.0, -110666640548945575936.0
"Load.BT_U53519394_M2"  ,   1, -75283842760940830720.0, -49185173577309134848.0
"Load.BT_UC6467713_M1"  ,   1, -6387269212160398336.0, -4172992947242846720.0
"Load.BT_UC6467713_M2"  ,   1, -2838786316515731968.0, -1854663532107931648.0
"Load.BT_U10303932_M1"  ,   1, -9892439254989240320.0, -6463024788594462720.0
"Load.BT_U10303932_M2"  ,   1, -4396639668884107264.0, -2872455461597538816.0
"Load.BT_U10453697_21_M1",   1, -74807846139185479680.0, -48874190820285399040.0
"Load.BT_U10453697_21_M2",   1, -33247931617415757824.0, -21721862586793512960.0
"Load.BT_UC6416078_6_M1",   1, -38442923833815318528.0, -25115905513058410496.0
"Load.BT_UC6416078_6_M2",   1, -17085743926140139520.0, -11162624672470403072.0
"Load.BT_UC0469489_M1"  ,   1, -2815141398177159168.0, -1839215604043190272.0
"Load.BT_UC0469489_M2"  ,   1, -1251173954745403904.0, -817429157352528768.0
"Load.BT_UC8330026_M1"  ,   1, -19009220983757426688.0, -12419289445511411712.0
"Load.BT_UC8330026_M2"  ,   1, -8448542659447746560.0, -5519684198005071872.0
"Load.BT_UC0943010_M1"  ,   1, -2031780942371894016.0, -1327422918512574208.0
"Load.BT_UC0943010_M2"  ,   1, -903013752165286144.0, -589965741561144064.0
"Load.BT_U60119281_M1"  ,   1, -19219895669427351552.0, -12556929479643795456.0
"Load.BT_U60119281_M2"  ,   1, -8542175853078820864.0, -5580857546508351488.0
"Load.BT_VC5191506_2_M1",   1, -19352967927448772608.0, -12643869545289480192.0
"Load.BT_VC5191506_2_M2",   1, -8601319078866120704.0, -5619497575684212736.0
"Load.BT_U10428804_M1"  ,   1, -94915190257995595776.0, -62010916769849442304.0
"Load.BT_U10428804_M2"  ,   1, -42184529003553595392.0, -27560407453266427904.0
"Load.BT_U10453697_22_M1",   1, -39074887099109318656.0, -25528785908496023552.0
"Load.BT_U10453697_22_M2",   1, -17366616488493023232.0, -11346127070442678272.0
"Load.BT_UC0469962_M1"  ,   1, -17037049003997124608.0, -11130810829514369024.0
"Load.BT_UC0469962_M2"  ,   1, -7572021779554276352.0, -4947027035339719680.0
"Load.BT_UC0869212_12_M1",   1, -9463932504728180736.0, -6183068583909907456.0
"Load.BT_UC0869212_12_M2",   1, -4206192224323636224.0, -2748030481737736704.0
"Load.BT_VC0774105_3_M1",   1, -4277581336198958592.0, -2794671111803109376.0
"Load.BT_VC0774105_3_M2",   1, -1901147260532870400.0, -1242076049690270720.0
"Load.BT_U50976277_M1"  ,   1, -51565337882355777536.0, -33689168896431976448.0
"Load.BT_U50976277_M2"  ,   1, -22917927947713679360.0, -14972963953969766400.0
"Load.BT_UM3003416_1_M1",   1, -30546903840961712128.0, -19957200806263418880.0
"Load.BT_UM3003416_1_M2",   1, -13576401707094089728.0, -8869867025005965312.0
"Load.BT_VC2148733_M1"  ,   1, -22585540039279124480.0, -14755805049717620736.0
"Load.BT_VC2148733_M2"  ,   1, -10038017795235168256.0, -6558135577652276224.0
"Load.BT_UC5951926_M1"  ,   1, -206136981360717496320.0, -134675420856370577408.0
"Load.BT_UC5951926_M2"  ,   1, -91616436160318898176.0, -59855742602831372288.0
"Load.BT_CL6197384_M1"  ,   1, -7834866060697254912.0, -5118751023082177536.0
"Load.BT_CL6197384_M2"  ,   1, -3482162693643224064.0, -2275000454703189760.0
"Load.BT_UC4949698_M1"  ,   1, -55611460448964444160.0, -36332621111041789952.0
"Load.BT_UC4949698_M2"  ,   1, -24716204643984199680.0, -16147831604907466752.0
"Load.BT_UC3322675_M1"  ,   1, -232634050305278410752.0, -151986744074281156608.0
"Load.BT_UC3322675_M2"  ,   1, -103392911246790393856.0, -67549664033013850112.0
"Load.BT_U40897516_M1"  ,   1, -10997058941223360512.0, -7184705682139560960.0
"Load.BT_U40897516_M2"  ,   1, -4887581751654828032.0, -3193202525395360256.0
"Load.BT_UC3856707_M1"  ,   1, -235310584157801512960.0, -153735403245737377792.0
"Load.BT_UC3856707_M2"  ,   1, -104582481847911809024.0, -68326845886994382848.0
"Load.BT_UC9777165_M1"  ,   1, -30336820635643334656.0, -19819947200922787840.0
"Load.BT_UC9777165_M2"  ,   1, -13483031393619259392.0, -8808865422632352768.0
"Load.BT_UC8811685_M1"  ,   1, -1693466966771.8, -1106392336689.1
"Load.BT_UC8811685_M2"  ,   1, -752651985231.9, -491729927417.4
"Load.BT_U10453697_23_M1",   1, -26210052039237591040.0, -17123806539734253568.0
"Load.BT_U10453697_23_M2",   1, -11648912017438930944.0, -7610580684326334464.0
"Load.BT_UC0266249_2_M1",   1, -572894978627833036800.0, -374289328601470926848.0
"Load.BT_UC0266249_2_M2",   1, -254619990501259182080.0, -166350812711764852736.0
"Load.BT_UI1674309_M1"  ,   1, -2918412091174.1, -1906685418684.6
"Load.BT_UI1674309_M2"  ,   1, -1297072040521.8, -847415741637.6
"Load.BT_UC2015764_2_M1",   1, -21262754617651654656.0, -13891589989343991808.0
"Load.BT_UC2015764_2_M2",   1, -9450113163400734720.0, -6174039995263994880.0
"Load.BT_UC5185595_M1"  ,   1, -23045905437816246272.0, -15056575454616625152.0
"Load.BT_UC5185595_M2"  ,   1, -10242624639029444608.0, -6691811313162945536.0
"Load.BT_CL6109933_M1"  ,   1, -269665309862472744960.0, -176180367325748887552.0
"Load.BT_CL6109933_M2"  ,   1, -119851248827765653504.0, -78302385478110625792.0
"Load.BT_UC6433120_M1"  ,   1, -120514996994764652544.0, -78736031903162564608.0
"Load.BT_UC6433120_M2"  ,   1, -53562220886562078720.0, -34993791956961136640.0
"Load.BT_UC3529768_M1"  ,   1, -1480984982939671296.0, -967571537180016256.0
"Load.BT_UC3529768_M2"  ,   1, -658215547973187200.0, -430031794302229440.0
"Load.BT_UC6416078_7_M1",   1, -51267196839508910080.0, -33494384487459774464.0
"Load.BT_UC6416078_7_M2",   1, -22785420817559523328.0, -14886393105537679360.0
"Load.BT_U10428785_M1"  ,   1, -711296327996.7, -464711046510.6
"Load.BT_U10428785_M2"  ,   1, -316131701331.9, -206538242893.6
"Load.BT_UC4294458_M1"  ,   1, -32923340999631257600.0, -21509797879621578752.0
"Load.BT_UC4294458_M2"  ,   1, -14632595999836116992.0, -9559910168720703488.0
"Load.BT_UC6416078_8_M1",   1, -34958638546262441984.0, -22839518305052246016.0
"Load.BT_UC6416078_8_M2",   1, -15537172687227754496.0, -10150897024467664896.0
"Load.BT_UC4870955_M1"  ,   1, -190687612870501924864.0, -124581888925805608960.0
"Load.BT_UC4870955_M2"  ,   1, -84750050164667498496.0, -55369728411469160448.0
"Load.BT_UC4822838_M1"  ,   1, -26196612874543906816.0, -17115026331460061184.0
"Load.BT_UC4822838_M2"  ,   1, -11642939055352850432.0, -7606678369537806336.0
"Load.BT_UC5005807_M1"  ,   1, -46722393602263375872.0, -30525129359352180736.0
"Load.BT_UC5005807_M2"  ,   1, -20765508267672608768.0, -13566724159712081920.0
"Load.BT_CL6828043_1_M1",   1, -168046783580330917888.0, -109789961766255099904.0
"Load.BT_CL6828043_1_M2",   1, -74687459369035939840.0, -48795538562780037120.0
"Load.BT_UC2223252_M1"  ,   1, -2400466755553441280.0, -1568296327604403200.0
"Load.BT_UC2223252_M2"  ,   1, -1066874113579307008.0, -697020590046401408.0
"Load.BT_UC5254190_M1"  ,   1, -11687756963108505600.0, -7635959243023915008.0
"Load.BT_UC5254190_M2"  ,   1, -5194558650270446592.0, -3393759663566184448.0
"Load.BT_UC0469936_M1"  ,   1, -57330410747351728128.0, -37455662464205774848.0
"Load.BT_UC0469936_M2"  ,   1, -25480182554378547200.0, -16646961095202568192.0
"Load.BT_U10453697_24_M1",   1, -14154827108990595072.0, -9247769543662571520.0
"Load.BT_U10453697_24_M2",   1, -6291034270662486016.0, -4110119797183365632.0
"Load.BT_UC5353525_M1"  ,   1, -44025904137120251904.0, -28763432599833833472.0
"Load.BT_UC5353525_M2"  ,   1, -19567068505386778624.0, -12783747822148372480.0
"Load.BT_UC2436024_M1"  ,   1, -68871910082793496576.0, -44996067248049700864.0
"Load.BT_UC2436024_M2"  ,   1, -30609737814574886912.0, -19998252110244311040.0
"Load.BT_UC9767213_M1"  ,   1, -1358717722623.6, -887690699257.2
"Load.BT_UC9767213_M2"  ,   1, -603874543388.3, -394529199669.9
"Load.BT_UC0869212_13_M1",   1, -4827691867302927360.0, -3154074683288902144.0
"Load.BT_UC0869212_13_M2",   1, -2145640829912412416.0, -1401810970350623232.0
"Load.BT_U10451431_M1"  ,   1, -56107489601279655936.0, -36656691712040034304.0
"Load.BT_U10451431_M2"  ,   1, -24936662045013180416.0, -16291862983128901632.0
"Load.BT_UC5228365_3_M1",   1, -20344958666414747648.0, -13291966599105351680.0
"Load.BT_UC5228365_3_M2",   1, -9042203851739888640.0, -5907540710713490432.0
"Load.BT_U52535087_M1"  ,   1, -59879123690561847296.0, -39120812441151741952.0
"Load.BT_U52535087_M2"  ,   1, -26612943862471929856.0, -17387027751622995968.0
"Load.BT_U51929160_M1"  ,   1, -11178627770207100928.0, -7303329999821667328.0
"Load.BT_U51929160_M2"  ,   1, -4968279008980934656.0, -3245924444365186048.0
"Load.BT_CL3461632_M1"  ,   1, -152063299993545310208.0, -99347476557954957312.0
"Load.BT_CL3461632_M2"  ,   1, -67583688886020161536.0, -44154434025757753344.0
"Load.BT_UC5115435_2_M1",   1, -3427531582996.2, -2239308325038.7
"Load.BT_UC5115435_2_M2",   1, -1523347370220.5, -995248144461.6
"Load.BT_UM3010910_1_M1",   1, -97394814340779540480.0, -63630928928092307456.0
"Load.BT_UM3010910_1_M2",   1, -43286584151457570816.0, -28280412856929918976.0
"Load.BT_U58544820_M1"  ,   1, -27959984027518513152.0, -18267089152824471552.0
"Load.BT_U58544820_M2"  ,   1, -12426659567786006528.0, -8118706290144208896.0
"Load.BT_UC6255836_3_M1",   1, -22885716917761073152.0, -14951919532193243136.0
"Load.BT_UC6255836_3_M2",   1, -10171429741227145216.0, -6645297569863663616.0
"Load.BT_UC8000574_M1"  ,   1, -70473065038872993792.0, -46042149408150003712.0
"Load.BT_UC8000574_M2"  ,   1, -31321362239499112448.0, -20463177514733338624.0
"Load.BT_U55381087_M1"  ,   1, -24819913085605396480.0, -16215587418950705152.0
"Load.BT_U55381087_M2"  ,   1, -11031072482491287552.0, -7206927741755873280.0
"Load.BT_UC4868318_M1"  ,   1, -83348403146455154688.0, -54453990726314598400.0
"Load.BT_UC4868318_M2"  ,   1, -37043734731757846528.0, -24201773656139821056.0
"Load.BT_UC4082155_M1"  ,   1, -9314142760720869376.0, -6085206488806431744.0
"Load.BT_UC4082155_M2"  ,   1, -4139619004764830720.0, -2704536217247302656.0
"Load.BT_VC2338782_2_M1",   1, -17344685884986427392.0, -11331799156611686400.0
"Load.BT_VC2338782_2_M2",   1, -7708749282216188928.0, -5036355180716305408.0
"Load.BT_UC5888675_M1"  ,   1, -38676370305956356096.0, -25268423034859290624.0
"Load.BT_UC5888675_M2"  ,   1, -17189497913758380032.0, -11230410237715243008.0
"Load.BT_CL3163544_M1"  ,   1, -302744116719363555328.0, -197791735678898831360.0
"Load.BT_CL3163544_M2"  ,   1, -134552940764161556480.0, -87907438079510577152.0
"Load.BT_VC3794637_1_M1",   1, -168602548028906668032.0, -110153059209823289344.0
"Load.BT_VC3794637_1_M2",   1, -74934465790625202176.0, -48956915204365901824.0
"Load.BT_UC469949_M1"   ,   1, -13043590169304412160.0, -8521765399504674816.0
"Load.BT_UC469949_M2"   ,   1, -5797151186357516288.0, -3787451288668744192.0
"Load.BT_UC3901586_M1"  ,   1, -197523382568632811520.0, -129047900578837872640.0
"Load.BT_UC3901586_M2"  ,   1, -87788170030503477248.0, -57354622479483494400.0
"Load.BT_U61265987_M1"  ,   1, -738409703557882240.0, -482425021294452032.0
"Load.BT_U61265987_M2"  ,   1, -328182090470169792.0, -214411120575311904.0
"Load.BT_UC8789570_1_M1",   1, -1339539348457.7, -875160897086.7
"Load.BT_UC8789570_1_M2",   1, -595350821536.8, -388960398705.2
"Load.BT_UC2335036_M1"  ,   1, -21874438502769659904.0, -14291221265108846592.0
"Load.BT_UC2335036_M2"  ,   1, -9721972667897624576.0, -6351653895603932160.0
"Load.BT_UC0780265_M1"  ,   1, -50410021564593889280.0, -32934366384798707712.0
"Load.BT_UC0780265_M2"  ,   1, -22404454028708397056.0, -14637496171021647872.0
"Load.BT_U10333658_M1"  ,   1, -29456448884611174400.0, -19244774152322637824.0
"Load.BT_U10333658_M2"  ,   1, -13091755059827189760.0, -8553232956587839488.0
"Load.BT_UC4183989_M1"  ,   1, -114783553323009343488.0, -74991509281842544640.0
"Load.BT_UC4183989_M2"  ,   1, -51014912588004147200.0, -33329559680818905088.0
"Load.BT_U52386442_M1"  ,   1, -107641475717552865280.0, -70325377571758489600.0
"Load.BT_U52386442_M2"  ,   1, -47840655874467954688.0, -31255723365226000384.0
"Load.BT_UC5912839_M1"  ,   1, -101731096742233112576.0, -66463951191589863424.0
"Load.BT_UC5912839_M2"  ,   1, -45213820774325846016.0, -29539533862928826368.0
"Load.BT_CL5892585_M1"  ,   1, -40439937887541903360.0, -26420614191663951872.0
"Load.BT_CL5892585_M2"  ,   1, -17973305727796404224.0, -11742495196295092224.0
"Load.BT_VC0469923_1_M1",   1, -36278516873852891136.0, -23701834070541197312.0
"Load.BT_VC0469923_1_M2",   1, -16123785277267951616.0, -10534148475796086784.0
"Load.BT_UC1593628_M1"  ,   1, -1692644203165620736.0, -1105854801654761856.0
"Load.BT_UC1593628_M2"  ,   1, -752286312518053504.0, -491491022957671808.0
"Load.BT_UC1534921_M1"  ,   1, -14351226571443515392.0, -9376083155189035008.0
"Load.BT_UC1534921_M2"  ,   1, -6378322920641562624.0, -4167148068972904960.0
"Load.BT_UC0879311_M1"  ,   1, -195685329007825879040.0, -127847045520591749120.0
"Load.BT_UC0879311_M2"  ,   1, -86971257336811520000.0, -56820909120262995968.0
"Load.BT_UC0988028_13_M1",   1, -48151197928234213376.0, -31458609725125877760.0
"Load.BT_UC0988028_13_M2",   1, -21400532412548538368.0, -13981604322278166528.0
"Load.BT_UC5940094_M1"  ,   1, -117511841727269945344.0, -76773981241791840256.0
"Load.BT_UC5940094_M2"  ,   1, -52227485212119973888.0, -34121769440796381184.0
"Load.BT_UC5894424_M1"  ,   1, -163283472425734602752.0, -106677948918563225600.0
"Load.BT_UC5894424_M2"  ,   1, -72570432189215358976.0, -47412421741583646720.0
"Load.BT_UI2761480_M1"  ,   1, -6649475905810404352.0, -4344300379694318080.0
"Load.BT_UI2761480_M2"  ,   1, -2955322624804623872.0, -1930800168753029888.0
"Load.BT_UC0469963_M1"  ,   1, -11694608767816650752.0, -7640435728595429376.0
"Load.BT_UC0469963_M2"  ,   1, -5197603896807399424.0, -3395749212709080576.0
"Load.BT_UC0988028_14_M1",   1, -175422876333367525376.0, -114608982556476260352.0
"Load.BT_UC0988028_14_M2",   1, -77965722814830018560.0, -50937325580656123904.0
"Load.BT_UC0988028_15_M1",   1, -31698438959334211584.0, -20709532950844878848.0
"Load.BT_UC0988028_15_M2",   1, -14088195093037424640.0, -9204236867042167808.0
"Load.BT_UC1327066_M1"  ,   1, -87828534245117476864.0, -57380993621783658496.0
"Load.BT_UC1327066_M2"  ,   1, -39034904108941099008.0, -25502663831903838208.0
"Load.BT_CL3079452_M1"  ,   1, -64897888581489893376.0, -42399720805376458752.0
"Load.BT_CL3079452_M2"  ,   1, -28843506036217729024.0, -18844320357945094144.0
"Load.BT_UC6416078_9_M1",   1, -137561429163522490368.0, -89872973036168904704.0
"Load.BT_UC6416078_9_M2",   1, -61138412961565540352.0, -39943543571630628864.0
"Load.BT_UC1232287_M1"  ,   1, -2390739570644881920.0, -1561941268436208128.0
"Load.BT_UC1232287_M2"  ,   1, -1062550920286614400.0, -694196119304981376.0
"Load.BT_UC4878146_M1"  ,   1, -192239092504914984960.0, -125595516715236212736.0
"Load.BT_UC4878146_M2"  ,   1, -85439596668851126272.0, -55820229651216105472.0
"Load.BT_U10449953_M1"  ,   1, -8719216204353832960.0, -5696523274251808768.0
"Load.BT_U10449953_M2"  ,   1, -3875207201935037440.0, -2531788121889693184.0
"Load.BT_UC4306385_M1"  ,   1, -27771193150611169280.0, -18143746457988020224.0
"Load.BT_UC4306385_M2"  ,   1, -12342752511382743040.0, -8063887314661342208.0
"Load.BT_UC0869212_14_M1",   1, -7377559043000050688.0, -4819978747938483200.0
"Load.BT_UC0869212_14_M2",   1, -3278915130222245376.0, -2142212776861548032.0
"Load.BT_UC4755118_1_M1",   1, -1273209163279287296.0, -831825414478442496.0
"Load.BT_UC4755118_1_M2",   1, -565870739235238720.0, -369700184212641024.0
"Load.BT_UC4526242_M1"  ,   1, -69636084495259058176.0, -45495325119597453312.0
"Load.BT_UC4526242_M2"  ,   1, -30949370886781804544.0, -20220144497598865408.0
"Load.BT_UC3264527_M1"  ,   1, -351880598886816022528.0, -229894060897126711296.0
"Load.BT_UC3264527_M2"  ,   1, -156391377283029336064.0, -102175138176500760576.0
"Load.BT_UC1165885_3_M1",   1, -2896836356351.3, -1892589349418.8
"Load.BT_UC1165885_3_M2",   1, -1287482825045.0, -841150821963.9
"Load.BT_U55405827_M1"  ,   1, -956443791774896640.0, -624873176341071744.0
"Load.BT_U55405827_M2"  ,   1, -425086129677731904.0, -277721411707143008.0
"Load.BT_UC3032234_M1"  ,   1, -298592264838106185728.0, -195079207387612577792.0
"Load.BT_UC3032234_M2"  ,   1, -132707673261380534272.0, -86701869950050025472.0
"Load.BT_UC4134277_M1"  ,   1, -40153540696398372864.0, -26233502384949649408.0
"Load.BT_UC4134277_M2"  ,   1, -17846018087288168448.0, -11659334393310955520.0
"Load.BT_UM3010910_2_M1",   1, -512926293042352947200.0, -335110002715284799488.0
"Load.BT_UM3010910_2_M2",   1, -227967241352156905472.0, -148937778984571043840.0
"Load.BT_UI3340398_1_M1",   1, -604938814961373824.0, -395224520298616960.0
"Load.BT_UI3340398_1_M2",   1, -268861695538388416.0, -175655342354940896.0
"Load.BT_CL6340816_M1"  ,   1, -131282483095165894656.0, -85770750814114217984.0
"Load.BT_CL6340816_M2"  ,   1, -58347770264518180864.0, -38120333695161884672.0
"Load.BT_CL5833916_M1"  ,   1, -1177058240671112495104.0, -769007156734482579456.0
"Load.BT_CL5833916_M2"  ,   1, -523136995853827768320.0, -341780958548658880512.0
"Load.BT_UC6068497_M1"  ,   1, -2165501501864857344.0, -1414786538911591680.0
"Load.BT_UC6068497_M2"  ,   1, -962445111939936640.0, -628794017294040832.0
"Load.BT_UC0988028_16_M1",   1, -17775824030149283840.0, -11613474529552324608.0
"Load.BT_UC0988028_16_M2",   1, -7900366235621904384.0, -5161544235356588032.0
"Load.BT_VC5291442_2_M1",   1, -7655812333930192896.0, -5001769898782276608.0
"Load.BT_VC5291442_2_M2",   1, -3402583259524531200.0, -2223008843903234816.0
"Load.BT_UC0869212_15_M1",   1, -13034413339930306560.0, -8515769907652573184.0
"Load.BT_UC0869212_15_M2",   1, -5793072595524581376.0, -3784786625623365120.0
"Load.BT_UI3340398_2_M1",   1, -975534958413037312.0, -637346003327530368.0
"Load.BT_UI3340398_2_M2",   1, -433571092628016640.0, -283264890367791168.0
"Load.BT_UC4556071_4_M1",   1, -134963514729754263552.0, -88175678262563766272.0
"Load.BT_UC4556071_4_M2",   1, -59983784324335239168.0, -39189190338917228544.0
"Load.BT_UC8591315_M1"  ,   1, -6936426834620883968.0, -4531773954695647744.0
"Load.BT_UC8591315_M2"  ,   1, -3082856370942615040.0, -2014121757642510080.0
"Load.BT_CL2997676_M1"  ,   1, -298312296234124771328.0, -194896295544532074496.0
"Load.BT_CL2997676_M2"  ,   1, -132583242770722127872.0, -86620575797569814528.0
"Load.BT_UC5276789_1_M1",   1, -43273004552701550592.0, -28271540901588979712.0
"Load.BT_UC5276789_1_M2",   1, -19232446467867353088.0, -12565129289595101184.0
"Load.BT_U55757402_M1"  ,   1, -11240275826095214592.0, -7343606508283105280.0
"Load.BT_U55757402_M2"  ,   1, -4995678144931205120.0, -3263825114792492032.0
"Load.BT_UC4556071_5_M1",   1, -142254552219061403648.0, -92939129904622272512.0
"Load.BT_UC4556071_5_M2",   1, -63224245430693945344.0, -41306279957609897984.0
"Load.BT_UI3326369_M1"  ,   1, -198764156651006590976.0, -129858535189613297664.0
"Load.BT_UI3326369_M2"  ,   1, -88339625178225147904.0, -57714904528717045760.0
"Load.BT_U55806469_M1"  ,   1, -10739004616919844864.0, -7016111117033012224.0
"Load.BT_U55806469_M2"  ,   1, -4772890940853264384.0, -3118271607570228224.0
"Load.BT_UC6416078_10_M1",   1, -300913504024858722304.0, -196595741972251443200.0
"Load.BT_UC6416078_10_M2",   1, -133739335122159452160.0, -87375885321000648704.0
"Load.BT_UC4002135_M1"  ,   1, -10155173474581463040.0, -6634676866467438592.0
"Load.BT_UC4002135_M2"  ,   1, -4513410433147317248.0, -2948745273985528832.0
"Load.BT_UC0789938_M1"  ,   1, -30283643441328738304.0, -19785204964047630336.0
"Load.BT_UC0789938_M2"  ,   1, -13459397085034991616.0, -8793424428465613824.0
"Load.BT_U10428813_M1"  ,   1, -229944255122384715776.0, -150229420888191467520.0
"Load.BT_U10428813_M2"  ,   1, -102197446721059897344.0, -66768631505862868992.0
"Load.BT_UC3358703_M1"  ,   1, -110935019317830893568.0, -72477147553226883072.0
"Load.BT_UC3358703_M2"  ,   1, -49304453030147063808.0, -32212065579211943936.0
"Load.BT_CL3010910_M1"  ,   1, -74448639411195543552.0, -48639510381274161152.0
"Load.BT_CL3010910_M2"  ,   1, -33088284182753570816.0, -21617560169455190016.0
"Load.BT_U52738140_M1"  ,   1, -176185017956279681024.0, -115106912347037597696.0
"Load.BT_U52738140_M2"  ,   1, -78304452425013198848.0, -51158627709794484224.0
"Load.BT_U10449994_M1"  ,   1, -60998813850448191488.0, -39852339317324103680.0
"Load.BT_U10449994_M2"  ,   1, -27110583933532536832.0, -17712150807699603456.0
"Load.BT_CL5853819_M1"  ,   1, -224329464145081892864.0, -146561110940413280256.0
"Load.BT_CL5853819_M2"  ,   1, -99701984064480854016.0, -65138271529072558080.0
"Load.BT_UC5353526_M1"  ,   1, -18387442542498430976.0, -12013063095927044096.0
"Load.BT_UC5353526_M2"  ,   1, -8172196685554856960.0, -5339139153745352704.0
"Load.BT_U10449977_M1"  ,   1, -49590429047346774016.0, -32398902220976046080.0
"Load.BT_U10449977_M2"  ,   1, -22040190687709675520.0, -14399512098211569664.0
"Load.BT_UC7782095_M1"  ,   1, -38818856326469181440.0, -25361513389846302720.0
"Load.BT_UC7782095_M2"  ,   1, -17252825033986308096.0, -11271783728820582400.0
"Load.BT_UC7871286_M1"  ,   1, -98985667515812036608.0, -64670280626375917568.0
"Load.BT_UC7871286_M2"  ,   1, -43993630007027564544.0, -28742346945055969280.0
"Load.BT_UC4124686_M1"  ,   1, -262661807681338048512.0, -171604771054072496128.0
"Load.BT_UC4124686_M2"  ,   1, -116738581191705772032.0, -76268787135143313408.0
"Load.BT_U49292149_M1"  ,   1, -5808388105693002752.0, -3794792702983267328.0
"Load.BT_U49292149_M2"  ,   1, -2581505824752445440.0, -1686574534659229952.0
"Load.BT_U10453697_25_M1",   1, -35537143590816010240.0, -23217472857852125184.0
"Load.BT_U10453697_25_M2",   1, -15794286040362672128.0, -10318876825712054272.0
"Load.BT_U10428821_M1"  ,   1, -416498035081079488512.0, -272110553829658722304.0
"Load.BT_U10428821_M2"  ,   1, -185110237813813116928.0, -120938023924292747264.0
"Load.BT_UC2550679_M1"  ,   1, -17888013896866660352.0, -11686771503361222656.0
"Load.BT_UC2550679_M2"  ,   1, -7950228398607403008.0, -5194120668160544768.0
"Load.BT_UC6175572_M1"  ,   1, -455085711711848497152.0, -297321030636282773504.0
"Load.BT_UC6175572_M2"  ,   1, -202260316316377153536.0, -132142680282792345600.0
"Load.BT_U61377052_M1"  ,   1, -60186251121375813632.0, -39321467919211069440.0
"Load.BT_U61377052_M2"  ,   1, -26749444942833688576.0, -17476207964093804544.0
"Load.BT_CL6265275_M1"  ,   1, -138400620097349419008.0, -90421241425291902976.0
"Load.BT_CL6265275_M2"  ,   1, -61511386709933080576.0, -40187218411240833024.0
"Load.BT_U52221812_M1"  ,   1, -11815455141911580672.0, -7719388261069945856.0
"Load.BT_U52221812_M2"  ,   1, -5251313396405147648.0, -3430839227142198784.0
"Load.BT_UC3670452_M1"  ,   1, -4997422064107035648.0, -3264964468489105408.0
"Load.BT_UC3670452_M2"  ,   1, -2221076472936461056.0, -1451095319328491264.0
"Load.BT_UC8588910_M1"  ,   1, -59622792337055858688.0, -38953343539921862656.0
"Load.BT_UC8588910_M2"  ,   1, -26499018816469274624.0, -17312597128854167552.0
"Load.BT_CL3139211_M1"  ,   1, -3193494575340.2, -2086404987095.7
"Load.BT_CL3139211_M2"  ,   1, -1419330922373.4, -927291105375.9
"Load.BT_UI3334902_M1"  ,   1, -167950441277107109888.0, -109727018473733554176.0
"Load.BT_UI3334902_M2"  ,   1, -74644640567603167232.0, -48767563766103793664.0
"Load.BT_UC5581850_4_M1",   1, -58542046795912241152.0, -38247260326028099584.0
"Load.BT_UC5581850_4_M2",   1, -26018687464849887232.0, -16998782367123603456.0
"Load.BT_U61298344_M1"  ,   1, -732017203215995520.0, -478248610693831680.0
"Load.BT_U61298344_M2"  ,   1, -325340979207109120.0, -212554938086147360.0
"Load.BT_UC6416078_11_M1",   1, -40993479801491914752.0, -26782259590984032256.0
"Load.BT_UC6416078_11_M2",   1, -18219324356218632192.0, -11903226484881793024.0
"Load.BT_UC6416078_12_M1",   1, -1311065302530.4, -856557955958.1
"Load.BT_UC6416078_12_M2",   1, -582695690013.5, -380692424870.2
"Load.BT_U61108984_M1"  ,   1, -722184007867862656.0, -471824291710769152.0
"Load.BT_U61108984_M2"  ,   1, -320970670163494464.0, -209699685204786272.0
"Load.BT_UC0992586_2_M1",   1, -130824153145370902528.0, -85471310255343386624.0
"Load.BT_UC0992586_2_M2",   1, -58144068064609296384.0, -37987249002374848512.0
"Load.BT_CL2964657_2_M1",   1, -141221360726836690944.0, -92264115172774789120.0
"Load.BT_CL2964657_2_M2",   1, -62765049211927420928.0, -41006273410122145792.0
"Load.BT_UC5632863_M1"  ,   1, -14301793993130711040.0, -9343787383114373120.0
"Load.BT_UC5632863_M2"  ,   1, -6356352885835872256.0, -4152794392495276544.0
"Load.BT_U52204671_M1"  ,   1, -50106201035738169344.0, -32735871401398452224.0
"Load.BT_U52204671_M2"  ,   1, -22269422682550300672.0, -14549276178399305728.0
"Load.BT_UC6324030_M1"  ,   1, -73095453892344602624.0, -47755434035455262720.0
"Load.BT_UC6324030_M2"  ,   1, -32486868396597604352.0, -21224637349091225600.0
"Load.BT_U10449948_M1"  ,   1, -84267576619230445568.0, -55054514094514954240.0
"Load.BT_U10449948_M2"  ,   1, -37452256275213533184.0, -24468672930895536128.0
"Load.BT_U10428817_M1"  ,   1, -338733836843431952384.0, -221304890253247217664.0
"Load.BT_U10428817_M2"  ,   1, -150548371930414186496.0, -98357729001443229696.0
"Load.BT_U10449996_M1"  ,   1, -184465769819374845952.0, -120516973825612447744.0
"Load.BT_U10449996_M2"  ,   1, -81984786586388807680.0, -53563099478049996800.0
"Load.BT_C10108481_M1"  ,   1, -121019271569687756800.0, -79065489484379045888.0
"Load.BT_C10108481_M2"  ,   1, -53786342919861231616.0, -35140217548612911104.0
"Load.BT_UC4755118_2_M1",   1, -6598828475940540416.0, -4311210907352951296.0
"Load.BT_UC4755118_2_M2",   1, -2932812655973573632.0, -1916093736601311488.0
"Load.BT_UC5298041_M1"  ,   1, -149390396764326756352.0, -97601189380426874880.0
"Load.BT_UC5298041_M2"  ,   1, -66395731895256334336.0, -43378306391300833280.0
"Load.BT_UC1601948_M1"  ,   1, -16246414412027840512.0, -10614265738358132736.0
"Load.BT_UC1601948_M2"  ,   1, -7220628627567929344.0, -4717451439270281216.0
"Load.BT_UC4723993_M1"  ,   1, -199312056292091985920.0, -130216494321155604480.0
"Load.BT_UC4723993_M2"  ,   1, -88583136129818656768.0, -57873997476069154816.0
"Load.BT_U53491000_M1"  ,   1, -22969864609842118656.0, -15006895722185715712.0
"Load.BT_U53491000_M2"  ,   1, -10208828715485386752.0, -6669731432082540544.0
"Load.BT_VC3794637_2_M1",   1, -243537203340494045184.0, -159110098233870450688.0
"Load.BT_VC3794637_2_M2",   1, -108238757040219553792.0, -70715599215053553664.0
"Load.BT_UC6009757_M1"  ,   1, -323464522730893279232.0, -211328993192317648896.0
"Load.BT_UC6009757_M2"  ,   1, -143762010102619226112.0, -93923996974363410432.0
"Load.BT_VC0964412_M1"  ,   1, -8719039634301765632.0, -5696407915881297920.0
"Load.BT_VC0964412_M2"  ,   1, -3875128726356340224.0, -2531736851502799872.0
"Load.BT_UI3319451_M1"  ,   1, -215960581091490496512.0, -141093470733958397952.0
"Load.BT_UI3319451_M2"  ,   1, -95982480485106892800.0, -62708209215092637696.0
"Load.BT_UC5554264_1_M1",   1, -13168359632514457600.0, -8603281000739264512.0
"Load.BT_UC5554264_1_M2",   1, -5852604281117536256.0, -3823680444773007360.0
"Load.BT_U58634666_M1"  ,   1, -104433502417547231232.0, -68229513200501530624.0
"Load.BT_U58634666_M2"  ,   1, -46414889963354316800.0, -30324228089111785472.0
"Load.BT_UC7484275_M1"  ,   1, -289900661851230601216.0, -189400724622804713472.0
"Load.BT_UC7484275_M2"  ,   1, -128844738600546926592.0, -84178099832357634048.0
"Load.BT_UI3340398_3_M1",   1, -945049106117999104.0, -617428689293101056.0
"Load.BT_UI3340398_3_M2",   1, -420021824941332992.0, -274412750796933856.0
"Load.BT_U10449982_M1"  ,   1, -391739629587998310400.0, -255935151143434256384.0
"Load.BT_U10449982_M2"  ,   1, -174106502039110352896.0, -113748956063748554752.0
"Load.BT_UC6416078_13_M1",   1, -33880619619818840064.0, -22135216477648187392.0
"Load.BT_UC6416078_13_M2",   1, -15058053164363927552.0, -9837873990065860608.0
"Load.BT_UC2549886_M1"  ,   1, -32514577865030991872.0, -21242740766069252096.0
"Load.BT_UC2549886_M2"  ,   1, -14450923495569326080.0, -9441218118252998656.0
"Load.BT_UC3368397_M1"  ,   1, -161416893183556354048.0, -105458457183483379712.0
"Load.BT_UC3368397_M2"  ,   1, -71740841414913933312.0, -46870425414881492992.0
"Load.BT_UC3620999_M1"  ,   1, -26080234277209567232.0, -17038992734700234752.0
"Load.BT_UC3620999_M2"  ,   1, -11591215234315364352.0, -7572885659866771456.0
"Load.BT_UI3343920_M1"  ,   1, -335141657237119369216.0, -218958012466255364096.0
"Load.BT_UI3343920_M2"  ,   1, -148951847660941934592.0, -97314672207224602624.0
"Load.BT_UC6223453_M1"  ,   1, -7066843563894779904.0, -4616979084064046080.0
"Load.BT_UC6223453_M2"  ,   1, -3140819361731013632.0, -2051990704028464896.0
"Load.BT_UC5034930_M1"  ,   1, -7492619071122984960.0, -4895150886522093568.0
"Load.BT_UC5034930_M2"  ,   1, -3330052920499105280.0, -2175622616232041216.0
"Load.BT_UC6110697_M1"  ,   1, -219959136759311630336.0, -143705846077067984896.0
"Load.BT_UC6110697_M2"  ,   1, -97759616337471832064.0, -63869264923141341184.0
"Load.BT_U61811566_M1"  ,   1, -128761603499742674944.0, -84123785209132826624.0
"Load.BT_U61811566_M2"  ,   1, -57227379333218967552.0, -37388348981836816384.0
"Load.BT_UC6416078_14_M1",   1, -579671079736974966784.0, -378716357006055964672.0
"Load.BT_UC6416078_14_M2",   1, -257631590994211110912.0, -168318380891580432384.0
"Load.BT_UC4363917_M1"  ,   1, -34004483756386631680.0, -22216140601596579840.0
"Load.BT_UC4363917_M2"  ,   1, -15113103891727390720.0, -9873840267376259072.0
"Load.BT_CL3278396_M1"  ,   1, -91316033094422380544.0, -59659480345387204608.0
"Load.BT_CL3278396_M2"  ,   1, -40584903597521059840.0, -26515324597949870080.0
"Load.BT_UC1092168_M1"  ,   1, -22514866888410079232.0, -14709632176114221056.0
"Load.BT_UC1092168_M2"  ,   1, -10006607505960032256.0, -6537614300495208448.0
"Load.BT_U57075034_M1"  ,   1, -58447558160213049344.0, -38185528100243816448.0
"Load.BT_U57075034_M2"  ,   1, -25976692515650244608.0, -16971345822330585088.0
"Load.BT_UC2789753_M1"  ,   1, -4563312831891741696.0, -2981347996265989120.0
"Load.BT_UC2789753_M2"  ,   1, -2028139036396329728.0, -1325043553895995136.0
"Load.BT_UC3228035_M1"  ,   1, -984842364014591360.0, -643426808234092160.0
"Load.BT_UC3228035_M2"  ,   1, -437707717339818368.0, -285967470326263136.0
"Load.BT_CL6106865_M1"  ,   1, -302896951995306147840.0, -197891587508792754176.0
"Load.BT_CL6106865_M2"  ,   1, -134620867553469366272.0, -87951816670574542848.0
"Load.BT_UC0469984_M1"  ,   1, -397571579247208366080.0, -259745337310909202432.0
"Load.BT_UC0469984_M2"  ,   1, -176698479665425940480.0, -115442372138181885952.0
"Load.BT_UC1009990_1_M1",   1, -44498761884363923456.0, -29072364622810382336.0
"Load.BT_UC1009990_1_M2",   1, -19777227504161742848.0, -12921050943471280128.0
"Load.BT_UC3838227_M1"  ,   1, -239438632797749575680.0, -156432380198718537728.0
"Load.BT_UC3838227_M2"  ,   1, -106417170132333150208.0, -69525502310541565952.0
"Load.BT_VC3898103_4_M1",   1, -98714162734855962624.0, -64492898474792771584.0
"Load.BT_VC3898103_4_M2",   1, -43872961215491538944.0, -28663510433241231360.0
"Load.BT_UC0920164_M1"  ,   1, -100694264151893753856.0, -65786557622661136384.0
"Load.BT_UC0920164_M2"  ,   1, -44753006289730535424.0, -29238470054516060160.0
"Load.BT_VC3161922_M1"  ,   1, -118463293608818475008.0, -77395593065439477760.0
"Load.BT_VC3161922_M2"  ,   1, -52650352715030421504.0, -34398041362417549312.0
"Load.BT_UC5330102_M1"  ,   1, -277123818251675172864.0, -181053232689312235520.0
"Load.BT_UC5330102_M2"  ,   1, -123166141445188960256.0, -80468103417472106496.0
"Load.BT_UC3585671_M1"  ,   1, -105363873729195868160.0, -68837352443167375360.0
"Load.BT_UC3585671_M2"  ,   1, -46828388324087046144.0, -30594378863629942784.0
"Load.BT_VC1171360_M1"  ,   1, -18505428317800517632.0, -12090146710415060992.0
"Load.BT_VC1171360_M2"  ,   1, -8224634807911343104.0, -5373398537962250240.0
"Load.BT_UC5958325_M1"  ,   1, -106001899337012281344.0, -69254193549121576960.0
"Load.BT_UC5958325_M2"  ,   1, -47111955260894355456.0, -30779641577387376640.0
"Load.BT_UC1003822_2_M1",   1, -25400605522552791040.0, -16594971055677247488.0
"Load.BT_UC1003822_2_M2",   1, -11289158010023462912.0, -7375542691412111360.0
"Load.BT_UC3723991_M1"  ,   1, -119081203457201274880.0, -77799291946429120512.0
"Load.BT_UC3723991_M2"  ,   1, -52924979314311675904.0, -34577463087301828608.0
"Load.BT_UC5064469_M1"  ,   1, -479373460897659289600.0, -313188939546292125696.0
"Load.BT_UC5064469_M2"  ,   1, -213054871510070755328.0, -139195084242796478464.0
"Load.BT_VC5353528_1_M1",   1, -83651853236123205632.0, -54652243697967669248.0
"Load.BT_VC5353528_1_M2",   1, -37178601438276984832.0, -24289886087985627136.0
"Load.BT_UC3277539_1_M1",   1, -78020027921502158848.0, -50972804722337497088.0
"Load.BT_UC3277539_1_M2",   1, -34675567965112057856.0, -22654579876594442240.0
"Load.BT_UC4147877_M1"  ,   1, -207230532755346915328.0, -135389870506774020096.0
"Load.BT_UC4147877_M2"  ,   1, -92102459002376404992.0, -60173275780788445184.0
"Load.BT_UC6416078_15_M1",   1, -42648251757749927936.0, -27863371320337264640.0
"Load.BT_UC6416078_15_M2",   1, -18954778558999961600.0, -12383720586816561152.0
"Load.BT_UC4556071_6_M1",   1, -228915519236347756544.0, -149557317130553065472.0
"Load.BT_UC4556071_6_M2",   1, -101740230771710083072.0, -66469918724690247680.0
"Load.BT_UC2938589_M1"  ,   1, -29098460147186905088.0, -19010889459346079744.0
"Load.BT_UC2938589_M2"  ,   1, -12932648954305290240.0, -8449284204153814016.0
"Load.BT_U10453697_26_M1",   1, -53927260299660943360.0, -35232283060215476224.0
"Load.BT_U10453697_26_M2",   1, -23967671244293758976.0, -15658792471206879232.0
"Load.BT_U59297281_M1"  ,   1, -19518956972631179264.0, -12752315125434388480.0
"Load.BT_U59297281_M2"  ,   1, -8675091987836080128.0, -5667695611304172544.0
"Load.BT_VC5394460_M1"  ,   1, -1855509771548104.2, -1212259751770352.2
"Load.BT_VC5394460_M2"  ,   1, -824671009576935.4, -538782111897934.4
"Load.BT_U10449956_M1"  ,   1, -243800545505538867200.0, -159282147523901784064.0
"Load.BT_U10449956_M2"  ,   1, -108355798002461720576.0, -70792065566178582528.0
"Load.BT_UC8205543_M1"  ,   1, -25426130546111094784.0, -16611647310701463552.0
"Load.BT_UC8205543_M2"  ,   1, -11300502464938264576.0, -7382954360311761920.0
"Load.BT_U10449947_M1"  ,   1, -448508413675664310272.0, -293023886207710560256.0
"Load.BT_U10449947_M2"  ,   1, -199337072744739667968.0, -130232838314538057728.0
"Load.BT_UC3821082_M1"  ,   1, -466235845565216653312.0, -304605744710071549952.0
"Load.BT_UC3821082_M2"  ,   1, -207215931362318516224.0, -135380330982254034944.0
"Load.BT_UI2997792_M1"  ,   1, -81860300199644823552.0, -53481768812163039232.0
"Load.BT_UI2997792_M2"  ,   1, -36382355644286599168.0, -23769675027628019712.0
"Load.BT_UC5605301_M1"  ,   1, -43277732553727983616.0, -28274629841596940288.0
"Load.BT_UC5605301_M2"  ,   1, -19234547801656881152.0, -12566502151820863488.0
"Load.BT_UC0988028_17_M1",   1, -55710761441416282112.0, -36397497405717737472.0
"Load.BT_UC0988028_17_M2",   1, -24760338418407239680.0, -16176665513652324352.0
"Load.BT_U10428795_M1"  ,   1, -154127065390321336320.0, -100695795878573211648.0
"Load.BT_U10428795_M2"  ,   1, -68500917951253913600.0, -44753687057143635968.0
"Load.BT_UC8205547_M1"  ,   1, -49047885878838059008.0, -32044442628703916032.0
"Load.BT_UC8205547_M2"  ,   1, -21799060390594699264.0, -14241974501646188544.0
"Load.BT_U10428782_M1"  ,   1, -53520648312869281792.0, -34966631358050856960.0
"Load.BT_U10428782_M2"  ,   1, -23786954805719678976.0, -15540725048022603776.0
"Load.BT_UC5353521_M1"  ,   1, -7909056925910773760.0, -5167222122415589376.0
"Load.BT_UC5353521_M2"  ,   1, -3515136411515899392.0, -2296543165518039296.0
"Load.BT_UC5993493_1_M1",   1, -72197066722499744.0, -47168490992355328.0
"Load.BT_UC5993493_1_M2",   1, -32087585209999884.0, -20963773774380140.0
"Load.BT_UC6416078_16_M1",   1, -24527856593584164864.0, -16024778221649549312.0
"Load.BT_UC6416078_16_M2",   1, -10901269597148516352.0, -7122123654066467840.0
"Load.BT_UC8205545_M1"  ,   1, -15901614857279766528.0, -10388997932685565952.0
"Load.BT_UC8205545_M2"  ,   1, -7067384381013229568.0, -4617332414526918656.0
"Load.BT_U10342912_M1"  ,   1, -11726623867757965312.0, -7661352147441255424.0
"Load.BT_U10342912_M2"  ,   1, -5211832830114651136.0, -3405045398862780928.0
"Load.BT_UC6416078_17_M1",   1, -77887510470016516096.0, -50886227126448398336.0
"Load.BT_UC6416078_17_M2",   1, -34616671320007335936.0, -22616100945088176128.0
"Load.BT_UC0469496_M1"  ,   1, -455902570760294528.0, -297854708852563264.0
"Load.BT_UC0469496_M2"  ,   1, -202623364782353120.0, -132379870601139232.0
"Load.BT_UC3910460_M1"  ,   1, -140785088276393984000.0, -91979085405876797440.0
"Load.BT_UC3910460_M2"  ,   1, -62571150345063989248.0, -40879593513723019264.0
"Load.BT_UC3197134_M1"  ,   1, -293526211690370891776.0, -191769404163261202432.0
"Load.BT_UC3197134_M2"  ,   1, -130456094084609294336.0, -85230846294782787584.0
"Load.BT_UC4636098_M1"  ,   1, -171315288659800096768.0, -111925373345913569280.0
"Load.BT_UC4636098_M2"  ,   1, -76140128293244469248.0, -49744610375961575424.0
"Load.BT_UC8975938_M1"  ,   1, -429614587177618636800.0, -280679987426971680768.0
"Load.BT_UC8975938_M2"  ,   1, -190939816523386060800.0, -124746661078654107648.0
"Load.BT_CL6487822_M1"  ,   1, -45676175693003735040.0, -29841604083894300672.0
"Load.BT_CL6487822_M2"  ,   1, -20300522530223886336.0, -13262935148397467648.0
"Load.BT_UC8710609_M1"  ,   1, -47350360897903181824.0, -30935399070657175552.0
"Load.BT_UC8710609_M2"  ,   1, -21044604843512520704.0, -13749066253625405440.0
"Load.BT_VC4386607_1_M1",   1, -384426468076092719104.0, -251157245216701087744.0
"Load.BT_VC4386607_1_M2",   1, -170856208033819000832.0, -111625442318533787648.0
"Load.BT_UM2993009_1_M1",   1, -585490461975194566656.0, -382518332484722229248.0
"Load.BT_UM2993009_1_M2",   1, -260217983100086419456.0, -170008147770987610112.0
"Load.BT_UC3888584_M1"  ,   1, -6574056859608075264.0, -4295026872971416576.0
"Load.BT_UC3888584_M2"  ,   1, -2921803048714700288.0, -1908900832431740928.0
"Load.BT_UC3720936_2_M1",   1, -284224032837576065024.0, -185692014061645299712.0
"Load.BT_UC3720936_2_M2",   1, -126321792372256014336.0, -82529784027397881856.0
"Load.BT_UC3628465_M1"  ,   1, -275898452630432612352.0, -180252664884654800896.0
"Load.BT_UC3628465_M2"  ,   1, -122621534502414499840.0, -80112295504291020800.0
"Load.BT_U53514986_M1"  ,   1, -57648289255795318784.0, -37663341953390944256.0
"Load.BT_U53514986_M2"  ,   1, -25621461891464585216.0, -16739263090395979776.0
"Load.BT_VC3898103_5_M1",   1, -3169283954867.7, -2070587468670.3
"Load.BT_VC3898103_5_M2",   1, -1408570646607.8, -920261097186.8
"Load.BT_UC0869212_17_M1",   1, -3312489491675804160.0, -2164147905808312576.0
"Load.BT_UC0869212_17_M2",   1, -1472217551855912960.0, -961843513692583424.0
"Load.BT_CL2964657_3_M1",   1, -123525810308468801536.0, -80703085782366289920.0
"Load.BT_CL2964657_3_M2",   1, -54900360137097248768.0, -35868038125496127488.0
"Load.BT_UC7271385_M1"  ,   1, -252494783143643971584.0, -164962351536222437376.0
"Load.BT_UC7271385_M2"  ,   1, -112219903619397337088.0, -73316600682765541376.0
"Load.BT_UC6515539_M1"  ,   1, -184406990235114307584.0, -120478571367538737152.0
"Load.BT_UC6515539_M2"  ,   1, -81958662326717464576.0, -53546031718906101760.0
"Load.BT_CL6730594_M1"  ,   1, -31049475543951597568.0, -20285545850043707392.0
"Load.BT_CL6730594_M2"  ,   1, -13799766908422932480.0, -9015798155574978560.0
"Load.BT_UC3799280_M1"  ,   1, -174789492409034145792.0, -114195173985978646528.0
"Load.BT_UC3799280_M2"  ,   1, -77684218848459603968.0, -50753410660434952192.0
"Load.BT_U10453697_27_M1",   1, -41781422012211822592.0, -27297045665081192448.0
"Load.BT_U10453697_27_M2",   1, -18569520894316367872.0, -12132020295591639040.0
"Load.BT_VC4579658_3_M1",   1, -38655953345036509184.0, -25255084026977009664.0
"Load.BT_VC4579658_3_M2",   1, -17180423708905113600.0, -11224481789767561216.0
"Load.BT_UC9240475_M1"  ,   1, -3909854161597210112.0, -2554424010899102208.0
"Load.BT_UC9240475_M2"  ,   1, -1737712960709871616.0, -1135299560399601024.0
"Load.BT_UC3135787_M1"  ,   1, -73077382499910385664.0, -47743627457170448384.0
"Load.BT_UC3135787_M2"  ,   1, -32478836666626842624.0, -21219389980964642816.0
"Load.BT_U10428810_M1"  ,   1, -164246228329858727936.0, -107306945989720801280.0
"Load.BT_U10428810_M2"  ,   1, -72998323702159441920.0, -47691975995431477248.0
"Load.BT_UC2776972_M1"  ,   1, -147272611430167822336.0, -96217577234939314176.0
"Load.BT_UC2776972_M2"  ,   1, -65454493968963477504.0, -42763367659973017600.0
"Load.BT_UC4677027_M1"  ,   1, -161365770990189936640.0, -105425057534258872320.0
"Load.BT_UC4677027_M2"  ,   1, -71718120440084406272.0, -46855581126337265664.0
"Load.BT_UC0964411_M1"  ,   1, -93894352001381351424.0, -61343972771732889600.0
"Load.BT_UC0964411_M2"  ,   1, -41730823111725047808.0, -27263987898547949568.0
"Load.BT_U52235928_M1"  ,   1, -76918397515863441408.0, -50253076813434372096.0
"Load.BT_U52235928_M2"  ,   1, -34185954451494862848.0, -22334700805970833408.0
"Load.BT_VC5353528_2_M1",   1, -17200029707993532416.0, -11237290972623896576.0
"Load.BT_VC5353528_2_M2",   1, -7644457647997126656.0, -4994351543388397568.0
"Load.BT_U10449946_M1"  ,   1, -82401396074523634448728064.0, -53835282832689001301803008.0
"Load.BT_U10449946_M2"  ,   1, -36622842699788031914672128.0, -23926792370084032075005952.0
"Load.BT_VC3895456_4_M1",   1, -2320932786071915276009472.0, -1516334418179378032672768.0
"Load.BT_VC3895456_4_M2",   1, -1031525682698635901403136.0, -673926408079718171541504.0
"Load.BT_UC8954755_M1"  ,   1, -26493642214282354688.0, -17309084435638411264.0
"Load.BT_UC8954755_M2"  ,   1, -11774952095236599808.0, -7692926415839294464.0
"Load.BT_UC5353516_M1"  ,   1, -8811279330077989888.0, -5756670853133169664.0
"Load.BT_UC5353516_M2"  ,   1, -3916124146701327872.0, -2558520379170296832.0
"Load.BT_UC4054560_2_M1",   1, -507121190273786839040.0, -331317356421824053248.0
"Load.BT_UC4054560_2_M2",   1, -225387195677238558720.0, -147252158409699557376.0
"Load.BT_VC2457205_2_M1",   1, -3310222176235466240.0, -2162666601212847104.0
"Load.BT_VC2457205_2_M2",   1, -1471209856104652288.0, -961185156094598656.0
"Load.BT_UC5276789_2_M1",   1, -23138465133329645568.0, -15117047456693876736.0
"Load.BT_UC5276789_2_M2",   1, -10283762281479841792.0, -6718687758530610176.0
"Load.BT_UC8205544_M1"  ,   1, -10757299844041535488.0, -7028063931242970112.0
"Load.BT_UC8205544_M2"  ,   1, -4781022152907351040.0, -3123583969441320448.0
"Load.BT_U10453697_28_M1",   1, -58821142737930944512.0, -38429602011158560768.0
"Load.BT_U10453697_28_M2",   1, -26142730105747091456.0, -17079823116070469632.0
"Load.BT_UC1009990_2_M1",   1, -661590381982690574336.0, -432236673593915670528.0
"Load.BT_UC1009990_2_M2",   1, -294040169770084696064.0, -192105188263962476544.0
"Load.BT_UI2991306_M1"  ,   1, -197558853968023519232.0, -129071075098664173568.0
"Load.BT_UI2991306_M2"  ,   1, -87803935096899321856.0, -57364922266072940544.0
"Load.BT_U50886047_M1"  ,   1, -46179995488298532864.0, -30170764540984397824.0
"Load.BT_U50886047_M2"  ,   1, -20524442439243792384.0, -13409228684881956864.0
"Load.BT_UC3948934_M1"  ,   1, -149065460763543175168.0, -97388899026906103808.0
"Load.BT_UC3948934_M2"  ,   1, -66251315894908084224.0, -43283955123069378560.0
"Load.BT_UC8703516_M1"  ,   1, -26628624002732974080.0, -17397272050437740544.0
"Load.BT_UC8703516_M2"  ,   1, -11834944001214652416.0, -7732120911305662464.0
"Load.BT_UM3010910_3_M1",   1, -236886881606763249664.0, -154765245249881014272.0
"Load.BT_UM3010910_3_M2",   1, -105283058491894759424.0, -68784553444391550976.0
"Load.BT_U10453697_29_M1",   1, -9121996230865193984.0, -5959671444352643072.0
"Load.BT_U10453697_29_M2",   1, -4054220547051196928.0, -2648742864156729856.0
"Load.BT_UC0469503_M1"  ,   1, -464653125603.3, -303571706787.5
"Load.BT_UC0469503_M2"  ,   1, -206512500268.1, -134920758572.2
"Load.BT_UC5710896_M1"  ,   1, -1622995447506761472.0, -1060351197405987456.0
"Load.BT_UC5710896_M2"  ,   1, -721331310003004928.0, -471267198847105536.0
"Load.BT_CL6143851_M1"  ,   1, -171286243763909754880.0, -111906397452285116416.0
"Load.BT_CL6143851_M2"  ,   1, -76127219450626523136.0, -49736176645460058112.0
"Load.BT_U43593234_M1"  ,   1, -21183309045866958848.0, -13839685832413140992.0
"Load.BT_U43593234_M2"  ,   1, -9414804020385314816.0, -6150971481072506880.0
"Load.BT_UC2410688_M1"  ,   1, -1962617014564332544.0, -1282236069005400576.0
"Load.BT_UC2410688_M2"  ,   1, -872274228695259008.0, -569882697335733504.0
"Load.BT_CL4615894_M1"  ,   1, -167549202283905581056.0, -109464877105789157376.0
"Load.BT_CL4615894_M2"  ,   1, -74466312126180261888.0, -48651056491461836800.0
"Load.BT_UC3855982_M1"  ,   1, -44573486502958686208.0, -29121184438518009856.0
"Load.BT_UC3855982_M2"  ,   1, -19810438445759414272.0, -12942748639341338624.0
"Load.BT_U50341918_M1"  ,   1, -331766433669448466432.0, -216752878524566274048.0
"Load.BT_U50341918_M2"  ,   1, -147451748297532702720.0, -96334612677585027072.0
"Load.BT_U54703232_M1"  ,   1, -16377997175873116160.0, -10700232671411173376.0
"Load.BT_U54703232_M2"  ,   1, -7279109855943608320.0, -4755658965071632384.0
"Load.BT_U40279110_M1"  ,   1, -5138982655255378944.0, -3357450212934831104.0
"Load.BT_U40279110_M2"  ,   1, -2283992291224612864.0, -1492200094637702912.0
"Load.BT_UC4406948_M1"  ,   1, -10228180204408102912.0, -6682374335362099200.0
"Load.BT_UC4406948_M2"  ,   1, -4545857868625823232.0, -2969944149049821696.0
"Load.BT_UC6515537_M1"  ,   1, -777645223778202550272.0, -508058753478585614336.0
"Load.BT_UC6515537_M2"  ,   1, -345620099456978976768.0, -225803890434926968832.0
"Load.BT_UI0824930_M1"  ,   1, -15389880076520431616.0, -10054666381877454848.0
"Load.BT_UI0824930_M2"  ,   1, -6839946700675748864.0, -4468740614167757824.0
"Load.BT_UC4283299_M1"  ,   1, -662483671787298619392.0, -432820286391906664448.0
"Load.BT_UC4283299_M2"  ,   1, -294437187461021564928.0, -192364571729736237056.0
"Load.BT_UC7100455_M1"  ,   1, -271598956811890819072.0, -177443676390691143680.0
"Load.BT_UC7100455_M2"  ,   1, -120710647471951462400.0, -78863856173640482816.0
"Load.BT_UM3001808_M1"  ,   1, -262648623264510771200.0, -171596157283000320000.0
"Load.BT_UM3001808_M2"  ,   1, -116732721450893672448.0, -76264958792444575744.0
"Load.BT_UC8205548_M1"  ,   1, -17629424580456298496.0, -11517827415104864256.0
"Load.BT_UC8205548_M2"  ,   1, -7835299813536131072.0, -5119034406713271296.0
"Load.BT_U10453180_M1"  ,   1, -37799067505879801856.0, -24695255022878699520.0
"Load.BT_U10453180_M2"  ,   1, -16799585558168799232.0, -10975668899057203200.0
"Load.BT_VC4579658_4_M1",   1, -64592300492025118720.0, -42200071017813925888.0
"Load.BT_VC4579658_4_M2",   1, -28707689107566710784.0, -18755587119028412416.0
"Load.BT_UC6416078_18_M1",   1, -132905150917991317504.0, -86830887970046246912.0
"Load.BT_UC6416078_18_M2",   1, -59068955963551703040.0, -38591505764465000448.0
"Load.BT_U10449981_M1"  ,   1, -58586570351889391616.0, -38276348894686257152.0
"Load.BT_U10449981_M2"  ,   1, -26038475711950835712.0, -17011710619860559872.0
"Load.BT_UC3583569_M1"  ,   1, -186818000872716140544.0, -122053756317220470784.0
"Load.BT_UC3583569_M2"  ,   1, -83030222610096062464.0, -54246113918764646400.0
"Load.BT_UC3847511_M1"  ,   1, -114388292717215645696.0, -74733273771871027200.0
"Load.BT_UC3847511_M2"  ,   1, -50839241207651409920.0, -33214788343053795328.0
"Load.BT_CL5551296_M1"  ,   1, -43622687340912959488.0, -28499999067347599360.0
"Load.BT_CL5551296_M2"  ,   1, -19387861040405762048.0, -12666666252154490880.0
"Load.BT_U10428780_M1"  ,   1, -53522639715687137280.0, -34967932400740229120.0
"Load.BT_U10428780_M2"  ,   1, -23787839873638727680.0, -15541303289217880064.0
"Load.BT_UC3629367_M1"  ,   1, -2431948362938797056.0, -1588864197248402176.0
"Load.BT_UC3629367_M2"  ,   1, -1080865939083909760.0, -706161865443734144.0
"Load.BT_CL3197146_M1"  ,   1, -169237501795842424832.0, -110567893390938521600.0
"Load.BT_CL3197146_M2"  ,   1, -75216667464818851840.0, -49141285951528230912.0
"Load.BT_UC8588036_M1"  ,   1, -28011434614683881472.0, -18300703352226127872.0
"Load.BT_UC8588036_M2"  ,   1, -12449526495415062528.0, -8133645934322724864.0
"Load.BT_UC5839753_4_M1",   1, -172199423571752943616.0, -112503004979142819840.0
"Load.BT_UC5839753_4_M2",   1, -76533077143001317376.0, -50001335546285686784.0
"Load.BT_UC6229977_M1"  ,   1, -184964408063352176640.0, -120842749005775831040.0
"Load.BT_UC6229977_M2"  ,   1, -82206403583712067584.0, -53707888447011479552.0
"Load.BT_U50946550_M1"  ,   1, -1101977727026661248.0, -719954823899161984.0
"Load.BT_U50946550_M2"  ,   1, -489767878678516224.0, -319979921732960960.0
"Load.BT_UC4556071_7_M1",   1, -198120799006207442944.0, -129438210506547150848.0
"Load.BT_UC4556071_7_M2",   1, -88053688447203295232.0, -57528093558465404928.0
"Load.BT_CL3662927_M1"  ,   1, -380835456489246490624.0, -248811130542386118656.0
"Load.BT_CL3662927_M2"  ,   1, -169260202884109565952.0, -110582724685504970752.0
"Load.BT_UC9290941_M1"  ,   1, -42838596207047540736.0, -27987729008983457792.0
"Load.BT_UC9290941_M2"  ,   1, -19039376092021129216.0, -12438990670659311616.0
"Load.BT_VC3898103_6_M1",   1, -80806282212074045440.0, -52793147512444928000.0
"Load.BT_VC3898103_6_M2",   1, -35913903205366239232.0, -23463621116642189312.0
"Load.BT_UC7695571_M1"  ,   1, -7478641754719006720.0, -4886019088397551616.0
"Load.BT_UC7695571_M2"  ,   1, -3323840779875115008.0, -2171564039287801344.0
"Load.BT_UC6708718_M1"  ,   1, -193727106345970597888.0, -126567680414155767808.0
"Load.BT_UC6708718_M2"  ,   1, -86100936153764708352.0, -56252302406291447808.0
"Load.BT_UC5474582_M1"  ,   1, -3950429321617745920.0, -2580932969317490176.0
"Load.BT_UC5474582_M2"  ,   1, -1755746365163442688.0, -1147081319696662272.0
"Load.BT_UC5832611_M1"  ,   1, -59991398433912037376.0, -39194164868195631104.0
"Load.BT_UC5832611_M2"  ,   1, -26662843748405346304.0, -17419628830309169152.0
"Load.BT_UC0469947_M1"  ,   1, -19255601982628343808.0, -12580257474541854720.0
"Load.BT_UC0469947_M2"  ,   1, -8558045325612596224.0, -5591225544240823296.0
"Load.BT_UI3135625_M1"  ,   1, -33409002277191544832.0, -21827094836528861184.0
"Load.BT_UI3135625_M2"  ,   1, -14848445456529573888.0, -9700931038457272320.0
"Load.BT_UC5355073_M1"  ,   1, -1686433836998.8, -1101797383735.1
"Load.BT_UC5355073_M2"  ,   1, -749526149777.2, -489687726104.5
"Load.BT_CL3111378_M1"  ,   1, -316216320006152912896.0, -206593526776732712960.0
"Load.BT_CL3111378_M2"  ,   1, -140540586669401276416.0, -91819345234103435264.0
"Load.BT_UC3539246_M1"  ,   1, -111998390586237075456.0, -73171879629698711552.0
"Load.BT_UC3539246_M2"  ,   1, -49777062482772041728.0, -32520835390977204224.0
"Load.BT_UC5399517_M1"  ,   1, -13252432799230265344.0, -8658208505317211136.0
"Load.BT_UC5399517_M2"  ,   1, -5889970132991230976.0, -3848092669029871104.0
"Load.BT_CL6743060_M1"  ,   1, -41119102117225742336.0, -26864332383009218560.0
"Load.BT_CL6743060_M2"  ,   1, -18275156496544774144.0, -11939703281337432064.0
"Load.BT_UC0469931_M1"  ,   1, -100328866368942718976.0, -65547832382674837504.0
"Load.BT_UC0469931_M2"  ,   1, -44590607275085668352.0, -29132369947855478784.0
"Load.BT_UC6007470_1_M1",   1, -19177658268707106816.0, -12529334531232479232.0
"Load.BT_UC6007470_1_M2",   1, -8523403674980934656.0, -5568593124992211968.0
"Load.BT_UC6515538_M1"  ,   1, -57738064949823053824.0, -37721995081703948288.0
"Load.BT_UC6515538_M2"  ,   1, -25661362199921348608.0, -16765331147423971328.0
"Load.BT_UC3862307_M1"  ,   1, -445420035463653425152.0, -291006156866605121536.0
"Load.BT_UC3862307_M2"  ,   1, -197964460206068203520.0, -129336069718491168768.0
"Load.BT_U10449966_M1"  ,   1, -612457461910380216320.0, -400136675597846052864.0
"Load.BT_U10449966_M2"  ,   1, -272203316404613447680.0, -177838522487931568128.0
"Load.BT_UC0869212_19_M1",   1, -7033479052618624000.0, -4595181056580681728.0
"Load.BT_UC0869212_19_M2",   1, -3125990690052721152.0, -2042302691813635072.0
"Load.BT_CL6969967_M1"  ,   1, -129062209117256056832.0, -84320179788985270272.0
"Load.BT_CL6969967_M2"  ,   1, -57360981829891579904.0, -37475635461771239424.0
"Load.BT_CL6807033_M1"  ,   1, -216425218971333230592.0, -141397032480503136256.0
"Load.BT_CL6807033_M2"  ,   1, -96188986209481424896.0, -62843125546890272768.0
"Load.BT_UC5042532_M1"  ,   1, -54303084046730862592.0, -35477819896430477312.0
"Load.BT_UC5042532_M2"  ,   1, -24134704020769267712.0, -15767919953969100800.0
"Load.BT_U57645166_M1"  ,   1, -78906250938439401472.0, -51551800570514382848.0
"Load.BT_U57645166_M2"  ,   1, -35069444861528616960.0, -22911911364673056768.0
"Load.BT_UC8953993_M1"  ,   1, -14646469353464676352.0, -9568974047610804224.0
"Load.BT_UC8953993_M2"  ,   1, -6509541934873189376.0, -4252877354493689856.0
"Load.BT_VC4911106_1_M1",   1, -93495710761682436096.0, -61083528585813811200.0
"Load.BT_VC4911106_1_M2",   1, -41553649227414413312.0, -27148234927028359168.0
"Load.BT_UC8588990_M1"  ,   1, -191823899201456046080.0, -125324258587459452928.0
"Load.BT_UC8588990_M2"  ,   1, -85255066311758233600.0, -55699670483315302400.0
"Load.BT_U57790271_M1"  ,   1, -9282476822032812032.0, -6064518187585615872.0
"Load.BT_U57790271_M2"  ,   1, -4125545254236805632.0, -2695341416704717824.0
"Load.BT_U56879189_M1"  ,   1, -22591427601668374528.0, -14759651567258220544.0
"Load.BT_U56879189_M2"  ,   1, -10040634489630388224.0, -6559845141003654144.0
"Load.BT_UC5755874_M1"  ,   1, -95308855236780081152.0, -62268109813533696000.0
"Load.BT_UC5755874_M2"  ,   1, -42359491216346701824.0, -27674715472681644032.0
"Load.BT_U10453697_30_M1",   1, -36504185189991002112.0, -23849269893363658752.0
"Load.BT_U10453697_30_M2",   1, -16224082306662668288.0, -10599675508161624064.0
"Load.BT_U41415295_M1"  ,   1, -2549806376475979776.0, -1665864342392555008.0
"Load.BT_U41415295_M2"  ,   1, -1133247278433768704.0, -740384152174468992.0
"Load.BT_UC2835491_M1"  ,   1, -15174237508120995840.0, -9913780677406128128.0
"Load.BT_UC2835491_M2"  ,   1, -6744105559164887040.0, -4406124745513834496.0
"Load.BT_VC3898103_7_M1",   1, -73865074958320631808.0, -48258250367936757760.0
"Load.BT_VC3898103_7_M2",   1, -32828922203698061312.0, -21448111274638561280.0
"Load.BT_UC4562227_M1"  ,   1, -277317397468165046272.0, -181179703748848189440.0
"Load.BT_UC4562227_M2"  ,   1, -123252176652517785600.0, -80524312777265856512.0
"Load.BT_U40757846_M1"  ,   1, -132623184160476938240.0, -86646670699355881472.0
"Load.BT_U40757846_M2"  ,   1, -58943637404656418816.0, -38509631421935943680.0
"Load.BT_U10155142_M1"  ,   1, -3868948781294202368.0, -2527699309905170432.0
"Load.BT_U10155142_M2"  ,   1, -1719532791686312192.0, -1123421915513409024.0
"Load.BT_U10449984_M1"  ,   1, -349700510212348248064.0, -228469744155630862336.0
"Load.BT_U10449984_M2"  ,   1, -155422448983265869824.0, -101542108513613692928.0
"Load.BT_CL5858694_M1"  ,   1, -287214218561863811072.0, -187645591321733988352.0
"Load.BT_CL5858694_M2"  ,   1, -127650763805272817664.0, -83398040587437326336.0
"Load.BT_UC3366710_M1"  ,   1, -134622658106191446016.0, -87952986492307357696.0
"Load.BT_UC3366710_M2"  ,   1, -59832292491640627200.0, -39090216218803265536.0
"Load.BT_UC3474939_M1"  ,   1, -369189011476739784704.0, -241202161629513711616.0
"Load.BT_UC3474939_M2"  ,   1, -164084005100773244928.0, -107200960724228358144.0
"Load.BT_U51971941_M1"  ,   1, -76288703940514594816.0, -49841679265787363328.0
"Load.BT_U51971941_M2"  ,   1, -33906090640228708352.0, -22151857451461050368.0
"Load.BT_U51084075_M1"  ,   1, -9481774902554130432.0, -6194725553184624640.0
"Load.BT_U51084075_M2"  ,   1, -4214122178912947200.0, -2753211356970943488.0
"Load.BT_UC4930481_M1"  ,   1, -844134715158.1, -551498315782.3
"Load.BT_UC4930481_M2"  ,   1, -375170984514.7, -245110362569.9
"Load.BT_UC0971897_M1"  ,   1, -111722502201719586816.0, -72991633543101751296.0
"Load.BT_UC0971897_M2"  ,   1, -49654445422986477568.0, -32440726019156332544.0
"Load.BT_UC4094065_M1"  ,   1, -225478274572022743040.0, -147311662960453353472.0
"Load.BT_UC4094065_M2"  ,   1, -100212566476454559744.0, -65471850204645924864.0
"Load.BT_UC2675442_M1"  ,   1, -24708477774972039168.0, -16142783411528157184.0
"Load.BT_UC2675442_M2"  ,   1, -10981545677765349376.0, -7174570405123623936.0
"Load.BT_U49979735_M1"  ,   1, -13953052763210788864.0, -9115944363676576768.0
"Load.BT_U49979735_M2"  ,   1, -6201356783649241088.0, -4051530828300702208.0
"Load.BT_UC5191508_M1"  ,   1, -41203570183240073216.0, -26919517878675079168.0
"Load.BT_UC5191508_M2"  ,   1, -18312697859217811456.0, -11964230168300034048.0
"Load.BT_UC2220161_1_M1",   1, -5787626283048926208.0, -3781228387703671808.0
"Load.BT_UC2220161_1_M2",   1, -2572278348021744128.0, -1680545950090520576.0
"Load.BT_UC6854152_M1"  ,   1, -9188193482072029184.0, -6002920077426692096.0
"Load.BT_UC6854152_M2"  ,   1, -4083641547587568640.0, -2667964478856307712.0
"Load.BT_UI3406317_M1"  ,   1, -89899540832870187008.0, -58734043821294493696.0
"Load.BT_UI3406317_M2"  ,   1, -39955351481275637760.0, -26104019476130897920.0
"Load.BT_UC5603277_M1"  ,   1, -56804154727528464384.0, -37111843759440863232.0
"Load.BT_UC5603277_M2"  ,   1, -25246290990012645376.0, -16494152781973716992.0
"Load.BT_VC0469923_2_M1",   1, -25959517866062872576.0, -16960125112983982080.0
"Load.BT_VC0469923_2_M2",   1, -11537563496027947008.0, -7537833383548436480.0
"Load.BT_UC4420983_M1"  ,   1, -226250427885872545792.0, -147816133685509685248.0
"Load.BT_UC4420983_M2"  ,   1, -100555745727054446592.0, -65696059415782064128.0
"Load.BT_UC3191111_M1"  ,   1, -2840933864262076416.0, -1856066589288445440.0
"Load.BT_UC3191111_M2"  ,   1, -1262637273005367296.0, -824918484128198016.0
"Load.BT_U10453697_31_M1",   1, -51741003177048358912.0, -33803936258277466112.0
"Load.BT_U10453697_31_M2",   1, -22996001412021497856.0, -15023971670345543680.0
"Load.BT_UC3410056_M1"  ,   1, -97186331523937861632.0, -63494720903667875840.0
"Load.BT_UC3410056_M2"  ,   1, -43193925121750163456.0, -28219875957185720320.0
"Load.BT_UC8789570_2_M1",   1, -2991820484528.0, -1954645305374.1
"Load.BT_UC8789570_2_M2",   1, -1329697993123.5, -868731246832.9
"Load.BT_UC5200410_M1"  ,   1, -135468264749962903552.0, -88505446463037521920.0
"Load.BT_UC5200410_M2"  ,   1, -60208117666650169344.0, -39335753983572238336.0
"Load.BT_U50886027_M1"  ,   1, -54046029239596982272.0, -35309878342803566592.0
"Load.BT_U50886027_M2"  ,   1, -24020457439820877824.0, -15693279263468255232.0
"Load.BT_CL3758122_M1"  ,   1, -183531076311534731264.0, -119906310741644263424.0
"Load.BT_CL3758122_M2"  ,   1, -81569367249570988032.0, -53291693662952996864.0
"Load.BT_UC4277003_2_M1",   1, -106395946789887082496.0, -69511636469574533120.0
"Load.BT_UC4277003_2_M2",   1, -47287087462172041216.0, -30894060653144244224.0
"Load.BT_CL3248627_M1"  ,   1, -158889452676447109120.0, -103807205129314729984.0
"Load.BT_CL3248627_M2"  ,   1, -70617534522865385472.0, -46136535613028777984.0
"Load.BT_UC1048018_M1"  ,   1, -10930894673976412160.0, -7141478598613386240.0
"Load.BT_UC1048018_M2"  ,   1, -4858175410656182272.0, -3173990488272615424.0
"Load.BT_CL5257444_M1"  ,   1, -98095084428938215424.0, -64088436204834938880.0
"Load.BT_CL5257444_M2"  ,   1, -43597815301750308864.0, -28483749424371081216.0
"Load.BT_UC5394457_M1"  ,   1, -5114637137199172.0, -3341544647948343.5
"Load.BT_UC5394457_M2"  ,   1, -2273172060977410.0, -1485130954643708.5
"Load.BT_CL3248634_M1"  ,   1, -125019202567425277952.0, -81678763362899066880.0
"Load.BT_CL3248634_M2"  ,   1, -55564090029966786560.0, -36301672605732917248.0
"Load.BT_UC7552928_M1"  ,   1, -176473109655737630720.0, -115295131206783778816.0
"Load.BT_UC7552928_M2"  ,   1, -78432493180327854080.0, -51242280536348344320.0
"Load.BT_UC8498249_M1"  ,   1, -98297692034511781888.0, -64220805779367256064.0
"Load.BT_UC8498249_M2"  ,   1, -43687863126449684480.0, -28542580346385448960.0
"Load.BT_CL6828043_2_M1",   1, -1065399987951594110976.0, -696057499291911323648.0
"Load.BT_CL6828043_2_M2",   1, -473511105756264005632.0, -309358888574182817792.0
"Load.BT_U52956024_M1"  ,   1, -408151568822798057472.0, -266657559207197474816.0
"Load.BT_U52956024_M2"  ,   1, -181400697254576881664.0, -118514470758754418688.0
"Load.BT_UC5581850_5_M1",   1, -103529353234892783616.0, -67638805641602678784.0
"Load.BT_UC5581850_5_M2",   1, -46013045882174570496.0, -30061691396267859968.0
"Load.BT_U43229909_M1"  ,   1, -157620335729981849600.0, -102978053281889206272.0
"Load.BT_U43229909_M2"  ,   1, -70053482546658598912.0, -45768023680839647232.0
"Load.BT_UC0469922_M1"  ,   1, -23407342989167198208.0, -15292713356897546240.0
"Load.BT_UC0469922_M2"  ,   1, -10403263550740975616.0, -6796761491954466816.0
"Load.BT_UC3502888_M1"  ,   1, -16592110086936584192.0, -10840119004281665536.0
"Load.BT_UC3502888_M2"  ,   1, -7374271149749594112.0, -4817830668569629696.0
"Load.BT_UC4636188_M1"  ,   1, -452067377603416817664.0, -295349063191711907840.0
"Load.BT_UC4636188_M2"  ,   1, -200918834490407452672.0, -131266250307427532800.0
"Load.BT_U10050355_M1"  ,   1, -1451002339984168704.0, -947982985352387072.0
"Load.BT_U10050355_M2"  ,   1, -644889928881852928.0, -421325771267727552.0
"Load.BT_UC3895714_M1"  ,   1, -14087931951164041216.0, -9204064948749535232.0
"Load.BT_UC3895714_M2"  ,   1, -6261303089406239744.0, -4090695532777570816.0
"Load.BT_U57223519_M1"  ,   1, -8879135248912339968.0, -5801003143496144896.0
"Load.BT_U57223519_M2"  ,   1, -3946282332849928704.0, -2578223619331619840.0
"Load.BT_UC2673251_M1"  ,   1, -396937689465120489472.0, -259331198261893824512.0
"Load.BT_UC2673251_M2"  ,   1, -176416750873386909696.0, -115258310338619490304.0
"Load.BT_UC4333184_M1"  ,   1, -309514718860828540928.0, -202215171428643438592.0
"Load.BT_UC4333184_M2"  ,   1, -137562097271479304192.0, -89873409523841548288.0
"Load.BT_UC0988028_18_M1",   1, -104519352511739658240.0, -68285601622834872320.0
"Load.BT_UC0988028_18_M2",   1, -46453045560773173248.0, -30349156276815495168.0
"Load.BT_CL2990930_M1"  ,   1, -247163865827758243840.0, -161479504701509926912.0
"Load.BT_CL2990930_M2"  ,   1, -109850607034559201280.0, -71768668756226637824.0
"Load.BT_U50018583_M1"  ,   1, -4304775099989240320.0, -2812437605991741440.0
"Load.BT_U50018583_M2"  ,   1, -1913233377772995328.0, -1249972269329662976.0
"Load.BT_VC3509553_1_M1",   1, -63528447969119150080.0, -41505024523420393472.0
"Load.BT_VC3509553_1_M2",   1, -28234865764052955136.0, -18446677565964615680.0
"Load.BT_VC4545669_M1"  ,   1, -43760488579406798848.0, -28590028718618431488.0
"Load.BT_VC4545669_M2"  ,   1, -19449106035291910144.0, -12706679430497081344.0
"Load.BT_UC4052900_2_M1",   1, -65384339999345631232.0, -42717533986829549568.0
"Load.BT_UC4052900_2_M2",   1, -29059706666375835648.0, -18985570660813135872.0
"Load.BT_UC4636097_M1"  ,   1, -124140650716810248192.0, -81104779308500697088.0
"Load.BT_UC4636097_M2"  ,   1, -55173622540804554752.0, -36046568581555871744.0
"Load.BT_UC6416078_19_M1",   1, -247395546760128790528.0, -161630868752379838464.0
"Load.BT_UC6416078_19_M2",   1, -109953576337835016192.0, -71835941667724369920.0
"Load.BT_UC2479433_M1"  ,   1, -13882439816249143296.0, -9069810825371392000.0
"Load.BT_UC2479433_M2"  ,   1, -6169973251666285568.0, -4031027033498397696.0
"Load.BT_UC1165885_4_M1",   1, -2896836356351.3, -1892589349418.8
"Load.BT_UC1165885_4_M2",   1, -1287482825045.0, -841150821963.9
"Load.BT_UC4036215_M1"  ,   1, -109128068014012006400.0, -71296612523978473472.0
"Load.BT_UC4036215_M2"  ,   1, -48501363561783115776.0, -31687383343990435840.0
"Load.BT_UC0469924_M1"  ,   1, -32733133978818420736.0, -21385529978476871680.0
"Load.BT_UC0469924_M2"  ,   1, -14548059546141523968.0, -9504679990434164736.0
"Load.BT_VC1076515_1_M1",   1, -2655909139066001920.0, -1735184434301701376.0
"Load.BT_VC1076515_1_M2",   1, -1180404061807112192.0, -771193081911867520.0
"Load.BT_UC0869212_20_M1",   1, -11022535714915229696.0, -7201350417586702336.0
"Load.BT_UC0869212_20_M2",   1, -4898904762184545280.0, -3200600185594089984.0
"Load.BT_UC4046815_M1"  ,   1, -51518921665465384960.0, -33658843801631539200.0
"Load.BT_UC4046815_M2"  ,   1, -22897298517984612352.0, -14959486134058463232.0
"Load.BT_UC1159660_M1"  ,   1, -19824890077993304064.0, -12952190322171817984.0
"Load.BT_UC1159660_M2"  ,   1, -8811062256885909504.0, -5756529032076364800.0
"Load.BT_VC0927849_1_M1",   1, -4227323298067089920.0, -2761836040695749632.0
"Load.BT_VC0927849_1_M2",   1, -1878810354696484096.0, -1227482684753666560.0
"Load.BT_CL5374784_M1"  ,   1, -151295588480715358208.0, -98845907797890482176.0
"Load.BT_CL5374784_M2"  ,   1, -67242483769206816768.0, -43931514576840204288.0
"Load.BT_UC9748751_M1"  ,   1, -4022077996277.4, -2627743179737.4
"Load.BT_UC9748751_M2"  ,   1, -1787590220567.7, -1167885857661.0
"Load.BT_UC1210197_1_M1",   1, -1268154414379770314752.0, -828522996409663619072.0
"Load.BT_UC1210197_1_M2",   1, -563624184168786624512.0, -368232442848739393536.0
"Load.BT_UC4765071_M1"  ,   1, -510836369394279186432.0, -333744593436859957248.0
"Load.BT_UC4765071_M2"  ,   1, -227038386397457350656.0, -148330930416382181376.0
"Load.BT_UC3573733_M1"  ,   1, -51196534690141241344.0, -33448218806846013440.0
"Load.BT_UC3573733_M2"  ,   1, -22754015417840549888.0, -14865875025264891904.0
"Load.BT_UC5228365_4_M1",   1, -9927315116210233344.0, -6485810224883262464.0
"Load.BT_UC5228365_4_M2",   1, -4412140051648993792.0, -2882582322170338304.0
"Load.BT_U10453697_32_M1",   1, -124562603176552087552.0, -81380453400507203584.0
"Load.BT_U10453697_32_M2",   1, -55361156967356489728.0, -36169090400225419264.0
"Load.BT_UC3155163_M1"  ,   1, -173763438874773815296.0, -113524822694822313984.0
"Load.BT_UC3155163_M2"  ,   1, -77228195055455059968.0, -50455476753254375424.0
"Load.BT_U57040807_M1"  ,   1, -1257040207296383418368.0, -821261754355045236736.0
"Load.BT_U57040807_M2"  ,   1, -558684536576170262528.0, -365005224157797810176.0
"Load.BT_UC6412746_M1"  ,   1, -215963623464987328512.0, -141095458426973650944.0
"Load.BT_UC6412746_M2"  ,   1, -95983832651105468416.0, -62709092634210508800.0
"Load.BT_UC2722470_M1"  ,   1, -47071902208105889792.0, -30753473726863159296.0
"Load.BT_UC2722470_M2"  ,   1, -20920845425824837632.0, -13668210545272516608.0
"Load.BT_UC3102928_M1"  ,   1, -638437959446357868544.0, -417110507349024833536.0
"Load.BT_UC3102928_M2"  ,   1, -283750204198381256704.0, -185382447710677663744.0
"Load.BT_U10428796_M1"  ,   1, -37051435912092352512.0, -24206805067797016576.0
"Load.BT_U10428796_M2"  ,   1, -16467304849818824704.0, -10758580030132008960.0
"Load.BT_UC5200912_M1"  ,   1, -111532351032850710528.0, -72867402128577372160.0
"Load.BT_UC5200912_M2"  ,   1, -49569933792378101760.0, -32385512057145503744.0
"Load.BT_CL3248630_M1"  ,   1, -89079360638554849280.0, -58198195706702209024.0
"Load.BT_CL3248630_M2"  ,   1, -39590826950468812800.0, -25865864758534311936.0
"Load.BT_CL5927483_M1"  ,   1, -49639118370012889088.0, -32430712403936673792.0
"Load.BT_CL5927483_M2"  ,   1, -22061830386672398336.0, -14413649957305190400.0
"Load.BT_U52726267_M1"  ,   1, -251880006232697044992.0, -164560699526008963072.0
"Load.BT_U52726267_M2"  ,   1, -111946669436754280448.0, -73138088678226190336.0
"Load.BT_CL8503626_M1"  ,   1, -9255137736888014848.0, -6046656750596867072.0
"Load.BT_CL8503626_M2"  ,   1, -4113394549728007168.0, -2687403000265274368.0
"Load.BT_UC0469973_M1"  ,   1, -15585241947178246144.0, -10182302099701938176.0
"Load.BT_UC0469973_M2"  ,   1, -6926774198745887744.0, -4525467599867529216.0
"Load.BT_UC4556071_8_M1",   1, -107644793009914806272.0, -70327544848607707136.0
"Load.BT_UC4556071_8_M2",   1, -47842130226628804608.0, -31256686599381209088.0
"Load.BT_UC5228365_5_M1",   1, -11398082857046534144.0, -7446706533731980288.0
"Load.BT_UC5228365_5_M2",   1, -5065814603131792384.0, -3309647348325324800.0
"Load.BT_VC4386607_2_M1",   1, -306170667196589735936.0, -200030403015939096576.0
"Load.BT_VC4386607_2_M2",   1, -136075852087373217792.0, -88902401340417392640.0
"Load.BT_UC0869212_21_M1",   1, -5214627712354877440.0, -3406871379251847168.0
"Load.BT_UC0869212_21_M2",   1, -2317612316602167808.0, -1514165057445265152.0
"Load.BT_UC3410162_M1"  ,   1, -144888555189617082368.0, -94660002385577033728.0
"Load.BT_UC3410162_M2"  ,   1, -64394913417607593984.0, -42071112171367571456.0
"Load.BT_UC6495796_M1"  ,   1, -859724343095737450496.0, -561683483333221941248.0
"Load.BT_UC6495796_M2"  ,   1, -382099708042549919744.0, -249637103703654170624.0
"Load.BT_CL4989528_M1"  ,   1, -105568542059365040128.0, -68971068350432051200.0
"Load.BT_CL4989528_M2"  ,   1, -46919352026384474112.0, -30653808155747586048.0
"Load.BT_UC6416078_20_M1",   1, -124490530036497498112.0, -81333365879858429952.0
"Load.BT_UC6416078_20_M2",   1, -55329124460665552896.0, -36148162613270409216.0
"Load.BT_CL5800312_M1"  ,   1, -276757660707978313728.0, -180814011076427317248.0
"Load.BT_CL5800312_M2"  ,   1, -123003404759101456384.0, -80361782700634357760.0
"Load.BT_VC1076515_2_M1",   1, -3195889376467856896.0, -2087969581233664512.0
"Load.BT_VC1076515_2_M2",   1, -1420395278430159104.0, -927986480548295424.0
"Load.BT_UC5482480_M1"  ,   1, -125858718571470258176.0, -82227244137060597760.0
"Load.BT_UC5482480_M2"  ,   1, -55937208253986783232.0, -36545441838693601280.0
"Load.BT_UC4340847_M1"  ,   1, -37122415119417098240.0, -24253177893678223360.0
"Load.BT_UC4340847_M2"  ,   1, -16498851164185380864.0, -10779190174968096768.0
"Load.BT_U60474431_M1"  ,   1, -44140634533955231744.0, -28838389373242720256.0
"Load.BT_U60474431_M2"  ,   1, -19618059792868990976.0, -12817061943663431680.0
"Load.BT_VC4409610_M1"  ,   1, -36423939914463698944.0, -23796843268149248000.0
"Load.BT_VC4409610_M2"  ,   1, -16188417739761643520.0, -10576374785844109312.0
"Load.BT_UC5603275_2_M1",   1, -37069707605809668096.0, -24218742510532497408.0
"Load.BT_UC5603275_2_M2",   1, -16475425602582073344.0, -10763885560236662784.0
"Load.BT_UC2972550_M1"  ,   1, -95318449308242624512.0, -62274377897637675008.0
"Load.BT_UC2972550_M2"  ,   1, -42363755248107839488.0, -27677501287838969856.0
"Load.BT_U54968488_M1"  ,   1, -43497642745069608960.0, -28418303723249827840.0
"Load.BT_U54968488_M2"  ,   1, -19332285664475385856.0, -12630357210333257728.0
"Load.BT_UC5447917_1_M1",   1, -181340797563660730368.0, -118475336492729204736.0
"Load.BT_UC5447917_1_M2",   1, -80595910028293652480.0, -52655705107879649280.0
"Load.BT_CO0827538_M1"  ,   1, -82851608452038656000.0, -54129419979595464704.0
"Load.BT_CO0827538_M2"  ,   1, -36822937089794953216.0, -24057519990931316736.0
"Load.BT_U10453697_33_M1",   1, -46683871899127635968.0, -30499961985037922304.0
"Load.BT_U10453697_33_M2",   1, -20748387510723395584.0, -13555538660016855040.0
"Load.BT_UC3578392_M1"  ,   1, -2551127317407581696.0, -1666727353095790592.0
"Load.BT_UC3578392_M2"  ,   1, -1133834363292258560.0, -740767712487018112.0
"Load.BT_U10453697_34_M1",   1, -13514068714180995072.0, -8829143028021321728.0
"Load.BT_U10453697_34_M2",   1, -6006252761858219008.0, -3924063568009476608.0
"Load.BT_UC1343424_2_M1",   1, -7006756063791921152.0, -4577722133199164416.0
"Load.BT_UC1343424_2_M2",   1, -3114113806129742336.0, -2034543170310739712.0
"Load.BT_UC5381003_M1"  ,   1, -1633447259775811328.0, -1067179677209908224.0
"Load.BT_UC5381003_M2"  ,   1, -725976559900360448.0, -474302078759959040.0
"Load.BT_VC1143889_M1"  ,   1, -12252386848794013696.0, -8004848740312480768.0
"Load.BT_VC1143889_M2"  ,   1, -5445505266130671616.0, -3557710551249991168.0
"Load.BT_U10453697_35_M1",   1, -23591326591053135872.0, -15412915315989053440.0
"Load.BT_U10453697_35_M2",   1, -10485034040468062208.0, -6850184584884023296.0
"Load.BT_UC2363067_M1"  ,   1, -5862947397897575424.0, -3830437911444834816.0
"Load.BT_UC2363067_M2"  ,   1, -2605754399065588736.0, -1702416849531037952.0
"Load.BT_UC0988028_19_M1",   1, -4409093619670551040.0, -2880591997513465856.0
"Load.BT_UC0988028_19_M2",   1, -1959597164298022400.0, -1280263110005984768.0
"Load.BT_UC3163906_M1"  ,   1, -1648710134857.3, -1077151367235.2
"Load.BT_UC3163906_M2"  ,   1, -732760059936.6, -478733940993.4
"Load.BT_UC7292520_M1"  ,   1, -85716767929371672576.0, -56001313887148998656.0
"Load.BT_UC7292520_M2"  ,   1, -38096341301942968320.0, -24889472838732890112.0
"Load.BT_VC0469934_M1"  ,   1, -68498234142212702208.0, -44751933635478372352.0
"Load.BT_VC0469934_M2"  ,   1, -30443659618761203712.0, -19889748282434838528.0
"Load.BT_UC6255836_4_M1",   1, -1623846596006714112.0, -1060907277667318144.0
"Load.BT_UC6255836_4_M2",   1, -721709598225206272.0, -471514345629919168.0
"Load.BT_U10453697_36_M1",   1, -32905233671584079872.0, -21497967826247479296.0
"Load.BT_U10453697_36_M2",   1, -14624548298481811456.0, -9554652367221098496.0
"Load.BT_VC4911106_2_M1",   1, -17709459930867937280.0, -11570116886793426944.0
"Load.BT_VC4911106_2_M2",   1, -7870871080385750016.0, -5142274171908191232.0
"Load.BT_UC3900944_M1"  ,   1, -355402569946423754752.0, -232195069341748264960.0
"Load.BT_UC3900944_M2"  ,   1, -157956697753966116864.0, -103197808596332576768.0
"Load.BT_U56422640_M1"  ,   1, -7479318495979015168.0, -4886461224249666560.0
"Load.BT_U56422640_M2"  ,   1, -3324141553768452096.0, -2171760544110962944.0
"Load.BT_UI0469941_M1"  ,   1, -62769239504097394688.0, -41009011058358689792.0
"Load.BT_UI0469941_M2"  ,   1, -27897439779598843904.0, -18226227137048303616.0
"Load.BT_UC7046119_M1"  ,   1, -27758345348137058304.0, -18135352611815804928.0
"Load.BT_UC7046119_M2"  ,   1, -12337042376949805056.0, -8060156716362579968.0
"Load.BT_UC1723509_M1"  ,   1, -3203608227827439104.0, -2093012536397892352.0
"Load.BT_UC1723509_M2"  ,   1, -1423825879034417408.0, -930227793954618752.0
"Load.BT_UC4663469_M1"  ,   1, -140157030855850164224.0, -91568756813110165504.0
"Load.BT_UC4663469_M2"  ,   1, -62292013713711177728.0, -40697225250271174656.0
"Load.BT_CL6300944_M1"  ,   1, -376357011115064164352.0, -245885228984391434240.0
"Load.BT_CL6300944_M2"  ,   1, -167269782717806247936.0, -109282323993062834176.0
"Load.BT_CL6391290_M1"  ,   1, -7652927207201893376.0, -4999884958100070400.0
"Load.BT_CL6391290_M2"  ,   1, -3401300980978619904.0, -2222171092488920064.0
"Load.BT_U51477621_M1"  ,   1, -42429428992647569408.0, -27720407898509332480.0
"Load.BT_U51477621_M2"  ,   1, -18857523996732260352.0, -12320181288226371584.0
"Load.BT_UC4882759_M1"  ,   1, -172339038865603133440.0, -112594219803820408832.0
"Load.BT_UC4882759_M2"  ,   1, -76595128384712507392.0, -50041875468364619776.0
"Load.BT_UC6447642_M1"  ,   1, -35235634913178841088.0, -23020488273608011776.0
"Load.BT_UC6447642_M2"  ,   1, -15660282183635040256.0, -10231328121603559424.0
"Load.BT_UC6187112_M1"  ,   1, -12775255858684014592.0, -8346454617440458752.0
"Load.BT_UC6187112_M2"  ,   1, -5677891492748449792.0, -3709535385529092608.0
"Load.BT_UC5353520_M1"  ,   1, -25529238109338329088.0, -16679010552424046592.0
"Load.BT_UC5353520_M2"  ,   1, -11346328048594812928.0, -7412893578855132160.0
"Load.BT_UC0869212_22_M1",   1, -1478194539336179968.0, -965748457382508160.0
"Load.BT_UC0869212_22_M2",   1, -656975350816080000.0, -429221536614448064.0
"Load.BT_UC4556071_9_M1",   1, -63148073809387610112.0, -41256514771911417856.0
"Load.BT_UC4556071_9_M2",   1, -28065810581950042112.0, -18336228787516182528.0
"Load.BT_UC6515534_M1"  ,   1, -47201943109343002624.0, -30838433316728999936.0
"Load.BT_UC6515534_M2"  ,   1, -20978641381930221568.0, -13705970362990665728.0
"Load.BT_UC5993493_2_M1",   1, -7436589546588826624.0, -4858545131623907328.0
"Load.BT_UC5993493_2_M2",   1, -3305150909595034624.0, -2159353391832848128.0
"Load.BT_U10452691_M1"  ,   1, -42352341727577530368.0, -27670044495567003648.0
"Load.BT_U10452691_M2"  ,   1, -18823262990034460672.0, -12297797553585336320.0
"Load.BT_UC5223914_M1"  ,   1, -18010852175097835520.0, -11767025406973618176.0
"Load.BT_UC5223914_M2"  ,   1, -8004823188932371456.0, -5229789069766052864.0
"Load.BT_U10453697_37_M1",   1, -49068893830322577408.0, -32058167748092624896.0
"Load.BT_U10453697_37_M2",   1, -21808397257921142784.0, -14248074554707830784.0
"Load.BT_VC5221549_M1"  ,   1, -113208610049788723200.0, -73962552009763274752.0
"Load.BT_VC5221549_M2"  ,   1, -50314937799906091008.0, -32872245337672572928.0
"Load.BT_UC0869212_23_M1",   1, -16498736655044583424.0, -10779115366320416768.0
"Load.BT_UC0869212_23_M2",   1, -7332771846686482432.0, -4790717940586852352.0
"Load.BT_UC1165885_5_M1",   1, -127761201609612558336.0, -83470192889961005056.0
"Load.BT_UC1165885_5_M2",   1, -56782756270938906624.0, -37097863506649333760.0
"Load.BT_UC8965585_M1"  ,   1, -40861088016259645440.0, -26695764093046222848.0
"Load.BT_UC8965585_M2"  ,   1, -18160483562782066688.0, -11864784041353875456.0
"Load.BT_UC5205463_1_M1",   1, -24709743037121679360.0, -16143610046283198464.0
"Load.BT_UC5205463_1_M2",   1, -10982108016498524160.0, -7174937798348087296.0
"Load.BT_CL3248623_M1"  ,   1, -238999784276861911040.0, -156145667408217210880.0
"Load.BT_CL3248623_M2"  ,   1, -106222126345271951360.0, -69398074403652100096.0
"Load.BT_UC0988028_20_M1",   1, -46343470792226127872.0, -30277567821538013184.0
"Load.BT_UC0988028_20_M2",   1, -20597098129878282240.0, -13456696809572450304.0
"Load.BT_U10428776_M1"  ,   1, -422057691637481.5, -275742817107849.2
"Load.BT_U10428776_M2"  ,   1, -187581196283338.8, -122552363159046.1
"Load.BT_UC1343425_M1"  ,   1, -3381103273877477376.0, -2208975330415892480.0
"Load.BT_UC1343425_M2"  ,   1, -1502712566167767552.0, -981766813518174336.0
"Load.BT_U10428777_M1"  ,   1, -203794219042587836416.0, -133144824560981508096.0
"Load.BT_U10428777_M2"  ,   1, -90575208463372369920.0, -59175477582658437120.0
"Load.BT_U10449958_M1"  ,   1, -87501061970225545216.0, -57167046251987836928.0
"Load.BT_U10449958_M2"  ,   1, -38889360875655782400.0, -25407576111994589184.0
"Load.BT_U10428820_M1"  ,   1, -114330386710992912384.0, -74695442059962843136.0
"Load.BT_U10428820_M2"  ,   1, -50813505204885741568.0, -33197974248872386560.0
"Load.BT_VC2681570_M1"  ,   1, -1227398289126229016576.0, -801895807611829354496.0
"Load.BT_VC2681570_M2"  ,   1, -545510350722768437248.0, -356398136716368674816.0
"Load.BT_U10453697_38_M1",   1, -3115435871197.1, -2035406914054.9
"Load.BT_U10453697_38_M2",   1, -1384638164976.5, -904625295135.5
"Load.BT_VC0983385_M1"  ,   1, -2050778254831266048.0, -1339834429441344000.0
"Load.BT_VC0983385_M2"  ,   1, -911457002147229440.0, -595481968640597248.0
"Load.BT_UC4618864_M1"  ,   1, -13007636267904567296.0, -8498275648495971328.0
"Load.BT_UC4618864_M2"  ,   1, -5781171674624250880.0, -3777011399331542016.0
"Load.BT_UI2127630_M1"  ,   1, -12535048032870268928.0, -8189519699719259136.0
"Load.BT_UI2127630_M2"  ,   1, -5571132459053453312.0, -3639786533208559104.0
"Load.BT_CL2964657_4_M1",   1, -299560518822840434688.0, -195711796484867555328.0
"Load.BT_CL2964657_4_M2",   1, -133138008365706870784.0, -86983020659941146624.0
"Load.BT_UC4634989_1_M1",   1, -9179491547503383552.0, -5997234845558279168.0
"Load.BT_UC4634989_1_M2",   1, -4079774021112614400.0, -2665437709137013248.0
"Load.BT_U52956151_M1"  ,   1, -13723178178932144128.0, -8965760460746847232.0
"Load.BT_U52956151_M2"  ,   1, -6099190301747617792.0, -3984782426998597632.0
"Load.BT_U10428809_M1"  ,   1, -260973049378892677120.0, -170501455036350889984.0
"Load.BT_U10428809_M2"  ,   1, -115988021946174521344.0, -75778424460600410112.0
"Load.BT_UC6727296_M1"  ,   1, -88580681377404993536.0, -57872393713512570880.0
"Load.BT_UC6727296_M2"  ,   1, -39369191723291115520.0, -25721063872672247808.0
"Load.BT_UC2015764_3_M1",   1, -10287134742652418048.0, -6720891088691545088.0
"Load.BT_UC2015764_3_M2",   1, -4572059885623299072.0, -2987062706085131264.0
"Load.BT_U49253665_M1"  ,   1, -36452635701405904896.0, -23815591086491639808.0
"Load.BT_U49253665_M2"  ,   1, -16201171422847068160.0, -10584707149551837184.0
"Load.BT_UC4755118_3_M1",   1, -3819627489837861376.0, -2495476243435326976.0
"Load.BT_UC4755118_3_M2",   1, -1697612217705716224.0, -1109100552637923200.0
"Load.BT_U10453284_M1"  ,   1, -13271141629626384384.0, -8670431537428369408.0
"Load.BT_U10453284_M2"  ,   1, -5898285168722836480.0, -3853525127745941504.0
"Load.BT_UC2558620_M1"  ,   1, -447005522256869064704.0, -292042002545237164032.0
"Load.BT_UC2558620_M2"  ,   1, -198669121003052924928.0, -129796445575660961792.0
"Load.BT_UC1165885_6_M1",   1, -190896156736293928960.0, -124718136836401102848.0
"Load.BT_UC1165885_6_M2",   1, -84842736327241744384.0, -55430283038400487424.0
"Load.BT_UC3410176_M1"  ,   1, -27451403616210984960.0, -17934818440868470784.0
"Load.BT_UC3410176_M2"  ,   1, -12200623829427105792.0, -7971030418163763200.0
"Load.BT_U10261563_M1"  ,   1, -45678160807511736320.0, -29842901016998305792.0
"Load.BT_U10261563_M2"  ,   1, -20301404803338551296.0, -13263511563110356992.0
"Load.BT_U59092043_M1"  ,   1, -9501118292976525312.0, -6207363163392914432.0
"Load.BT_U59092043_M2"  ,   1, -4222719241322899968.0, -2758828072619072512.0
"Load.BT_VC2284693_1_M1",   1, -508919236408538560.0, -332492073740871744.0
"Load.BT_VC2284693_1_M2",   1, -226186327292683712.0, -147774254995942976.0
"Load.BT_UC5931106_M1"  ,   1, -438839998848515309568.0, -286707223241935519744.0
"Load.BT_UC5931106_M2"  ,   1, -195039999488228982784.0, -127425432551971356672.0
"Load.BT_U62748546_M1"  ,   1, -919585089300.5, -600792289204.8
"Load.BT_U62748546_M2"  ,   1, -408704484133.6, -267018795202.1
"Load.BT_U10453697_39_M1",   1, -38560684408568225792.0, -25192841997331271680.0
"Load.BT_U10453697_39_M2",   1, -17138081959363653632.0, -11196818665480562688.0
"Load.BT_UC5353536_M1"  ,   1, -27649853158669070336.0, -18064471435899568128.0
"Load.BT_UC5353536_M2"  ,   1, -12288823626075140096.0, -8028653971510918144.0
"Load.BT_UC3826444_M1"  ,   1, -13534033149285478400.0, -8842186384909946880.0
"Load.BT_UC3826444_M2"  ,   1, -6015125844126880768.0, -3929860615515531776.0
"Load.BT_U10453697_40_M1",   1, -60544168079823429632.0, -39555305718431817728.0
"Load.BT_U10453697_40_M2",   1, -26908519146588196864.0, -17580135874858588160.0
"Load.BT_UC6030007_M1"  ,   1, -16900602081530626048.0, -11041665996623288320.0
"Load.BT_UC6030007_M2"  ,   1, -7511378702902500352.0, -4907407109610350592.0
"Load.BT_UC1592588_M1"  ,   1, -118068933596850569216.0, -77137945929426780160.0
"Load.BT_UC1592588_M2"  ,   1, -52475081598600249344.0, -34283531524189675520.0
"Load.BT_U57957177_M1"  ,   1, -30139169693732528128.0, -19690815961033654272.0
"Load.BT_U57957177_M2"  ,   1, -13395186530547789824.0, -8751473760459403264.0
"Load.BT_UC4865535_M1"  ,   1, -22470783858614280192.0, -14680831422334113792.0
"Load.BT_UC4865535_M2"  ,   1, -9987015048273010688.0, -6524813965481828352.0
"Load.BT_UC5603276_2_M1",   1, -108932584005579767808.0, -71168897007495847936.0
"Load.BT_UC5603276_2_M2",   1, -48414481780257652736.0, -31630620892220375040.0
"Load.BT_UC5892226_M1"  ,   1, -149146216868291739648.0, -97441659392128647168.0
"Load.BT_UC5892226_M2"  ,   1, -66287207497018531840.0, -43307404174279393280.0
"Load.BT_U40839126_M1"  ,   1, -28802150344837095424.0, -18817301455633408000.0
"Load.BT_U40839126_M2"  ,   1, -12800955708816488448.0, -8363245091392626688.0
"Load.BT_U37981546_M1"  ,   1, -1287366110262969088.0, -841074568989175168.0
"Load.BT_U37981546_M2"  ,   1, -572162715672430592.0, -373810919550744448.0
"Load.BT_U10428786_M1"  ,   1, -9376250191076001792.0, -6125783118986876928.0
"Load.BT_U10428786_M2"  ,   1, -4167222307144890368.0, -2722570275105278976.0
"Load.BT_U52609564_M1"  ,   1, -61865479384148885504.0, -40418557692836970496.0
"Load.BT_U52609564_M2"  ,   1, -27495768615177277440.0, -17963803419038646272.0
"Load.BT_U10449952_M1"  ,   1, -8718921408971117568.0, -5696330675660472320.0
"Load.BT_U10449952_M2"  ,   1, -3875076181764941824.0, -2531702522515766272.0
"Load.BT_UC3609943_M1"  ,   1, -9140887205890123776.0, -5972013482223186944.0
"Load.BT_UC3609943_M2"  ,   1, -4062616535951165952.0, -2654228214321416192.0
"Load.BT_UC0469956_M1"  ,   1, -14288007870004703232.0, -9334780494800867328.0
"Load.BT_UC0469956_M2"  ,   1, -6350225720002091008.0, -4148791331022607872.0
"Load.BT_UC2625760_M1"  ,   1, -1820997663079541248.0, -1189711933069723904.0
"Load.BT_UC2625760_M2"  ,   1, -809332294702018560.0, -528760859142099648.0
"Load.BT_U59091994_M1"  ,   1, -5708064607605624832.0, -3729248378073685504.0
"Load.BT_U59091994_M2"  ,   1, -2536917603380278272.0, -1657443723588304384.0
"Load.BT_CL3248619_M1"  ,   1, -49768575179014160384.0, -32515290387356565504.0
"Load.BT_CL3248619_M2"  ,   1, -22119366746228518912.0, -14451240172158474240.0
"Load.BT_UC4428312_M1"  ,   1, -215710696667759706112.0, -140930213807803940864.0
"Load.BT_UC4428312_M2"  ,   1, -95871420741226545152.0, -62635650581246197760.0
"Load.BT_UC3564691_M1"  ,   1, -15302684533165324288.0, -9997698937274974208.0
"Load.BT_UC3564691_M2"  ,   1, -6801193125851254784.0, -4443421749899987968.0
"Load.BT_UC5046567_M1"  ,   1, -26258598496833060864.0, -17155523388611407872.0
"Load.BT_UC5046567_M2"  ,   1, -11670488220814696448.0, -7624677061605068800.0
"Load.BT_VC5353537_2_M1",   1, -24614701172037468160.0, -16081516370949701632.0
"Load.BT_VC5353537_2_M2",   1, -10939867187572209664.0, -7147340609310980096.0
"Load.BT_VC5353540_2_M1",   1, -4031455360284215808.0, -2633869691207577088.0
"Load.BT_VC5353540_2_M2",   1, -1791757937904096000.0, -1170608751647812352.0
"Load.BT_U52465191_M1"  ,   1, -297572773609209280.0, -194413143602212128.0
"Load.BT_U52465191_M2"  ,   1, -132254566048537440.0, -86405841600983184.0
"Load.BT_UC3493662_M1"  ,   1, -247298196555794481152.0, -161567266960282550272.0
"Load.BT_UC3493662_M2"  ,   1, -109910309580353110016.0, -71807674204570017792.0
"Load.BT_U56602941_M1"  ,   1, -27948516416612245504.0, -18259597023195959296.0
"Load.BT_U56602941_M2"  ,   1, -12421562851827662848.0, -8115376454753758208.0
"Load.BT_UC4937081_M1"  ,   1, -171552313825818705920.0, -112080228937207070720.0
"Load.BT_UC4937081_M2"  ,   1, -76245472811474960384.0, -49813435083203141632.0
"Load.BT_UC4086951_M1"  ,   1, -110247190095283142656.0, -72027768264817655808.0
"Load.BT_UC4086951_M2"  ,   1, -48998751153459159040.0, -32012341451030069248.0
"Load.BT_UC6007470_2_M1",   1, -7926303629718161408.0, -5178489906398583808.0
"Load.BT_UC6007470_2_M2",   1, -3522801613208072704.0, -2301551069510481664.0
"Load.BT_U10259443_M1"  ,   1, -10173804697777938432.0, -6646849199030363136.0
"Load.BT_U10259443_M2"  ,   1, -4521690976790193152.0, -2954155199569050112.0
"Load.BT_CL5246266_M1"  ,   1, -76333682420623638528.0, -49871065044351418368.0
"Load.BT_CL5246266_M2"  ,   1, -33926081075832721408.0, -22164917797489512448.0
"Load.BT_VC0469923_3_M1",   1, -62523595071158042624.0, -40848524239128338432.0
"Load.BT_VC0469923_3_M2",   1, -27788264476070240256.0, -18154899661834815488.0
"Load.BT_UC1393853_M1"  ,   1, -1775883143484330496.0, -1160237277111768832.0
"Load.BT_UC1393853_M2"  ,   1, -789281397104146816.0, -515661012049675072.0
"Load.BT_VC1601947_1_M1",   1, -134436770692693360640.0, -87831540728850464768.0
"Load.BT_VC1601947_1_M2",   1, -59749675863419273216.0, -39036240323933528064.0
"Load.BT_U62424066_M1"  ,   1, -1023458928678.2, -668656157890.8
"Load.BT_U62424066_M2"  ,   1, -454870634968.1, -297180514618.2
"Load.BT_CL3944717_M1"  ,   1, -271512425080974278656.0, -177387142636866961408.0
"Load.BT_CL3944717_M2"  ,   1, -120672188924877504512.0, -78838730060829769728.0
"Load.BT_U10453697_41_M1",   1, -22365246803943501824.0, -14611880924962760704.0
"Load.BT_U10453697_41_M2",   1, -9940109690641559552.0, -6494169299983448064.0
"Load.BT_CL4876211_M1"  ,   1, -10347123145544118272.0, -6760083295465187328.0
"Load.BT_CL4876211_M2"  ,   1, -4598721398019607552.0, -3004481464651194368.0
"Load.BT_UC8581377_M1"  ,   1, -59806511195192909824.0, -39073372532804763648.0
"Load.BT_UC8581377_M2"  ,   1, -26580671642307960832.0, -17365943347913228288.0
"Load.BT_UC4362343_M1"  ,   1, -240714306286176075776.0, -157265815629847363584.0
"Load.BT_UC4362343_M2"  ,   1, -106984136127189368832.0, -69895918057709928448.0
"Load.BT_UC2190725_M1"  ,   1, -48216099597217660928.0, -31501011911824445440.0
"Load.BT_UC2190725_M2"  ,   1, -21429377598763405312.0, -14000449738588641280.0
"Load.BT_UC9717236_M1"  ,   1, -43033296507544272896.0, -28114932507581247488.0
"Load.BT_UC9717236_M2"  ,   1, -19125909558908563456.0, -12495525558924998656.0
"Load.BT_U51258993_M1"  ,   1, -234919876225634697216.0, -153480142133792800768.0
"Load.BT_U51258993_M2"  ,   1, -104408833878059859968.0, -68213396503907917824.0
"Load.BT_CL6721775_M1"  ,   1, -211739464048033300480.0, -138335689425010229248.0
"Load.BT_CL6721775_M2"  ,   1, -94106428465792581632.0, -61482528633337880576.0
"Load.BT_VC3898103_8_M1",   1, -301741979096028020736.0, -197137009364024950784.0
"Load.BT_VC3898103_8_M2",   1, -134107546264901337088.0, -87616448606233296896.0
"Load.BT_UC5932672_M1"  ,   1, -23595029173852848128.0, -15415334323472994304.0
"Load.BT_UC5932672_M2"  ,   1, -10486679632823488512.0, -6851259699321330688.0
"Load.BT_UC8940571_M1"  ,   1, -27854043981623799808.0, -18197875370024622080.0
"Load.BT_UC8940571_M2"  ,   1, -12379575102943911936.0, -8087944608899831808.0
"Load.BT_U52207356_M1"  ,   1, -289032343590510.6, -188833408882417.7
"Load.BT_U52207356_M2"  ,   1, -128458819373559.8, -83925959503296.5
"Load.BT_UC4169940_M1"  ,   1, -137454076461886029824.0, -89802836328655962112.0
"Load.BT_UC4169940_M2"  ,   1, -61090700649727123456.0, -39912371701624872960.0
"Load.BT_UC0869212_24_M1",   1, -4455765452919951360.0, -2911084094890616832.0
"Load.BT_UC0869212_24_M2",   1, -1980340201297756928.0, -1293815153284718848.0
"Load.BT_CL3444738_M1"  ,   1, -131199420614436241408.0, -85716483636895449088.0
"Load.BT_CL3444738_M2"  ,   1, -58310853606416121856.0, -38096214949731319808.0
"Load.BT_U10453082_M1"  ,   1, -16514738320868038656.0, -10789569726991321088.0
"Load.BT_U10453082_M2"  ,   1, -7339883698163572736.0, -4795364323107254272.0
"Load.BT_UC4783786_M1"  ,   1, -24079855507765440512.0, -15732085787175583744.0
"Load.BT_UC4783786_M2"  ,   1, -10702158003451303936.0, -6992038127633593344.0
"Load.BT_VC3169036_M1"  ,   1, -32802926783847878656.0, -21431127693458792448.0
"Load.BT_VC3169036_M2"  ,   1, -14579078570599055360.0, -9524945641537241088.0
"Load.BT_UC4226425_M1"  ,   1, -12583611957206976512.0, -8221247955001092096.0
"Load.BT_UC4226425_M2"  ,   1, -5592716425425321984.0, -3653887980000485888.0
"Load.BT_U51725099_M1"  ,   1, -438439791016000290816.0, -286445755561951952896.0
"Load.BT_U51725099_M2"  ,   1, -194862129340444573696.0, -127309224694200877056.0
"Load.BT_U44966174_M1"  ,   1, -357880693150921728.0, -233814100858287072.0
"Load.BT_U44966174_M2"  ,   1, -159058085844854112.0, -103917378159238688.0
"Load.BT_UC0988028_21_M1",   1, -857294739747525492736.0, -560096151238365806592.0
"Load.BT_UC0988028_21_M2",   1, -381019884332233392128.0, -248931622772607057920.0
"Load.BT_CL3248620_M1"  ,   1, -137598162201632358400.0, -89896971815794491392.0
"Load.BT_CL3248620_M2"  ,   1, -61154738756281057280.0, -39954209695908659200.0
"Load.BT_UC5373674_M1"  ,   1, -14025258281228316672.0, -9163118374838107136.0
"Load.BT_UC5373674_M2"  ,   1, -6233448124990361600.0, -4072497055483603456.0
"Load.BT_UC3975076_M1"  ,   1, -9026103163875613696.0, -5897021653578153984.0
"Load.BT_UC3975076_M2"  ,   1, -4011601406166939648.0, -2620898512701400576.0
"Load.BT_UC3959086_M1"  ,   1, -162844649992613363712.0, -106391253171121602560.0
"Load.BT_UC3959086_M2"  ,   1, -72375399996717023232.0, -47285001409387380736.0
"Load.BT_UC6416078_21_M1",   1, -160756599836095676416.0, -105027067909285347328.0
"Load.BT_UC6416078_21_M2",   1, -71447377704931409920.0, -46678696848571252736.0
"Load.BT_CL3122770_M1"  ,   1, -224672113077180727296.0, -146784973678534115328.0
"Load.BT_CL3122770_M2"  ,   1, -99854272478746984448.0, -65237766079348498432.0
"Load.BT_U10449979_M1"  ,   1, -36110756485790285824.0, -23592231222510751744.0
"Load.BT_U10449979_M2"  ,   1, -16049225104795682816.0, -10485436098893668352.0
"Load.BT_UC4809043_M1"  ,   1, -312162953957779439616.0, -203945342180652318720.0
"Load.BT_UC4809043_M2"  ,   1, -138739090647901962240.0, -90642374302512136192.0
"Load.BT_U10453697_42_M1",   1, -67773347713815912448.0, -44278343778695217152.0
"Load.BT_U10453697_42_M2",   1, -30121487872807075840.0, -19679263901642317824.0
"Load.BT_UI1053908_M1"  ,   1, -190772447870047846400.0, -124637314172536111104.0
"Load.BT_UI1053908_M2"  ,   1, -84787754608910188544.0, -55394361854460493824.0
"Load.BT_VC1601947_2_M1",   1, -4950662940341013504.0, -3234415342163565056.0
"Load.BT_VC1601947_2_M2",   1, -2200294640151562240.0, -1437517929850472960.0
"Load.BT_CL8734463_M1"  ,   1, -21234743884185333760.0, -13873289745808156672.0
"Load.BT_CL8734463_M2"  ,   1, -9437663948526813184.0, -6165906553692515328.0
"Load.BT_UC1071253_M1"  ,   1, -1849130066560779008.0, -1208091668973140224.0
"Load.BT_UC1071253_M2"  ,   1, -821835585138124032.0, -536929630654728896.0
"Load.BT_U52112265_M1"  ,   1, -44787898875145822208.0, -29261266418333474816.0
"Load.BT_U52112265_M2"  ,   1, -19905732833398140928.0, -13005007297037101056.0
"Load.BT_U43428761_M1"  ,   1, -3566445290961754112.0, -2330064781646927360.0
"Load.BT_U43428761_M2"  ,   1, -1585086795983001600.0, -1035584347398634496.0
"Load.BT_UC8628888_M1"  ,   1, -3521257642201722368.0, -2300542347014928640.0
"Load.BT_UC8628888_M2"  ,   1, -1565003396534098176.0, -1022463265339968384.0
"Load.BT_UC2220161_2_M1",   1, -3102277927738057216.0, -2026810438895523584.0
"Load.BT_UC2220161_2_M2",   1, -1378790190105803264.0, -900804639509121792.0
"Load.BT_UC0869212_25_M1",   1, -26197898022923149312.0, -17115865962599026688.0
"Load.BT_UC0869212_25_M2",   1, -11643510232410290176.0, -7607051538932901888.0
"Load.BT_U10453697_43_M1",   1, -60022143266277449728.0, -39214251376526721024.0
"Load.BT_U10453697_43_M2",   1, -26676508118345535488.0, -17428556167345207296.0
"Load.BT_CL7934696_M1"  ,   1, -1006049943053757317120.0, -657282349762720956416.0
"Load.BT_CL7934696_M2"  ,   1, -447133308023892148224.0, -292125488783431565312.0
"Load.BT_UC0469971_M1"  ,   1, -9870257978138886144.0, -6448533097921224704.0
"Load.BT_UC0469971_M2"  ,   1, -4386781323617283072.0, -2866014710187210752.0
"Load.BT_UC8984443_M1"  ,   1, -237221038470197313536.0, -154983559866838810624.0
"Load.BT_UC8984443_M2"  ,   1, -105431572653421002752.0, -68881582163039461376.0
"Load.BT_UC5778103_1_M1",   1, -96628473955566403584.0, -63130255962311876608.0
"Load.BT_UC5778103_1_M2",   1, -42945988424696184832.0, -28057891538805280768.0
"Load.BT_UC5839753_5_M1",   1, -342439246510256160768.0, -223725744582045040640.0
"Load.BT_UC5839753_5_M2",   1, -152195220671224938496.0, -99433664258686681088.0
"Load.BT_U60285657_M1"  ,   1, -29668580881795280896.0, -19383366294123995136.0
"Load.BT_U60285657_M2"  ,   1, -13186035947464566784.0, -8614829464055109632.0
"Load.BT_UC9658577_M1"  ,   1, -48706778964938375168.0, -31821587341010845696.0
"Load.BT_UC9658577_M2"  ,   1, -21647457317750386688.0, -14142927707115929600.0
"Load.BT_VC1725083_M1"  ,   1, -4243733342434483712.0, -2772557210758864384.0
"Load.BT_VC1725083_M2"  ,   1, -1886103707748659712.0, -1232247649226161920.0
"Load.BT_U51789048_M1"  ,   1, -15964353174809061376.0, -10429986741500241920.0
"Load.BT_U51789048_M2"  ,   1, -7095268077692915712.0, -4635549662888995840.0
"Load.BT_UC4587406_M1"  ,   1, -22713980984319475712.0, -14839719338958254080.0
"Load.BT_UC4587406_M2"  ,   1, -10095102659697545216.0, -6595430817314779136.0
"Load.BT_U10453697_44_M1",   1, -47854341155936378880.0, -31264664362648334336.0
"Load.BT_U10453697_44_M2",   1, -21268596069305061376.0, -13895406383399256064.0
"Load.BT_UC4481737_2_M1",   1, -34708288439562117120.0, -22675957135555383296.0
"Load.BT_UC4481737_2_M2",   1, -15425905973138718720.0, -10078203171357947904.0
"Load.BT_UC3629960_M1"  ,   1, -1994324007860645632.0, -1302951190809971456.0
"Load.BT_UC3629960_M2"  ,   1, -886366225715842816.0, -579089418137765120.0
"Load.BT_U10394012_M1"  ,   1, -166488752337576452423680.0, -108772053600263921991680.0
"Load.BT_U10394012_M2"  ,   1, -73995001038922686922752.0, -48343134933450787651584.0
"Load.BT_UC8051530_M1"  ,   1, -233924852832333004800.0, -152830063756340297728.0
"Load.BT_UC8051530_M2"  ,   1, -103966601258814668800.0, -67924472780595675136.0
"Load.BT_VC0774105_4_M1",   1, -13481088446775310336.0, -8807596040198573056.0
"Load.BT_VC0774105_4_M2",   1, -5991594865233471488.0, -3914487128977144832.0
"Load.BT_UC1096745_M1"  ,   1, -234643545219432153088.0, -153299606869002584064.0
"Load.BT_UC1096745_M2"  ,   1, -104286020097525383168.0, -68133158608445587456.0
"Load.BT_UC9722939_M1"  ,   1, -26489031833976360960.0, -17306072337076721664.0
"Load.BT_UC9722939_M2"  ,   1, -11772903037322827776.0, -7691587705367431168.0
"Load.BT_UC3615908_M1"  ,   1, -774835995302381184.0, -506223401405399808.0
"Load.BT_UC3615908_M2"  ,   1, -344371553467725056.0, -224988178402399872.0
"Load.BT_U39687965_M1"  ,   1, -5960684751121000448.0, -3894292631756571136.0
"Load.BT_U39687965_M2"  ,   1, -2649193222720444416.0, -1730796725225143296.0
"Load.BT_UC6416078_22_M1",   1, -1305287680295.5, -852783263485.7
"Load.BT_UC6416078_22_M2",   1, -580127857909.1, -379014783771.4
"Load.BT_UC3989390_M1"  ,   1, -56924901967486689280.0, -37190731517739491328.0
"Load.BT_UC3989390_M2"  ,   1, -25299956429994086400.0, -16529214007884220416.0
"Load.BT_U10428801_M1"  ,   1, -692173425390608187392.0, -452217485478659555328.0
"Load.BT_U10428801_M2"  ,   1, -307632633506937044992.0, -200985549101626490880.0
"Load.BT_VC1418755_1_M1",   1, -4608799009421536256.0, -3011065468354448384.0
"Load.BT_VC1418755_1_M2",   1, -2048355115298460672.0, -1338251319268643840.0
"Load.BT_UC3801169_M1"  ,   1, -7613915350966126592.0, -4974397353703465984.0
"Load.BT_UC3801169_M2"  ,   1, -3383962378207168000.0, -2210843268312652032.0
"Load.BT_UC3544617_M1"  ,   1, -8237364331384242176.0, -5381715114502381568.0
"Load.BT_UC3544617_M2"  ,   1, -3661050813948552704.0, -2391873384223280640.0
"Load.BT_VC0469923_4_M1",   1, -22475006888574246912.0, -14683590454648418304.0
"Load.BT_VC0469923_4_M2",   1, -9988891950477443072.0, -6526040202065965056.0
"Load.BT_U10139458_M1"  ,   1, -1832261536806597376.0, -1197070957559516416.0
"Load.BT_U10139458_M2"  ,   1, -814338460802932224.0, -532031536693118400.0
"Load.BT_UC0988028_22_M1",   1, -16433830106752768000.0, -10736709985655756800.0
"Load.BT_UC0988028_22_M2",   1, -7303924491890120704.0, -4771871104735892480.0
"Load.BT_UC5353522_M1"  ,   1, -72783853281532125184.0, -47551856090878713856.0
"Load.BT_UC5353522_M2"  ,   1, -32348379236236500992.0, -21134158262612754432.0
"Load.BT_UC2295844_M1"  ,   1, -625237948162.8, -408486547477.4
"Load.BT_UC2295844_M2"  ,   1, -277883532516.8, -181549576656.6
"Load.BT_UC2631463_M1"  ,   1, -22670381365395431424.0, -14811234411474278400.0
"Load.BT_UC2631463_M2"  ,   1, -10075725051286857728.0, -6582770849544121344.0
"Load.BT_UC4634989_2_M1",   1, -95377218409672998912.0, -62312773499812462592.0
"Load.BT_UC4634989_2_M2",   1, -42389874848743555072.0, -27694565999916650496.0
"Load.BT_UC4308460_M1"  ,   1, -202756855480161566720.0, -132467084086737928192.0
"Load.BT_UC4308460_M2"  ,   1, -90114157991182909440.0, -58874259594105741312.0
"Load.BT_UC1772928_M1"  ,   1, -61463428757327052800.0, -40155886059737284608.0
"Load.BT_UC1772928_M2"  ,   1, -27317079447700914176.0, -17847060470994350080.0
"Load.BT_U57346990_M1"  ,   1, -924924376165877504.0, -604280604366903296.0
"Load.BT_U57346990_M2"  ,   1, -411077500518167744.0, -268569157496401472.0
"Load.BT_U10019530_M1"  ,   1, -8908367622162482176.0, -5820101522473438208.0
"Load.BT_U10019530_M2"  ,   1, -3959274498738882048.0, -2586711787765972992.0
"Load.BT_CL2986471_M1"  ,   1, -448018707143779549184.0, -292703946364895428608.0
"Load.BT_CL2986471_M2"  ,   1, -199119425397235351552.0, -130090642828842434560.0
"Load.BT_UC0469500_M1"  ,   1, -5507532615600835584.0, -3598234864200499712.0
"Load.BT_UC0469500_M2"  ,   1, -2447792273600371712.0, -1599215495200222208.0
"Load.BT_U10449995_M1"  ,   1, -29110125952877371392.0, -19018511081785638912.0
"Load.BT_U10449995_M2"  ,   1, -12937833756834390016.0, -8452671591904730112.0
"Load.BT_CL3358703_M1"  ,   1, -306493697220921720832.0, -200241448141315735552.0
"Load.BT_CL3358703_M2"  ,   1, -136219420987076313088.0, -88996199173918097408.0
"Load.BT_UC5046565_M1"  ,   1, -40006016146857549824.0, -26137120218973339648.0
"Load.BT_UC5046565_M2"  ,   1, -17780451620825581568.0, -11616497875099260928.0
"Load.BT_U54703198_M1"  ,   1, -67684174207329607680.0, -44220084080533577728.0
"Load.BT_U54703198_M2"  ,   1, -30081855203257606144.0, -19653370702459371520.0
"Load.BT_UC5778103_2_M1",   1, -3472247238672.4, -2268522392712.3
"Load.BT_UC5778103_2_M2",   1, -1543220994965.5, -1008232174538.8
"Load.BT_UC9216932_M1"  ,   1, -6913855470410478592.0, -4517027412458724352.0
"Load.BT_UC9216932_M2"  ,   1, -3072824653515767808.0, -2007567738870543360.0
"Load.BT_UC1463151_M1"  ,   1, -110330674637762805760.0, -72082311204345864192.0
"Load.BT_UC1463151_M2"  ,   1, -49035855394561245184.0, -32036582757487050752.0
"Load.BT_UC0848539_M1"  ,   1, -1011109859234653798400.0, -660588143505034182656.0
"Load.BT_UC0848539_M2"  ,   1, -449382159659846074368.0, -293594730446681899008.0
"Load.BT_UC1349508_M1"  ,   1, -1750508182148510720.0, -1143659060128760704.0
"Load.BT_UC1349508_M2"  ,   1, -778003636510449280.0, -508292915612782656.0
"Load.BT_UC4731841_M1"  ,   1, -25067556501495578624.0, -16377380224789137408.0
"Load.BT_UC4731841_M2"  ,   1, -11141136222886922240.0, -7278835655461839872.0
"Load.BT_UC5027544_M1"  ,   1, -352991660931954573312.0, -230619950776458412032.0
"Load.BT_UC5027544_M2"  ,   1, -156885182636424232960.0, -102497755900648177664.0
"Load.BT_UC1003822_3_M1",   1, -11879865307339163648.0, -7761469337634288640.0
"Load.BT_UC1003822_3_M2",   1, -5279940136595183616.0, -3449541927837460992.0
"Load.BT_UC4556071_10_M1",   1, -178499486934652649472.0, -116619023752444739584.0
"Load.BT_UC4556071_10_M2",   1, -79333105304290050048.0, -51830677223308771328.0
"Load.BT_UC6007470_3_M1",   1, -10241410067517372416.0, -6691017798395054080.0
"Load.BT_UC6007470_3_M2",   1, -4551737807785498112.0, -2973785688175580160.0
"Load.BT_U55020560_M1"  ,   1, -120626856387883876352.0, -78809112977398530048.0
"Load.BT_U55020560_M2"  ,   1, -53611936172392841216.0, -35026272434399342592.0
"Load.BT_UC0266248_M1"  ,   1, -18556897041223823360.0, -12123772756936845312.0
"Load.BT_UC0266248_M2"  ,   1, -8247509796099478528.0, -5388343447527487488.0
"Load.BT_CL6512426_M1"  ,   1, -5954810217595004928.0, -3890454623931649536.0
"Load.BT_CL6512426_M2"  ,   1, -2646582318931113472.0, -1729090943969621760.0
"Load.BT_U10453697_45_M1",   1, -63087420619948302336.0, -41216888239265300480.0
"Load.BT_U10453697_45_M2",   1, -28038853608865914880.0, -18318616995229018112.0
"Load.BT_UC4878101_M1"  ,   1, -455892840295501529088.0, -297848351744022413312.0
"Load.BT_UC4878101_M2"  ,   1, -202619040131333980160.0, -132377045219565518848.0
"Load.BT_U10428811_M1"  ,   1, -528855106028718325760.0, -345516770010939850752.0
"Load.BT_U10428811_M2"  ,   1, -235046713790541496320.0, -153563008893751001088.0
"Load.BT_UI3316203_M1"  ,   1, -149926409967000092672.0, -97951382747220164608.0
"Load.BT_UI3316203_M2"  ,   1, -66633959985333370880.0, -43533947887653412864.0
"Load.BT_UC6515536_M1"  ,   1, -544774591104369426432.0, -355917443089168662528.0
"Load.BT_UC6515536_M2"  ,   1, -242122040490830790656.0, -158185530261852749824.0
"Load.BT_UC0988028_23_M1",   1, -17998726982643507200.0, -11759103658022713344.0
"Load.BT_UC0988028_23_M2",   1, -7999434214508225536.0, -5226268292454539264.0
"Load.BT_U61765951_2_M1",   1, -37920548090462322688.0, -24774621901662298112.0
"Load.BT_U61765951_2_M2",   1, -16853576929094363136.0, -11010943067405463552.0
"Load.BT_UC5932690_M1"  ,   1, -32277587310698115072.0, -21087907794346942464.0
"Load.BT_UC5932690_M2"  ,   1, -14345594360310272000.0, -9372403464154195968.0
"Load.BT_UC4622885_1_M1",   1, -79781703279777185792.0, -52123759622810746880.0
"Load.BT_UC4622885_1_M2",   1, -35458534791012081664.0, -23166115387915890688.0
"Load.BT_UC8994334_M1"  ,   1, -93734063338291658752.0, -61239251423261024256.0
"Load.BT_UC8994334_M2"  ,   1, -41659583705907421184.0, -27217445077004902400.0
"Load.BT_UC1115313_M1"  ,   1, -2701085958920709120.0, -1764699794395715840.0
"Load.BT_UC1115313_M2"  ,   1, -1200482648409203968.0, -784311019731429120.0
"Load.BT_U10453697_47_M1",   1, -90354026908252700672.0, -59030973091764871168.0
"Load.BT_U10453697_47_M2",   1, -40157345292556771328.0, -26235988040784396288.0
"Load.BT_UC2515456_M1"  ,   1, -256091391406.2, -167312122737.9
"Load.BT_UC2515456_M2"  ,   1, -113818396180.5, -74360943439.1
"Load.BT_UC6604076_M1"  ,   1, -216266431903219974144.0, -141293292166004408320.0
"Load.BT_UC6604076_M2"  ,   1, -96118414179208888320.0, -62797018740446412800.0
"Load.BT_VC0469981_2_M1",   1, -58849822855082606592.0, -38448339584826621952.0
"Load.BT_VC0469981_2_M2",   1, -26155476824481153024.0, -17088150926589605888.0
"Load.BT_UC8516217_M1"  ,   1, -49727729371904950272.0, -32488604602626629632.0
"Load.BT_UC8516217_M2"  ,   1, -22101213054179979264.0, -14439379823389614080.0
"Load.BT_UC8957852_M1"  ,   1, -156726116070230622208.0, -102393832996155228160.0
"Load.BT_UC8957852_M2"  ,   1, -69656051586769158144.0, -45508370220513443840.0
"Load.BT_CL3084066_M1"  ,   1, -84123353453068861440.0, -54960288810574266368.0
"Load.BT_CL3084066_M2"  ,   1, -37388157090252824576.0, -24426795026921889792.0
"Load.BT_UC6018349_M1"  ,   1, -26935122531011371008.0, -17597516654844893184.0
"Load.BT_UC6018349_M2"  ,   1, -11971165569338386432.0, -7821118513264397312.0
"Load.BT_U50897972_M1"  ,   1, -112407258464272039936.0, -73439005175471767552.0
"Load.BT_U50897972_M2"  ,   1, -49958781539676479488.0, -32639557855765233664.0
"Load.BT_U10449985_M1"  ,   1, -528748978553082740736.0, -345447433803711315968.0
"Load.BT_U10449985_M2"  ,   1, -234999546023592361984.0, -153532192801649459200.0
"Load.BT_UC1189363_M1"  ,   1, -23270537943905181696.0, -15203334551978604544.0
"Load.BT_UC1189363_M2"  ,   1, -10342461308402305024.0, -6757037578657158144.0
"Load.BT_UC1388631_M1"  ,   1, -2899558808139569664.0, -1894368009924763648.0
"Load.BT_UC1388631_M2"  ,   1, -1288692803617586432.0, -841941337744339328.0
"Load.BT_UC7972842_M1"  ,   1, -9372216855289952256.0, -6123148021271050240.0
"Load.BT_UC7972842_M2"  ,   1, -4165429713462202368.0, -2721399120564911616.0
"Load.BT_UC5976727_2_M1",   1, -90975624553643687936.0, -59437081321149014016.0
"Load.BT_UC5976727_2_M2",   1, -40433610912730521600.0, -26416480587177332736.0
"Load.BT_UC0869212_26_M1",   1, -11995129064409446400.0, -7836774579927564288.0
"Load.BT_UC0869212_26_M2",   1, -5331168473070865408.0, -3483010924412251136.0
"Load.BT_UC5922670_M1"  ,   1, -183358357110566518784.0, -119793468151096590336.0
"Load.BT_UC5922670_M2"  ,   1, -81492603160251777024.0, -53241541400487354368.0
"Load.BT_UC4634989_3_M1",   1, -27084292655206318080.0, -17694973933684590592.0
"Load.BT_UC4634989_3_M2",   1, -12037463402313920512.0, -7864432859415374848.0
"Load.BT_UC0821279_M1"  ,   1, -15329115052537942016.0, -10014966782906681344.0
"Load.BT_UC0821279_M2"  ,   1, -6812940023350196224.0, -4451096347958525952.0
"Load.BT_U10415478_M1"  ,   1, -313367535615215861760.0, -204732331204650860544.0
"Load.BT_U10415478_M2"  ,   1, -139274460273429282816.0, -90992147202067070976.0
"Load.BT_CL3185564_M1"  ,   1, -136186735840111247360.0, -88974844994946482176.0
"Load.BT_CL3185564_M2"  ,   1, -60527438151160553472.0, -39544375553309548544.0
"Load.BT_UC4760194_M1"  ,   1, -3879589044586649600.0, -2534650910551164416.0
"Load.BT_UC4760194_M2"  ,   1, -1724261797594066688.0, -1126511515800517632.0
"Load.BT_U10003036_M1"  ,   1, -38378015001882304512.0, -25073498644182855680.0
"Load.BT_U10003036_M2"  ,   1, -17056895556392136704.0, -11143777175192379392.0
"Load.BT_UC6515533_M1"  ,   1, -243486467111620444160.0, -159076950757601116160.0
"Load.BT_UC6515533_M2"  ,   1, -108216207605164605440.0, -70700867003378253824.0
"Load.BT_VC3509553_2_M1",   1, -195576958608589422592.0, -127776243915345068032.0
"Load.BT_VC3509553_2_M2",   1, -86923092714928635904.0, -56789441740153356288.0
"Load.BT_UC6345092_M1"  ,   1, -559326667525309464576.0, -365424747403678384128.0
"Load.BT_UC6345092_M2"  ,   1, -248589630011248607232.0, -162410998846079270912.0
"Load.BT_UC3954287_M1"  ,   1, -170659485424124329984.0, -111496917588007649280.0
"Load.BT_UC3954287_M2"  ,   1, -75848660188499705856.0, -49554185594670063616.0
"Load.BT_UC2907396_2_M1",   1, -8938764389599917056.0, -5839960631972695040.0
"Load.BT_UC2907396_2_M2",   1, -3972784173155518976.0, -2595538058654531584.0
"Load.BT_U10139461_M1"  ,   1, -31674715615387987968.0, -20694033782093082624.0
"Load.BT_U10139461_M2"  ,   1, -14077651384616884224.0, -9197348347596926976.0
"Load.BT_VC1418755_2_M1",   1, -85976086226385436672.0, -56170734235607351296.0
"Load.BT_VC1418755_2_M2",   1, -38211593878393528320.0, -24964770771381047296.0
"Load.BT_UC6416078_23_M1",   1, -64191330490253418496.0, -41938105393253294080.0
"Load.BT_UC6416078_23_M2",   1, -28529480217890410496.0, -18639157952557023232.0
"Load.BT_UC5447917_2_M1",   1, -119789766925636206592.0, -78262217523986153472.0
"Load.BT_UC5447917_2_M2",   1, -53239896411393875968.0, -34783207788438286336.0
"Load.BT_VC3705549_M1"  ,   1, -33582123102276857856.0, -21940199826184962048.0
"Load.BT_VC3705549_M2"  ,   1, -14925388045456384000.0, -9751199922748874752.0
"Load.BT_UC2841563_2_M1",   1, -1017092517034065792.0, -664496792404935424.0
"Load.BT_UC2841563_2_M2",   1, -452041118681807104.0, -295331907735526912.0
"Load.BT_UC4351102_M1"  ,   1, -428191072187466383360.0, -279749962732873777152.0
"Load.BT_UC4351102_M2"  ,   1, -190307143194429521920.0, -124333316770166128640.0
"Load.BT_U57749264_M1"  ,   1, -2649753511380899840.0, -1731162778565525248.0
"Load.BT_U57749264_M2"  ,   1, -1177668227280400128.0, -769405679362455680.0
"Load.BT_UC3048714_M1"  ,   1, -14115216425793050624.0, -9221890707406746624.0
"Load.BT_UC3048714_M2"  ,   1, -6273429522574688256.0, -4098618092180775424.0
"Load.BT_UC5889165_M1"  ,   1, -177795961255690928128.0, -116159389502130618368.0
"Load.BT_UC5889165_M2"  ,   1, -79020427224751521792.0, -51626395334280298496.0
"Load.BT_UC3384700_M1"  ,   1, -82708627261203972096.0, -54036006112806264832.0
"Load.BT_UC3384700_M2"  ,   1, -36759389893868433408.0, -24016002716802785280.0
"Load.BT_U10428791_M1"  ,   1, -158785251360544129024.0, -103739127317046476800.0
"Load.BT_U10428791_M2"  ,   1, -70571222826908491776.0, -46106278807576215552.0
"Load.BT_UC6416078_24_M1",   1, -33007658008623661056.0, -21564884692884488192.0
"Load.BT_UC6416078_24_M2",   1, -14670070226054963200.0, -9584393196837550080.0
"Load.BT_UC0988028_24_M1",   1, -13688687474560997376.0, -8943226657688786944.0
"Load.BT_UC0988028_24_M2",   1, -6083861099804887040.0, -3974767403417239040.0
"Load.BT_UC5721942_M1"  ,   1, -141283642624683540480.0, -92304805788953247744.0
"Load.BT_UC5721942_M2"  ,   1, -62792730055414915072.0, -41024358128423657472.0
"Load.BT_U43332880_M1"  ,   1, -232921078785668022272.0, -152174268324279779328.0
"Load.BT_U43332880_M2"  ,   1, -103520479460296900608.0, -67633008144124362752.0
"Load.BT_UM2993009_2_M1",   1, -142657167525320409088.0, -93202170458399621120.0
"Load.BT_UM2993009_2_M2",   1, -63403185566809079808.0, -41423186870399836160.0
"Load.BT_VC2284693_2_M1",   1, -6516955633946970112.0, -4257720944638443008.0
"Load.BT_VC2284693_2_M2",   1, -2896424726198653440.0, -1892320419839307776.0
"Load.BT_UC3867781_M1"  ,   1, -19989156167019147264.0, -13059510244073670656.0
"Load.BT_UC3867781_M2"  ,   1, -8884069407564066816.0, -5804226775143853056.0
"Load.BT_UC3169832_3_M1",   1, -96851411939466739712.0, -63275907978144071680.0
"Load.BT_UC3169832_3_M2",   1, -43045071973096308736.0, -28122625768064032768.0
"Load.BT_U10453697_48_M1",   1, -58969125941812822016.0, -38526283839576170496.0
"Load.BT_U10453697_48_M2",   1, -26208500418583474176.0, -17122792817589409792.0
"Load.BT_UC6495793_M1"  ,   1, -230087413841103945728.0, -150322950740280508416.0
"Load.BT_UC6495793_M2"  ,   1, -102261072818268405760.0, -66810200329013559296.0
"Load.BT_UC4634969_M1"  ,   1, -1219969299604957696.0, -797042228546060160.0
"Load.BT_UC4634969_M2"  ,   1, -542208577602203328.0, -354240990464915520.0
"Load.BT_CL2964657_5_M1",   1, -251416726710080012288.0, -164258025203496878080.0
"Load.BT_CL2964657_5_M2",   1, -111740767426702229504.0, -73003566757109743616.0
"Load.BT_UC3115655_M1"  ,   1, -27888161838775721984.0, -18220165579930343424.0
"Load.BT_UC3115655_M2"  ,   1, -12394738595011430400.0, -8097851368857931776.0
"Load.BT_UC1284223_2_M1",   1, -76676009126119964672.0, -50094717269073371136.0
"Load.BT_UC1284223_2_M2",   1, -34078226278275538944.0, -22264318786254827520.0
"Load.BT_VC0927849_2_M1",   1, -5453827208081944576.0, -3563147524086427648.0
"Load.BT_VC0927849_2_M2",   1, -2423923203591975936.0, -1583621121816189952.0
"Load.BT_VC3917322_M1"  ,   1, -77611460428419776512.0, -50705875420599672832.0
"Load.BT_VC3917322_M2"  ,   1, -34493982412631003136.0, -22535944631377629184.0
"Load.BT_UC5390816_M1"  ,   1, -18852545393798787072.0, -12316928616864985088.0
"Load.BT_UC5390816_M2"  ,   1, -8378909063910571008.0, -5474190496384434176.0
"Load.BT_CL5875217_M1"  ,   1, -101208845101741408256.0, -66122748661766275072.0
"Load.BT_CL5875217_M2"  ,   1, -44981708934107299840.0, -29387888294118346752.0
"Load.BT_UC3530039_M1"  ,   1, -2302423187033400576.0, -1504241548261372416.0
"Load.BT_UC3530039_M2"  ,   1, -1023299194237066880.0, -668551799227276544.0
"Load.BT_U62406613_M1"  ,   1, -1437269340469.1, -939010807327.8
"Load.BT_U62406613_M2"  ,   1, -638786373541.8, -417338136590.2
"Load.BT_UC2013013_M1"  ,   1, -1413161911788702793728.0, -923260707284926857216.0
"Load.BT_UC2013013_M2"  ,   1, -628071960794978844672.0, -410338092126634115072.0
"Load.BT_UC6166081_M1"  ,   1, -166574434243021701120.0, -108828032153488965632.0
"Load.BT_UC6166081_M2"  ,   1, -74033081885787422720.0, -48368014290439544832.0
"Load.BT_CL3017439_M1"  ,   1, -167920559823525969920.0, -109707496030340939776.0
"Load.BT_CL3017439_M2"  ,   1, -74631359921567105024.0, -48758887124595965952.0
"Load.BT_UC3834342_M1"  ,   1, -84677545540425138176.0, -55322358983879589888.0
"Load.BT_UC3834342_M2"  ,   1, -37634464684633399296.0, -24587715103946485760.0
"Load.BT_UC5839753_6_M1",   1, -258057340916830666752.0, -168596535969049444352.0
"Load.BT_UC5839753_6_M2",   1, -114692151518591401984.0, -74931793764021960704.0
"Load.BT_UC0869212_27_M1",   1, -13940292149312149504.0, -9107607476824741888.0
"Load.BT_UC0869212_27_M2",   1, -6195685399694288896.0, -4047825545255441920.0
"Load.BT_UC0469946_M1"  ,   1, -533181922951600078848.0, -348343608180766081024.0
"Load.BT_UC0469946_M2"  ,   1, -236969743534044479488.0, -154819381413673795584.0
"Load.BT_CL5274931_M1"  ,   1, -9102845492636043264.0, -5947159698382065664.0
"Load.BT_CL5274931_M2"  ,   1, -4045709107838241280.0, -2643182088169806848.0
"Load.BT_UC5050673_M1"  ,   1, -5614967466291827712.0, -3668425247495672832.0
"Load.BT_UC5050673_M2"  ,   1, -2495541096129701376.0, -1630411221109187328.0
"Load.BT_UC5835891_M1"  ,   1, -122228447713668218880.0, -79855480214013607936.0
"Load.BT_UC5835891_M2"  ,   1, -54323754539408089088.0, -35491324539561611264.0
"Load.BT_UI0943014_M1"  ,   1, -2913747100026818560.0, -1903637641862682880.0
"Load.BT_UI0943014_M2"  ,   1, -1294998711123030528.0, -846061174161192448.0
"Load.BT_UC0869212_28_M1",   1, -6996664692945388544.0, -4571129140464202240.0
"Load.BT_UC0869212_28_M2",   1, -3109628752420171776.0, -2031612951317423360.0
"Load.BT_UC3812766_M1"  ,   1, -196273554771030147072.0, -128231350906264649728.0
"Load.BT_UC3812766_M2"  ,   1, -87232691009346732032.0, -56991711513895395328.0
"Load.BT_U10453697_49_M1",   1, -40809717563985428480.0, -26662202248587472896.0
"Load.BT_U10453697_49_M2",   1, -18137652250660190208.0, -11849867666038878208.0
"Load.BT_UC5976727_3_M1",   1, -85632565579258167296.0, -55946301979733237760.0
"Load.BT_UC5976727_3_M2",   1, -38058918035225853952.0, -24865023102103662592.0
"Load.BT_U10453697_50_M1",   1, -3115435871197.1, -2035406914054.9
"Load.BT_U10453697_50_M2",   1, -1384638164976.5, -904625295135.5
"Load.BT_UC3961668_M1"  ,   1, -95543694370934177792.0, -62421537195551531008.0
"Load.BT_UC3961668_M2"  ,   1, -42463864164859633664.0, -27742905420245118976.0
"Load.BT_U10428797_M1"  ,   1, -17055351149940303872.0, -11142768167716009984.0
"Load.BT_U10428797_M2"  ,   1, -7580156066640134144.0, -4952341407873781760.0
"Load.BT_U40059218_M1"  ,   1, -2066118556052752896.0, -1349856703600460288.0
"Load.BT_U40059218_M2"  ,   1, -918274913801223680.0, -599936312711315584.0
"Load.BT_CL3183134_M1"  ,   1, -4387446978132613120.0, -2866449603329338368.0
"Load.BT_CL3183134_M2"  ,   1, -1949976434725605888.0, -1273977601479705856.0
"Load.BT_UC3771175_M1"  ,   1, -391196275959206117376.0, -255580162056795521024.0
"Load.BT_UC3771175_M2"  ,   1, -173865011537424941056.0, -113591183136353583104.0
"Load.BT_UC0469960_M1"  ,   1, -12004149628864735232.0, -7842667979415444480.0
"Load.BT_UC0469960_M2"  ,   1, -5335177612828773376.0, -3485630213073530880.0
"Load.BT_UC4967237_M1"  ,   1, -18158408579542786048.0, -11863428393043943424.0
"Load.BT_UC4967237_M2"  ,   1, -8070403813130128384.0, -5272634841352864768.0
"Load.BT_VC0774105_5_M1",   1, -2292037586442617088.0, -1497456325580826880.0
"Load.BT_VC0774105_5_M2",   1, -1018683371752274560.0, -665536144702589824.0
"Load.BT_U52894463_M1"  ,   1, -13757189525934231552.0, -8987981085266277376.0
"Load.BT_U52894463_M2"  ,   1, -6114306455970767872.0, -3994658260118345216.0
"Load.BT_U48952100_M1"  ,   1, -10048127238750623744.0, -6564740376026486784.0
"Load.BT_U48952100_M2"  ,   1, -4465834328333611008.0, -2917662389345105408.0
"Load.BT_UC5240254_M1"  ,   1, -197295391162533412864.0, -128898947012695195648.0
"Load.BT_UC5240254_M2"  ,   1, -87686840516681498624.0, -57288420894531198976.0
"Load.BT_U51047699_M1"  ,   1, -5325559685883214848.0, -3479346535285126144.0
"Load.BT_U51047699_M2"  ,   1, -2366915415948094976.0, -1546376237904500224.0
"Load.BT_UC8313045_M1"  ,   1, -31286748915220930560.0, -20440563597975511040.0
"Load.BT_UC8313045_M2"  ,   1, -13905221740098191360.0, -9084694932433559552.0
"Load.BT_U10449998_M1"  ,   1, -1658197550181378949120.0, -1083349777702554042368.0
"Load.BT_U10449998_M2"  ,   1, -736976688969501900800.0, -481488790090023960576.0
"Load.BT_VC0927855_M1"  ,   1, -23739756344780640256.0, -15509888894019112960.0
"Load.BT_VC0927855_M2"  ,   1, -10551002819902507008.0, -6893283952897383424.0
"Load.BT_UC8016583_M1"  ,   1, -4413970034805914112.0, -2883777904368016896.0
"Load.BT_UC8016583_M2"  ,   1, -1961764459913740032.0, -1281679068608007424.0
"Load.BT_U10453697_51_M1",   1, -33933483280872689664.0, -22169753878231277568.0
"Load.BT_U10453697_51_M2",   1, -15081548124832305152.0, -9853223945880569856.0
"Load.BT_UC2841563_3_M1",   1, -238239613660.9, -155649025384.9
"Load.BT_UC2841563_3_M2",   1, -105884272738.2, -69177344615.5
"Load.BT_UC4064676_M1"  ,   1, -29671468797438779174420480.0, -19385253052346622520852480.0
"Load.BT_UC4064676_M2"  ,   1, -13187319465528441266241536.0, -8615668023265101736837120.0
"Load.BT_U10449980_M1"  ,   1, -79774925704371306496.0, -52119331637851455488.0
"Load.BT_U10449980_M2"  ,   1, -35455522535276130304.0, -23164147394600652800.0
"Load.BT_UC0469926_M1"  ,   1, -19904405570804748288.0, -13004140155253985280.0
"Load.BT_UC0469926_M2"  ,   1, -8846402475913220096.0, -5779617846779547648.0
"Load.BT_U51047642_M1"  ,   1, -17187437115934588928.0, -11229063855631124480.0
"Load.BT_U51047642_M2"  ,   1, -7638860940415374336.0, -4990695046947166208.0
"Load.BT_UC2675449_M1"  ,   1, -8865195508085491712.0, -5791895895811070976.0
"Load.BT_UC2675449_M2"  ,   1, -3940086892482440704.0, -2574175953693809152.0
"Load.BT_UC4892302_M1"  ,   1, -28758731349661655040.0, -18788934533876424704.0
"Load.BT_UC4892302_M2"  ,   1, -12781658377627404288.0, -8350637570611744768.0
"Load.BT_UC1283698_M1"  ,   1, -107653126242522103808.0, -70332989197505208320.0
"Load.BT_UC1283698_M2"  ,   1, -47845833885565362176.0, -31259106310002315264.0
"Load.BT_UC0988028_25_M1",   1, -23171714595165650944.0, -15138770320891396096.0
"Load.BT_UC0988028_25_M2",   1, -10298539820073621504.0, -6728342364840621056.0
"Load.BT_UC9265590_M1"  ,   1, -9359605005275312128.0, -6114908324494969856.0
"Load.BT_UC9265590_M2"  ,   1, -4159824446789028352.0, -2717737033108876288.0
"Load.BT_VC4579658_5_M1",   1, -27498132112174231552.0, -17965347561634195456.0
"Load.BT_VC4579658_5_M2",   1, -12221392049855213568.0, -7984598916281864192.0
"Load.BT_UC0988028_26_M1",   1, -137493596779797266432.0, -89828656127020777472.0
"Load.BT_UC0988028_26_M2",   1, -61108265235465461760.0, -39923847167564800000.0
"Load.BT_UC4487130_M1"  ,   1, -28585608743361363968.0, -18675828388757651456.0
"Load.BT_UC4487130_M2"  ,   1, -12704714997049493504.0, -8300368172781176832.0
"Load.BT_UC3839187_M1"  ,   1, -60204934012159770624.0, -39333674007254900736.0
"Load.BT_UC3839187_M2"  ,   1, -26757748449848786944.0, -17481632892113287168.0
"Load.BT_CL4686380_M1"  ,   1, -5177260452254.2, -3382458235671.9
"Load.BT_CL4686380_M2"  ,   1, -2301004645446.3, -1503314771409.7
"Load.BT_UC5554264_2_M1",   1, -116552239939528130560.0, -76147044853591392256.0
"Load.BT_UC5554264_2_M2",   1, -51800995528679170048.0, -33843131046040625152.0
"Load.BT_UC0956089_M1"  ,   1, -91830251616836026368.0, -59995434599979245568.0
"Load.BT_UC0956089_M2"  ,   1, -40813445163038253056.0, -26664637599990779904.0
"Load.BT_UC0469957_M1"  ,   1, -3722119163253047808.0, -2431771152464209408.0
"Load.BT_UC0469957_M2"  ,   1, -1654275183668020992.0, -1080787178872982016.0
"Load.BT_UI3409838_M1"  ,   1, -61778748973325008896.0, -40361894135365517312.0
"Load.BT_UI3409838_M2"  ,   1, -27457221765922226176.0, -17938619615718010880.0
"Load.BT_UC5852161_M1"  ,   1, -180111467518278303744.0, -117672178626420555776.0
"Load.BT_UC5852161_M2"  ,   1, -80049541119234752512.0, -52298746056186912768.0
"Load.BT_U10428807_M1"  ,   1, -1319339899940.0, -861963996522.5
"Load.BT_U10428807_M2"  ,   1, -586373288862.2, -383095109565.5
"Load.BT_CL3619506_M1"  ,   1, -456997058826934484992.0, -298569770553696780288.0
"Load.BT_CL3619506_M2"  ,   1, -203109803923082084352.0, -132697675801643024384.0
"Load.BT_UC0971898_M1"  ,   1, -27321412958691315712.0, -17849891682599469056.0
"Load.BT_UC0971898_M2"  ,   1, -12142850203862804480.0, -7933285192266430464.0
"Load.BT_UC6007469_M1"  ,   1, -2894526395079.0, -1891080183016.5
"Load.BT_UC6007469_M2"  ,   1, -1286456175590.7, -840480081340.7
"Load.BT_UC4580853_M1"  ,   1, -28979169783307337728.0, -18932953518846746624.0
"Load.BT_UC4580853_M2"  ,   1, -12879631014803261440.0, -8414646008376332288.0
"Load.BT_UC3815113_M1"  ,   1, -45904289570714591232.0, -29990637663519203328.0
"Load.BT_UC3815113_M2"  ,   1, -20401906475873157120.0, -13329172294897426432.0
"Load.BT_UC4338863_M1"  ,   1, -237682938724553261056.0, -155285333042545360896.0
"Load.BT_UC4338863_M2"  ,   1, -105636861655357014016.0, -69015703574464593920.0
"Load.BT_UC1115347_M1"  ,   1, -83463467508836007936.0, -54529165701876154368.0
"Load.BT_UC1115347_M2"  ,   1, -37094874448371564544.0, -24235184756389400576.0
"Load.BT_UC3800906_M1"  ,   1, -158966567687050854400.0, -103857586658929999872.0
"Load.BT_UC3800906_M2"  ,   1, -70651807860911505408.0, -46158927403968897024.0
"Load.BT_UC6254686_M1"  ,   1, -9278292293064869888.0, -6061784310348807168.0
"Load.BT_UC6254686_M2"  ,   1, -4123685463584386560.0, -2694126360155024896.0
"Load.BT_U10428814_M1"  ,   1, -427069667782255902720.0, -279017315895513055232.0
"Load.BT_U10428814_M2"  ,   1, -189808741236558168064.0, -124007695953561354240.0
"Load.BT_U52515605_M1"  ,   1, -9090986033425870848.0, -5939411561649392640.0
"Load.BT_U52515605_M2"  ,   1, -4040438237078164992.0, -2639738471844174336.0
"Load.BT_UC3433920_M1"  ,   1, -161377263280025337856.0, -105432565803401822208.0
"Load.BT_UC3433920_M2"  ,   1, -71723228124455714816.0, -46858918134845251584.0
"Load.BT_UC6473107_M1"  ,   1, -2058588878227091456.0, -1344937341127699456.0
"Load.BT_UC6473107_M2"  ,   1, -914928390323151872.0, -597749929390088832.0
"Load.BT_CL4176864_M1"  ,   1, -27302848354788605952.0, -17837762872412307456.0
"Load.BT_CL4176864_M2"  ,   1, -12134599268794937344.0, -7927894609961025536.0
"Load.BT_VC0469923_5_M1",   1, -28816898825169764352.0, -18826937078134738944.0
"Load.BT_VC0469923_5_M2",   1, -12807510588964341760.0, -8367527590282103808.0
"Load.BT_UC3863460_M1"  ,   1, -196785153716858454016.0, -128565593713998856192.0
"Load.BT_UC3863460_M2"  ,   1, -87460068318603755520.0, -57140263872888373248.0
"Load.BT_U10449945_M1"  ,   1, -786963990961871257600.0, -514146981205629272064.0
"Load.BT_U10449945_M2"  ,   1, -349761773760831750144.0, -228509769424724164608.0
"Load.BT_UM3003416_2_M1",   1, -210890992486282625024.0, -137781357717739438080.0
"Load.BT_UM3003416_2_M2",   1, -93729329993903390720.0, -61236158985661972480.0
"Load.BT_UC5778103_3_M1",   1, -64164524785236901888.0, -41920592425528647680.0
"Load.BT_UC5778103_3_M2",   1, -28517566571216400384.0, -18631374411346071552.0
"Load.BT_UC4032766_M1"  ,   1, -32528878274792837120.0, -21252083651950092288.0
"Load.BT_UC4032766_M2"  ,   1, -14457279233241260032.0, -9445370511977818112.0
"Load.BT_U61110119_M1"  ,   1, -39347222271414468608.0, -25706710576452374528.0
"Load.BT_U61110119_M2"  ,   1, -17487654342850873344.0, -11425204700645500928.0
"Load.BT_UC3644179_M1"  ,   1, -532556566684304932864.0, -347935044328309850112.0
"Load.BT_UC3644179_M2"  ,   1, -236691807415246684160.0, -154637797479248822272.0
"Load.BT_UC9123564_M1"  ,   1, -18258635424790460416.0, -11928909572726134784.0
"Load.BT_UC9123564_M2"  ,   1, -8114949077684647936.0, -5301737587878283264.0
"Load.BT_UC4590946_M1"  ,   1, -302048099532011536384.0, -197337006948516790272.0
"Load.BT_UC4590946_M2"  ,   1, -134243599792005120000.0, -87705336421563006976.0
"Load.BT_U62603338_M1"  ,   1, -238442871599.4, -155781819841.2
"Load.BT_U62603338_M2"  ,   1, -105974609599.7, -69236364373.9
"Load.BT_UC6056389_M1"  ,   1, -53747690151743897600.0, -35114964546326974464.0
"Load.BT_UC6056389_M2"  ,   1, -23887862289663959040.0, -15606650909478658048.0
"Load.BT_UC6252928_M1"  ,   1, -350914252002657173504.0, -229262717736945221632.0
"Load.BT_UC6252928_M2"  ,   1, -155961889778958761984.0, -101894541216420118528.0
"Load.BT_UC2015764_4_M1",   1, -35787165191063896064.0, -23380819402552270848.0
"Load.BT_UC2015764_4_M2",   1, -15905406751583954944.0, -10391475290023231488.0
"Load.BT_UC1189362_M1"  ,   1, -14765139132024422400.0, -9646504541610106880.0
"Load.BT_UC1189362_M2"  ,   1, -6562284058677521408.0, -4287335351826713088.0
"Load.BT_UC0469951_M1"  ,   1, -16628052328424194048.0, -10863601136975724544.0
"Load.BT_UC0469951_M2"  ,   1, -7390245479299641344.0, -4828267171989210112.0
"Load.BT_UC5897086_M1"  ,   1, -201827165610264133632.0, -131859690043906768896.0
"Load.BT_UC5897086_M2"  ,   1, -89700962493450731520.0, -58604306686180794368.0
"Load.BT_VC0799541_M1"  ,   1, -13382919036370558976.0, -8743459044666807296.0
"Load.BT_VC0799541_M2"  ,   1, -5947964016164692992.0, -3885981797629692928.0
"Load.BT_UC5581850_6_M1",   1, -11413632359199125504.0, -7456865484853853184.0
"Load.BT_UC5581850_6_M2",   1, -5072725492977389568.0, -3314162437712824320.0
"Load.BT_UC3888819_M1"  ,   1, -82027944819641008128.0, -53591296028357984256.0
"Load.BT_UC3888819_M2"  ,   1, -36456864364284895232.0, -23818353790381326336.0
"Load.BT_VC0469920_M1"  ,   1, -305296014426350616576.0, -199458966349018988544.0
"Load.BT_VC0469920_M2"  ,   1, -135687117522822496256.0, -88648429488452878336.0
"Load.BT_U10428784_M1"  ,   1, -770239582751023169536.0, -503220427936381861888.0
"Load.BT_U10428784_M2"  ,   1, -342328703444899201024.0, -223653523527280852992.0
"Load.BT_UC1076534_M1"  ,   1, -10518210425093541888.0, -6871859704760605696.0
"Load.BT_UC1076534_M2"  ,   1, -4674760188930462720.0, -3054159868782491648.0
"Load.BT_U10130785_M1"  ,   1, -3342349311018126336.0, -2183656215155127808.0
"Load.BT_U10130785_M2"  ,   1, -1485488582674722816.0, -970513873402279296.0
"Load.BT_U56854030_M1"  ,   1, -601302795917473349632.0, -392849000541081501696.0
"Load.BT_U56854030_M2"  ,   1, -267245687074432548864.0, -174599555796036190208.0
"Load.BT_U10075965_M1"  ,   1, -88922249833784164352.0, -58095550545036500992.0
"Load.BT_U10075965_M2"  ,   1, -39520999926126297088.0, -25820244686682894336.0
"Load.BT_UC4441736_M1"  ,   1, -51176505867215519744.0, -33435133376331935744.0
"Load.BT_UC4441736_M2"  ,   1, -22745113718762450944.0, -14860059278369753088.0
"Load.BT_VC3895456_5_M1",   1, -4540285129338108954804224.0, -2966303311874548786266112.0
"Load.BT_VC3895456_5_M2",   1, -2017904501928061965434880.0, -1318357027499810257633280.0
"Load.BT_UC5214104_M1"  ,   1, -260164083764591296512.0, -169972933741986021376.0
"Load.BT_UC5214104_M2"  ,   1, -115628481673151709184.0, -75543526107549351936.0
"Load.BT_UC5950763_M1"  ,   1, -310587231120650076160.0, -202915875587568533504.0
"Load.BT_UC5950763_M2"  ,   1, -138038769386955587584.0, -90184833594474921984.0
"Load.BT_U10453697_52_M1",   1, -29306126381383589888.0, -19146563988785590272.0
"Load.BT_U10453697_52_M2",   1, -13024945058392709120.0, -8509583995015817216.0
"Load.BT_CL3411072_M1"  ,   1, -239372983610947403776.0, -156389489632176373760.0
"Load.BT_CL3411072_M2"  ,   1, -106387992715976589312.0, -69506439836522823680.0
"Load.BT_UC4239906_M1"  ,   1, -366497841825371586560.0, -239443940455861780480.0
"Load.BT_UC4239906_M2"  ,   1, -162887929700165124096.0, -106419529091494117376.0
"Load.BT_UC5792649_M1"  ,   1, -280765317254677364736.0, -183432332294153371648.0
"Load.BT_UC5792649_M2"  ,   1, -124784585446523256832.0, -81525481019623718912.0
"Load.BT_U10453697_53_M1",   1, -46882636707709992960.0, -30629820946154618880.0
"Load.BT_U10453697_53_M2",   1, -20836727425648893952.0, -13613253753846499328.0
"Load.BT_VC0469553_M1"  ,   1, -7146540662615181312.0, -4669047568141903872.0
"Load.BT_VC0469553_M2"  ,   1, -3176240294495635456.0, -2075132252507512832.0
"Load.BT_U57403674_M1"  ,   1, -2426988927133246464.0, -1585624050165491456.0
"Load.BT_U57403674_M2"  ,   1, -1078661745392554112.0, -704721800073551744.0
"Load.BT_UC1664284_M1"  ,   1, -31581734885073584128.0, -20633286708224827392.0
"Load.BT_UC1664284_M2"  ,   1, -14036326615588259840.0, -9170349648099921920.0
"Load.BT_VC0932284_M1"  ,   1, -50696154607060779008.0, -33121305613174558720.0
"Load.BT_VC0932284_M2"  ,   1, -22531624269804793856.0, -14720580272522029056.0
"Load.BT_UC2220916_M1"  ,   1, -1694227530501458176.0, -1106889236463543168.0
"Load.BT_UC2220916_M2"  ,   1, -752990013556203648.0, -491950771761574720.0
"Load.BT_UC3691279_2_M1",   1, -7139266073954581504.0, -4664294864167960576.0
"Load.BT_UC3691279_2_M2",   1, -3173007143979813376.0, -2073019939630204672.0
"Load.BT_UC6234572_M1"  ,   1, -1527414149289.9, -997905092263.6
"Load.BT_UC6234572_M2"  ,   1, -678850733017.7, -443513374339.4
"Load.BT_U61997956_M1"  ,   1, -110286172891248099328.0, -72053236885012332544.0
"Load.BT_U61997956_M2"  ,   1, -49016076840554717184.0, -32023660837783261184.0
"Load.BT_UC3968299_M1"  ,   1, -20188212161050083328.0, -13189559445365377024.0
"Load.BT_UC3968299_M2"  ,   1, -8972538738244482048.0, -5862026420162390016.0
"Load.BT_U10040352_M1"  ,   1, -170570355222732341248.0, -111438686188457803776.0
"Load.BT_U10040352_M2"  ,   1, -75809046765658832896.0, -49528304972647915520.0
"Load.BT_UC6592852_3_M1",   1, -11972590192977080320.0, -7822049263336028160.0
"Load.BT_UC6592852_3_M2",   1, -5321151196878701568.0, -3476466339260456448.0
"Load.BT_U10428815_M1"  ,   1, -167641760375428120576.0, -109525348065222492160.0
"Load.BT_U10428815_M2"  ,   1, -74507449055745835008.0, -48677932473432203264.0
"Load.BT_VC2284693_3_M1",   1, -2216279052219859200.0, -1447961022777073920.0
"Load.BT_VC2284693_3_M2",   1, -985012912097715456.0, -643538232345366144.0
"Load.BT_U10129937_M1"  ,   1, -44289718061394026496.0, -28935790077738975232.0
"Load.BT_U10129937_M2"  ,   1, -19684319138397343744.0, -12860351145661767680.0
"Load.BT_UC6433123_M1"  ,   1, -124269888287465553920.0, -81189214062871822336.0
"Load.BT_UC6433123_M2"  ,   1, -55231061461095792640.0, -36084095139054141440.0
"Load.BT_UC4827459_M1"  ,   1, -133121864951030431744.0, -86972473699721805824.0
"Load.BT_UC4827459_M2"  ,   1, -59165273311569068032.0, -38654432755431915520.0
"Load.BT_UC2141995_M1"  ,   1, -934305843085958578176.0, -610409795446752411648.0
"Load.BT_UC2141995_M2"  ,   1, -415247041371537211392.0, -271293242420778827776.0
"Load.BT_UC4032348_M1"  ,   1, -279647282507850432.0, -182701886941571968.0
"Load.BT_UC4032348_M2"  ,   1, -124287681114600192.0, -81200838640698656.0
"Load.BT_UC6485048_M1"  ,   1, -962978316708289445888.0, -629142375238593544192.0
"Load.BT_UC6485048_M2"  ,   1, -427990362981461983232.0, -279618833439374934016.0
"Load.BT_VC0774105_6_M1",   1, -11481934108322195456.0, -7501489051443335168.0
"Load.BT_VC0774105_6_M2",   1, -5103081825920976896.0, -3333995133974816256.0
"Load.BT_CL2964657_6_M1",   1, -496654077458700763136.0, -324478880302180728832.0
"Load.BT_CL2964657_6_M2",   1, -220735145537200324608.0, -144212835689858088960.0
"Load.BT_U10449951_M1"  ,   1, -227828317890695135232.0, -148847016175985524736.0
"Load.BT_U10449951_M2"  ,   1, -101257030173642293248.0, -66154229411549118464.0
"Load.BT_UC0883043_2_M1",   1, -85129855035489632256.0, -55617866230040510464.0
"Load.BT_UC0883043_2_M2",   1, -37835491126884270080.0, -24719051657795780608.0
"Load.BT_CL9342520_M1"  ,   1, -91144079977101688832.0, -59547138259572342784.0
"Load.BT_CL9342520_M2"  ,   1, -40508479989822971904.0, -26465394782032146432.0
"Load.BT_UC3394430_M1"  ,   1, -169888943448303239168.0, -110993499613021732864.0
"Load.BT_UC3394430_M2"  ,   1, -75506197088134774784.0, -49330444272454107136.0
"Load.BT_UC6770171_M1"  ,   1, -42529944497364434944.0, -27786077667246530560.0
"Load.BT_UC6770171_M2"  ,   1, -18902197554384199680.0, -12349367852109572096.0
"Load.BT_UC6433121_M1"  ,   1, -368542283789776060416.0, -240779635213337755648.0
"Load.BT_UC6433121_M2"  ,   1, -163796570573233848320.0, -107013171205927895040.0
"Load.BT_UC5205463_2_M1",   1, -20991388838019342336.0, -13714298656274497536.0
"Load.BT_UC5205463_2_M2",   1, -9329506150230818816.0, -6095243847233108992.0
"Load.BT_UC9633799_M1"  ,   1, -14987704523557462016.0, -9791913130608017408.0
"Load.BT_UC9633799_M2"  ,   1, -6661202010469984256.0, -4351961391381340160.0
"Load.BT_UC3818966_M1"  ,   1, -146596366777183977472.0, -95775766489654788096.0
"Load.BT_UC3818966_M2"  ,   1, -65153940789859549184.0, -42567007328735461376.0
"Load.BT_UC7014954_M1"  ,   1, -317905016370151882752.0, -207696802336494813184.0
"Load.BT_UC7014954_M2"  ,   1, -141291118386734186496.0, -92309689927331037184.0
"Load.BT_U38885093_M1"  ,   1, -7960574856416420864.0, -5200880317612685312.0
"Load.BT_U38885093_M2"  ,   1, -3538033269518409216.0, -2311502363383415808.0
"Load.BT_VC3898103_9_M1",   1, -107000414099055165440.0, -69906552941004587008.0
"Load.BT_VC3898103_9_M2",   1, -47555739599580069888.0, -31069579084890935296.0
"Load.BT_UC3502881_M1"  ,   1, -13467342272444739584.0, -8798615256336146432.0
"Load.BT_UC3502881_M2"  ,   1, -5985485454419885056.0, -3910495669482732032.0
"Load.BT_CL6081030_M1"  ,   1, -288044843218451202048.0, -188188263113541025792.0
"Load.BT_CL6081030_M2"  ,   1, -128019930319311634432.0, -83639228050462687232.0
"Load.BT_UC0469959_M1"  ,   1, -125796680916419526656.0, -82186713092043063296.0
"Load.BT_UC0469959_M2"  ,   1, -55909635962853130240.0, -36527428040908034048.0
"Load.BT_UC7100024_M1"  ,   1, -3465823749871.4, -2264325736433.6
"Load.BT_UC7100024_M2"  ,   1, -1540366111054.0, -1006366993970.5
"Load.BT_UI3062389_2_M1",   1, -70724086833015930880.0, -46206149406127210496.0
"Load.BT_UI3062389_2_M2",   1, -31432927481340407808.0, -20536066402723213312.0
"Load.BT_U10428819_M1"  ,   1, -62826943874785050624.0, -41046711036378570752.0
"Load.BT_U10428819_M2"  ,   1, -27923086166571134976.0, -18242982682834919424.0
"Load.BT_UC4209155_2_M1",   1, -167442544145164894208.0, -109395194171908620288.0
"Load.BT_UC4209155_2_M2",   1, -74418908508962160640.0, -48620086298626039808.0
"Load.BT_UC5581850_7_M1",   1, -3898098483333.0, -2546743676521.1
"Load.BT_UC5581850_7_M2",   1, -1732488214814.7, -1131886078453.8
"Load.BT_CL6142613_M1"  ,   1, -304685930210305114112.0, -199060380185754075136.0
"Load.BT_CL6142613_M2"  ,   1, -135415968982357835776.0, -88471280082557370368.0
"Load.BT_UC5169941_M1"  ,   1, -12140384868082290688.0, -7931674517048528896.0
"Load.BT_UC5169941_M2"  ,   1, -5395726608036574208.0, -3525188674243790848.0
"Load.BT_UC5581850_8_M1",   1, -45590990431518179328.0, -29785950017488121856.0
"Load.BT_UC5581850_8_M2",   1, -20262662414008078336.0, -13238200007772499968.0
"Load.BT_UC6127180_M1"  ,   1, -25561330504550711296.0, -16699977466394724352.0
"Load.BT_UC6127180_M2"  ,   1, -11360591335355871232.0, -7422212207286543360.0
"Load.BT_CL7142085_M1"  ,   1, -151040228396606029824.0, -98679073455099592704.0
"Load.BT_CL7142085_M2"  ,   1, -67128990398491566080.0, -43857365980044263424.0
"Load.BT_U61973615_M1"  ,   1, -5448208051313865728.0, -3559476360912506368.0
"Load.BT_U61973615_M2"  ,   1, -2421425800583940608.0, -1581989493738892288.0
"Load.BT_CL3018855_M1"  ,   1, -102742156384006750208.0, -67124506526271930368.0
"Load.BT_CL3018855_M2"  ,   1, -45663180615114104832.0, -29833114011676409856.0
"Load.BT_U10428800_M1"  ,   1, -814854160012273516544.0, -532368458186081304576.0
"Load.BT_U10428800_M2"  ,   1, -362157404449899282432.0, -236608203638258335744.0
"Load.BT_UC5882941_M1"  ,   1, -15942782470084487168.0, -10415893958961743872.0
"Load.BT_UC5882941_M2"  ,   1, -7085681097815327744.0, -4629286203982997504.0
"Load.BT_U10428792_M1"  ,   1, -111200223159753719808.0, -72650413115888001024.0
"Load.BT_U10428792_M2"  ,   1, -49422321404334981120.0, -32289072495950217216.0
"Load.BT_U10449961_M1"  ,   1, -942130002230261055488.0, -615521551321371639808.0
"Load.BT_U10449961_M2"  ,   1, -418724445435671478272.0, -273565133920609566720.0
"Load.BT_UC6416078_25_M1",   1, -1311065302530.4, -856557955958.1
"Load.BT_UC6416078_25_M2",   1, -582695690013.5, -380692424870.2
"Load.BT_UC4622885_2_M1",   1, -96115623150194769920.0, -62795195278076526592.0
"Load.BT_UC4622885_2_M2",   1, -42718054733419896832.0, -27908975679145123840.0
"Load.BT_CL3366513_M1"  ,   1, -284575615575918673920.0, -185921713514005266432.0
"Load.BT_CL3366513_M2"  ,   1, -126478051367074988032.0, -82631872672891224064.0
"Load.BT_UC5353532_M1"  ,   1, -12737858150048761856.0, -8322021581295455232.0
"Load.BT_UC5353532_M2"  ,   1, -5661270288910561280.0, -3698676258353536000.0
"Load.BT_UC5027071_M1"  ,   1, -194164054007353147392.0, -126853151333170872320.0
"Load.BT_UC5027071_M2"  ,   1, -86295135114379182080.0, -56379178370298150912.0
"Load.BT_U48824132_M1"  ,   1, -2146965914815858944.0, -1402676686841148160.0
"Load.BT_U48824132_M2"  ,   1, -954207073251492992.0, -623411860818288000.0
"Load.BT_UC6515529_M1"  ,   1, -95235700372600913920.0, -62220315561080971264.0
"Load.BT_UC6515529_M2"  ,   1, -42326977943378173952.0, -27653473582702657536.0
"Load.BT_UC8079425_M1"  ,   1, -182159686295957405696.0, -119010340856766382080.0
"Load.BT_UC8079425_M2"  ,   1, -80959860575981076480.0, -52893484825229516800.0
"Load.BT_UC0998213_M1"  ,   1, -4029159382128758784.0, -2632369660638669824.0
"Load.BT_UC0998213_M2"  ,   1, -1790737503168337408.0, -1169942071394964224.0
"Load.BT_UC7775543_M1"  ,   1, -31948283300361916416.0, -20872763686866919424.0
"Load.BT_UC7775543_M2"  ,   1, -14199237022383075328.0, -9276783860829743104.0
"Load.BT_UC6915024_M1"  ,   1, -297150166504.6, -194137041686.8
"Load.BT_UC6915024_M2"  ,   1, -132066740668.7, -86283129638.6
"Load.BT_IPIP1159950_M1",   1, -18017447176167589888.0, -11771334117524987904.0
"Load.BT_IPIP1159950_M2",   1, -8007754300518929408.0, -5231704052233327616.0
"Load.BT_IPIP1159954_M1",   1, -20607452073104068608.0, -13463461348887015424.0
"Load.BT_IPIP1159954_M2",   1, -9158867588046253056.0, -5983760599505339392.0
"Load.BT_IPIP1160170_M1",   1, -39328807350027968512.0, -25694679561795473408.0
"Load.BT_IPIP1160170_M2",   1, -17479469933345759232.0, -11419857583020208128.0
"Load.BT_IPIP1160521_M1",   1, -21227144237602533376.0, -13868324670684712960.0
"Load.BT_IPIP1160521_M2",   1, -9434286327823349760.0, -6163699853637651456.0
"Load.BT_IPIP1160540_M1",   1, -20604806920949633024.0, -13461733192191059968.0
"Load.BT_IPIP1160540_M2",   1, -9157691964866503680.0, -5982992529862692864.0
"Load.BT_IPIP1160556_M1",   1, -25014007623776202752.0, -16342395150355306496.0
"Load.BT_IPIP1160556_M2",   1, -11117336721678311424.0, -7263286733491247104.0
"Load.BT_IPIP1160647_M1",   1, -24431452087548624896.0, -15961794291992449024.0
"Load.BT_IPIP1160647_M2",   1, -10858423150021609472.0, -7094130796441088000.0
"Load.BT_IPIP677176_M1" ,   1, -25728870141981413376.0, -16809436090617655296.0
"Load.BT_IPIP677176_M2" ,   1, -11435053396436183040.0, -7470860484718958592.0
"Load.BT_IPIP677180_M1" ,   1, -20690193130133856256.0, -13517518538770233344.0
"Load.BT_IPIP677180_M2" ,   1, -9195641391170605056.0, -6007786017231214592.0
"Load.BT_IPIP677183_M1" ,   1, -20536584732436164608.0, -13417161603940792320.0
"Load.BT_IPIP677183_M2" ,   1, -9127370992193850368.0, -5963182935084795904.0
"Load.BT_IPIP677284_M1" ,   1, -20756791857453301760.0, -13561029468033935360.0
"Load.BT_IPIP677284_M2" ,   1, -9225240825534797824.0, -6027124208015081472.0
"Load.BT_IPIP677285_M1" ,   1, -20619329046733545472.0, -13471220925358899200.0
"Load.BT_IPIP677285_M2" ,   1, -9164146242992685056.0, -5987209300159509504.0
"Load.BT_IPIP677286_M1" ,   1, -20442813330915360768.0, -13355897958269274112.0
"Load.BT_IPIP677286_M2" ,   1, -9085694813740157952.0, -5935954648119677952.0
"Load.BT_IPIP677287_M1" ,   1, -20229478313539461120.0, -13216519846370691072.0
"Load.BT_IPIP677287_M2" ,   1, -8990879250461979648.0, -5874008820609193984.0
"Load.BT_IPIP677288_M1" ,   1, -21181493755003318272.0, -13838499849165320192.0
"Load.BT_IPIP677288_M2" ,   1, -9413997224445919232.0, -6150444377406807040.0
"Load.BT_IPIP677289_M1" ,   1, -20272673241608830976.0, -13244740377578405888.0
"Load.BT_IPIP677289_M2" ,   1, -9010076996270589952.0, -5886551278923737088.0
"Load.BT_IPIP677290_M1" ,   1, -19976767851363315712.0, -13051416585314074624.0
"Load.BT_IPIP677290_M2" ,   1, -8878563489494807552.0, -5800629593472922624.0
"Load.BT_IPIP677291_M1" ,   1, -21827552729626976256.0, -14260589392390987776.0
"Load.BT_IPIP677291_M2" ,   1, -9701134546500878336.0, -6338039729951551488.0
"Load.BT_IPIP677293_M1" ,   1, -22785665938085715968.0, -14886553247638487040.0
"Load.BT_IPIP677293_M2" ,   1, -10126962639149207552.0, -6616245887839328256.0
"Load.BT_IPIP677296_M1" ,   1, -23436605273263226880.0, -15311831275529619456.0
"Load.BT_IPIP677296_M2" ,   1, -10416269010339211264.0, -6805258344679830528.0
"Load.BT_IPIP677300_M1" ,   1, -24091768320309460992.0, -15739868779838875648.0
"Load.BT_IPIP677300_M2" ,   1, -10707452586804205568.0, -6995497235483944960.0
"Load.BT_IPIP677307_M1" ,   1, -24548072644009443328.0, -16037985965894420480.0
"Load.BT_IPIP677307_M2" ,   1, -10910254508448645120.0, -7127993762619742208.0
"Load.BT_IPIP677309_M1" ,   1, -22872935451156951040.0, -14943569015892385792.0
"Load.BT_IPIP677309_M2" ,   1, -10165749089403090944.0, -6641586229285506048.0
"Load.BT_IPIP677310_M1" ,   1, -22610206791395090432.0, -14771920568332111872.0
"Load.BT_IPIP677310_M2" ,   1, -10048980796175593472.0, -6565298030369825792.0
"Load.BT_IPIP677311_M1" ,   1, -20447598145717059584.0, -13359024023662409728.0
"Load.BT_IPIP677311_M2" ,   1, -9087821398096468992.0, -5937344010516626432.0
"Load.BT_IPIP677312_M1" ,   1, -20193696750272102400.0, -13193142690461566976.0
"Load.BT_IPIP677312_M2" ,   1, -8974976333454267392.0, -5863618973538473984.0
"Load.BT_IPIP677313_M1" ,   1, -20131875345917632512.0, -13152752928299366400.0
"Load.BT_IPIP677313_M2" ,   1, -8947500153741170688.0, -5845667968133051392.0
"Load.BT_IPIP677314_M1" ,   1, -21694204827717349376.0, -14173469241861642240.0
"Load.BT_IPIP677314_M2" ,   1, -9641868812318822400.0, -6299319663049618432.0
"Load.BT_IPIP677315_M1" ,   1, -20433588817677709312.0, -13349871309290964992.0
"Load.BT_IPIP677315_M2" ,   1, -9081595030078980096.0, -5933276137462649856.0
"Load.BT_IPIP677316_M1" ,   1, -19142734398410735616.0, -12506517724620613632.0
"Load.BT_IPIP677316_M2" ,   1, -8507881954849214464.0, -5558452322053604352.0
"Load.BT_IPIP677318_M1" ,   1, -18014344102112471040.0, -11769306783488632832.0
"Load.BT_IPIP677318_M2" ,   1, -8006375156494428160.0, -5230803014883834880.0
"Load.BT_IPIP677319_M1" ,   1, -18112484670373363712.0, -11833424935587364864.0
"Load.BT_IPIP677319_M2" ,   1, -8049993186832603136.0, -5259299971372160000.0
"Load.BT_IPIP677322_M1" ,   1, -23911973715867566080.0, -15622403617284194304.0
"Load.BT_IPIP677322_M2" ,   1, -10627543873718919168.0, -6943290496570753024.0
"Load.BT_IPIP677324_M1" ,   1, -23902725285498949632.0, -15616361342661945344.0
"Load.BT_IPIP677324_M2" ,   1, -10623433460221753344.0, -6940605041183086592.0
"Load.BT_IPIP677327_M1" ,   1, -24496726629294190592.0, -16004440087416729600.0
"Load.BT_IPIP677327_M2" ,   1, -10887434057464084480.0, -7113084483296324608.0
"Load.BT_IPIP677330_M1" ,   1, -24212651827495034880.0, -15818845570331629568.0
"Load.BT_IPIP677330_M2" ,   1, -10761178589997795328.0, -7030598031258503168.0
"Load.BT_IPIP677331_M1" ,   1, -22854752200077402112.0, -14931689357221531648.0
"Load.BT_IPIP677331_M2" ,   1, -10157667644478844928.0, -6636306380987345920.0
"Load.BT_IPIP677332_M1" ,   1, -22362713958707408896.0, -14610226139929546752.0
"Load.BT_IPIP677332_M2" ,   1, -9938983981647738880.0, -6493433839968688128.0
"Load.BT_IPIP677339_M1" ,   1, -23047527095259078656.0, -15057634929865121792.0
"Load.BT_IPIP677339_M2" ,   1, -10243345375670704128.0, -6692282191051166720.0
"Load.BT_IPIP677340_M1" ,   1, -26613421955436003328.0, -17387340098463680512.0
"Load.BT_IPIP677340_M2" ,   1, -11828187535749332992.0, -7727706710428303360.0
"Load.BT_IPIP677343_M1" ,   1, -27066532413666877440.0, -17683370637184016384.0
"Load.BT_IPIP677343_M2" ,   1, -12029569961629724672.0, -7859275838748452864.0
"Load.BT_IPIP677344_M1" ,   1, -28598362277492183040.0, -18684160646764011520.0
"Load.BT_IPIP677344_M2" ,   1, -12710383234440968192.0, -8304071398561785856.0
"Load.BT_IPIP677347_M1" ,   1, -24504597956518100992.0, -16009582663662682112.0
"Load.BT_IPIP677347_M2" ,   1, -10890932425119156224.0, -7115370072738971648.0
"Load.BT_IPIP677352_M1" ,   1, -20968933551735926784.0, -13699627946441017344.0
"Load.BT_IPIP677352_M2" ,   1, -9319526022993743872.0, -6088723531751563264.0
"Load.BT_IPIP677353_M1" ,   1, -20926346130805243904.0, -13671804317713602560.0
"Load.BT_IPIP677353_M2" ,   1, -9300598280357888000.0, -6076357474539380736.0
"Load.BT_IPIP677354_M1" ,   1, -21717428577240948736.0, -14188642008310745088.0
"Load.BT_IPIP677354_M2" ,   1, -9652190478773755904.0, -6306063114804776960.0
"Load.BT_IPIP677357_M1" ,   1, -21932823241735704576.0, -14329365748862347264.0
"Load.BT_IPIP677357_M2" ,   1, -9747921440771420160.0, -6368606999494376448.0
"Load.BT_IPIP677360_M1" ,   1, -22816531766536192000.0, -14906718811372867584.0
"Load.BT_IPIP677360_M2" ,   1, -10140680785127194624.0, -6625208360610161664.0
"Load.BT_IPIP677362_M1" ,   1, -22871988993120174080.0, -14942950666893680640.0
"Load.BT_IPIP677362_M2" ,   1, -10165328441386741760.0, -6641311407508301824.0
"Load.BT_IPIP677363_M1" ,   1, -22875514530017972224.0, -14945254005004120064.0
"Load.BT_IPIP677363_M2" ,   1, -10166895346674653184.0, -6642335113335164928.0
"Load.BT_IPIP677368_M1" ,   1, -24347513047396253696.0, -15906954420497868800.0
"Load.BT_IPIP677368_M2" ,   1, -10821116909953892352.0, -7069757520221276160.0
"Load.BT_IPIP677370_M1" ,   1, -24077799061387173888.0, -15730742247516555264.0
"Load.BT_IPIP677370_M2" ,   1, -10701244027283187712.0, -6991440998896247808.0
"Load.BT_IPIP677372_M1" ,   1, -24270492650699366400.0, -15856634700458946560.0
"Load.BT_IPIP677372_M2" ,   1, -10786885622533048320.0, -7047393200203976704.0
"Load.BT_IPIP677382_M1" ,   1, -23643716969408475136.0, -15447143506511611904.0
"Load.BT_IPIP677382_M2" ,   1, -10508318653070432256.0, -6865397114005160960.0
"Load.BT_IPIP677412_M1" ,   1, -20845017601288548352.0, -13618669970529871872.0
"Load.BT_IPIP677412_M2" ,   1, -9264452267239354368.0, -6052742209124387840.0
"Load.BT_IPIP677415_M1" ,   1, -19833929249995624448.0, -12958095878866589696.0
"Load.BT_IPIP677415_M2" ,   1, -8815079666664721408.0, -5759153723940704256.0
"Load.BT_IPIP677419_M1" ,   1, -20213562350552694784.0, -13206121474482743296.0
"Load.BT_IPIP677419_M2" ,   1, -8983805489134530560.0, -5869387321992331264.0
"Load.BT_IPIP677424_M1" ,   1, -21612048013844529152.0, -14119793752014465024.0
"Load.BT_IPIP677424_M2" ,   1, -9605354672819789824.0, -6275463889784207360.0
"Load.BT_IPIP677426_M1" ,   1, -14196403295411552256.0, -9274932501684060160.0
"Load.BT_IPIP677426_M2" ,   1, -6309512575738468352.0, -4122192222970693120.0
"Load.BT_IPIP677427_M1" ,   1, -23879122876867559424.0, -15600941187066374144.0
"Load.BT_IPIP677427_M2" ,   1, -10612943500830025728.0, -6933751638696168448.0
"Load.BT_IPIP677429_M1" ,   1, -22552777816146882560.0, -14734400510987954176.0
"Load.BT_IPIP677429_M2" ,   1, -10023456807176392704.0, -6548622449327980544.0
"Load.BT_IPIP677432_M1" ,   1, -23284036289053487104.0, -15212153420379213824.0
"Load.BT_IPIP677432_M2" ,   1, -10348460572912662528.0, -6760957075724093440.0
"Load.BT_IPIP677433_M1" ,   1, -3934030730236330.0, -2570219225146130.5
"Load.BT_IPIP677433_M2" ,   1, -1748458102327247.0, -1142319655620509.8
"Load.BT_IPIP677435_M1" ,   1, -3929124629772632.0, -2567013923851305.0
"Load.BT_IPIP677435_M2" ,   1, -1746277613232308.2, -1140895077267251.2
"Load.BT_IPIP677437_M1" ,   1, -24974104024895025152.0, -16316324937903601664.0
"Load.BT_IPIP677437_M2" ,   1, -11099601788842235904.0, -7251699972401603584.0
"Load.BT_IPIP677438_M1" ,   1, -23485179126139121664.0, -15343566018233939968.0
"Load.BT_IPIP677438_M2" ,   1, -10437857389395165184.0, -6819362674770640896.0
"Load.BT_IPIP677442_M1" ,   1, -22307057766425460736.0, -14573864294306758656.0
"Load.BT_IPIP677442_M2" ,   1, -9914247896189095936.0, -6477273019691892736.0
"Load.BT_IPIP677443_M1" ,   1, -21988201708610842624.0, -14365546148332984320.0
"Load.BT_IPIP677443_M2" ,   1, -9772534092715929600.0, -6384687177036882944.0
"Load.BT_IPIP677444_M1" ,   1, -21687786416517767168.0, -14169275903069575168.0
"Load.BT_IPIP677444_M2" ,   1, -9639016185119008768.0, -6297455956919812096.0
"Load.BT_IPIP677445_M1" ,   1, -21469089433436545024.0, -14026394659546105856.0
"Load.BT_IPIP677445_M2" ,   1, -9541817525971798016.0, -6233953182020490240.0
"Load.BT_IPIP677446_M1" ,   1, -21359115932692553728.0, -13954545700682811392.0
"Load.BT_IPIP677446_M2" ,   1, -9492940414530019328.0, -6202020311414582272.0
"Load.BT_IPIP677448_M1" ,   1, -21273858189304545280.0, -13898844281195194368.0
"Load.BT_IPIP677448_M2" ,   1, -9455048084135350272.0, -6177264124975642624.0
"Load.BT_IPIP677449_M1" ,   1, -21160549184046321664.0, -13824816138028302336.0
"Load.BT_IPIP677449_M2" ,   1, -9404688526242809856.0, -6144362728012579840.0
"Load.BT_IPIP677452_M1" ,   1, -24028796747908194304.0, -15698727578671810560.0
"Load.BT_IPIP677452_M2" ,   1, -10679465221292529664.0, -6977212257187472384.0
"Load.BT_IPIP677455_M1" ,   1, -22669998370451451904.0, -14810984185404422144.0
"Load.BT_IPIP677455_M2" ,   1, -10075554831311753216.0, -6582659637957520384.0
"Load.BT_IPIP677458_M1" ,   1, -23967381759521701888.0, -15658603340197001216.0
"Load.BT_IPIP677458_M2" ,   1, -10652169670898534400.0, -6959379262309779456.0
"Load.BT_IPIP677461_M1" ,   1, -18628722217181159424.0, -12170698279127416832.0
"Load.BT_IPIP677461_M2" ,   1, -8279432096524960768.0, -5409199235167740928.0
"Load.BT_IPIP677463_M1" ,   1, -24212651827495034880.0, -15818845570331629568.0
"Load.BT_IPIP677463_M2" ,   1, -10761178589997795328.0, -7030598031258503168.0
"Load.BT_IPIP677464_M1" ,   1, -18694592630065074176.0, -12213733378980628480.0
"Load.BT_IPIP677464_M2" ,   1, -8308707835584477184.0, -5428325946213611520.0
"Load.BT_IPIP677473_M1" ,   1, -24212651827495034880.0, -15818845570331629568.0
"Load.BT_IPIP677473_M2" ,   1, -10761178589997795328.0, -7030598031258503168.0
"Load.BT_IPIP677474_M1" ,   1, -20066175811693330432.0, -13109829465153456128.0
"Load.BT_IPIP677474_M2" ,   1, -8918300360752590848.0, -5826590873401536512.0
"Load.BT_IPIP677480_M1" ,   1, -24212651827495034880.0, -15818845570331629568.0
"Load.BT_IPIP677480_M2" ,   1, -10761178589997795328.0, -7030598031258503168.0
"Load.BT_IPIP677484_M1" ,   1, -21963001860285530112.0, -14349082338029842432.0
"Load.BT_IPIP677484_M2" ,   1, -9761334160126902272.0, -6377369928013263872.0
"Load.BT_IPIP677487_M1" ,   1, -20944056909183447040.0, -13683375296039378944.0
"Load.BT_IPIP677487_M2" ,   1, -9308469737414862848.0, -6081500131573057536.0
"Load.BT_IPIP677488_M1" ,   1, -20067057957593784320.0, -13110405797284206592.0
"Load.BT_IPIP677488_M2" ,   1, -8918692425597240320.0, -5826847021015202816.0
"Load.BT_IPIP677490_M1" ,   1, -19574900702277525504.0, -12788864824659253248.0
"Load.BT_IPIP677490_M2" ,   1, -8699955867678898176.0, -5683939922070778880.0
"Load.BT_IPIP677493_M1" ,   1, -19075224468755857408.0, -12462411479943047168.0
"Load.BT_IPIP677493_M2" ,   1, -8477877541669269504.0, -5538849546641353728.0
"Load.BT_IPIP677495_M1" ,   1, -18908666886357475328.0, -12353594457610248192.0
"Load.BT_IPIP677495_M2" ,   1, -8403851949492209664.0, -5490486425604553728.0
"Load.BT_IPIP677496_M1" ,   1, -18779742328504541184.0, -12269364209492955136.0
"Load.BT_IPIP677496_M2" ,   1, -8346552146002016256.0, -5453050759774645248.0
"Load.BT_IPIP677497_M1" ,   1, -18901282928647667712.0, -12348770298427099136.0
"Load.BT_IPIP677497_M2" ,   1, -8400570190510074880.0, -5488342354856488960.0
"Load.BT_IPIP677498_M1" ,   1, -18502952274468069376.0, -12088529034890309632.0
"Load.BT_IPIP677498_M2" ,   1, -8223534344208029696.0, -5372679571062359040.0
"Load.BT_IPIP677500_M1" ,   1, -18389368258130737152.0, -12014321218792183808.0
"Load.BT_IPIP677500_M2" ,   1, -8173052559169215488.0, -5339698319463193600.0
"Load.BT_IPIP677501_M1" ,   1, -17941686368501886976.0, -11721837325360408576.0
"Load.BT_IPIP677501_M2" ,   1, -7974082830445282304.0, -5209705477937958912.0
"Load.BT_IPIP677502_M1" ,   1, -17795882547982573568.0, -11626579352923678720.0
"Load.BT_IPIP677502_M2" ,   1, -7909281132436697088.0, -5167368601299412992.0
"Load.BT_IPIP677503_M1" ,   1, -17723743333659473920.0, -11579448658644740096.0
"Load.BT_IPIP677503_M2" ,   1, -7877219259404210176.0, -5146421626064329728.0
"Load.BT_IPIP677504_M1" ,   1, -18473879884805689344.0, -12069535178031243264.0
"Load.BT_IPIP677504_M2" ,   1, -8210613282135862272.0, -5364237856902775808.0
"Load.BT_IPIP677505_M1" ,   1, -18641032793767276544.0, -12178741144897017856.0
"Load.BT_IPIP677505_M2" ,   1, -8284903463896566784.0, -5412773842176451584.0
"Load.BT_IPIP677507_M1" ,   1, -17994771255249082368.0, -11756519263790596096.0
"Load.BT_IPIP677507_M2" ,   1, -7997676113444034560.0, -5225119672795821056.0
"Load.BT_IPIP677509_M1" ,   1, -17804244494664351744.0, -11632042464438110208.0
"Load.BT_IPIP677509_M2" ,   1, -7912997553184156672.0, -5169796650861381632.0
"Load.BT_IPIP677510_M1" ,   1, -24471328472780959744.0, -15987846716183334912.0
"Load.BT_IPIP677510_M2" ,   1, -10876145987902648320.0, -7105709651637036032.0
"Load.BT_IPIP677513_M1" ,   1, -18753803048689999872.0, -12252417306511751168.0
"Load.BT_IPIP677513_M2" ,   1, -8335023577195555840.0, -5445518802894109696.0
"Load.BT_IPIP677516_M1" ,   1, -16111052140730679296.0, -10525829537771870208.0
"Load.BT_IPIP677516_M2" ,   1, -7160467618102522880.0, -4678146461231941632.0
"Load.BT_IPIP677517_M1" ,   1, -14601732563848536064.0, -9539746168087179264.0
"Load.BT_IPIP677517_M2" ,   1, -6489658917266013184.0, -4239887185816523264.0
"Load.BT_IPIP677519_M1" ,   1, -13236070591615555584.0, -8647518584196395008.0
"Load.BT_IPIP677519_M2" ,   1, -5882698040718025728.0, -3843341592976175104.0
"Load.BT_IPIP677520_M1" ,   1, -13070996408443865088.0, -8539670710727458816.0
"Load.BT_IPIP677520_M2" ,   1, -5809331737086161920.0, -3795409204767760896.0
"Load.BT_IPIP677521_M1" ,   1, -13003923685319206912.0, -8495850105799596032.0
"Load.BT_IPIP677521_M2" ,   1, -5779521637919647744.0, -3775933380355375616.0
"Load.BT_IPIP677522_M1" ,   1, -12741013182010685440.0, -8324082854502265856.0
"Load.BT_IPIP677522_M2" ,   1, -5662672525338082304.0, -3699592379778785792.0
"Load.BT_IPIP677523_M1" ,   1, -12818434894203576320.0, -8374664761754124288.0
"Load.BT_IPIP677523_M2" ,   1, -5697082175201589248.0, -3722073227446277632.0
"Load.BT_IPIP677525_M1" ,   1, -14544676893903779840.0, -9502470001963468800.0
"Load.BT_IPIP677525_M2" ,   1, -6464300841735013376.0, -4223320000872653824.0
"Load.BT_IPIP677526_M1" ,   1, -14957960545516511232.0, -9772480503397416960.0
"Load.BT_IPIP677526_M2" ,   1, -6647982464674003968.0, -4343324668176629760.0
"Load.BT_IPIP677527_M1" ,   1, -14266647367895242752.0, -9320825043433920512.0
"Load.BT_IPIP677527_M2" ,   1, -6340732163508999168.0, -4142588908192854016.0
"Load.BT_IPIP677528_M1" ,   1, -14036319715366225920.0, -9170345137637864448.0
"Load.BT_IPIP677528_M2" ,   1, -6238364317940543488.0, -4075708950061272576.0
"Load.BT_IPIP677529_M1" ,   1, -14012062131635367936.0, -9154496936718806016.0
"Load.BT_IPIP677529_M2" ,   1, -6227583169615718400.0, -4068665305208358912.0
"Load.BT_IPIP677531_M1" ,   1, -13936056504489562112.0, -9104840199946522624.0
"Load.BT_IPIP677531_M2" ,   1, -6193802890884250624.0, -4046595644420677120.0
"Load.BT_IPIP677532_M1" ,   1, -13904512640178784256.0, -9084231655215898624.0
"Load.BT_IPIP677532_M2" ,   1, -6179783395635015680.0, -4037436291207067648.0
"Load.BT_IPIP679297_M1" ,   1, -12866233003668690944.0, -8405892688379337728.0
"Load.BT_IPIP679297_M2" ,   1, -5718325779408307200.0, -3735952305946373120.0
"Load.BT_IPIP679299_M1" ,   1, -12964495687473559552.0, -8470090622203396096.0
"Load.BT_IPIP679299_M2" ,   1, -5761998083321580544.0, -3764484720979287040.0
"Load.BT_IPIP679306_M1" ,   1, -12702432536857982976.0, -8298876971562128384.0
"Load.BT_IPIP679306_M2" ,   1, -5645525571936880640.0, -3688389765138722816.0
"Load.BT_IPIP679307_M1" ,   1, -12771583612554629120.0, -8344055426003449856.0
"Load.BT_IPIP679307_M2" ,   1, -5676259383357613056.0, -3708469078223755264.0
"Load.BT_IPIP679380_M1" ,   1, -10875593588472471552.0, -7105348752668499968.0
"Load.BT_IPIP679380_M2" ,   1, -4833597150432208896.0, -3157932778963777536.0
"Load.BT_IPIP679383_M1" ,   1, -10854058966705661952.0, -7091279543796269056.0
"Load.BT_IPIP679383_M2" ,   1, -4824026207424738304.0, -3151679797242786304.0
"Load.BT_IPIP679393_M1" ,   1, -10481496634768300032.0, -6847873491555783680.0
"Load.BT_IPIP679393_M2" ,   1, -4658442948785911808.0, -3043499329580348416.0
"Load.BT_IPIP679444_M1" ,   1, -7647012031882053632.0, -4996020397322278912.0
"Load.BT_IPIP679444_M2" ,   1, -3398672014169800704.0, -2220453509921012992.0
"Load.BT_IPIP679451_M1" ,   1, -13312158997792587776.0, -8697229402696204288.0
"Load.BT_IPIP679451_M2" ,   1, -5916515110130039808.0, -3865435290087201280.0
"Load.BT_IPIP679452_M1" ,   1, -13402795727164796928.0, -8756445073715234816.0
"Load.BT_IPIP679452_M2" ,   1, -5956798100962132992.0, -3891753366095661056.0
"Load.BT_IPIP679475_M1" ,   1, -6695182732489110528.0, -4374162006828629504.0
"Load.BT_IPIP679475_M2" ,   1, -2975636769995160064.0, -1944072003034946816.0
"Load.BT_IPIP679533_M1" ,   1, -37091335136273719296.0, -24232872412669755392.0
"Load.BT_IPIP679533_M2" ,   1, -16485037838275155968.0, -10770165516717299712.0
"Load.BT_IPIP681601_M1" ,   1, -2293475978538928896.0, -1498396068947154688.0
"Load.BT_IPIP681601_M2" ,   1, -1019322657128412928.0, -665953808420957568.0
"Load.BT_IPIP681612_M1" ,   1, -20324539168586207232.0, -13278625930293426176.0
"Load.BT_IPIP681612_M2" ,   1, -9033128519371649024.0, -5901611524574856192.0
"Load.BT_IPIP681659_M1" ,   1, -24740229780346867712.0, -16163527938012225536.0
"Load.BT_IPIP681659_M2" ,   1, -10995657680154163200.0, -7183790194672099328.0
"Load.BT_IPIP681675_M1" ,   1, -24859403246552260608.0, -16241387512400461824.0
"Load.BT_IPIP681675_M2" ,   1, -11048623665134338048.0, -7218394449955760128.0
"Load.BT_IPIP681722_M1" ,   1, -12660070089416828474359808.0, -8271200324433489896144896.0
"Load.BT_IPIP681722_M2" ,   1, -5626697817518562992979968.0, -3676089033081562756808704.0
"Load.BT_IPIP681758_M1" ,   1, -27403788834039484416.0, -17903710287230982144.0
"Load.BT_IPIP681758_M2" ,   1, -12179461704017549312.0, -7957204572102658048.0
"Load.BT_IPIP681789_M1" ,   1, -2472666645608313856.0, -1615466661216908288.0
"Load.BT_IPIP681789_M2" ,   1, -1098962953603694976.0, -717985182763070336.0
"Load.BT_IPIP681947_M1" ,   1, -25026380994112147456.0, -16350479041205641216.0
"Load.BT_IPIP681947_M2" ,   1, -11122835997383176192.0, -7266879573869174784.0
"Load.BT_IPIP681948_M1" ,   1, -2707081170876101120.0, -1768616642507758080.0
"Load.BT_IPIP681948_M2" ,   1, -1203147187056044800.0, -786051841114559104.0
"Load.BT_IPIP681966_M1" ,   1, -20813218020206583808.0, -13597894358456791040.0
"Load.BT_IPIP681966_M2" ,   1, -9250319120091813888.0, -6043508603758574592.0
"Load.BT_IPIP682013_M1" ,   1, -22907756908064194560.0, -14966318909388531712.0
"Load.BT_IPIP682013_M2" ,   1, -10181225292472973312.0, -6651697293061567488.0
"Load.BT_IPIP682037_M1" ,   1, -22536957367347961856.0, -14724064541053415424.0
"Load.BT_IPIP682037_M2" ,   1, -10016425496599093248.0, -6544028684912629760.0
"Load.BT_IPIP682076_M1" ,   1, -22769234393065328640.0, -14875818030262726656.0
"Load.BT_IPIP682076_M2" ,   1, -10119659730251251712.0, -6611474680116767744.0
"Load.BT_IPIP682082_M1" ,   1, -24554905059985690624.0, -16042449786371686400.0
"Load.BT_IPIP682082_M2" ,   1, -10913291137771421696.0, -7129977682831859712.0
"Load.BT_IPIP682085_M1" ,   1, -20500755473059442688.0, -13393753286617102336.0
"Load.BT_IPIP682085_M2" ,   1, -9111446876915308544.0, -5952779238496490496.0
"Load.BT_IPIP682114_M1" ,   1, -3188762438667309056.0, -2083313340875133696.0
"Load.BT_IPIP682114_M2" ,   1, -1417227750518803968.0, -925917040388948096.0
"Load.BT_IPIP682126_M1" ,   1, -20291039961016434688.0, -13256739905230811136.0
"Load.BT_IPIP682126_M2" ,   1, -9018239982673971200.0, -5891884402324803584.0
"Load.BT_IPIP682224_M1" ,   1, -2222624181932368896.0, -1452106482961759488.0
"Load.BT_IPIP682224_M2" ,   1, -987832969747719424.0, -645380659094115072.0
"Load.BT_IPIP682237_M1" ,   1, -20654544418170589184.0, -13494228174906277888.0
"Load.BT_IPIP682237_M2" ,   1, -9179797519186927616.0, -5997434744402789376.0
"Load.BT_IPIP682295_M1" ,   1, -23833128751134453760.0, -15570891856819451904.0
"Load.BT_IPIP682295_M2" ,   1, -10592501667170869248.0, -6920396380808645632.0
"Load.BT_IPIP682312_M1" ,   1, -2200029049309904896.0, -1437344410798139136.0
"Load.BT_IPIP682312_M2" ,   1, -977790688582180096.0, -638819738132506240.0
"Load.BT_IPIP682351_M1" ,   1, -25869402190361260032.0, -16901249857309546496.0
"Load.BT_IPIP682351_M2" ,   1, -11497512084605001728.0, -7511666603248688128.0
"Load.BT_IPIP682364_M1" ,   1, -23559043636442902528.0, -15391823899631370240.0
"Load.BT_IPIP682364_M2" ,   1, -10470686060641286144.0, -6840810622058387456.0
"Load.BT_IPIP682385_M1" ,   1, -20654544418170589184.0, -13494228174906277888.0
"Load.BT_IPIP682385_M2" ,   1, -9179797519186927616.0, -5997434744402789376.0
"Load.BT_IPIP682398_M1" ,   1, -21872239808329445376.0, -14289784789799809024.0
"Load.BT_IPIP682398_M2" ,   1, -9720995470368638976.0, -6351015462133249024.0
"Load.BT_IPIP682415_M1" ,   1, -24218487156112027648.0, -15822657964110254080.0
"Load.BT_IPIP682415_M2" ,   1, -10763772069383122944.0, -7032292428493445120.0
"Load.BT_IPIP682427_M1" ,   1, -25097482027839213568.0, -16396931456817035264.0
"Load.BT_IPIP682427_M2" ,   1, -11154436456817430528.0, -7287525091918683136.0
"Load.BT_IPIP682447_M1" ,   1, -11568680431203246080.0, -7558163000785620992.0
"Load.BT_IPIP682447_M2" ,   1, -5141635747201442816.0, -3359183555904721408.0
"Load.BT_IPIP682555_M1" ,   1, -25398050418551697408.0, -16593301725861810176.0
"Load.BT_IPIP682555_M2" ,   1, -11288022408245196800.0, -7374800767049694208.0
"Load.BT_IPIP682556_M1" ,   1, -28881595003051536384.0, -18869205010216538112.0
"Load.BT_IPIP682556_M2" ,   1, -12836264445800683520.0, -8386313337874017280.0
"Load.BT_IPIP682558_M1" ,   1, -2159533049384938496.0, -1410887169619743232.0
"Load.BT_IPIP682558_M2" ,   1, -959792466393305856.0, -627060964275441408.0
"Load.BT_IPIP682591_M1" ,   1, -26487591047667941376.0, -17305131023877314560.0
"Load.BT_IPIP682591_M2" ,   1, -11772262687852421120.0, -7691169343945473024.0
"Load.BT_IPIP682660_M1" ,   1, -24969264618989379584.0, -16313163210114414592.0
"Load.BT_IPIP682660_M2" ,   1, -11097450941773056000.0, -7250294760050850816.0
"Load.BT_IPIP682737_M1" ,   1, -27924427075111149568.0, -18243858734907136000.0
"Load.BT_IPIP682737_M2" ,   1, -12410856477827176448.0, -8108381659958726656.0
"Load.BT_IPIP682766_M1" ,   1, -2164675815467668736.0, -1414247091656150272.0
"Load.BT_IPIP682766_M2" ,   1, -962078140207852672.0, -628554262958289024.0
"Load.BT_IPIP682834_M1" ,   1, -26487591047667941376.0, -17305131023877314560.0
"Load.BT_IPIP682834_M2" ,   1, -11772262687852421120.0, -7691169343945473024.0
"Load.BT_IPIP682840_M1" ,   1, -29806115208588365824.0, -19473221557534834688.0
"Load.BT_IPIP682840_M2" ,   1, -13247162314928162816.0, -8654765136682149888.0
"Load.BT_IPIP682857_M1" ,   1, -2043331819676593920.0, -1334969450202563072.0
"Load.BT_IPIP682857_M2" ,   1, -908147475411819136.0, -593319755645583488.0
"Load.BT_IPIP682906_M1" ,   1, -24113224430840557568.0, -15753886695137726464.0
"Load.BT_IPIP682906_M2" ,   1, -10716988635929137152.0, -7001727420061212672.0
"Load.BT_IPIP682918_M1" ,   1, -22470280037992878080.0, -14680502258652895232.0
"Load.BT_IPIP682918_M2" ,   1, -9986791127996831744.0, -6524667670512396288.0
"Load.BT_IPIP682939_M1" ,   1, -25093549626652471296.0, -16394362302091073536.0
"Load.BT_IPIP682939_M2" ,   1, -11152688722956652544.0, -7286383245373811712.0
"Load.BT_IPIP682970_M1" ,   1, -2000140442879145216.0, -1306751239147967744.0
"Load.BT_IPIP682970_M2" ,   1, -888951307946286848.0, -580778328510207872.0
"Load.BT_IPIP682978_M1" ,   1, -2071826888709196544.0, -1353586126300943872.0
"Load.BT_IPIP682978_M2" ,   1, -920811950537420672.0, -601593833911530624.0
"Load.BT_IPIP683016_M1" ,   1, -24982808257693847552.0, -16322011672239923200.0
"Load.BT_IPIP683016_M2" ,   1, -11103470336752822272.0, -7254227409884410880.0
"Load.BT_IPIP683074_M1" ,   1, -25855609926811688960.0, -16892238961460332544.0
"Load.BT_IPIP683074_M2" ,   1, -11491382189694083072.0, -7507661760649037824.0
"Load.BT_IPIP683108_M1" ,   1, -26858771066346967040.0, -17547633969718210560.0
"Load.BT_IPIP683108_M2" ,   1, -11937231585043095552.0, -7798948430985871360.0
"Load.BT_IPIP683117_M1" ,   1, -22813105072055640064.0, -14904480049944991744.0
"Load.BT_IPIP683117_M2" ,   1, -10139157809802504192.0, -6624213355531108352.0
"Load.BT_IPIP683123_M1" ,   1, -36844857162079674368.0, -24071841021295554560.0
"Load.BT_IPIP683123_M2" ,   1, -16375492072035409920.0, -10698596009464692736.0
"Load.BT_IPIP683150_M1" ,   1, -26034501970972327936.0, -17009114454408470528.0
"Load.BT_IPIP683150_M2" ,   1, -11570889764876587008.0, -7559606424181541888.0
"Load.BT_IPIP683163_M1" ,   1, -25789753782076076032.0, -16849213183412236288.0
"Load.BT_IPIP683163_M2" ,   1, -11462112792033808384.0, -7488539192627658752.0
"Load.BT_IPIP683220_M1" ,   1, -25490329500204462080.0, -16653590394577178624.0
"Load.BT_IPIP683220_M2" ,   1, -11329035333424205824.0, -7401595730923190272.0
"Load.BT_IPIP683314_M1" ,   1, -25073329335914852352.0, -16381151784862101504.0
"Load.BT_IPIP683314_M2" ,   1, -11143701927073267712.0, -7280511904383156224.0
"Load.BT_IPIP683343_M1" ,   1, -24489008533501202432.0, -15999397625779085312.0
"Load.BT_IPIP683343_M2" ,   1, -10884003792667201536.0, -7110843389235149824.0
"Load.BT_IPIP683386_M1" ,   1, -7532097279730857984.0, -4920943171961584640.0
"Load.BT_IPIP683386_M2" ,   1, -3347598790991492608.0, -2187085854205148928.0
"Load.BT_IPIP683396_M1" ,   1, -20066175811693330432.0, -13109829465153456128.0
"Load.BT_IPIP683396_M2" ,   1, -8918300360752590848.0, -5826590873401536512.0
"Load.BT_IPIP683412_M1" ,   1, -24375225418978660352.0, -15925059732921237504.0
"Load.BT_IPIP683412_M2" ,   1, -10833433519546071040.0, -7077804325742774272.0
"Load.BT_IPIP683432_M1" ,   1, -25384351190066565120.0, -16584351612450992128.0
"Load.BT_IPIP683432_M2" ,   1, -11281933862251800576.0, -7370822938867105792.0
"Load.BT_IPIP683450_M1" ,   1, -29046432326934175744.0, -18976898136449703936.0
"Load.BT_IPIP683450_M2" ,   1, -12909525478637410304.0, -8434176949533201408.0
"Load.BT_IPIP683493_M1" ,   1, -2042679855114693376.0, -1334543504022484224.0
"Load.BT_IPIP683493_M2" ,   1, -907857713384308096.0, -593130446232215168.0
"Load.BT_IPIP683514_M1" ,   1, -24975488011805257728.0, -16317229137832540160.0
"Load.BT_IPIP683514_M2" ,   1, -11100216894135666688.0, -7252101839036685312.0
"Load.BT_IPIP683629_M1" ,   1, -26527942467821625344.0, -17331493806967459840.0
"Load.BT_IPIP683629_M2" ,   1, -11790196652365168640.0, -7702886136429984768.0
"Load.BT_IPIP683669_M1" ,   1, -26649353029940924416.0, -17410814938179772416.0
"Load.BT_IPIP683669_M2" ,   1, -11844156902195961856.0, -7738139972524342272.0
"Load.BT_IPIP683719_M1" ,   1, -8917136626142554112.0, -5825830573639776256.0
"Load.BT_IPIP683719_M2" ,   1, -3963171833841135616.0, -2589258032728789504.0
"Load.BT_IPIP683771_M1" ,   1, -25750838342651748352.0, -16823788569335287808.0
"Load.BT_IPIP683771_M2" ,   1, -11444817041178554368.0, -7477239364149015552.0
"Load.BT_IPIP683821_M1" ,   1, -25200677264246333440.0, -16464351974083739648.0
"Load.BT_IPIP683821_M2" ,   1, -11200301006331705344.0, -7317489766259439616.0
"Load.BT_IPIP683830_M1" ,   1, -30355344558838042624.0, -19832049427186176000.0
"Load.BT_IPIP683830_M2" ,   1, -13491264248372463616.0, -8814244189860520960.0
"Load.BT_IPIP683916_M1" ,   1, -10939205649682176000.0, -7146908404198649856.0
"Load.BT_IPIP683916_M2" ,   1, -4861869177636520960.0, -3176403735199399424.0
"Load.BT_IPIP683956_M1" ,   1, -26223442849314119680.0, -17132555154211764224.0
"Load.BT_IPIP683956_M2" ,   1, -11654863488584054784.0, -7614468957427450880.0
"Load.BT_IPIP684037_M1" ,   1, -31612741373956648960.0, -20653544163897454592.0
"Load.BT_IPIP684037_M2" ,   1, -14050107277314066432.0, -9179352961732204544.0
"Load.BT_IPIP684052_M1" ,   1, -18620148812676775936.0, -12165097018970189824.0
"Load.BT_IPIP684052_M2" ,   1, -8275621694523010048.0, -5406709786208972800.0
"Load.BT_IPIP684117_M1" ,   1, -25869866108747304960.0, -16901552949033789440.0
"Load.BT_IPIP684117_M2" ,   1, -11497718270554355712.0, -7511801310681681920.0
"Load.BT_IPIP684130_M1" ,   1, -25692842557551534080.0, -16785898198011564032.0
"Load.BT_IPIP684130_M2" ,   1, -11419041136689569792.0, -7460399199116251136.0
"Load.BT_IPIP684137_M1" ,   1, -18150939106531106816.0, -11858548362701484032.0
"Load.BT_IPIP684137_M2" ,   1, -8067084047347158016.0, -5270465938978438144.0
"Load.BT_IPIP684290_M1" ,   1, -25081275991596613632.0, -16386343571252350976.0
"Load.BT_IPIP684290_M2" ,   1, -11147233774042943488.0, -7282819365001047040.0
"Load.BT_IPIP684304_M1" ,   1, -23779239454369673216.0, -15535684376058798080.0
"Load.BT_IPIP684304_M2" ,   1, -10568550868608743424.0, -6904748611581687808.0
"Load.BT_IPIP684322_M1" ,   1, -25406331191665467392.0, -16598711801324824576.0
"Load.BT_IPIP684322_M2" ,   1, -11291702751851321344.0, -7377205245033253888.0
"Load.BT_IPIP684352_M1" ,   1, -24827052267558522880.0, -16220251651234359296.0
"Load.BT_IPIP684352_M2" ,   1, -11034245452248231936.0, -7209000733881938944.0
"Load.BT_IPIP684389_M1" ,   1, -23392947630687174656.0, -15283308439155310592.0
"Load.BT_IPIP684389_M2" ,   1, -10396865613638744064.0, -6792581528513470464.0
"Load.BT_IPIP684410_M1" ,   1, -26487591047667941376.0, -17305131023877314560.0
"Load.BT_IPIP684410_M2" ,   1, -11772262687852421120.0, -7691169343945473024.0
"Load.BT_IPIP684413_M1" ,   1, -6812694715808680960.0, -4450936082733785600.0
"Load.BT_IPIP684413_M2" ,   1, -3027864318137190912.0, -1978193814548349184.0
"Load.BT_IPIP684471_M1" ,   1, -26487591047667941376.0, -17305131023877314560.0
"Load.BT_IPIP684471_M2" ,   1, -11772262687852421120.0, -7691169343945473024.0
"Load.BT_IPIP684570_M1" ,   1, -22738023683702161408.0, -14855427145886185472.0
"Load.BT_IPIP684570_M2" ,   1, -10105788303867627520.0, -6602412064838304768.0
"Load.BT_IPIP684600_M1" ,   1, -98821558960725164032.0, -64563063623389716480.0
"Load.BT_IPIP684600_M2" ,   1, -43920692871433396224.0, -28694694943728762880.0
"Load.BT_IPIP684605_M1" ,   1, -25616695571331665920.0, -16736149107089410048.0
"Load.BT_IPIP684605_M2" ,   1, -11385198031702960128.0, -7438288492039738368.0
"Load.BT_IPIP684618_M1" ,   1, -22019573963424555008.0, -14386042575522508800.0
"Load.BT_IPIP684618_M2" ,   1, -9786477317077579776.0, -6393796700232225792.0
"Load.BT_IPIP684635_M1" ,   1, -13651534349860179968.0, -8918953414145956864.0
"Load.BT_IPIP684635_M2" ,   1, -6067348599937857536.0, -3963979295175982080.0
"Load.BT_IPIP684649_M1" ,   1, -2106379527875936512.0, -1376160393132164096.0
"Load.BT_IPIP684649_M2" ,   1, -936168679055971456.0, -611626841392072704.0
"Load.BT_IPIP684719_M1" ,   1, -12800334154115166208.0, -8362839009903741952.0
"Load.BT_IPIP684719_M2" ,   1, -5689037401828964352.0, -3716817337734996992.0
"Load.BT_IPIP684793_M1" ,   1, -14499236431363561472.0, -9472782396296878080.0
"Load.BT_IPIP684793_M2" ,   1, -6444105080606026752.0, -4210125509465279488.0
"Load.BT_IPIP684812_M1" ,   1, -2006386544994262784.0, -1310832003439657728.0
"Load.BT_IPIP684812_M2" ,   1, -891727353330783360.0, -582592001528736896.0
"Load.BT_IPIP684861_M1" ,   1, -24623390201321418752.0, -16087193166031470592.0
"Load.BT_IPIP684861_M2" ,   1, -10943728978365075456.0, -7149863629347319808.0
"Load.BT_IPIP684866_M1" ,   1, -24674570369008091136.0, -16120630691980511232.0
"Load.BT_IPIP684866_M2" ,   1, -10966475719559153664.0, -7164724751991337984.0
"Load.BT_IPIP685435_M1" ,   1, -11477014139115628544.0, -7498274685830397952.0
"Load.BT_IPIP685435_M2" ,   1, -5100895172940277760.0, -3332566527035732480.0
"Load.BT_IPIP685448_M1" ,   1, -13712416745857425408.0, -8958729694104686592.0
"Load.BT_IPIP685448_M2" ,   1, -6094407442603300864.0, -3981657641824305152.0
"Load.BT_IPIP685468_M1" ,   1, -6542618480126474240.0, -4274487243245219328.0
"Load.BT_IPIP685468_M2" ,   1, -2907830435611766784.0, -1899772108108986112.0
"Load.BT_IPIP685470_M1" ,   1, -26334177471915757568.0, -17204901371721459712.0
"Load.BT_IPIP685470_M2" ,   1, -11704078876406996992.0, -7646622831876202496.0
"Load.BT_IPIP685478_M1" ,   1, -25034245983956586496.0, -16355617472779407360.0
"Load.BT_IPIP685478_M2" ,   1, -11126331548425152512.0, -7269163321235292160.0
"Load.BT_IPIP685527_M1" ,   1, -6906531222953507840.0, -4512242263754507264.0
"Load.BT_IPIP685527_M2" ,   1, -3069569432423780352.0, -2005441006113114368.0
"Load.BT_IPIP685530_M1" ,   1, -3664667832310559232.0, -2394236488885987328.0
"Load.BT_IPIP685530_M2" ,   1, -1628741258804692736.0, -1064105106171549696.0
"Load.BT_IPIP685748_M1" ,   1, -23314711423267315712.0, -15232194401715099648.0
"Load.BT_IPIP685748_M2" ,   1, -10362093965896585216.0, -6769864178540044288.0
"Load.BT_IPIP685752_M1" ,   1, -23755369329013538816.0, -15520089313799397376.0
"Load.BT_IPIP685752_M2" ,   1, -10557941924006017024.0, -6897817472799731712.0
"Load.BT_IPIP685753_M1" ,   1, -23739444180334678016.0, -15509684940522360832.0
"Load.BT_IPIP685753_M2" ,   1, -10550864080148746240.0, -6893193306898827264.0
"Load.BT_IPIP685756_M1" ,   1, -22691807147767582720.0, -14825232508365088768.0
"Load.BT_IPIP685756_M2" ,   1, -10085247621230034944.0, -6588992225940038656.0
"Load.BT_IPIP685777_M1" ,   1, -20610515888322240512.0, -13465463030359289856.0
"Load.BT_IPIP685777_M2" ,   1, -9160229283698772992.0, -5984650235715240960.0
"Load.BT_IPIP686142_M1" ,   1, -1986843338252395520.0, -1298063846833602560.0
"Load.BT_IPIP686142_M2" ,   1, -883041483667731328.0, -576917265259378816.0
"Load.BT_IPIP686143_M1" ,   1, -2173198577219524864.0, -1419815265392507136.0
"Load.BT_IPIP686143_M2" ,   1, -965866034319788928.0, -631029006841114240.0
"Load.BT_IPIP1159914_M1",   1, -21227144237602533376.0, -13868324670684712960.0
"Load.BT_IPIP1159914_M2",   1, -9434286327823349760.0, -6163699853637651456.0
"Load.BT_IPIP1159951_M1",   1, -22980437652988182528.0, -15013803405622290432.0
"Load.BT_IPIP1159951_M2",   1, -10213527845772523520.0, -6672801513609906176.0
"Load.BT_IPIP1160456_M1",   1, -22539713573038915584.0, -14725865256093507584.0
"Load.BT_IPIP1160456_M2",   1, -10017650476906180608.0, -6544829002708226048.0
"Load.BT_IPIP1160668_M1",   1, -32221785172655554560.0, -21051450597530521600.0
"Load.BT_IPIP1160668_M2",   1, -14320793410069133312.0, -9356200265569118208.0
"Load.BT_IPIP1160695_M1",   1, -4718343278423475200.0, -3082633998617182720.0
"Load.BT_IPIP1160695_M2",   1, -2097041457077100544.0, -1370059554940969984.0
"Load.BT_IPIP1160763_M1",   1, -25334463341812551680.0, -16551758401907013632.0
"Load.BT_IPIP1160763_M2",   1, -11259761485250021376.0, -7356337067514228736.0
"Load.BT_IPIP1160849_M1",   1, -24929434294046945280.0, -16287140878561347584.0
"Load.BT_IPIP1160849_M2",   1, -11079748575131971584.0, -7238729279360598016.0
"Load.BT_IPIP677185_M1" ,   1, -20534598131243974656.0, -13415863698296530944.0
"Load.BT_IPIP677185_M2" ,   1, -9126488058330657792.0, -5962606088131790848.0
"Load.BT_IPIP677206_M1" ,   1, -21929869427050561536.0, -14327435933876338688.0
"Load.BT_IPIP677206_M2" ,   1, -9746608634244696064.0, -6367749303945039872.0
"Load.BT_IPIP677212_M1" ,   1, -4694130927749043200.0, -3066815347515056128.0
"Load.BT_IPIP677212_M2" ,   1, -2086280412332908032.0, -1363029043340025088.0
"Load.BT_IPIP677298_M1" ,   1, -24164235112086765568.0, -15787213490384412672.0
"Load.BT_IPIP677298_M2" ,   1, -10739660049816338432.0, -7016539329059739648.0
"Load.BT_IPIP677301_M1" ,   1, -23454043407464816640.0, -15323224131074603008.0
"Load.BT_IPIP677301_M2" ,   1, -10424019292206585856.0, -6810321836033156096.0
"Load.BT_IPIP677333_M1" ,   1, -21820816075561635840.0, -14256188135740274688.0
"Load.BT_IPIP677333_M2" ,   1, -9698140478027390976.0, -6336083615884565504.0
"Load.BT_IPIP677450_M1" ,   1, -21160549184046321664.0, -13824816138028302336.0
"Load.BT_IPIP677450_M2" ,   1, -9404688526242809856.0, -6144362728012579840.0
"Load.BT_IPIP677451_M1" ,   1, -23834776465234575360.0, -15571968357500368896.0
"Load.BT_IPIP677451_M2" ,   1, -10593233984548702208.0, -6920874825555722240.0
"Load.BT_IPIP677456_M1" ,   1, -22667850918399324160.0, -14809581191109363712.0
"Load.BT_IPIP677456_M2" ,   1, -10074600408177479680.0, -6582036084937493504.0
"Load.BT_IPIP677457_M1" ,   1, -18586161394506096640.0, -12142892027830503424.0
"Load.BT_IPIP677457_M2" ,   1, -8260516175336042496.0, -5396840901258002432.0
"Load.BT_IPIP677499_M1" ,   1, -24433186690074492928.0, -15962927555131478016.0
"Load.BT_IPIP677499_M2" ,   1, -10859194084477548544.0, -7094634468947324928.0
"Load.BT_IPIP677506_M1" ,   1, -18641231737975021568.0, -12178871121061787648.0
"Load.BT_IPIP677506_M2" ,   1, -8284991883544453120.0, -5412831609360793600.0
"Load.BT_IPIP679386_M1" ,   1, -11745114080463708160.0, -7673432351239794688.0
"Load.BT_IPIP679386_M2" ,   1, -5220050702428315648.0, -3410414378328798208.0
"Load.BT_IPIP679388_M1" ,   1, -11533695162220670976.0, -7535306083946816512.0
"Load.BT_IPIP679388_M2" ,   1, -5126086738764741632.0, -3349024926198585344.0
"Load.BT_IPIP679456_M1" ,   1, -13985002372163762176.0, -9136817990871984128.0
"Load.BT_IPIP679456_M2" ,   1, -6215556609850560512.0, -4060807995943104512.0
"Load.BT_IPIP679460_M1" ,   1, -9073542522717661184.0, -5928015194783394816.0
"Load.BT_IPIP679460_M2" ,   1, -4032685565652294144.0, -2634673419903731200.0
"Load.BT_IPIP680934_M1" ,   1, -6265757092537903104.0, -4093605464338305536.0
"Load.BT_IPIP680934_M2" ,   1, -2784780930016844800.0, -1819380206372580096.0
"Load.BT_IPIP681681_M1" ,   1, -25361410507572035584.0, -16569363782263324672.0
"Load.BT_IPIP681681_M2" ,   1, -11271738003365349376.0, -7364161681005921280.0
"Load.BT_IPIP681839_M1" ,   1, -33125681829797552128.0, -21641993161476296704.0
"Load.BT_IPIP681839_M2" ,   1, -14722525257687799808.0, -9618663627322802176.0
"Load.BT_IPIP682099_M1" ,   1, -24873179077487841280.0, -16250387668239886336.0
"Load.BT_IPIP682099_M2" ,   1, -11054746256661266432.0, -7222394519217728512.0
"Load.BT_IPIP682178_M1" ,   1, -23433426703064829952.0, -15309754621121910784.0
"Load.BT_IPIP682178_M2" ,   1, -10414856312473257984.0, -6804335387165293568.0
"Load.BT_IPIP682322_M1" ,   1, -24758675589742206976.0, -16175579133959059456.0
"Load.BT_IPIP682322_M2" ,   1, -11003855817663205376.0, -7189146281759582208.0
"Load.BT_IPIP682637_M1" ,   1, -2242530488147099904.0, -1465111864857774848.0
"Load.BT_IPIP682637_M2" ,   1, -996680216954266752.0, -651160828825677696.0
"Load.BT_IPIP682869_M1" ,   1, -22425177040502902784.0, -14651035128939835392.0
"Load.BT_IPIP682869_M2" ,   1, -9966745351334623232.0, -6511571168417705984.0
"Load.BT_IPIP683204_M1" ,   1, -36844857162079674368.0, -24071841021295554560.0
"Load.BT_IPIP683204_M2" ,   1, -16375492072035409920.0, -10698596009464692736.0
"Load.BT_IPIP683251_M1" ,   1, -36844857162079674368.0, -24071841021295554560.0
"Load.BT_IPIP683251_M2" ,   1, -16375492072035409920.0, -10698596009464692736.0
"Load.BT_IPIP683427_M1" ,   1, -24973913401429381120.0, -16316200402414706688.0
"Load.BT_IPIP683427_M2" ,   1, -11099517067301947392.0, -7251644623295425536.0
"Load.BT_IPIP683446_M1" ,   1, -23781038259458867200.0, -15536859593475274752.0
"Load.BT_IPIP683446_M2" ,   1, -10569350337537273856.0, -6905270930433457152.0
"Load.BT_IPIP683531_M1" ,   1, -25692842557551534080.0, -16785898198011564032.0
"Load.BT_IPIP683531_M2" ,   1, -11419041136689569792.0, -7460399199116251136.0
"Load.BT_IPIP683746_M1" ,   1, -30454809159663013888.0, -19897032609193717760.0
"Load.BT_IPIP683746_M2" ,   1, -13535470737628008448.0, -8843125604086099968.0
"Load.BT_IPIP683760_M1" ,   1, -6708875523032315904.0, -4383107914182399488.0
"Load.BT_IPIP683760_M2" ,   1, -2981722454681030144.0, -1948047961858844416.0
"Load.BT_IPIP683858_M1" ,   1, -27825761283941609472.0, -18179397439031296000.0
"Load.BT_IPIP683858_M2" ,   1, -12367005015085158400.0, -8079732195125019648.0
"Load.BT_IPIP684235_M1" ,   1, -31647915181254479872.0, -20676524258342039552.0
"Load.BT_IPIP684235_M2" ,   1, -14065740080557549568.0, -9189566337040909312.0
"Load.BT_IPIP684249_M1" ,   1, -17685855257751011328.0, -11554695251788093440.0
"Load.BT_IPIP684249_M2" ,   1, -7860380114556005376.0, -5135420111905819648.0
"Load.BT_IPIP684316_M1" ,   1, -23779239454369673216.0, -15535684376058798080.0
"Load.BT_IPIP684316_M2" ,   1, -10568550868608743424.0, -6904748611581687808.0
"Load.BT_IPIP684446_M1" ,   1, -32320792389006557184.0, -21116134956724551680.0
"Load.BT_IPIP684446_M2" ,   1, -14364796617336246272.0, -9384948869655355392.0
"Load.BT_IPIP685779_M1" ,   1, -24095848508755533824.0, -15742534492378767360.0
"Load.BT_IPIP685779_M2" ,   1, -10709266003891345408.0, -6996681996612783104.0
"Load.MT_266138434_1_M1",   1, -3406405729977954729984.0, -2225506176878682308608.0
"Load.MT_266138434_1_M2",   1, -1513958102212424499200.0, -989113856390525747200.0
"Load.MT_4636591_M1"    ,   1, -3845776619694108704768.0, -2512560246867963674624.0
"Load.MT_4636591_M2"    ,   1, -1709234053197381763072.0, -1116693443052428197888.0
"Load.MT_214439841_M1"  ,   1, -9240247196469173420032.0, -6036928317206560768000.0
"Load.MT_214439841_M2"  ,   1, -4106776531764076609536.0, -2683079252091804844032.0
"Load.MT_224633078_1_M1",   1, -14655643186062480637952.0, -9574967582104089526272.0
"Load.MT_224633078_1_M2",   1, -6513619193805546717184.0, -4255541147601817567232.0
"Load.MT_194821432_M1"  ,   1, -14575198672625640407040.0, -9522410788894395072512.0
"Load.MT_194821432_M2"  ,   1, -6477866076722509643776.0, -4232182572841954181120.0
"Load.MT_198413080_1_M1",   1, -2670609476575662964736.0, -1744788600468463419392.0
"Load.MT_198413080_1_M2",   1, -1186937545144739037184.0, -775461600208205774848.0
"Load.MT_257615017_M1"  ,   1, -6380552921058958639104.0, -4168604993976167038976.0
"Load.MT_257615017_M2"  ,   1, -2835801298248426586112.0, -1852713330656073744384.0
"Load.MT_198413080_2_M1",   1, -1972676741377.7, -1288808386607.9
"Load.MT_198413080_2_M2",   1, -876745218390.1, -572803727381.3
"Load.MT_85894566_M1"   ,   1, -79148740744968470003712.0, -51710226373301655044096.0
"Load.MT_85894566_M2"   ,   1, -35177218108874861576192.0, -22982322832578508226560.0
"Load.MT_224633078_2_M1",   1, -16077528646023515209728.0, -10503927642863446261760.0
"Load.MT_224633078_2_M2",   1, -7145568287121563713536.0, -4668412285717087518720.0
"Load.MT_198413080_3_M1",   1, -3305664817417406644224.0, -2159689142493069180928.0
"Load.MT_198413080_3_M2",   1, -1469184363296625786880.0, -959861841108030980096.0
"Load.MT_198413080_4_M1",   1, -1972676741377.7, -1288808386607.9
"Load.MT_198413080_4_M2",   1, -876745218390.1, -572803727381.3
"Load.MT_1059419_M1"    ,   1, -143982725506961781030912.0, -94068196912952537776128.0
"Load.MT_1059419_M2"    ,   1, -63992322447538569347072.0, -41808087516867794567168.0
"Load.MT_191624435_M1"  ,   1, -392123896725734817792.0, -256186204318867947520.0
"Load.MT_191624435_M2"  ,   1, -174277287433659908096.0, -113860535252830224384.0
"Load.MT_258104247_1_M1",   1, -89511079115371352948736.0, -58480250227701758033920.0
"Load.MT_258104247_1_M2",   1, -39782701829053931847680.0, -25991222323423001706496.0
"Load.MT_191624069_M1"  ,   1, -2443281890456409473024.0, -1596268727361338605568.0
"Load.MT_191624069_M2"  ,   1, -1085903062425070993408.0, -709452767716150607872.0
"Load.MT_198413080_5_M1",   1, -8670232471113518022656.0, -5664520743934307074048.0
"Load.MT_198413080_5_M2",   1, -3853436653828230348800.0, -2517564775081913614336.0
"Load.MT_198413080_6_M1",   1, -13221281552233454895104.0, -8637856466195070320640.0
"Load.MT_198413080_6_M2",   1, -5876125134325980069888.0, -3839047318308920492032.0
"Load.MT_266138434_2_M1",   1, -2387691946745.8, -1559950163658.5
"Load.MT_266138434_2_M2",   1, -1061196420775.9, -693311183848.2
"Load.MT_4636467_M1"    ,   1, -2633102351568844357632.0, -1720284080225978941440.0
"Load.MT_4636467_M2"    ,   1, -1170267711808375226368.0, -764570702322657263616.0
"Load.MT_198413080_7_M1",   1, -5164135214262144466944.0, -3373883127485815586816.0
"Load.MT_198413080_7_M2",   1, -2295171206338730786816.0, -1499503612215918067712.0
"Load.MT_258104247_2_M1",   1, -18407386385678684127232.0, -12026092998890264461312.0
"Load.MT_258104247_2_M2",   1, -8181060615857193877504.0, -5344930221729005961216.0
"Load.MT_266138434_3_M1",   1, -16410830954257549623296.0, -10721683954144951402496.0
"Load.MT_266138434_3_M2",   1, -7293702646336686391296.0, -4765192868508866707456.0
"Load.MT_4648977_M1"    ,   1, -141262674099347505152.0, -92291106428480798720.0
"Load.MT_4648977_M2"    ,   1, -62783410710821126144.0, -41018269523769237504.0
"Load.MT_222273078_M1"  ,   1, -8065219690213040717824.0, -5269247899661526630400.0
"Load.MT_222273078_M2"  ,   1, -3584542084539128741888.0, -2341887955405122830336.0
"Load.MT_198413080_8_M1",   1, -44519379647768568004608.0, -29085834821852742025216.0
"Load.MT_198413080_8_M2",   1, -19786390954563812196352.0, -12927037698601218211840.0
"PVSystem.PV1"          ,   1, 53571752803500662784.0, 9527015143893362688.0
"PVSystem.PV2"          ,   1, 965588820480764805120.0, 171716974456576180224.0
"PVSystem.PV3"          ,   1, 4925042751335426949120.0, 875852560100571873280.0
"PVSystem.PV4"          ,   1, 1812299408887821893632.0, 322293055484479930368.0
"PVSystem.PV5"          ,   1, 1713695802518841327616.0, 304757731349956263936.0
"PVSystem.PV6"          ,   1, 4334742806224860348416.0, 770875660469869346816.0
"PVSystem.PV7"          ,   1, 500359666742341664768.0, 88982231676099592192.0
"PVSystem.PV8"          ,   1, 3816308317254939836416.0, 678679064947076890624.0
"PVSystem.PV9"          ,   1, 2426294125875537903616.0, 431483751258517733376.0
"PVSystem.PV10"         ,   1, 3797218893816384192512.0, 675284267941229363200.0
"PVSystem.PV11"         ,   1, 697401480982446342144.0, 124023466108737568768.0
"PVSystem.PV12"         ,   1, 253503988475546828800.0, 45082272108729925632.0
"PVSystem.PV13"         ,   1, 4404342390453274411008.0, 783253009668151181312.0
"PVSystem.PV14"         ,   1, 4535445822743221108736.0, 806567990404353097728.0
"PVSystem.PV15"         ,   1, 2437967006581671854080.0, 433559615966816698368.0
"PVSystem.PV16"         ,   1, 492144733405332701184.0, 87521316358834323456.0
"PVSystem.PV17"         ,   1, 2846666928938783604736.0, 506241395873371914240.0
"PVSystem.PV18"         ,   1, 1144806184401122099200.0, 203588370281495461888.0
"PVSystem.PV19"         ,   1, 3326936016513750532096.0, 591650788448029245440.0
"PVSystem.PV20"         ,   1, 402932800948051285199353282560.0, 71656174960893419159948361728.0
"PVSystem.PV21"         ,   1, 1736368363865759023104.0, 308789741202669764608.0
"PVSystem.PV22"         ,   1, 8425889228091623997440.0, 1498430982889988423680.0
"PVSystem.PV23"         ,   1, 2554906028544657719296.0, 454355647085970194432.0
"PVSystem.PV24"         ,   1, 2570543703778261991424.0, 457136597024934395904.0
"PVSystem.PV25"         ,   1, 911501729759077335040.0, 162098313407019417600.0
"PVSystem.PV26"         ,   1, 7776659649168754606080.0, 1382974241203165593600.0
"PVSystem.PV27"         ,   1, 1842926161394356715520.0, 327739611171706372096.0
"PVSystem.PV28"         ,   1, 1432710427308037505024.0, 254788264559286321152.0
"PVSystem.PV29"         ,   1, 2436580219567763095552.0, 433312994564889444352.0
"PVSystem.PV30"         ,   1, 583802304054927884288.0, 103821381529567346688.0
"PVSystem.PV31"         ,   1, 6174884264780713951232.0, 1098120049721673777152.0
"PVSystem.PV32"         ,   1, 2626283713372642869248.0, 467049207440276979712.0
"PVSystem.PV33"         ,   1, 2886505084001732001792.0, 513326075514340507648.0
"PVSystem.PV34"         ,   1, 310009382602812882944.0, 55130995846909542400.0
"PVSystem.PV35"         ,   1, 1428079835432367947776.0, 253964776124963520512.0
"PVSystem.PV36"         ,   1, 3434131200323106635776.0, 610714008997455069184.0
"PVSystem.PV37"         ,   1, 353535262614576693248.0, 62871487731314253824.0
"PVSystem.PV38"         ,   1, 2211637667982897053696.0, 393309989590610804736.0
"PVSystem.PV39"         ,   1, 1699761181273230409728.0, 302279646529921482752.0
"PVSystem.PV40"         ,   1, 1233594029752187092992.0, 219378093451083415552.0
"PVSystem.PV41"         ,   1, 293856508328450097152.0, 52258424582353477632.0
"PVSystem.PV42"         ,   1, 1547882085207876042752.0, 275269993653816360960.0
"PVSystem.PV43"         ,   1, 1720566988947494273024.0, 305979679365910757376.0
"PVSystem.PV44"         ,   1, 2836500123941064409088.0, 504433366446767210496.0
"PVSystem.PV45"         ,   1, 1806568355453697785856.0, 321273864780431032320.0
"PVSystem.PV46"         ,   1, 1574607458952277131264.0, 280022741638409027584.0
"PVSystem.PV47"         ,   1, 1811622433729615757312.0, 322172664572551299072.0
"PVSystem.PV48"         ,   1, 2231792398829069008896.0, 396894237183274516480.0
"PVSystem.PV49"         ,   1, 71434654256377167872.0, 12703691727127556096.0
"PVSystem.PV50"         ,   1, 3630146935925430026240.0, 645572769095999684608.0
"PVSystem.PV51"         ,   1, 2481090918678081830912.0, 441228623262104616960.0
"PVSystem.PV52"         ,   1, 265322048642506031104.0, 47183955011523559424.0
"PVSystem.PV53"         ,   1, 2440807496791604330496.0, 434064758918169821184.0
"PVSystem.PV54"         ,   1, 4113104865100557189120.0, 731460335984650878976.0
"PVSystem.PV55"         ,   1, 1830605622593703116800.0, 325548569188627316736.0
"PVSystem.PV56"         ,   1, 1806535652800879919104.0, 321268049055234916352.0
"PVSystem.PV57"         ,   1, 4061329322152897806336.0, 722252752596091535360.0
"PVSystem.PV58"         ,   1, 5252567426745285738496.0, 934098414880553959424.0
"PVSystem.PV59"         ,   1, 2260579687710848712704.0, 402013669023784042496.0
"PVSystem.PV60"         ,   1, 1733013513290223976448.0, 308193126185031696384.0
"PVSystem.PV61"         ,   1, 2137383333057943306240.0, 380104855628205785088.0
"PVSystem.PV62"         ,   1, 1094312318344646098944.0, 194608715872708722688.0
"PVSystem.PV63"         ,   1, 3683781073309318250496.0, 655110878511762374656.0
"PVSystem.PV64"         ,   1, 2765499247393743306752.0, 491806816262973423616.0
"PVSystem.PV65"         ,   1, 1799437998495491162112.0, 320005826769821237248.0
"PVSystem.PV66"         ,   1, 2199242946565846335488.0, 391105755232443760640.0
"PVSystem.PV67"         ,   1, 2941153789832887533568.0, 523044612242059231232.0
"PVSystem.PV68"         ,   1, 2100106535824305684480.0, 373475679001141510144.0
"PVSystem.PV69"         ,   1, 3084764053656599265280.0, 548583764609356201984.0
"PVSystem.PV70"         ,   1, 1448238129274505658368.0, 257549657345522237440.0
"PVSystem.PV71"         ,   1, 2695744568509733535744.0, 479401885554475597824.0
"PVSystem.PV72"         ,   1, 1809538811548667740160.0, 321802120414608556032.0
"PVSystem.PV73"         ,   1, 2339767487833532530688.0, 416096153372577759232.0
"PVSystem.PV74"         ,   1, 264204258808516313088.0, 46985171135639560192.0
"PVSystem.PV75"         ,   1, 2050657531196036087808.0, 364681839130169049088.0
"PVSystem.PV76"         ,   1, 100623142720468975616.0, 17894471503603406848.0
"PVSystem.PV77"         ,   1, 4556890701084606070784.0, 810381673352597471232.0
"PVSystem.PV78"         ,   1, 1990652413421454884864.0, 354010736634575781888.0
"PVSystem.PV79"         ,   1, 2347031419882358702080.0, 417387945911547854848.0
"PVSystem.PV80"         ,   1, 2320563467872436224000.0, 412680976918039363584.0
"PVSystem.PV81"         ,   1, 2756105578013148053504.0, 490136278609219223552.0
"PVSystem.PV82"         ,   1, 1203747872199936049152.0, 214070356073372090368.0
"PVSystem.PV83"         ,   1, 3066943946386091540480.0, 545414698383219294208.0
"PVSystem.PV84"         ,   1, 2818882303663687598080.0, 501300274249282748416.0
"PVSystem.PV85"         ,   1, 228790964911773614080.0, 40687393465483255808.0
"PVSystem.PV86"         ,   1, 2212729978079604637696.0, 393504242244996759552.0
"PVSystem.PV87"         ,   1, 2451121539876619550720.0, 435898972648994635776.0
"PVSystem.PV88"         ,   1, 1713695802518841327616.0, 304757731349956263936.0
"PVSystem.PV89"         ,   1, 2955213651386396835840.0, 525544969364150616064.0
"PVSystem.PV90"         ,   1, 1460119962221174325248.0, 259662681399743250432.0
"PVSystem.PV91"         ,   1, 1703980271436643958784.0, 303029954923369791488.0
"PVSystem.PV92"         ,   1, 2310684684386965389312.0, 410924168246708862976.0
"PVSystem.PV93"         ,   1, 2591112749973563244544.0, 460794525017351585792.0
"PVSystem.PV94"         ,   1, 1969712785029481889792.0, 350286905580207800320.0
"PVSystem.PV95"         ,   1, 2746674411597599866880.0, 488459072603845820416.0
"PVSystem.PV96"         ,   1, 2219382342576184492032.0, 394687275727609659392.0
"PVSystem.PV97"         ,   1, 3704603798845251911680.0, 658813919942662422528.0
"PVSystem.PV98"         ,   1, 1787532714642283167744.0, 317888632290754363392.0
"PVSystem.PV99"         ,   1, 1537589499613021470720.0, 273439595845536186368.0
"PVSystem.PV100"        ,   1, 726967969137979555840.0, 129281468005490851840.0
"PVSystem.PV101"        ,   1, 2640296266930780110848.0, 469541151475192889344.0
"PVSystem.PV102"        ,   1, 6946132122834847137792.0, 1235276099892492369920.0
"PVSystem.PV103"        ,   1, 1142463868345894174720.0, 203171820899970744320.0
"PVSystem.PV104"        ,   1, 3383058225249495547904.0, 601631367841743503360.0
"PVSystem.PV105"        ,   1, 2462140981286852362240.0, 437858631975259668480.0
"PVSystem.PV106"        ,   1, 2140385211763701579776.0, 380638699350117777408.0
"PVSystem.PV107"        ,   1, 2044815907381239611392.0, 363642984965706022912.0
"PVSystem.PV108"        ,   1, 7221103969188151558144.0, 1284176141567799853056.0
"PVSystem.PV109"        ,   1, 227108724781396459520.0, 40388229747720429568.0
"PVSystem.PV110"        ,   1, 6159529455072570245120.0, 1095389403497094709248.0
"PVSystem.PV111"        ,   1, 884447184090610270208.0, 157287026628029251584.0
"PVSystem.PV112"        ,   1, 2655479012941106774016.0, 472241198488291966976.0
"PVSystem.PV113"        ,   1, 2210130195549085761536.0, 393041905917643587584.0
"PVSystem.PV114"        ,   1, 1822597066203602092032.0, 324124355233464451072.0
"PVSystem.PV115"        ,   1, 2582316896385963655168.0, 459230300856063950848.0
"PVSystem.PV116"        ,   1, 1329092171572557381632.0, 236361152529472356352.0
"PVSystem.PV117"        ,   1, 2173093447191030661120.0, 386455418751019843584.0
"PVSystem.PV118"        ,   1, 159896154789779996672.0, 28435378876992978944.0
"PVSystem.PV119"        ,   1, 2310670790821257674752.0, 410921697457990270976.0
"PVSystem.PV120"        ,   1, 970764387221048131584.0, 172637379337014738944.0
"PVSystem.PV121"        ,   1, 3726035190559984844800.0, 662625204511900827648.0
"PVSystem.PV122"        ,   1, 1113991830905539002368.0, 198108452282730741760.0
"PVSystem.PV123"        ,   1, 1674151514504571125760.0, 297725312013255180288.0
"PVSystem.PV124"        ,   1, 2440323510483111903232.0, 433978688469981724672.0
"PVSystem.PV125"        ,   1, 221631956826901020672.0, 39414260285628145664.0
"PVSystem.PV126"        ,   1, 2759316595012040916992.0, 490707314757354520576.0
"PVSystem.PV127"        ,   1, 3135380404968149221376.0, 557585201370161676288.0
"PVSystem.PV128"        ,   1, 1505977122054927548416.0, 267817760016017752064.0
"PVSystem.PV129"        ,   1, 1747561905167330705408.0, 310780361849403342848.0
"PVSystem.PV130"        ,   1, 2336491879666139267072.0, 415513630550976757760.0
"PVSystem.PV131"        ,   1, 2628215931998113366016.0, 467392826519537909760.0
"PVSystem.PV132"        ,   1, 3031795473345632272384.0, 539164015583554437120.0
"PVSystem.PV133"        ,   1, 1667203333737325789184.0, 296489671586319958016.0
"PVSystem.PV134"        ,   1, 1797741969060656578560.0, 319704210768572186624.0
"PVSystem.PV135"        ,   1, 1432189324238877360128.0, 254695593393033740288.0
"PVSystem.PV136"        ,   1, 5142861126051597123584.0, 914588626005694349312.0
"PVSystem.PV137"        ,   1, 109803484197829066752.0, 19527071675098112000.0
"PVSystem.PV138"        ,   1, 4094305191901033136128.0, 728117067166683758592.0
"PVSystem.PV139"        ,   1, 2893991724624672456704.0, 514657473760731725824.0
"PVSystem.PV140"        ,   1, 557849349863380025344.0, 99205998044929458176.0
"PVSystem.PV141"        ,   1, 849129825663549440000.0, 151006309868339363840.0
"PVSystem.PV142"        ,   1, 1969064760573279862784.0, 350171663153650073600.0
"PVSystem.PV143"        ,   1, 3468191957009595629568.0, 616771256106331668480.0
"PVSystem.PV144"        ,   1, 3194700420497969512448.0, 568134467656139603968.0
"PVSystem.PV145"        ,   1, 6088835783819722227712.0, 1082817485626328088576.0
"PVSystem.PV146"        ,   1, 1714558982650695778304.0, 304911236317253337088.0
"PVSystem.PV147"        ,   1, 1404215183929534578688.0, 249720769170778226688.0
"PVSystem.PV148"        ,   1, 332447935240351514624.0, 59121390428442206208.0
"PVSystem.PV149"        ,   1, 2465990721971577946112.0, 438543256533753135104.0
"PVSystem.PV150"        ,   1, 12463216315511234101248.0, 2216415261098224386048.0
"PVSystem.PV151"        ,   1, 45880914836001316864.0, 8159303130418301952.0
"PVSystem.PV152"        ,   1, 165443519990720593920.0, 29421903108435001344.0
"PVSystem.PV153"        ,   1, 2079616215948269191168.0, 369831751422038114304.0
"PVSystem.PV154"        ,   1, 803960835760325263360.0, 142973613008773120000.0
"PVSystem.PV155"        ,   1, 2901844972333670334464.0, 516054068346797490176.0
"PVSystem.PV156"        ,   1, 1866398315800500633600.0, 331913817888759676928.0
"PVSystem.PV157"        ,   1, 115937319709036183552.0, 20617891758306017280.0
"PVSystem.PV158"        ,   1, 783785491156720812032.0, 139385699542077947904.0
"PVSystem.PV159"        ,   1, 61128966716821282816.0, 10870963903262803968.0
"PVSystem.PV160"        ,   1, 305144572547843293184.0, 54265854861745348608.0
"PVSystem.PV161"        ,   1, 4055951751059498074112.0, 721296423955243728896.0
"PVSystem.PV162"        ,   1, 3651972013562976534528.0, 649454065399617421312.0
"PVSystem.PV163"        ,   1, 48824939841379576.0, 8682858941837787.0
"PVSystem.PV164"        ,   1, 2962301214017589346304.0, 526805396984848449536.0
"PVSystem.PV165"        ,   1, 224637277535777292288.0, 39948716123042643968.0
"PVSystem.PV166"        ,   1, 20344720368584863252480.0, 3618034668270372519936.0
"PVSystem.PV167"        ,   1, 2317378004456835121152.0, 412114485125771165696.0
"PVSystem.PV168"        ,   1, 1004422560446854856704.0, 178623032389844828160.0
"PVSystem.PV169"        ,   1, 278249567301686755328.0, 49482940219934433280.0
"PVSystem.PV170"        ,   1, 162312247592650637312.0, 28865048461628428288.0
"PVSystem.PV171"        ,   1, 60267995354612539392.0, 10717851735611222016.0
"PVSystem.PV172"        ,   1, 9887355893917675421696.0, 1758333157390069530624.0
"PVSystem.PV173"        ,   1, 6185065895720150630400.0, 1099930715733801041920.0
"PVSystem.PV174"        ,   1, 2606259338613129478144.0, 463488141915076952064.0
"PVSystem.PV175"        ,   1, 1460119962221174325248.0, 259662681399743250432.0
"PVSystem.PV176"        ,   1, 1439701606278564675584.0, 256031551634504253440.0
"PVSystem.PV177"        ,   1, 3504287909330818170880.0, 623190435359383748608.0
"PVSystem.PV178"        ,   1, 4544829606500671946752.0, 808236770028861521920.0
"PVSystem.PV179"        ,   1, 2640837794607099543552.0, 469637454885811126272.0
"PVSystem.PV180"        ,   1, 2790486760592011427840.0, 496250509147173421056.0
"PVSystem.PV181"        ,   1, 2790506158459341242368.0, 496253958796772900864.0
"PVSystem.PV182"        ,   1, 2232178961215412764672.0, 396962982105587056640.0
"PVSystem.PV183"        ,   1, 1004381995471339651072.0, 178615818454974300160.0
"PVSystem.PV184"        ,   1, 38240660475137712128.0, 6800586732834937856.0
"PVSystem.PV185"        ,   1, 232215922209351663616.0, 41296476047460081664.0
"PVSystem.PV186"        ,   1, 1576929559198868176896.0, 280435695911722614784.0
"PVSystem.PV187"        ,   1, 2511274430866132041728.0, 446596354630692569088.0
"PVSystem.PV188"        ,   1, 1115966426598677807104.0, 198459607553651834880.0
"PVSystem.PV189"        ,   1, 1432983595236862197760.0, 254836843799006674944.0
"PVSystem.PV190"        ,   1, 2539225269789370875904.0, 451567035102153474048.0
"PVSystem.PV191"        ,   1, 2315294598769423155200.0, 411743979467963301888.0
"PVSystem.PV192"        ,   1, 986541756096674267136.0, 175443172049120559104.0
"PVSystem.PV193"        ,   1, 2117401519696683466752.0, 376551359079919845376.0
"PVSystem.PV194"        ,   1, 1932677749975979393024.0, 343700723104579911680.0
"PVSystem.PV195"        ,   1, 3382709977315838263296.0, 601569436633847300096.0
"PVSystem.PV196"        ,   1, 2405458092721867063296.0, 427778343225999622144.0
"PVSystem.PV197"        ,   1, 1861613813295092858880.0, 331062958510769176576.0
"PVSystem.PV198"        ,   1, 1444177927741853925376.0, 256827605154193080320.0
"PVSystem.PV199"        ,   1, 2747304960258484469760.0, 488571207197964107776.0
"PVSystem.PV200"        ,   1, 4336242842301809295360.0, 771142421692195799040.0
"PVSystem.PV201"        ,   1, 5448068413632575176704.0, 968865633850128859136.0
"PVSystem.PV202"        ,   1, 3525963767995377385472.0, 627045195039222136832.0
"PVSystem.PV203"        ,   1, 2513178647948374835200.0, 446934993989538480128.0
"PVSystem.PV204"        ,   1, 409182315586530050048.0, 72767567071262064640.0
"PVSystem.PV205"        ,   1, 1502939691925211447296.0, 267277593949793976320.0
"PVSystem.PV206"        ,   1, 1823895777341881188352.0, 324355313528246829056.0
"PVSystem.PV207"        ,   1, 876071977332704542720.0, 155797608839845937152.0
"PVSystem.PV208"        ,   1, 1041760554902870818816.0, 185263092116444938240.0
"PVSystem.PV209"        ,   1, 3408511715781203984384.0, 606157928525916798976.0
"PVSystem.PV210"        ,   1, 637623195053788626944.0, 113392702542590902272.0
"PVSystem.PV211"        ,   1, 1141175446091433115648.0, 202942692344549474304.0
"PVSystem.PV212"        ,   1, 1390386800925328015360.0, 247261577305919782912.0
"PVSystem.PV213"        ,   1, 2334722092295981629440.0, 415198897689566314496.0
"PVSystem.PV214"        ,   1, 2607295166576351772672.0, 463672349991435829248.0
"PVSystem.PV215"        ,   1, 2079674480621941948416.0, 369842113010305794048.0
"PVSystem.PV216"        ,   1, 1315492965729498300416.0, 233942716858778419200.0
"PVSystem.PV217"        ,   1, 1157511727669856436224.0, 205847880129383268352.0
"PVSystem.PV218"        ,   1, 1726073171281579868160.0, 306958879770635337728.0
"PVSystem.PV219"        ,   1, 2521622618662070910976.0, 448436640538786791424.0
"PVSystem.PV220"        ,   1, 1020558204174979432448.0, 181492539453589389312.0
"PVSystem.PV221"        ,   1, 2553306576247597301760.0, 454071205912613421056.0
"PVSystem.PV222"        ,   1, 510577072673819328512.0, 90799259796702674944.0
"PVSystem.PV223"        ,   1, 1444177927741853925376.0, 256827605154193080320.0
"PVSystem.PV224"        ,   1, 2541264632006307741696.0, 451929708216225759232.0
"PVSystem.PV225"        ,   1, 3318831086456937644032.0, 590209435734326378496.0
"PVSystem.PV226"        ,   1, 1118703277290359881728.0, 198946319608722980864.0
"PVSystem.PV227"        ,   1, 22937961921174048768.0, 4079207774688837120.0
"PVSystem.PV228"        ,   1, 866506756645111988224.0, 154096563092515848192.0
"PVSystem.PV229"        ,   1, 1465301414618876608512.0, 260584132963075129344.0
"PVSystem.PV230"        ,   1, 5279060413354483908608.0, 938809835918293729280.0
"PVSystem.PV231"        ,   1, 1797078375669904965632.0, 319586199615936659456.0
"PVSystem.PV232"        ,   1, 3086108503808881459200.0, 548822856957378953216.0
"PVSystem.PV233"        ,   1, 179344569488834887680.0, 31894017650691510272.0
"PVSystem.PV234"        ,   1, 67254213558313091072.0, 11960256619009316864.0
"PVSystem.PV235"        ,   1, 2980592698749880369152.0, 530058291333161943040.0
"PVSystem.PV236"        ,   1, 2604401387257177047040.0, 463157730291112345600.0
"PVSystem.PV237"        ,   1, 1730040838074571423744.0, 307664475910739329024.0
"PVSystem.PV238"        ,   1, 3083684084005437177856.0, 548391706540136529920.0
"PVSystem.PV239"        ,   1, 45871827419493687296.0, 8157687055712625664.0
"PVSystem.PV240"        ,   1, 2020947339831759077376.0, 359398281509829017600.0
"PVSystem.PV241"        ,   1, 1961616362281363570688.0, 348847065774328512512.0
"PVSystem.PV242"        ,   1, 1292825656227110846464.0, 229911640934019989504.0
"PVSystem.PV243"        ,   1, 1495214944393060941824.0, 265903851583997640704.0
"PVSystem.PV244"        ,   1, 161410112539951431680.0, 28704615885622358016.0
"PVSystem.PV245"        ,   1, 1748244081932389842944.0, 310901677822686068736.0
"PVSystem.PV246"        ,   1, 1736267591504784785408.0, 308771820194074984448.0
"PVSystem.PV247"        ,   1, 1204719454104704253952.0, 214243138838517874688.0
"PVSystem.PV248"        ,   1, 1447287594585331073024.0, 257380617545613508608.0
"PVSystem.PV249"        ,   1, 1444177927741853925376.0, 256827605154193080320.0
"PVSystem.PV250"        ,   1, 1446889659587320872960.0, 257309850161729175552.0
"PVSystem.PV251"        ,   1, 1764173238921175236608.0, 313734463964896362496.0
"PVSystem.PV252"        ,   1, 2722963177860868603904.0, 484242349019297284096.0
"PVSystem.PV253"        ,   1, 8207136604289507524608.0, 1459528773250865954816.0
"PVSystem.PV254"        ,   1, 2230062506251290935296.0, 396586599069671358464.0
"PVSystem.PV255"        ,   1, 913308481678829289472.0, 162419619941140070400.0
"PVSystem.PV256"        ,   1, 112090355930521845760.0, 19933761031682195456.0
"PVSystem.PV257"        ,   1, 1729800303226934001664.0, 307621700027723284480.0
"PVSystem.PV258"        ,   1, 152662183596614254592.0, 27148914472692150272.0
"PVSystem.PV259"        ,   1, 2088334862178402172928.0, 371382245297010638848.0
"PVSystem.PV260"        ,   1, 1120903559305218359296.0, 199337610316822020096.0
"PVSystem.PV261"        ,   1, 991628312522049323008.0, 176347747613735616512.0
"PVSystem.PV262"        ,   1, 3033789845389617659904.0, 539518687802227032064.0
"PVSystem.PV263"        ,   1, 5549863884954998407168.0, 986968588245586935808.0
"PVSystem.PV264"        ,   1, 1866910411007919128576.0, 332004887134763417600.0
"PVSystem.PV265"        ,   1, 67254213558313091072.0, 11960256619009316864.0
"PVSystem.PV266"        ,   1, 314500829249812692992.0, 55929739167116091392.0
"PVSystem.PV267"        ,   1, 179344569488834887680.0, 31894017650691510272.0
"PVSystem.PV268"        ,   1, 3061080384176664346624.0, 544371942785112014848.0
"PVSystem.PV269"        ,   1, 3296765952310181363712.0, 586285448637556850688.0
"PVSystem.PV270"        ,   1, 134508427116626182144.0, 23920513238018633728.0
"PVSystem.PV271"        ,   1, 5001215128441089687552.0, 889398791922594349056.0
"PVSystem.PV272"        ,   1, 1906314864619246583808.0, 339012438803534839808.0
"PVSystem.PV273"        ,   1, 376284889511835664384.0, 66917202655910273024.0
"PVSystem.PV274"        ,   1, 161410112539951431680.0, 28704615885622358016.0
"PVSystem.PV275"        ,   1, 121057584404963557376.0, 21528461914216771584.0
"PVSystem.PV276"        ,   1, 1628258791332040933376.0, 289563908930935783424.0
"PVSystem.PV277"        ,   1, 2923097160027590361088.0, 519833483687685783552.0
"PVSystem.PV278"        ,   1, 67391183260733169664.0, 11984614836912793600.0
"PVSystem.PV279"        ,   1, 354207135570575425536.0, 62990971293311934464.0
"PVSystem.PV280"        ,   1, 4425879115524215406592.0, 787083026430547853312.0
"PVSystem.PV281"        ,   1, 5467276093794531934208.0, 972281461358514929664.0
"PVSystem.PV282"        ,   1, 6117032332765868064768.0, 1087831862326898589696.0
"PVSystem.PV283"        ,   1, 5616040744909501628416.0, 998737251990456107008.0
"PVSystem.PV284"        ,   1, 20209808617664092831744.0, 3594042429287899332608.0
"PVSystem.PV285"        ,   1, 1752143954665409085440.0, 311595217679691874304.0
"PVSystem.PV286"        ,   1, 3921445568956954836992.0, 697376309983618531328.0
"PVSystem.PV287"        ,   1, 1198863863489274576896.0, 213201800866198552576.0
"PVSystem.PV288"        ,   1, 2482642837304255709184.0, 441504611105340391424.0
"PVSystem.PV289"        ,   1, 3124654004503853924352.0, 555677655423924043776.0
"PVSystem.PV290"        ,   1, 45881718996902010880.0, 8159446139610081280.0
"PVSystem.PV291"        ,   1, 2284927736691788349440.0, 406343641799941488640.0
"PVSystem.PV292"        ,   1, 1419983559530537287680.0, 252524962436141449216.0
"PVSystem.PV293"        ,   1, 677753889974789865472.0, 120529406469549670400.0
"PVSystem.PV294"        ,   1, 2339702642580129579008.0, 416084621516489883648.0
"PVSystem.PV295"        ,   1, 3241528323989595750400.0, 576462179949829685248.0
"PVSystem.PV296"        ,   1, 4769677391013261344768.0, 848222921926178111488.0
"PVSystem.PV297"        ,   1, 621543140809906454528.0, 110533081357936967680.0
"PVSystem.PV298"        ,   1, 5141087407556523982848.0, 914273194049868791808.0
"PVSystem.PV299"        ,   1, 152968244492375687168.0, 27203343283554713600.0
"PVSystem.PV300"        ,   1, 2354344631027517358080.0, 418688502070643392512.0
"PVSystem.PV301"        ,   1, 19844373795507336642560.0, 3529054765532853043200.0
"PVSystem.PV302"        ,   1, 64051381564596715257856.0, 11390676051061840543744.0
"PVSystem.PV303"        ,   1, 19844373795507336642560.0, 3529054765532853043200.0
"Load.EV_ASO2-1_SEMANA_4_7P2KW_1",   1, -1327665399056622944256.0, -236107420308323794944.0
"Load.EV_SR14-1_SEMANA_1_3P6KW_2",   1, -495586679649135886336.0, -88133420184658706432.0
"Load.EV_BL2-1_SEMANA_3_7P2KW_3",   1, -1017546179872484098048.0, -180956891388197765120.0
"Load.EV_UT1-2_SEMANA_3_7P2KW_4",   1, -1951605532255659229184.0, -347066774452720631808.0
"Load.EV_SHARE-29_SEMANA_1_3P6KW_5",   1, -287470558467826647040.0, -51122769359160147968.0
"Load.EV_ASO10-5_SEMANA_1_7P2KW_6",   1, -1119942212004364156928.0, -199166647540131102720.0
"Load.EV_SHARE-7_SEMANA_1_3P6KW_7",   1, -411246046685410623488.0, -73134573869996720128.0
"Load.EV_BL2-5_SEMANA_2_7P2KW_8",   1, -594330611645547413504.0, -105693699279504326656.0
"Load.EV_BL2-6_SEMANA_4_3P6KW_9",   1, -520291631426190835712.0, -92526863318826762240.0
"Load.EV_ADO1-1_SEMANA_2_7P2KW_10",   1, -645513235076475256832.0, -114795839920444866560.0
"Load.EV_SHARE-29_SEMANA_1_3P6KW_11",   1, -102672827971677814784.0, -18258980422325010432.0
"Load.EV_BL2-2_SEMANA_3_7P2KW_12",   1, -86453600166247366656.0, -15374609122983575552.0
"Load.EV_ASO2-1_SEMANA_2_3P6KW_13",   1, -560415118728580825088.0, -99662285388002902016.0
"Load.EV_ASO10-5_SEMANA_2_7P2KW_14",   1, -1135726935432635613184.0, -201973747994259324928.0
"Load.EV_MS22-1_SEMANA_2_7P2KW_15",   1, -2429548814272485654528.0, -432062553825983922176.0
"Load.EV_UT1-2_SEMANA_1_3P6KW_16",   1, -348644153443942137856.0, -62001669760829358080.0
"Load.EV_ASO10-3_SEMANA_1_3P6KW_17",   1, -541505742311004962816.0, -96299507322902544384.0
"Load.EV_SHARE-15_SEMANA_2_7P2KW_18",   1, -809511051582597758976.0, -143960644189227139072.0
"Load.EV_ADO3-3_SEMANA_3_7P2KW_19",   1, -2408520027913789636608.0, -428322867238194839552.0
"Load.EV_SR14-2_SEMANA_1_3P6KW_20",   1, -876327377556278738944.0, -155843028270204878848.0
"Load.EV_ASO2-1_SEMANA_1_7P2KW_21",   1, -774124580719689990144.0, -137667636666056916992.0
"Load.EV_SHARE-36_SEMANA_4_3P6KW_22",   1, -1871247135183833923584.0, -332776115155775324160.0
"Load.EV_BL2-3_SEMANA_1_7P2KW_23",   1, -288406784822902849536.0, -51289264649320202240.0
"Load.EV_BL2-6_SEMANA_1_7P2KW_24",   1, -851808832696289722368.0, -151482735102233083904.0
"Load.EV_ADO3-3_SEMANA_4_3P6KW_25",   1, -2634700396605280354304.0, -468546001257923936256.0
"Load.EV_BL2-3_SEMANA_3_7P2KW_26",   1, -4857668146476861095936.0, -863870893415312392192.0
"Load.EV_BL2-8_SEMANA_2_7P2KW_27",   1, -1134474337303665573888.0, -201750990273767964672.0
"Load.EV_SHARE-20_SEMANA_2_3P6KW_28",   1, -902667350313018064896.0, -160527237959787446272.0
"Load.EV_SR2-3_SEMANA_2_3P6KW_29",   1, -46973975169562279936.0, -8353689213095054336.0
"Load.EV_BL2-7_SEMANA_2_7P2KW_30",   1, -574941116935653294080.0, -102245538718320295936.0
"Load.EV_SHARE-25_SEMANA_2_7P2KW_31",   1, -921283134117016371200.0, -163837804544271056896.0
"Load.EV_BL2-6_SEMANA_2_3P6KW_32",   1, -144661190982083608576.0, -25726045633929891840.0
"Load.EV_BL2-6_SEMANA_2_3P6KW_33",   1, -425977780853041201152.0, -75754414500012802048.0
"Load.EV_SHARE-25_SEMANA_1_3P6KW_34",   1, -560500742575475261440.0, -99677512435238813696.0
"Load.EV_BL2-1_SEMANA_4_7P2KW_35",   1, -290016651141719752704.0, -51575557695870976000.0
"Load.EV_BL7-1_SEMANA_1_3P6KW_36",   1, -574753619855253766144.0, -102212194807934894080.0
"Load.EV_SHARE-30_SEMANA_1_7P2KW_37",   1, -91384017096230797312.0, -16251417355706978304.0
"Load.EV_SHARE-15_SEMANA_2_7P2KW_38",   1, -294245415232003276800.0, -52327586456875442176.0
"Load.EV_SHARE-7_SEMANA_2_3P6KW_39",   1, -428733140103575830528.0, -76244418053984583680.0
"Load.EV_ADO3-2_SEMANA_2_3P6KW_40",   1, -524190165816912510976.0, -93220165184058638336.0
"Load.EV_BL2-2_SEMANA_4_7P2KW_41",   1, -1113860152624066985984.0, -198085035010386788352.0
"Load.EV_ADO3-3_SEMANA_2_3P6KW_42",   1, -550500087074333523968.0, -97899030469637341184.0
"Load.EV_SHARE-3_SEMANA_3_7P2KW_43",   1, -1075765745654943711232.0, -191310457501566042112.0
"Load.EV_UT15-2_SEMANA_2_7P2KW_44",   1, -4230595185749776662528.0, -752354408040051638272.0
"Load.EV_ASO6-1_SEMANA_1_3P6KW_45",   1, -471973824842960994304.0, -83934191738513145856.0
"Load.EV_SHARE-12_SEMANA_2_3P6KW_46",   1, -595515936639562547200.0, -105904493375799853056.0
"Load.EV_SHARE-30_SEMANA_3_3P6KW_47",   1, -138093537033718792192.0, -24558076750000119808.0
"Load.EV_ADO1-1_SEMANA_1_7P2KW_48",   1, -922936740075842043904.0, -164131876021442543616.0
"Load.EV_SHARE-6_SEMANA_2_3P6KW_49",   1, -558682730624467533824.0, -99354203483884011520.0
"Load.EV_SHARE-7_SEMANA_1_7P2KW_50",   1, -84477174128490643456.0, -15023128354969065472.0
