Date,shape_temp_1,shape_temp_2,shape_temp_3,shape_temp_4,shape_temp_5,shape_temp_6,shape_temp_7,shape_temp_8,shape_temp_9,shape_temp_10,shape_temp_11,shape_temp_12,shape_temp_14,shape_temp_16,shape_temp_17,shape_temp_18,shape_temp_19,shape_temp_20,shape_temp_21,shape_temp_22,shape_temp_23,shape_temp_24,shape_temp_25,shape_temp_26,shape_temp_27,shape_temp_28,shape_temp_29,shape_temp_30,shape_temp_31,shape_temp_32,shape_temp_33,shape_temp_34,shape_temp_35,shape_temp_36,shape_temp_37,shape_temp_38,shape_temp_39,shape_temp_40,shape_temp_41,shape_temp_42,shape_temp_43,shape_temp_44,shape_temp_45,shape_temp_46,shape_temp_47,shape_temp_48,shape_temp_49,shape_temp_50,shape_temp_51
2026-01-01 00:00:00,19.145222,19.111627,19.110265,19.869621,20.779917,16.993935,14.407053,17.799999,11.90039,12.84803,25.0,17.799999,25.0,25.0,25.0,25.0,25.0,25.0,25.0,25.0,25.0,25.0,25.0,25.0,25.0,23.873851,25.0,25.0,25.0,25.0,25.0,20.447465,23.047639,23.200001,25.0,21.200001,22.885049,21.952894,25.0,19.043877,23.257777,21.098735,23.692641,23.348096,19.4,20.799999,21.30825,20.176856,26.554384
2026-01-01 00:10:00,19.1,19.242416,19.24342,19.799999,20.209899,17.02854,15.128693,17.581665,11.993202,13.387402,25.0,17.348278,25.0,25.0,25.0,25.0,25.0,25.0,25.0,25.0,25.0,25.0,25.0,25.0,25.0,22.533363,25.0,25.0,25.0,25.0,25.0,20.43848,23.0,22.700001,25.0,21.200001,22.454837,22.131753,25.0,19.428253,22.96688,20.935391,22.819076,23.2531,19.4,20.562793,20.949036,20.075502,26.663606
2026-01-01 00:20:00,19.075406,19.30978,19.311065,19.725113,19.945838,16.813644,15.073698,17.358043,11.903855,13.557471,25.0,17.198302,25.0,25.0,25.0,25.0,25.0,25.0,25.0,25.0,25.0,25.0,25.0,25.0,25.0,22.729708,25.0,25.0,25.0,25.0,25.0,20.500847,22.91809,22.488636,25.0,21.35,22.200873,22.440685,25.0,19.391337,22.782969,20.810896,22.648344,23.259171,19.486445,20.681396,20.734508,19.945212,26.605662
2026-01-01 00:30:00,19.040094,19.339769,19.341051,19.635013,19.786074,16.399672,15.018703,17.232629,11.728132,13.623324,25.0,17.117004,25.0,25.0,25.0,25.0,25.0,25.0,25.0,25.0,25.0,25.0,25.0,25.0,25.0,23.148773,25.0,25.0,25.0,25.0,25.0,20.563214,22.863679,22.4,25.0,21.5,22.021189,22.646183,25.0,19.299999,22.626921,20.747339,22.588815,23.265243,19.57289,20.799999,20.5,19.737885,26.547719
2026-01-01 00:40:00,18.799999,19.296016,19.297836,19.5,19.700001,15.893755,15.158145,17.547784,11.5,13.5,25.0,17.073914,25.0,25.0,25.0,25.0,25.0,25.0,25.0,25.0,25.0,25.0,25.0,25.0,25.0,23.842717,25.0,25.0,25.0,25.0,25.0,20.507849,23.131811,23.0,25.0,21.200001,21.9,22.640772,25.0,19.05384,22.465196,20.746694,22.700001,23.028908,19.4,20.37175,20.0,19.167019,26.799999
2026-01-01 00:50:00,18.730642,19.176198,19.175893,19.387391,19.672114,16.195108,15.311712,17.511148,11.696318,13.438332,25.0,17.156516,25.0,25.0,25.0,25.0,25.0,25.0,25.0,25.0,25.0,25.0,25.0,25.0,25.0,23.655809,25.0,25.0,25.0,25.0,25.0,20.517467,22.801122,22.901923,25.0,21.200001,21.910862,22.628805,25.0,19.048281,22.20162,20.60999,22.700001,22.710156,19.4,20.292557,20.15,18.512174,26.729433
2026-01-01 01:00:00,18.682415,18.966216,18.962745,19.32855,19.661241,16.49646,15.4,17.408394,11.892636,13.411131,25.0,17.239119,25.0,25.0,25.0,25.0,25.0,25.0,25.0,25.0,25.0,25.0,25.0,25.0,25.0,23.30551,25.0,25.0,25.0,25.0,25.0,20.527086,22.273801,22.700001,25.0,21.200001,21.943248,22.6,25.0,19.042694,22.029373,20.412748,22.700001,22.392005,19.4,20.233233,20.299999,18.002614,26.658866
2026-01-01 01:10:00,18.62321,18.564085,18.565264,19.5,19.902269,16.124392,15.32713,16.939729,11.437569,13.5,25.0,17.134408,25.0,25.0,25.0,25.0,25.0,25.0,25.0,25.0,25.0,25.0,25.0,25.0,25.0,22.91023,25.0,25.0,25.0,25.0,25.0,20.507251,21.905111,22.4,25.0,21.799999,22.150696,22.34442,25.0,18.747461,22.168812,20.312095,21.94236,22.157365,19.4,20.115227,20.230641,17.799999,26.799999
2026-01-01 01:20:00,18.627185,18.556808,18.554909,19.443792,19.757023,15.241788,15.294682,17.386134,11.341192,13.35,25.0,17.093522,25.0,25.0,25.0,25.0,25.0,25.0,25.0,25.0,25.0,25.0,25.0,25.0,25.0,22.854825,25.0,25.0,25.0,25.0,25.0,20.507296,21.756814,22.260294,25.0,21.65,22.187422,22.401772,25.0,18.722959,22.164924,20.162079,21.57368,21.870695,19.221155,19.956958,20.244583,17.827153,26.709682
2026-01-01 01:30:00,18.631159,18.55051,18.546256,19.387584,19.5,14.6,15.25426,17.974528,11.249253,13.2,25.0,17.058455,25.0,25.0,25.0,25.0,25.0,25.0,25.0,25.0,25.0,25.0,25.0,25.0,25.0,22.796579,25.0,25.0,25.0,25.0,25.0,20.507452,21.653462,22.200001,25.0,21.5,22.200001,22.470283,25.0,18.700001,22.15137,19.909706,21.313433,21.700001,18.90416,19.859759,20.258525,17.854306,26.5
2026-01-01 01:40:00,18.6,18.502024,18.495022,19.696443,19.254562,15.008189,15.06019,18.183195,10.891184,13.452239,25.0,17.0,25.0,25.0,25.0,25.0,25.0,25.0,25.0,25.0,25.0,25.0,25.0,25.0,25.0,22.209304,25.0,25.0,25.0,25.0,25.0,20.512994,21.555646,22.200001,25.0,21.5,21.9,22.485002,25.0,18.530744,21.430322,19.201129,21.1,21.700001,18.6,19.959486,20.0,17.62525,26.046819
2026-01-01 01:50:00,18.615571,18.469539,18.465222,19.632455,19.13949,14.906535,14.833355,17.720621,10.708345,13.381741,25.0,17.068378,25.0,25.0,25.0,25.0,25.0,25.0,25.0,25.0,25.0,25.0,25.0,25.0,25.0,21.989204,25.0,25.0,25.0,25.0,25.0,20.551649,21.648233,22.05,25.0,21.5,21.884548,22.286205,25.0,18.367302,20.850777,19.068633,20.800662,21.688813,18.519481,19.942631,19.976675,17.612659,25.969355
2026-01-01 02:00:00,18.631142,18.423755,18.424434,19.5,19.035235,14.804881,14.645403,16.99855,10.627167,13.209227,25.0,17.136756,25.0,25.0,25.0,25.0,25.0,25.0,25.0,25.0,25.0,25.0,25.0,25.0,25.0,21.9,25.0,25.0,25.0,25.0,25.0,20.585858,21.74082,21.9,25.0,21.5,21.868562,22.054378,25.0,18.200001,20.233779,18.94417,20.614128,21.653241,18.428451,19.925776,19.952687,17.6,25.9
2026-01-01 02:10:00,18.6,18.22826,18.231288,19.299999,18.864989,14.847852,14.553624,16.526325,10.655503,12.762402,25.0,16.761996,25.0,25.0,25.0,25.0,25.0,25.0,25.0,25.0,25.0,25.0,25.0,25.0,25.0,21.952832,25.0,25.0,25.0,25.0,25.0,20.531628,21.499854,21.9,25.0,21.65,21.260193,22.011883,25.0,18.016008,19.332486,18.436566,21.305103,21.281546,17.828876,20.009086,19.601816,17.351466,25.647552
2026-01-01 02:20:00,18.6,18.134303,18.135623,19.160339,18.85013,14.842743,14.380666,16.54874,10.665906,12.775216,25.0,16.981526,25.0,25.0,25.0,25.0,25.0,25.0,25.0,25.0,25.0,25.0,25.0,25.0,25.0,21.951958,25.0,25.0,25.0,25.0,25.0,20.536577,21.122704,22.05,25.0,21.750961,21.010418,21.939293,25.0,18.021515,19.506063,18.334713,21.248115,21.424544,17.851086,20.157369,19.579801,17.325989,25.528518
2026-01-01 02:30:00,18.6,18.093363,18.093549,19.0,18.845501,14.825304,14.202905,16.614585,10.670098,12.78803,25.0,17.201055,25.0,25.0,25.0,25.0,25.0,25.0,25.0,25.0,25.0,25.0,25.0,25.0,25.0,21.94885,25.0,25.0,25.0,25.0,25.0,20.541526,20.693419,22.200001,25.0,21.799999,20.781813,21.848291,25.0,18.027023,19.685981,18.247206,21.113036,21.61985,17.892465,20.256898,19.573135,17.299999,25.4
2026-01-01 02:40:00,18.6,18.148284,18.146362,18.668577,19.140002,14.333733,14.1,17.0,10.569178,12.582251,25.0,17.046546,25.0,25.0,25.0,25.0,25.0,25.0,25.0,25.0,25.0,25.0,25.0,25.0,25.0,20.777072,25.0,25.0,25.0,25.0,25.0,20.485386,20.299999,21.6,25.0,21.799999,20.348321,21.748598,25.0,17.945122,19.69326,18.0,20.799999,21.700001,17.938363,20.217319,19.823339,17.0,25.058618
2026-01-01 02:50:00,18.6,18.199827,18.198258,18.558039,19.357442,14.617223,14.1,16.877242,10.494529,12.546246,25.0,16.906128,25.0,25.0,25.0,25.0,25.0,25.0,25.0,25.0,25.0,25.0,25.0,25.0,25.0,20.317243,25.0,25.0,25.0,25.0,25.0,20.440124,20.299999,21.61177,25.0,21.799999,20.311455,21.640751,25.0,18.093446,19.675196,18.0,20.719149,21.674951,18.169372,20.239355,19.712699,17.0,24.966208
2026-01-01 03:00:00,18.6,18.227878,18.22695,18.45438,19.540701,15.061546,14.1,16.589525,10.3897,12.506428,25.0,16.758282,25.0,25.0,25.0,25.0,25.0,25.0,25.0,25.0,25.0,25.0,25.0,25.0,25.0,20.1,25.0,25.0,25.0,25.0,25.0,20.375647,20.299999,21.636,25.0,21.799999,20.299999,21.562434,25.0,18.24177,19.657132,18.0,20.665046,21.649901,18.365138,20.261391,19.53476,17.0,24.931721
2026-01-01 03:10:00,18.6,18.161489,18.167821,18.200001,19.700001,15.35588,13.8,15.947681,10.00869,12.069196,25.0,16.57264,25.0,25.0,25.0,25.0,25.0,25.0,25.0,25.0,25.0,25.0,25.0,25.0,25.0,20.054167,25.0,25.0,25.0,25.0,25.0,20.156781,20.386858,21.672,25.0,21.799999,21.091489,21.53699,25.0,17.935154,20.145678,17.476932,20.6,21.700001,18.256668,20.0,19.407024,16.754966,25.040524
2026-01-01 03:20:00,18.6,18.164363,18.164977,18.297633,19.630641,15.572405,13.8,15.640579,10.31621,12.008685,25.0,16.281748,25.0,25.0,25.0,25.0,25.0,25.0,25.0,25.0,25.0,25.0,25.0,25.0,25.0,20.03125,25.0,25.0,25.0,25.0,25.0,20.072161,20.266221,21.69,25.0,21.799999,21.487233,21.668495,25.0,17.95398,20.303871,17.397242,20.6,21.814898,18.130807,20.15,19.173787,16.584032,24.919138
2026-01-01 03:30:00,18.6,18.167237,18.16217,18.395265,19.56128,15.794194,13.8,15.467198,10.623731,11.945279,25.0,16.093958,25.0,25.0,25.0,25.0,25.0,25.0,25.0,25.0,25.0,25.0,25.0,25.0,25.0,20.008334,25.0,25.0,25.0,25.0,25.0,20.037568,20.0,21.708,25.0,21.799999,21.882978,21.799999,25.0,18.011652,20.434661,17.333102,20.6,21.936216,18.057154,20.299999,19.016048,16.5,24.797752
2026-01-01 03:40:00,18.682429,18.110176,18.113562,18.200001,19.592574,16.11486,14.298544,15.398357,10.322686,11.311672,25.0,16.654047,25.0,25.0,25.0,25.0,25.0,25.0,25.0,25.0,25.0,25.0,25.0,25.0,25.0,19.9625,25.0,25.0,25.0,25.0,25.0,20.090971,19.511263,21.744,25.0,21.799999,22.674467,21.588663,25.0,18.455587,20.665942,17.157714,20.6,22.0,18.402558,19.892517,19.453123,16.547195,24.815238
2026-01-01 03:50:00,18.685964,18.105512,18.109707,18.14183,19.546287,15.855846,14.847664,15.414961,10.188434,11.133197,25.0,16.302295,25.0,25.0,25.0,25.0,25.0,25.0,25.0,25.0,25.0,25.0,25.0,25.0,25.0,19.939584,25.0,25.0,25.0,25.0,25.0,20.11754,19.027923,21.762,25.0,21.799999,23.070212,21.414918,25.0,18.450911,20.702301,17.181923,20.6,22.023266,18.22208,19.695416,19.341741,16.674394,24.795948
2026-01-01 04:00:00,18.689434,18.101677,18.106146,18.084402,19.5,15.596832,15.163376,15.459638,10.131242,11.0,25.0,15.950543,25.0,25.0,25.0,25.0,25.0,25.0,25.0,25.0,25.0,25.0,25.0,25.0,25.0,19.916667,25.0,25.0,25.0,25.0,25.0,20.129241,18.760094,21.78,25.0,21.799999,23.465957,21.32458,25.0,18.434881,20.741474,17.247428,20.6,22.032626,18.0,19.609361,19.102682,16.783079,24.776658
2026-01-01 04:10:00,18.750265,18.086434,18.0813,17.9,19.5,15.658001,15.051675,15.627704,10.327385,10.8,25.0,16.120022,25.0,25.0,25.0,25.0,25.0,25.0,25.0,25.0,25.0,25.0,25.0,25.0,25.0,19.870834,25.0,25.0,25.0,25.0,25.0,20.097483,18.991889,21.816,25.0,21.799999,24.257446,21.60071,25.0,17.93416,21.151347,17.5,20.515069,21.549471,17.943371,19.657382,18.700001,16.799999,24.810381
2026-01-01 04:20:00,18.761803,18.018423,18.009413,17.854224,19.5,15.796738,14.988051,15.539109,10.137539,10.606452,25.0,16.427789,25.0,25.0,25.0,25.0,25.0,25.0,25.0,25.0,25.0,25.0,25.0,25.0,25.0,19.847917,25.0,25.0,25.0,25.0,25.0,20.09574,19.100852,21.834,25.0,21.799999,24.653191,21.523543,25.0,17.895199,21.201582,17.5,20.622465,21.3537,17.787879,19.613525,18.539177,16.629275,24.55519
2026-01-01 04:30:00,18.765805,17.961885,17.954549,17.813172,19.5,15.896443,14.9,15.447219,9.947693,10.5,25.0,16.635598,25.0,25.0,25.0,25.0,25.0,25.0,25.0,25.0,25.0,25.0,25.0,25.0,25.0,19.825,25.0,25.0,25.0,25.0,25.0,20.095218,19.148012,21.852,25.0,21.799999,25.048936,21.327744,25.0,17.883193,21.256606,17.5,20.771065,21.272599,17.670645,19.569668,18.403435,16.343544,24.299999
2026-01-01 04:40:00,18.6,18.035993,18.038912,17.700001,19.638953,14.597039,14.446097,15.443437,10.356781,10.5,25.0,16.452202,25.0,25.0,25.0,25.0,25.0,25.0,25.0,25.0,25.0,25.0,25.0,25.0,25.0,19.779167,25.0,25.0,25.0,25.0,25.0,20.14233,18.489392,21.888,25.0,21.799999,25.840425,20.748038,25.0,17.934734,22.336501,17.896389,20.835199,21.416623,17.799999,19.799999,18.190661,16.11208,24.341837
2026-01-01 04:50:00,18.7,18.155271,18.160075,17.700001,19.587044,14.228753,14.497533,15.508157,10.291807,10.381276,25.0,16.129767,25.0,25.0,25.0,25.0,25.0,25.0,25.0,25.0,25.0,25.0,25.0,25.0,25.0,19.75625,25.0,25.0,25.0,25.0,25.0,20.04235,18.164672,21.906,25.0,21.799999,26.23617,20.61067,25.0,17.936353,22.483657,17.848395,20.921029,21.712439,17.875008,19.981127,18.505726,16.05369,24.170919
2026-01-01 05:00:00,18.799999,18.342338,18.344751,17.700001,19.456475,14.089821,14.6,15.572876,10.101473,10.262551,25.0,15.91414,25.0,25.0,25.0,25.0,25.0,25.0,25.0,25.0,25.0,25.0,25.0,25.0,25.0,19.733334,25.0,25.0,25.0,25.0,25.0,19.942371,17.873934,21.924,25.0,21.799999,26.631914,20.482261,25.0,17.938022,22.588395,17.733039,20.973703,22.044852,17.929393,20.143658,18.820792,16.032244,24.0
2026-01-01 05:10:00,18.799999,18.735396,18.742464,17.652529,19.082442,14.576918,14.738113,15.562595,9.005452,10.452373,25.0,15.957778,25.0,25.0,25.0,25.0,25.0,25.0,25.0,25.0,25.0,25.0,25.0,25.0,25.0,19.6875,25.0,25.0,25.0,25.0,25.0,19.961164,17.434667,21.96,25.0,21.799999,27.423404,20.060671,25.0,18.102901,22.799999,17.452586,20.705486,22.277367,17.969577,20.299999,18.700001,16.642158,24.0
2026-01-01 05:20:00,18.725863,18.803143,18.810422,17.549145,18.89407,14.660388,14.558622,15.544775,9.018626,10.385615,25.0,15.976383,25.0,25.0,25.0,25.0,25.0,25.0,25.0,25.0,25.0,25.0,25.0,25.0,25.0,19.664584,25.0,25.0,25.0,25.0,25.0,19.897216,17.408041,21.978,25.0,21.799999,27.819148,19.943195,25.0,18.053157,22.486748,17.282961,20.5541,22.84685,17.674324,20.114389,18.732897,17.057401,23.994524
2026-01-01 05:30:00,18.630442,18.841987,18.846934,17.446319,18.767382,14.739312,14.266752,15.532908,9.039518,10.246461,25.0,16.001415,25.0,25.0,25.0,25.0,25.0,25.0,25.0,25.0,25.0,25.0,25.0,25.0,25.0,19.641667,25.0,25.0,25.0,25.0,25.0,19.833268,17.4,21.996,25.0,21.799999,28.214893,19.837366,25.0,17.985561,22.171256,17.200001,20.484714,23.264355,17.304124,19.906468,18.796887,17.259868,23.976032
2026-01-01 05:40:00,18.6,18.881621,18.87821,17.4,18.680128,15.094556,14.050034,15.917814,9.05388,10.031933,25.0,16.196297,25.0,25.0,25.0,25.0,25.0,25.0,25.0,25.0,25.0,25.0,25.0,25.0,25.0,19.595834,25.0,25.0,25.0,25.0,25.0,19.893636,17.544526,22.032,25.0,21.799999,29.006382,19.568166,25.0,17.958372,22.168751,17.195142,20.6,23.159631,17.200001,19.878899,18.877326,17.045268,23.55809
2026-01-01 05:50:00,18.6,18.913669,18.907429,17.4,18.626688,14.847278,14.104942,15.962539,9.036009,10.197044,25.0,16.186838,25.0,25.0,25.0,25.0,25.0,25.0,25.0,25.0,25.0,25.0,25.0,25.0,25.0,19.572917,25.0,25.0,25.0,25.0,25.0,19.873133,17.514559,22.05,25.0,21.799999,29.402127,19.5162,25.0,18.02621,22.10132,17.069305,20.6,23.305512,17.35,19.831492,18.740758,16.898648,23.236374
2026-01-01 06:00:00,18.6,18.941304,18.935114,17.4,18.586366,14.6,14.275858,16.000671,9.018139,10.362156,25.0,16.155793,25.0,25.0,25.0,25.0,25.0,25.0,25.0,25.0,25.0,25.0,25.0,25.0,25.0,19.55,25.0,25.0,25.0,25.0,25.0,19.812427,17.432082,22.068,25.0,21.799999,29.797872,19.461144,25.0,18.143719,21.953681,16.947708,20.6,23.451394,17.5,19.799999,18.484586,16.827074,23.072833
2026-01-01 06:10:00,18.6,18.964528,18.960867,17.65529,18.554879,14.9,15.761885,16.148015,9.06204,9.857847,25.0,15.7,25.0,25.0,25.0,25.0,25.0,25.0,25.0,25.0,25.0,25.0,25.0,25.0,25.0,19.504167,25.0,25.0,25.0,25.0,25.0,19.439927,17.088474,22.104,25.0,21.799999,30.589361,19.075172,25.0,18.249133,21.666316,17.594032,20.6,23.1,17.444416,19.876278,18.194806,16.875145,23.295261
2026-01-01 06:20:00,18.6,19.015282,19.0168,17.735278,18.466748,14.665927,16.259482,15.939124,9.365807,9.462603,25.0,15.767693,25.0,25.0,25.0,25.0,25.0,25.0,25.0,25.0,25.0,25.0,25.0,25.0,25.0,19.48125,25.0,25.0,25.0,25.0,25.0,19.264698,16.983255,22.122,25.0,21.799999,30.985106,18.914792,25.0,18.635606,21.650248,17.41464,20.696449,22.676627,17.64382,19.905161,17.906378,17.053487,23.338893
2026-01-01 06:30:00,18.6,19.068551,19.071714,17.766202,18.4,14.431854,16.637571,15.730233,9.634383,9.2,25.0,15.951224,25.0,25.0,25.0,25.0,25.0,25.0,25.0,25.0,25.0,25.0,25.0,25.0,25.0,19.458333,25.0,25.0,25.0,25.0,25.0,19.188842,16.942811,22.14,25.0,21.799999,31.380851,18.84787,25.0,19.201996,21.634712,17.200001,20.954421,22.05797,17.951435,19.9169,17.642402,17.299999,23.37753
2026-01-01 06:40:00,18.6,19.097239,19.095383,17.700001,18.464773,14.742143,17.159664,16.10874,9.057608,9.102029,25.0,16.665147,25.0,25.0,25.0,25.0,25.0,25.0,25.0,25.0,25.0,25.0,25.0,25.0,25.0,19.4125,25.0,25.0,25.0,25.0,25.0,19.287496,17.1,22.176,25.0,21.799999,32.17234,19.554695,25.0,19.765232,21.444968,17.153432,21.9,20.650692,18.145181,19.857239,17.432913,17.507396,23.5
2026-01-01 06:50:00,18.575924,19.08559,19.084942,17.715544,18.343731,14.28559,17.460929,16.227263,9.074549,9.218975,25.0,16.306114,25.0,25.0,25.0,25.0,25.0,25.0,25.0,25.0,25.0,25.0,25.0,25.0,25.0,19.389583,25.0,25.0,25.0,25.0,25.0,19.285182,17.288478,22.194,25.0,21.799999,32.568085,20.199422,25.0,19.517144,21.329971,17.164777,21.603938,20.575964,18.058564,19.83553,17.121264,17.34842,23.485632
2026-01-01 07:00:00,18.510485,19.052221,19.054417,17.731087,18.143488,13.8,17.6,16.273076,9.091491,9.336641,25.0,15.6568,25.0,25.0,25.0,25.0,25.0,25.0,25.0,25.0,25.0,25.0,25.0,25.0,25.0,19.366667,25.0,25.0,25.0,25.0,25.0,19.277459,17.4,22.212,25.0,21.799999,32.963829,20.546864,25.0,19.269056,21.200001,17.200001,21.115254,20.553596,17.842391,19.826802,16.738227,16.94595,23.442789
2026-01-01 07:10:00,18.253054,18.882559,18.880641,17.447622,17.986833,13.765867,16.973966,16.200001,9.049522,9.337446,25.0,14.996162,25.0,25.0,25.0,25.0,25.0,25.0,25.0,25.0,25.0,25.0,25.0,25.0,25.0,19.320833,25.0,25.0,25.0,25.0,25.0,19.133549,17.287752,22.248,25.0,21.799999,33.755319,20.5,25.0,19.439817,20.9,17.5,20.735529,21.835498,17.240912,19.974632,16.28966,15.76448,23.168115
2026-01-01 07:20:00,18.276526,18.820203,18.820173,17.41169,17.957614,13.581826,16.505592,16.30095,8.956204,9.20249,25.0,14.339927,25.0,25.0,25.0,25.0,25.0,25.0,25.0,25.0,25.0,25.0,25.0,25.0,25.0,19.297917,25.0,25.0,25.0,25.0,25.0,19.064433,17.350887,22.266,25.0,21.799999,34.151063,20.287538,25.0,19.548309,21.094676,17.473544,20.660296,22.317669,17.252191,19.973112,16.086788,15.754436,22.887816
2026-01-01 07:30:00,18.299999,18.795066,18.796153,17.4,17.936688,13.375877,15.982909,16.5,8.889493,8.938307,25.0,13.634565,25.0,25.0,25.0,25.0,25.0,25.0,25.0,25.0,25.0,25.0,25.0,25.0,25.0,19.275,25.0,25.0,25.0,25.0,25.0,18.986771,17.508399,22.284,25.0,21.799999,34.546808,19.9,25.0,19.6,21.411703,17.405924,20.633996,22.513282,17.284562,19.967894,16.0,15.745315,22.57062
2026-01-01 07:40:00,18.0,18.989341,18.990299,17.575082,17.9,13.306044,15.053482,16.760362,9.616284,8.6,25.0,12.77955,25.0,25.0,25.0,25.0,25.0,25.0,25.0,25.0,25.0,25.0,25.0,25.0,25.0,19.229167,25.0,25.0,25.0,25.0,25.0,18.757513,17.94608,22.32,25.0,21.799999,35.338297,19.261946,25.0,19.6,21.648159,17.200001,20.658432,22.082188,17.450815,19.799999,16.0,15.632107,22.1434
2026-01-01 07:50:00,18.106139,18.941525,18.942695,17.696783,17.759259,13.283234,14.656498,16.813256,9.356932,8.395713,25.0,13.076483,25.0,25.0,25.0,25.0,25.0,25.0,25.0,25.0,25.0,25.0,25.0,25.0,25.0,19.20625,25.0,25.0,25.0,25.0,25.0,18.742523,17.988628,22.338,25.0,21.799999,35.734042,19.012196,25.0,19.367024,21.488321,17.036952,20.825972,22.036092,17.426922,19.808902,15.861949,15.092828,21.859164
2026-01-01 08:00:00,18.212278,18.89371,18.895091,17.75654,17.6,13.254136,14.298983,16.831834,8.936496,8.3,25.0,13.695645,25.0,25.0,25.0,25.0,25.0,25.0,25.0,25.0,25.0,25.0,25.0,25.0,25.0,19.183333,25.0,25.0,25.0,25.0,25.0,18.733185,18.02398,22.356,25.0,21.799999,36.129787,18.909743,25.0,19.075508,21.328482,16.941972,21.024658,22.021413,17.403028,19.838224,15.723898,14.63971,21.552514
2026-01-01 08:10:00,18.0,18.92325,18.921776,17.649679,17.529456,12.968107,13.672844,16.555273,8.627233,8.347533,25.0,14.651207,25.0,25.0,25.0,25.0,25.0,25.0,25.0,25.0,25.0,25.0,25.0,25.0,25.0,19.1375,25.0,25.0,25.0,25.0,25.0,18.716391,18.159475,22.392,25.0,21.799999,36.921276,19.073876,25.0,18.994364,21.420372,16.925666,21.1,22.228817,18.047201,20.289516,16.094368,15.142987,20.989717
2026-01-01 08:20:00,18.0,18.965588,18.964113,17.496297,17.461336,12.784968,13.456168,16.43266,8.761534,8.470791,25.0,14.638211,25.0,25.0,25.0,25.0,25.0,25.0,25.0,25.0,25.0,25.0,25.0,25.0,25.0,19.114583,25.0,25.0,25.0,25.0,25.0,18.918773,17.879738,22.41,25.0,21.799999,37.317021,19.129176,25.0,18.922226,21.359455,17.07057,21.050749,22.539678,17.973308,20.366018,16.374204,15.275807,20.992513
2026-01-01 08:30:00,18.0,18.992157,18.991551,17.4,17.395783,12.586166,13.250306,16.341349,8.932476,8.562451,25.0,14.6,25.0,25.0,25.0,25.0,25.0,25.0,25.0,25.0,25.0,25.0,25.0,25.0,25.0,19.091667,25.0,25.0,25.0,25.0,25.0,19.121155,17.6,22.428,25.0,21.799999,37.712766,19.20049,25.0,18.809152,21.199513,17.215474,21.001497,22.737565,17.862823,20.419404,16.515541,15.325088,21.000859
2026-01-01 08:40:00,18.0,18.95496,18.955532,17.4,17.334366,12.2,12.742538,16.2469,8.984235,8.1,25.0,14.37513,25.0,25.0,25.0,25.0,25.0,25.0,25.0,25.0,25.0,25.0,25.0,25.0,25.0,19.045833,25.0,25.0,25.0,25.0,25.0,19.053205,18.285638,22.464,25.0,21.799999,38.504255,19.909305,25.0,18.331195,20.657231,17.209642,21.057252,22.711998,17.799999,20.511363,16.433566,15.2,21.054781
2026-01-01 08:50:00,18.0,18.837583,18.835004,17.41435,17.319018,12.290148,12.690793,16.249551,9.08269,7.817436,25.0,14.223776,25.0,25.0,25.0,25.0,25.0,25.0,25.0,25.0,25.0,25.0,25.0,25.0,25.0,19.014984,25.0,25.0,25.0,25.0,25.0,19.064228,19.249463,22.478189,25.0,21.799999,38.9,20.198192,25.0,18.34022,20.560312,17.180894,21.074071,22.375971,17.628824,20.305762,16.380621,15.216115,20.77739
2026-01-01 09:00:00,18.0,18.743712,18.740052,17.45961,17.299999,12.380295,12.674407,16.252202,9.150076,7.684536,25.0,14.15026,25.0,25.0,25.0,25.0,25.0,25.0,25.0,25.0,25.0,25.0,25.0,25.0,25.0,19.0,25.0,25.0,25.0,25.0,25.0,19.075252,20.589186,22.5,25.0,21.799999,39.295744,20.532517,25.0,18.364873,20.474479,17.15661,21.080512,21.757817,17.5,20.100161,16.325777,15.232231,20.5
2026-01-01 09:10:00,18.0,18.740744,18.748115,17.898735,17.011223,11.86558,12.7,16.200001,8.889071,7.731384,25.0,14.300174,25.0,25.0,25.0,25.0,25.0,25.0,25.0,25.0,25.0,25.0,25.0,25.0,25.0,19.832524,25.0,25.0,25.0,25.0,25.0,19.04901,22.866796,25.200001,25.0,21.799999,40.087234,21.874014,25.0,18.464045,20.183416,17.174688,20.0,20.977691,17.536862,20.299999,16.232657,15.231837,21.320589
2026-01-01 09:20:00,18.0,18.862342,18.869852,17.973526,17.118554,11.92552,12.627544,16.14085,8.647802,7.640773,25.0,14.37513,25.0,25.0,25.0,25.0,25.0,25.0,25.0,25.0,25.0,25.0,25.0,25.0,25.0,20.379162,25.0,25.0,25.0,25.0,25.0,19.079985,24.092201,26.599147,25.0,21.701923,40.482978,22.890364,25.0,18.480787,20.299426,17.195332,19.613221,20.815426,17.424236,20.427759,16.270714,15.348434,22.297816
2026-01-01 09:30:00,18.0,19.172072,19.169767,18.048261,17.432831,11.98546,12.555088,16.106513,8.427935,7.550162,25.0,14.450087,25.0,25.0,25.0,25.0,25.0,25.0,25.0,25.0,25.0,25.0,25.0,25.0,25.0,21.042593,25.0,25.0,25.0,25.0,25.0,19.180621,25.47016,27.6,25.0,21.5,40.878723,23.87767,25.0,18.5,20.532349,17.239593,19.458415,20.758172,17.17026,20.594611,16.387872,15.604065,23.714278
2026-01-01 09:40:00,18.132734,20.102824,20.109177,18.485365,19.238059,11.733197,12.864206,16.16807,8.241552,7.754222,25.0,14.6,25.0,25.0,25.0,25.0,25.0,25.0,25.0,25.0,25.0,25.0,25.0,25.0,25.0,22.770652,25.0,25.0,25.0,25.0,25.0,20.491871,29.049346,28.400001,25.0,21.200001,41.670212,25.087734,25.0,18.836741,20.853614,18.103448,19.546406,21.99632,16.670951,21.166194,17.322918,16.063877,26.899706
2026-01-01 09:50:00,18.130329,20.702135,20.70438,18.706486,20.653335,11.567115,13.21977,16.215444,8.24774,7.699658,25.0,14.971775,25.0,25.0,25.0,25.0,25.0,25.0,25.0,25.0,25.0,25.0,25.0,25.0,25.0,23.702106,25.0,25.0,25.0,25.0,25.0,21.682154,30.948615,28.755129,25.0,21.5,42.065957,25.562689,25.0,19.587545,21.359535,19.410145,19.828883,22.758055,17.463837,21.593304,17.972923,16.513153,28.995807
2026-01-01 10:00:00,18.127925,21.272599,21.27078,18.958852,22.403154,11.487042,13.841802,16.299454,8.269486,7.645093,25.0,15.571696,25.0,25.0,25.0,25.0,25.0,25.0,25.0,25.0,25.0,25.0,25.0,25.0,25.0,24.695849,25.0,25.0,25.0,25.0,25.0,22.828903,32.893254,29.200001,25.0,21.799999,42.461702,26.121761,25.0,20.842395,22.10736,20.702657,20.22491,23.685801,18.824097,22.135951,18.833114,17.166416,31.388879
2026-01-01 10:10:00,18.6,22.052749,22.057244,19.696211,26.330872,12.157104,16.635285,17.300464,10.022248,8.905333,25.0,16.543392,25.0,25.0,25.0,25.0,25.0,25.0,25.0,25.0,25.0,25.0,25.0,25.0,25.0,26.901597,25.0,25.0,25.0,25.0,25.0,23.976257,36.802173,31.4,25.0,21.799999,43.253191,28.650902,25.0,23.259832,23.463506,21.530071,20.6,26.327136,20.010115,23.53116,21.591834,19.021362,36.583354
2026-01-01 10:20:00,18.859142,22.776188,22.784342,19.929818,26.907334,12.714063,19.203918,17.674208,11.178539,9.580863,25.0,17.02924,25.0,25.0,25.0,25.0,25.0,25.0,25.0,25.0,25.0,25.0,25.0,25.0,25.0,27.936762,25.0,25.0,25.0,25.0,25.0,26.093407,39.596429,32.677298,25.0,21.860294,43.648936,29.497157,25.0,23.38791,24.051338,22.239281,20.753684,27.058306,21.580737,24.072009,21.577264,19.788582,37.710956
2026-01-01 10:30:00,19.089814,23.669912,23.679244,20.183695,27.461844,13.489541,22.211664,18.101168,12.648734,10.214771,25.0,17.515087,25.0,25.0,25.0,25.0,25.0,25.0,25.0,25.0,25.0,25.0,25.0,25.0,25.0,29.023096,25.0,25.0,25.0,25.0,25.0,28.882405,41.823669,34.099998,25.0,22.0,44.044681,29.829865,25.0,23.517178,24.581339,23.484702,20.964281,27.75343,23.666448,24.569228,21.562695,20.748623,38.847724
2026-01-01 10:40:00,19.4,25.338892,25.338824,21.273642,30.534488,15.828274,27.122652,19.926728,17.061284,11.214113,25.0,18.486783,25.0,25.0,25.0,25.0,25.0,25.0,25.0,25.0,25.0,25.0,25.0,25.0,25.0,31.684199,25.0,25.0,25.0,25.0,25.0,32.148086,43.54291,37.400002,25.0,22.299999,44.83617,28.195376,25.0,26.32575,25.5,33.52212,23.013986,29.860808,26.983851,25.574968,26.703108,26.041091,44.272088
2026-01-01 10:50:00,19.419971,27.902303,27.897788,22.205127,32.556771,17.325209,28.820653,20.547315,18.810355,11.711155,25.0,18.951516,25.0,25.0,25.0,25.0,25.0,25.0,25.0,25.0,25.0,25.0,25.0,25.0,25.0,32.709496,25.0,25.0,25.0,25.0,25.0,32.071717,41.03931,38.268427,25.0,22.44311,45.231915,27.736854,25.0,29.837744,25.5,38.711375,24.424647,29.750313,29.943849,25.952721,28.027203,28.512228,44.491925
2026-01-01 11:00:00,19.440498,29.546789,29.541445,23.093124,33.531674,18.907654,30.358314,21.1,20.684169,11.930037,25.0,19.458479,25.0,25.0,25.0,25.0,25.0,25.0,25.0,25.0,25.0,25.0,25.0,25.0,25.0,33.731395,25.0,25.0,25.0,25.0,25.0,31.995348,38.535711,39.0,25.0,22.6,45.627659,27.564302,25.0,34.217968,25.5,42.395533,25.980913,29.639819,33.823413,26.316488,28.637445,29.604342,44.682219
2026-01-01 11:10:00,19.911138,27.179301,27.173249,24.011968,31.011436,21.769852,33.660993,22.249568,26.567319,11.254691,25.0,20.827114,25.0,25.0,25.0,25.0,25.0,25.0,25.0,25.0,25.0,25.0,25.0,25.0,25.0,36.357027,25.0,25.0,25.0,25.0,25.0,39.048348,47.373822,40.599998,25.0,23.031385,46.419149,27.731389,25.0,40.454819,25.733561,45.285343,28.90909,32.280909,42.741146,27.181066,28.856701,29.640117,45.906031
2026-01-01 11:20:00,20.127086,27.944536,27.94198,24.736837,30.467477,23.711905,36.867894,24.104165,30.5447,11.342212,25.0,21.780228,25.0,25.0,25.0,25.0,25.0,25.0,25.0,25.0,25.0,25.0,25.0,25.0,25.0,37.099627,25.0,25.0,25.0,25.0,25.0,41.51155,48.281147,42.655461,25.0,23.512458,46.814893,27.721442,25.0,45.528227,25.888917,45.595017,29.219304,34.402592,45.476376,27.520735,28.998784,30.020348,46.645024
2026-01-01 11:30:00,20.356129,29.741989,29.745845,25.455176,30.004971,25.215636,39.996417,27.096314,34.307765,11.606837,25.0,22.631414,25.0,25.0,25.0,25.0,25.0,25.0,25.0,25.0,25.0,25.0,25.0,25.0,25.0,37.754848,25.0,25.0,25.0,25.0,25.0,42.624913,49.003029,43.900002,25.0,24.122385,47.210638,27.711495,25.0,48.578245,26.055312,45.879493,29.546442,36.395155,47.773001,27.94917,29.223947,30.779774,47.50952
2026-01-01 11:40:00,20.949508,33.781354,33.786029,26.344925,28.803361,26.347432,43.017504,33.91336,39.136473,13.464934,25.0,23.546012,25.0,25.0,25.0,25.0,25.0,25.0,25.0,25.0,25.0,25.0,25.0,25.0,25.0,39.302647,25.0,25.0,25.0,25.0,25.0,42.841634,51.316079,42.5,25.0,25.134459,48.002127,32.01598,25.0,49.195777,26.354889,47.470164,34.639582,38.506621,52.193858,30.636399,31.095048,32.042427,49.729019
2026-01-01 11:50:00,20.975389,32.961666,32.960145,26.073447,28.31911,26.49568,43.062299,34.796032,41.322237,14.800131,25.0,24.232042,25.0,25.0,25.0,25.0,25.0,25.0,25.0,25.0,25.0,25.0,25.0,25.0,25.0,41.167902,25.0,25.0,25.0,25.0,25.0,43.592181,51.877412,41.827286,25.0,26.360102,48.397872,33.007335,25.0,49.297575,26.754201,46.618442,33.400798,38.736855,53.439545,31.640212,31.233608,30.391107,50.556781
2026-01-01 12:00:00,21.0,31.342403,31.333631,25.686475,28.118813,26.657393,43.10108,35.539437,43.097726,15.780786,25.0,24.77346,25.0,25.0,25.0,25.0,25.0,25.0,25.0,25.0,25.0,25.0,25.0,25.0,25.0,42.273442,25.0,25.0,25.0,25.0,25.0,44.187634,52.34497,41.099998,25.0,27.187947,48.793617,33.364394,25.0,49.41131,27.347232,44.629854,32.162014,38.970766,54.358067,32.483284,31.369802,28.739786,50.891811
2026-01-01 12:10:00,21.299999,29.212835,29.213598,25.5,28.82092,29.274628,43.409309,38.127014,45.355145,16.371854,25.0,25.158861,25.0,25.0,25.0,25.0,25.0,25.0,25.0,25.0,25.0,25.0,25.0,25.0,25.0,41.122999,25.0,25.0,25.0,25.0,25.0,43.306901,53.396108,39.200001,25.0,27.325036,49.585106,32.646358,25.0,50.947497,28.622229,40.250259,36.572083,41.39911,55.694396,33.864759,32.926073,33.548507,48.14048
2026-01-01 12:20:00,21.479594,28.936635,28.935833,25.809212,29.251003,29.51423,44.401986,38.331704,44.823669,17.164362,25.0,25.530247,25.0,25.0,25.0,25.0,25.0,25.0,25.0,25.0,25.0,25.0,25.0,25.0,25.0,42.223022,25.0,25.0,25.0,25.0,25.0,43.561308,52.633132,37.622794,25.0,27.539222,49.980851,33.261571,25.0,51.512453,28.870622,39.518096,36.938535,41.481237,56.125419,34.830016,32.778067,34.482799,46.712398
2026-01-01 12:30:00,21.71661,28.846496,28.845057,26.118425,29.768553,29.753656,45.177749,38.511529,44.292193,18.403445,25.0,25.9,25.0,25.0,25.0,25.0,25.0,25.0,25.0,25.0,25.0,25.0,25.0,25.0,25.0,43.323046,25.0,25.0,25.0,25.0,25.0,44.194281,50.94045,36.799999,25.0,27.964816,50.376596,34.715281,25.0,51.857076,28.957178,39.269763,37.248786,41.559169,56.29328,35.762077,32.630061,34.808202,46.075086
2026-01-01 12:40:00,22.641817,29.120896,29.119842,25.789709,31.194367,32.352473,44.744015,39.473135,45.643429,21.48845,30.96031,26.279355,25.0,25.0,25.0,25.0,25.0,25.0,25.0,25.0,25.0,25.0,25.0,25.0,25.0,42.593448,25.0,25.0,25.0,25.0,25.0,45.93543,47.780798,44.400002,25.0,30.107876,51.168085,38.048605,25.0,52.099847,28.561103,47.742109,38.624357,42.620263,56.053704,36.981573,33.26589,32.880737,50.345115
2026-01-01 12:50:00,22.719437,29.719319,29.720196,26.08399,31.658036,32.863182,43.92666,39.703906,45.947292,22.432866,31.906233,26.574992,25.0,25.0,25.0,25.0,25.0,25.0,25.0,25.0,25.0,25.0,25.0,25.0,25.0,43.153582,25.0,25.0,25.0,25.0,25.0,44.072262,47.053668,44.281859,25.0,32.274908,51.56383,39.272963,25.0,52.878572,29.366603,49.438454,37.850305,43.038857,56.340778,36.593498,32.668843,33.200386,49.17506
2026-01-01 13:00:00,22.743525,30.825808,30.828795,26.738826,32.17686,33.041435,43.368748,39.930818,46.07949,23.197569,32.224349,26.932577,25.0,25.0,25.0,25.0,25.0,25.0,25.0,25.0,25.0,25.0,25.0,25.0,25.0,44.027821,25.0,25.0,25.0,25.0,25.0,41.494123,46.791817,43.900002,25.0,33.484911,51.959574,40.448302,25.0,53.486612,31.226048,50.032621,37.076253,43.441848,56.627851,35.687914,32.071796,34.051367,48.005005
2026-01-01 13:10:00,22.291758,33.774604,33.766128,27.972829,34.614331,31.436773,46.526492,40.815866,46.121046,24.534516,31.995768,27.691596,25.0,25.0,25.0,25.0,25.0,25.0,25.0,25.0,25.0,25.0,25.0,25.0,25.0,44.599309,25.0,25.0,25.0,25.0,25.0,40.381203,47.857824,39.200001,25.0,31.786832,52.751064,43.275278,25.0,52.702934,35.17009,47.019572,37.31067,44.355224,55.953365,33.697075,34.254432,37.108822,49.498447
2026-01-01 13:20:00,22.585975,33.874633,33.876301,28.356279,34.229629,31.696957,47.469841,40.867492,47.850461,25.45805,32.533935,27.889404,25.0,25.0,25.0,25.0,25.0,25.0,25.0,25.0,25.0,25.0,25.0,25.0,25.0,44.535521,25.0,25.0,25.0,25.0,25.0,38.377576,49.107574,40.000962,25.0,32.694092,53.146808,41.642328,25.0,50.714755,34.162174,47.644659,37.486875,45.14696,55.861289,32.863971,33.671651,36.592235,50.468241
2026-01-01 13:30:00,22.880192,33.903882,33.90866,28.504212,33.099622,32.279642,48.095772,40.920844,50.124244,26.151041,33.339116,28.079583,25.0,25.0,25.0,25.0,25.0,25.0,25.0,25.0,25.0,25.0,25.0,25.0,25.0,44.471732,25.0,25.0,25.0,25.0,25.0,35.938099,49.841468,41.65,25.0,33.601351,53.542553,39.75747,25.0,49.244224,32.269645,48.269746,37.778467,45.566195,55.757096,32.305358,33.088869,36.075647,50.933665
2026-01-01 13:40:00,22.6,33.383038,33.383003,27.072155,26.488087,33.400195,48.759004,42.504256,50.9946,26.617874,33.797923,28.71226,25.0,25.0,25.0,25.0,25.0,25.0,25.0,25.0,25.0,25.0,25.0,25.0,25.0,46.126083,25.0,25.0,25.0,25.0,25.0,33.567785,46.77869,44.099998,25.0,30.158198,54.334042,39.436742,25.0,50.124416,30.122596,46.031052,39.995821,45.43553,53.100157,31.846597,35.190271,40.297113,45.579957
2026-01-01 13:50:00,22.937382,33.636911,33.636117,27.159487,25.242984,34.096403,48.45125,45.088134,49.324351,26.697671,34.068314,29.101253,25.0,25.0,25.0,25.0,25.0,25.0,25.0,25.0,25.0,25.0,25.0,25.0,25.0,46.237008,25.0,25.0,25.0,25.0,25.0,32.405725,47.038497,45.283495,25.0,30.219217,54.729787,39.853248,25.0,51.128319,30.1628,46.867727,41.038127,45.530759,53.395202,32.520985,36.314557,42.107861,45.566978
2026-01-01 14:00:00,23.541274,33.890783,33.889232,27.374277,24.811811,34.510628,47.647996,46.777365,47.654102,26.788294,34.285659,29.284588,25.0,25.0,25.0,25.0,25.0,25.0,25.0,25.0,25.0,25.0,25.0,25.0,25.0,46.350871,25.0,25.0,25.0,25.0,25.0,31.896265,47.523072,45.799999,25.0,30.42582,55.125532,40.854897,25.0,52.119266,30.297403,48.892813,41.489242,45.826942,53.690247,34.226016,37.414012,42.870446,45.563333
2026-01-01 14:10:00,24.137522,33.302084,33.293904,27.94076,29.651247,34.648849,44.989919,44.411088,52.612186,28.143907,34.495282,28.536633,25.0,25.0,25.0,25.0,25.0,25.0,25.0,25.0,25.0,25.0,25.0,25.0,25.0,48.762719,25.0,25.0,25.0,25.0,25.0,34.430834,48.062249,41.400002,25.0,35.342077,55.917021,43.294759,25.0,52.958371,32.921161,53.937781,40.949192,48.385506,48.74627,39.205885,39.349583,41.596102,47.308712
2026-01-01 14:20:00,24.279558,32.067152,32.056368,27.494357,36.127649,34.428072,45.001058,44.225359,50.099263,28.789104,34.474523,29.661126,25.0,25.0,25.0,25.0,25.0,25.0,25.0,25.0,25.0,25.0,25.0,25.0,25.0,49.027586,25.0,25.0,25.0,25.0,25.0,37.897051,49.797897,42.6,25.0,36.149216,56.312766,43.18007,25.0,53.546149,33.938738,54.655869,41.363732,49.242705,49.587263,39.907891,40.148653,42.895408,45.681582
2026-01-01 14:30:00,24.408625,31.198199,31.18777,26.927386,42.094954,33.828566,45.039734,44.168079,45.914394,29.345829,34.453764,30.785619,25.0,25.0,25.0,25.0,25.0,25.0,25.0,25.0,25.0,25.0,25.0,25.0,25.0,49.112197,25.0,25.0,25.0,25.0,25.0,40.259007,51.154145,43.799999,25.0,36.583694,56.708511,42.810019,25.0,53.835506,34.355092,55.207081,41.949408,49.840271,50.428256,40.5996,40.481457,45.320791,44.054452
2026-01-01 14:40:00,24.792313,31.241587,31.243307,26.757482,45.602847,31.480202,46.817388,44.620605,42.574492,30.135816,35.901552,30.620874,25.0,25.0,25.0,25.0,25.0,25.0,25.0,25.0,25.0,25.0,25.0,25.0,25.0,48.787023,25.0,25.0,25.0,25.0,25.0,40.547883,50.643569,41.099998,25.0,36.966056,57.5,38.338994,25.0,52.025196,32.370013,56.560135,42.222685,50.500104,42.494689,45.105118,39.983835,48.025919,49.18563
2026-01-01 14:50:00,25.245678,30.45687,30.459055,26.012685,44.353356,32.503144,45.583422,45.695389,41.878431,29.905493,35.150159,30.710809,25.0,25.0,25.0,25.0,25.0,25.0,25.0,25.0,25.0,25.0,25.0,25.0,25.0,48.944074,25.0,25.0,25.0,25.0,25.0,40.874455,51.501022,38.982979,25.0,37.781179,50.917226,36.87867,25.0,49.918145,36.257211,55.785203,42.933964,50.901915,42.832636,44.948242,41.215341,48.753904,50.219878
2026-01-01 15:00:00,25.6,29.079664,29.081967,25.395361,41.149257,33.526086,43.578178,46.477169,41.352199,29.67517,34.24565,30.905137,25.0,25.0,25.0,25.0,25.0,25.0,25.0,25.0,25.0,25.0,25.0,25.0,25.0,49.331436,25.0,25.0,25.0,25.0,25.0,41.178013,52.358476,37.900002,25.0,38.357283,44.058567,36.308115,25.0,47.634606,40.144409,53.988711,44.168188,51.120562,43.849467,44.444708,42.446848,49.02522,50.582597
2026-01-01 15:10:00,25.737314,27.795857,27.796366,25.672385,31.266825,32.445325,42.09218,46.352904,40.352509,31.670772,34.04205,31.23929,25.0,25.0,25.0,25.0,25.0,25.0,25.0,25.0,25.0,25.0,25.0,25.0,25.0,50.363645,25.0,25.0,25.0,25.0,25.0,41.39782,51.833262,40.599998,25.0,37.017551,43.740418,39.439697,25.0,45.211433,38.464942,50.124454,46.542952,51.16607,50.760229,38.680394,39.908522,47.559998,45.543432
2026-01-01 15:20:00,25.530001,27.445922,27.454963,25.784036,28.868732,32.584144,41.872907,47.130579,40.660295,32.263073,34.088789,31.384943,25.0,25.0,25.0,25.0,25.0,25.0,25.0,25.0,25.0,25.0,25.0,25.0,25.0,51.076049,25.0,25.0,25.0,25.0,25.0,41.145996,52.081523,37.599998,25.0,34.532633,42.484629,40.145274,25.0,49.429543,36.090923,48.179215,46.519032,50.453901,48.665121,41.465096,37.635939,47.853759,46.568969
2026-01-01 15:30:00,25.044827,27.315117,27.328112,25.897807,27.58681,32.996146,41.799999,47.908255,41.554885,32.802132,34.199348,31.516037,25.0,25.0,25.0,25.0,25.0,25.0,25.0,25.0,25.0,25.0,25.0,25.0,25.0,51.425007,25.0,25.0,25.0,25.0,25.0,40.745578,52.795332,34.599998,25.0,32.844307,40.797253,40.398251,25.0,53.647654,34.607781,46.176741,46.495112,49.741732,46.570014,44.249799,36.419089,48.147519,48.911225
2026-01-01 15:40:00,23.967846,28.984881,28.988542,26.196644,26.727501,35.561925,45.117786,44.078259,46.480144,34.142877,34.453792,31.74105,25.0,25.0,25.0,25.0,25.0,25.0,25.0,25.0,25.0,25.0,25.0,25.0,25.0,48.371383,25.0,25.0,25.0,25.0,25.0,40.468084,56.497268,37.599998,25.0,33.326493,39.52873,32.836334,25.0,48.922734,41.897248,41.864038,46.843082,52.515337,49.187622,40.608818,45.591538,46.160394,53.70904
2026-01-01 15:50:00,23.532872,29.676133,29.682859,25.772752,27.058183,36.324003,44.89453,40.660166,46.011763,34.030655,34.553081,31.447753,25.0,25.0,25.0,25.0,25.0,25.0,25.0,25.0,25.0,25.0,25.0,25.0,25.0,49.074781,25.0,25.0,25.0,25.0,25.0,41.860823,55.812724,39.289999,25.0,34.760352,39.989446,36.26108,25.0,45.61145,46.825755,40.253325,46.106055,52.473135,47.948214,40.165759,44.835769,44.830038,52.647323
2026-01-01 16:00:00,23.352846,30.354669,30.363856,25.348859,27.388865,36.614746,44.412792,38.831969,45.543382,33.918434,34.593776,31.091304,25.0,25.0,25.0,25.0,25.0,25.0,25.0,25.0,25.0,25.0,25.0,25.0,25.0,50.378247,25.0,25.0,25.0,25.0,25.0,43.253563,53.943287,40.799999,25.0,37.342065,41.025677,41.195838,25.0,43.981083,49.223224,39.601147,45.369029,52.331243,46.708806,39.751041,44.08,44.185023,51.585607
2026-01-01 16:10:00,23.786254,31.907158,31.903187,25.473277,23.981172,35.426842,43.587936,46.171359,47.065471,34.930598,34.307849,31.006478,25.0,25.0,25.0,25.0,25.0,25.0,25.0,25.0,25.0,25.0,25.0,25.0,25.0,51.801603,25.0,25.0,25.0,25.0,25.0,40.962874,46.429566,42.799999,25.0,42.422444,43.045974,43.667275,25.0,48.130162,39.900475,41.499847,47.996121,49.360905,46.733393,37.421537,44.319222,49.07533,51.77655
2026-01-01 16:20:00,23.675422,31.825508,31.820934,24.04483,23.590703,36.480891,44.45678,48.126434,47.213437,35.524664,34.052395,30.944115,25.0,25.0,25.0,25.0,25.0,25.0,25.0,25.0,25.0,25.0,25.0,25.0,25.0,52.01719,25.0,25.0,25.0,25.0,25.0,39.700004,50.279159,42.732044,25.0,42.249374,45.594199,42.676561,25.0,49.329977,40.256591,44.032072,47.694272,50.117119,47.278631,38.981328,42.26846,49.660883,51.768772
2026-01-01 16:30:00,23.402839,31.553715,31.54731,22.616384,23.268774,37.534939,45.325625,49.4725,47.260051,35.80042,33.788331,30.853322,25.0,25.0,25.0,25.0,25.0,25.0,25.0,25.0,25.0,25.0,25.0,25.0,25.0,52.180139,25.0,25.0,25.0,25.0,25.0,38.451719,54.762523,42.5,25.0,41.760406,47.127729,41.685847,25.0,49.924794,41.308869,45.584334,47.392423,51.341552,48.227637,41.252228,40.217697,49.943236,51.741532
2026-01-01 16:40:00,22.683973,26.708071,26.715757,22.764931,22.160474,34.443587,44.073141,51.178385,46.811325,35.470401,33.466585,30.470855,25.0,25.0,25.0,25.0,25.0,25.0,25.0,25.0,25.0,25.0,25.0,25.0,25.0,52.550587,25.0,25.0,25.0,25.0,25.0,36.256637,55.576813,35.900002,25.0,39.446929,46.024573,45.967801,25.0,50.184277,47.688141,42.574711,50.32781,52.238929,49.184358,42.431541,40.5284,50.15324,49.938647
2026-01-01 16:50:00,21.940224,26.548669,26.554531,23.412062,21.738472,33.438143,45.599453,50.767097,46.852489,35.732197,33.197608,30.391651,25.0,25.0,25.0,25.0,25.0,25.0,25.0,25.0,25.0,25.0,25.0,25.0,25.0,51.355136,25.0,25.0,25.0,25.0,25.0,36.643254,56.034077,36.978847,25.0,39.534227,43.696473,41.221097,25.0,49.99054,45.888484,44.677691,49.97761,52.422246,50.361156,42.640273,40.980343,49.346555,44.872062
2026-01-01 17:00:00,21.5,26.446273,26.450194,24.156631,21.554484,33.045737,47.125765,49.678464,46.994342,36.298019,33.056948,30.328141,25.0,25.0,25.0,25.0,25.0,25.0,25.0,25.0,25.0,25.0,25.0,25.0,25.0,50.159685,25.0,25.0,25.0,25.0,25.0,37.02987,56.58636,39.200001,25.0,39.799999,42.055596,33.136374,25.0,49.550891,44.088828,48.246563,49.62741,52.616188,51.396841,42.882606,41.265302,48.395328,41.03115
2026-01-01 17:10:00,21.471562,26.220108,26.215306,24.478891,21.535785,34.508569,46.819416,45.8616,52.095239,37.271709,33.250923,30.185428,25.0,25.0,25.0,25.0,25.0,25.0,25.0,25.0,25.0,25.0,25.0,25.0,25.0,52.204826,25.0,25.0,25.0,25.0,25.0,36.065918,58.298796,42.5,25.0,41.756648,44.147259,26.236354,25.0,48.668852,48.380577,51.259828,54.894239,53.872651,51.976994,47.26092,41.216257,48.207231,49.946678
2026-01-01 17:20:00,21.230339,26.482339,26.483539,25.018197,21.69187,36.238066,46.03877,45.602076,52.445009,36.329135,32.999301,30.114071,25.0,25.0,25.0,25.0,25.0,25.0,25.0,25.0,25.0,25.0,25.0,25.0,25.0,51.189934,25.0,25.0,25.0,25.0,25.0,36.219262,57.870169,43.443389,25.0,44.586352,42.557712,26.49625,25.0,50.649006,46.664882,53.314213,52.257123,53.400737,52.098768,45.663962,41.72,47.814066,46.565509
2026-01-01 17:30:00,20.886345,27.08907,27.100164,25.459206,21.847954,37.696016,45.159471,45.343637,52.765838,35.38656,32.504328,30.042714,25.0,25.0,25.0,25.0,25.0,25.0,25.0,25.0,25.0,25.0,25.0,25.0,25.0,49.723338,25.0,25.0,25.0,25.0,25.0,36.720336,56.944177,43.799999,25.0,48.372791,40.968165,27.227504,25.0,52.62916,44.949187,54.316375,49.620007,52.242901,52.236098,44.067005,42.223742,47.537691,41.596673
2026-01-01 17:40:00,20.658009,28.38574,28.390334,25.581528,21.680887,38.440124,44.640058,41.715017,55.092375,35.501099,31.861363,29.9,25.0,25.0,25.0,25.0,25.0,25.0,25.0,25.0,25.0,25.0,25.0,25.0,25.0,48.981326,25.0,25.0,25.0,25.0,25.0,43.698718,55.352828,41.700001,25.0,54.042873,43.092444,30.616285,25.0,51.324078,45.026605,44.241663,51.929002,49.215862,53.526708,44.763469,41.933395,47.886172,38.931807
2026-01-01 17:50:00,20.649276,28.348118,28.349609,25.16711,21.872446,38.152963,45.893592,43.201972,54.104659,35.454597,31.590202,30.286405,25.0,25.0,25.0,25.0,25.0,25.0,25.0,25.0,25.0,25.0,25.0,25.0,25.0,47.246454,25.0,25.0,25.0,25.0,25.0,45.810067,55.573431,44.700001,25.0,50.698073,44.609724,29.967194,25.0,49.594619,44.126139,46.666017,52.427585,44.722041,52.986324,47.338442,41.701893,47.43564,37.580932
2026-01-01 18:00:00,20.640268,28.228822,28.222796,24.728414,22.180097,37.865801,47.147126,44.972052,53.116943,35.326794,31.285833,31.299999,25.0,25.0,25.0,25.0,25.0,25.0,25.0,25.0,25.0,25.0,25.0,25.0,25.0,44.875894,25.0,25.0,25.0,25.0,25.0,46.619235,55.913816,47.700001,25.0,47.353273,45.361604,28.235096,25.0,48.536679,42.406779,49.090371,52.609684,41.870055,52.177628,49.40789,41.309952,46.104096,36.982522
2026-01-01 18:10:00,20.061884,27.01383,27.116961,24.700001,22.4,39.450286,46.190106,45.344137,53.779057,34.797888,30.241375,34.723262,25.0,25.0,25.0,25.0,25.0,25.0,25.0,25.0,25.0,25.0,25.0,25.0,25.0,42.314229,25.0,25.0,25.0,25.0,25.0,44.435615,56.128336,44.099998,25.0,50.409079,41.612956,21.949167,25.0,48.793462,40.35892,46.20118,52.617409,43.769348,51.716443,38.685187,38.326683,38.021602,40.594364
2026-01-01 18:20:00,19.807488,25.720935,25.885531,24.388115,22.697531,37.159386,46.427477,43.602476,53.994433,34.041139,29.615995,34.490274,25.0,25.0,25.0,25.0,25.0,25.0,25.0,25.0,25.0,25.0,25.0,25.0,25.0,42.325784,25.0,25.0,25.0,25.0,25.0,43.350258,57.600065,39.991107,25.0,49.975777,40.540514,21.046162,25.0,45.365282,40.178088,44.028328,52.734886,43.638199,51.536143,41.800394,38.382215,36.176069,40.588266
2026-01-01 18:30:00,19.54192,24.37587,24.530594,24.1,23.057856,34.868486,46.664849,39.979114,54.078492,33.340396,29.323805,34.257287,25.0,25.0,25.0,25.0,25.0,25.0,25.0,25.0,25.0,25.0,25.0,25.0,25.0,42.366251,25.0,25.0,25.0,25.0,25.0,42.220122,58.900002,37.599998,25.0,49.437929,39.986801,20.747123,25.0,41.937102,40.013104,42.932526,52.845765,43.50705,51.265045,44.9156,38.543162,35.512547,40.582169
2026-01-01 18:40:00,18.856228,22.974621,22.970615,24.345114,23.5,35.164764,45.915478,34.42549,52.259788,32.951811,29.359385,36.497697,25.0,25.0,25.0,25.0,25.0,25.0,25.0,25.0,25.0,25.0,25.0,25.0,25.0,45.053265,25.0,25.0,25.0,25.0,25.0,39.672368,50.400002,45.5,25.0,49.294274,39.700791,21.255613,25.0,48.445818,39.007672,51.161404,52.383974,44.909264,38.699228,36.498832,39.415212,42.676494,44.911232
2026-01-01 18:50:00,18.957801,22.975436,22.972275,24.386018,23.550167,35.49812,46.001719,39.787488,53.224949,31.97248,29.93242,36.13568,25.0,25.0,25.0,25.0,25.0,25.0,25.0,25.0,25.0,25.0,25.0,25.0,25.0,44.908884,25.0,25.0,25.0,25.0,25.0,39.738487,49.343,45.094176,25.0,49.958543,38.846797,21.712603,25.0,47.770292,37.870659,52.104961,52.377981,45.25743,36.160033,36.920884,36.732162,39.454123,45.851923
2026-01-01 19:00:00,19.162425,22.97625,22.973934,24.399887,23.566257,35.691173,46.08796,45.149486,54.19011,30.794161,30.474988,35.213803,25.0,25.0,25.0,25.0,25.0,25.0,25.0,25.0,25.0,25.0,25.0,25.0,25.0,44.488881,25.0,25.0,25.0,25.0,25.0,39.804605,49.0,44.400002,25.0,50.622813,37.355038,22.126346,25.0,47.094766,36.988694,52.40797,52.376274,45.384863,35.269087,37.342936,34.049113,36.231752,46.186723
2026-01-01 19:10:00,19.447475,22.477355,22.469303,23.816991,23.390038,35.58871,40.480509,40.266586,45.267558,29.94047,29.738336,32.446285,25.0,25.0,25.0,25.0,25.0,25.0,25.0,25.0,25.0,25.0,25.0,25.0,25.0,42.165398,25.0,25.0,25.0,25.0,25.0,37.363318,55.900002,43.799999,25.0,48.883176,34.672813,22.481267,25.0,47.438731,36.635117,48.320785,54.731477,43.119855,37.35163,31.684446,34.11877,38.180917,44.042238
2026-01-01 19:20:00,19.665553,22.132998,22.128699,23.503685,23.78629,35.443412,35.673521,39.458947,44.805152,29.23956,29.683525,33.546176,25.0,25.0,25.0,25.0,25.0,25.0,25.0,25.0,25.0,25.0,25.0,25.0,25.0,41.99233,25.0,25.0,25.0,25.0,25.0,34.53036,51.800001,42.5829,25.0,48.717864,33.755528,22.623133,25.0,45.601051,35.159977,48.132407,52.944999,41.81046,40.603916,33.330437,32.891516,38.03012,44.345755
2026-01-01 19:30:00,19.776178,21.814776,21.814966,23.233269,24.57283,35.15453,30.929035,38.632464,44.369002,28.343047,29.633457,34.646066,25.0,25.0,25.0,25.0,25.0,25.0,25.0,25.0,25.0,25.0,25.0,25.0,25.0,41.816454,25.0,25.0,25.0,25.0,25.0,31.151034,47.700001,40.299999,25.0,48.665913,32.936096,22.743856,25.0,43.763372,33.679735,47.939882,51.158521,40.866822,44.133842,35.524329,31.664262,37.619022,44.649271
2026-01-01 19:40:00,19.700001,21.438136,21.438438,22.89048,25.621872,33.459393,25.577016,32.955725,39.878433,26.234829,29.29465,33.796064,25.0,25.0,25.0,25.0,25.0,25.0,25.0,25.0,25.0,25.0,25.0,25.0,25.0,38.984163,25.0,25.0,25.0,25.0,25.0,26.548981,50.700001,33.5,25.0,48.755949,31.225875,22.937026,25.0,48.046401,33.318082,41.506511,53.486397,40.179408,46.985976,36.340024,35.127448,35.979778,36.289967
2026-01-01 19:50:00,19.700001,21.275648,21.275319,22.845178,25.52397,32.162372,23.755263,30.962178,37.881651,25.521626,28.945682,32.424825,25.0,25.0,25.0,25.0,25.0,25.0,25.0,25.0,25.0,25.0,25.0,25.0,25.0,38.350082,25.0,25.0,25.0,25.0,25.0,26.510048,50.631139,32.16032,25.0,46.901543,30.476413,22.830328,25.0,46.830042,33.25098,41.385361,52.105704,39.479889,47.967336,35.578963,33.735293,35.902949,34.37743
2026-01-01 20:00:00,19.700001,21.119543,21.118407,22.799999,25.2436,30.577007,22.454522,29.520497,35.706513,24.738497,28.416527,30.679112,25.0,25.0,25.0,25.0,25.0,25.0,25.0,25.0,25.0,25.0,25.0,25.0,25.0,37.776437,25.0,25.0,25.0,25.0,25.0,26.484707,50.400002,31.299999,25.0,44.985304,29.776203,22.565801,25.0,44.912629,33.170489,41.350601,50.72501,38.635069,48.355998,34.607677,31.632025,35.823451,33.366235
2026-01-01 20:10:00,19.700001,20.79665,20.793991,22.463972,23.820382,27.038608,20.9449,27.833695,29.364308,21.502582,26.800451,28.590856,25.0,25.0,25.0,25.0,25.0,25.0,25.0,25.0,25.0,25.0,25.0,25.0,25.0,36.010058,25.0,25.0,25.0,25.0,30.244762,26.420434,45.700001,30.200001,25.0,44.914539,28.454516,21.847596,25.0,43.619329,31.064793,43.249149,50.910922,37.284427,38.075789,34.309838,30.394217,32.148491,32.681588
2026-01-01 20:20:00,19.700001,20.655834,20.656388,22.257502,23.132533,25.268382,20.648063,27.161402,27.056111,19.574781,25.771746,27.281225,25.0,25.0,25.0,25.0,25.0,25.0,25.0,25.0,25.0,25.0,25.0,25.0,25.0,35.301007,25.0,25.0,25.0,25.0,30.233897,26.388297,43.178694,29.630409,25.0,42.994417,27.866146,21.854641,25.0,42.370325,29.944846,42.080777,49.459439,36.281904,33.399299,33.796618,30.106517,32.082922,32.71983
2026-01-01 20:30:00,19.700001,20.528593,20.531733,22.032803,22.571642,23.746912,20.370129,26.582686,25.227957,17.754602,24.681226,26.205781,25.0,25.0,25.0,25.0,25.0,25.0,25.0,25.0,25.0,25.0,25.0,25.0,25.0,34.563478,25.0,25.0,25.0,25.0,30.200001,26.35616,40.799999,29.200001,25.0,38.893566,27.405536,21.861686,25.0,40.923859,28.952756,39.586835,46.432396,35.297874,30.165084,33.055244,29.821623,32.018525,32.758072
2026-01-01 20:40:00,19.725678,20.307999,20.308539,21.573727,21.893048,21.706043,19.296384,25.625891,22.6,15.123324,22.682576,25.174473,25.0,25.0,25.0,25.0,25.0,25.0,25.0,25.0,25.0,25.0,25.0,25.0,25.0,32.489204,25.0,25.0,25.0,25.0,29.9,26.291886,37.0,28.8,25.0,31.511703,26.864978,21.214712,25.0,38.739958,27.594967,35.455817,41.758744,34.033806,27.48967,31.886027,28.643481,29.941656,31.320562
2026-01-01 20:50:00,19.762846,20.232529,20.23308,21.395748,21.596227,21.218723,19.138753,25.18607,21.122118,14.694422,22.088117,24.312457,25.0,25.0,25.0,25.0,25.0,25.0,25.0,25.0,25.0,25.0,25.0,25.0,25.0,31.526922,25.0,25.0,25.0,25.0,29.723398,26.25975,35.898627,28.626224,25.0,29.492461,26.425588,20.727015,25.0,37.234156,27.333558,32.971385,40.485557,33.320262,26.795484,30.950262,27.741571,28.52605,30.915098
2026-01-01 21:00:00,19.786244,20.164632,20.164533,21.231987,21.313029,20.85709,19.009997,24.916508,19.865346,14.421787,21.682908,23.250306,25.0,25.0,25.0,25.0,25.0,25.0,25.0,25.0,25.0,25.0,25.0,25.0,25.0,30.540062,25.0,25.0,25.0,25.0,29.6,26.227613,34.950001,28.4,25.0,28.281096,25.98775,20.402297,25.0,35.679624,27.093399,30.702209,39.286419,32.563851,26.538907,29.993824,26.869539,27.144697,30.567385
2026-01-01 21:10:00,19.700001,20.020152,20.013058,20.9,20.745916,20.257647,18.633321,24.763421,18.396568,14.046522,21.220565,21.050241,25.0,25.0,25.0,25.0,25.0,25.0,25.0,25.0,25.0,25.0,25.0,25.0,25.0,28.253438,25.0,25.0,25.0,25.0,29.519604,26.163339,32.900002,27.0,25.0,27.237904,25.45395,20.272458,25.0,33.231323,26.214436,27.717328,35.710269,30.99314,26.95083,28.730121,25.824419,25.24176,29.80904
2026-01-01 21:20:00,19.700001,19.936843,19.934935,20.791903,20.756606,20.505394,18.192787,24.619263,18.120221,13.846925,20.955037,20.443365,25.0,25.0,25.0,25.0,25.0,25.0,25.0,25.0,25.0,25.0,25.0,25.0,25.0,27.394297,25.0,25.0,25.0,25.0,29.356477,26.131202,31.07347,26.1375,25.0,26.683837,25.972443,20.29327,25.0,31.611505,25.81605,26.836157,33.982662,30.269886,26.412673,28.002927,25.662979,24.538521,29.636655
2026-01-01 21:30:00,19.700001,19.898395,19.900141,20.710798,20.767296,20.990614,17.812499,24.433154,17.905082,13.7,20.640837,19.989016,25.0,25.0,25.0,25.0,25.0,25.0,25.0,25.0,25.0,25.0,25.0,25.0,25.0,26.796769,25.0,25.0,25.0,25.0,29.051354,26.099066,29.1,25.4,25.0,26.015554,26.490935,20.345916,25.0,29.920004,25.487471,26.325183,32.256747,29.580254,25.427126,27.263879,25.506803,24.132328,29.492807
2026-01-01 21:40:00,19.496029,19.941144,19.946067,20.6,20.6,21.612897,17.6,24.047017,17.433331,13.576131,19.75421,19.290771,25.0,25.0,25.0,25.0,25.0,25.0,25.0,25.0,25.0,25.0,25.0,25.0,25.0,26.200001,25.0,25.0,25.0,25.0,28.151346,26.034792,26.4,24.6,25.0,23.802596,25.377059,20.5,25.0,27.057338,25.053517,25.94953,28.693836,28.267651,24.387194,25.922999,24.655441,23.892565,29.152163
2026-01-01 21:50:00,19.404931,19.990161,19.994844,20.6,20.6,21.31159,17.196731,24.007375,16.742876,13.522596,19.15475,19.824022,25.0,25.0,25.0,25.0,25.0,25.0,25.0,25.0,25.0,25.0,25.0,25.0,25.0,25.973852,25.0,25.0,25.0,25.0,27.760971,26.002655,25.874442,24.185107,25.0,23.665573,24.57239,20.530688,25.0,26.477016,24.767275,25.733469,27.747028,27.172077,23.65871,25.461596,24.16492,23.282366,29.13134
2026-01-01 22:00:00,19.305941,20.018731,20.022542,20.6,20.6,20.669436,16.920903,23.965665,16.306667,13.5,18.863144,20.357272,25.0,25.0,25.0,25.0,25.0,25.0,25.0,25.0,25.0,25.0,25.0,25.0,25.0,25.742517,25.0,25.0,25.0,25.0,27.4428,25.970518,25.6,24.0,25.0,23.6,24.172103,20.541427,25.0,25.9978,24.441723,25.447913,27.173708,26.43277,23.01904,25.104755,23.72498,22.425591,29.110362
2026-01-01 22:10:00,19.021013,19.912899,19.920672,20.568751,20.6,19.61078,17.054872,23.302032,16.491998,13.5,19.16869,19.939832,25.0,25.0,25.0,25.0,25.0,25.0,25.0,25.0,25.0,25.0,25.0,25.0,25.0,25.087182,25.0,25.0,25.0,25.0,27.01892,25.906245,25.4,24.0,25.0,23.540716,24.255421,20.5,25.0,24.807726,23.744486,24.258631,26.656057,26.166336,22.365061,24.6,23.149205,21.486033,28.732388
2026-01-01 22:20:00,18.659835,19.857053,19.863181,20.511805,20.6,19.643168,16.747953,22.963661,16.581066,13.5,19.125588,19.907423,25.0,25.0,25.0,25.0,25.0,25.0,25.0,25.0,25.0,25.0,25.0,25.0,25.0,24.788311,25.0,25.0,25.0,25.0,26.855722,25.874108,25.267815,23.946551,25.0,23.720358,23.87337,20.5,25.0,24.34025,23.425692,24.047414,26.081265,26.018699,22.252543,24.512668,22.856429,21.177975,28.556701
2026-01-01 22:30:00,18.442117,19.789643,19.792835,20.469241,20.6,19.675557,16.308828,22.618121,16.619876,13.5,19.0,19.897438,25.0,25.0,25.0,25.0,25.0,25.0,25.0,25.0,25.0,25.0,25.0,25.0,25.0,24.56829,25.0,25.0,25.0,25.0,26.700001,25.841971,25.1,23.799999,25.0,23.9,23.22262,20.5,25.0,23.949305,23.102732,23.872983,25.645984,25.84958,22.150965,24.442046,22.578043,20.926383,28.4
2026-01-01 22:40:00,18.496614,19.56394,19.56637,20.464017,20.6,19.048169,16.094368,21.9,15.844644,13.461157,18.298768,19.937456,25.0,25.0,25.0,25.0,25.0,25.0,25.0,25.0,25.0,25.0,25.0,25.0,25.0,24.35316,25.0,25.0,25.0,25.0,26.347975,25.777698,24.6,23.200001,25.0,23.611656,22.667148,20.5,25.0,23.342433,22.369661,23.401092,25.4832,25.4,21.771508,24.260053,22.1,20.5,28.152389
2026-01-01 22:50:00,18.47945,19.558109,19.55705,20.532009,20.6,19.077585,16.007569,21.540828,15.167969,13.242625,18.30013,19.264364,25.0,25.0,25.0,25.0,25.0,25.0,25.0,25.0,25.0,25.0,25.0,25.0,25.0,24.424181,25.0,25.0,25.0,25.0,26.180119,25.745561,24.367843,22.857535,25.0,23.162049,22.299646,20.465309,25.0,23.513693,22.436957,23.10663,25.310612,25.157186,21.485475,24.13351,22.1,20.565131,27.906888
2026-01-01 23:00:00,18.462286,19.556422,19.554301,20.6,20.6,19.107002,15.961273,21.168796,14.519055,12.991958,18.304942,18.591272,25.0,25.0,25.0,25.0,25.0,25.0,25.0,25.0,25.0,25.0,25.0,25.0,25.0,24.620399,25.0,25.0,25.0,25.0,26.010341,25.713424,24.1,22.700001,25.0,22.679277,22.04374,20.398946,25.0,23.684952,22.504253,22.928506,25.1,24.854457,21.23522,24.0,22.1,20.630262,27.708788
2026-01-01 23:10:00,18.6,19.561632,19.560482,20.571178,20.6,18.1,15.943073,20.347929,13.851634,12.9,18.87348,18.717275,25.0,25.0,25.0,25.0,25.0,25.0,25.0,25.0,25.0,25.0,25.0,25.0,25.0,25.452726,25.0,25.0,25.0,25.0,25.642691,25.64915,23.200001,23.200001,25.0,22.299999,21.9,20.319479,25.0,22.973036,21.683144,22.864809,24.767821,23.750981,21.0,23.779319,22.144064,20.428473,27.6
2026-01-01 23:20:00,18.62497,19.600541,19.599139,20.526902,20.6,18.381674,15.720393,19.929314,13.48643,12.911565,18.86469,18.258637,25.0,25.0,25.0,25.0,25.0,25.0,25.0,25.0,25.0,25.0,25.0,25.0,25.0,25.100087,25.0,25.0,25.0,25.0,25.513268,25.617014,23.25,23.1,25.0,22.146674,21.9,20.360683,25.0,22.442428,21.084369,22.679661,24.511049,23.485759,20.878674,23.454265,22.439629,20.623539,27.474686
2026-01-01 23:30:00,18.633558,19.635238,19.632901,20.470493,20.6,18.663348,15.4,19.74353,13.297116,12.92313,18.836091,17.799999,25.0,25.0,25.0,25.0,25.0,25.0,25.0,25.0,25.0,25.0,25.0,25.0,25.0,24.469316,25.0,25.0,25.0,25.0,25.383906,25.584877,23.299999,23.0,25.0,22.043585,21.9,20.401888,25.0,21.987653,20.621147,22.538206,24.157244,23.299999,20.745354,23.247893,22.700001,20.95954,27.307568
2026-01-01 23:40:00,18.630437,19.568432,19.570754,20.4,20.6,18.502707,15.2,19.958287,13.261026,12.7,18.457357,19.644777,25.0,25.0,25.0,25.0,25.0,25.0,25.0,25.0,25.0,25.0,25.0,25.0,25.0,23.847774,25.0,25.0,25.0,25.0,25.016976,25.520603,23.299999,23.0,25.0,21.955508,21.9,20.154177,25.0,21.578176,20.299999,22.707301,23.025147,23.036359,20.406887,23.247172,22.348521,21.256,27.0
2026-01-01 23:50:00,18.719855,19.625107,19.6262,20.499809,20.6,17.703585,15.241148,20.620393,12.959101,12.731739,18.097025,20.033906,25.0,25.0,25.0,25.0,25.0,25.0,25.0,25.0,25.0,25.0,25.0,25.0,25.0,23.811066,25.0,25.0,25.0,25.0,24.777286,25.488466,23.0,22.7,25.0,21.799784,21.9,20.169966,25.0,21.375553,20.314104,22.55423,22.839561,22.796355,20.318408,23.371536,22.17114,21.178125,27.004063
2026-01-02 00:00:00,18.809273,19.733458,19.733227,20.599618,20.6,16.587575,15.282297,21.13296,12.68669,12.763479,17.9,20.171584,25.0,25.0,25.0,25.0,25.0,25.0,25.0,25.0,25.0,25.0,25.0,25.0,25.0,23.799999,25.0,25.0,25.0,25.0,24.538357,25.45633,22.700001,22.4,25.0,21.695469,21.9,20.200001,25.0,21.200001,20.359864,22.311191,22.700001,22.547083,20.253237,23.4959,22.035034,20.973043,27.016144
2026-01-02 00:10:00,18.772646,19.862971,19.864794,20.4,20.465901,15.747201,15.120197,21.042741,12.76757,12.447466,18.038083,19.869682,25.0,25.0,25.0,25.0,25.0,25.0,25.0,25.0,25.0,25.0,25.0,25.0,25.0,23.799999,25.0,25.0,25.0,25.0,24.17559,25.392056,23.0,22.4,25.0,21.799999,21.652013,20.235391,25.0,20.957158,20.946413,22.143524,22.4,22.245354,20.153564,23.168194,21.9,20.26905,27.092221
2026-01-02 00:20:00,18.726373,19.843609,19.845404,20.4079,20.417579,15.48954,14.942423,20.462796,12.809256,12.258821,17.819042,19.245149,25.0,25.0,25.0,25.0,25.0,25.0,25.0,25.0,25.0,25.0,25.0,25.0,25.0,23.799999,25.0,25.0,25.0,25.0,23.966383,25.359919,22.820192,22.4,25.0,21.785873,21.472045,20.217696,25.0,20.868552,20.691098,21.98571,22.4,22.269742,20.077916,23.273689,21.721424,20.121935,26.987916
2026-01-02 00:30:00,18.69851,19.795553,19.797007,20.429618,20.385249,15.390467,14.840364,19.778567,12.827819,12.1,17.6,18.807395,25.0,25.0,25.0,25.0,25.0,25.0,25.0,25.0,25.0,25.0,25.0,25.0,25.0,23.799999,25.0,25.0,25.0,25.0,23.814194,25.327783,22.45,22.4,25.0,21.747782,21.270884,20.200001,25.0,20.785707,20.324819,21.799999,22.4,22.327481,19.971723,23.488698,21.528085,20.0,26.849853
2026-01-02 00:40:00,18.722853,19.66453,19.66229,20.519596,20.355095,15.944199,15.112162,19.516413,12.661877,11.929298,18.473105,19.289845,25.0,25.0,25.0,25.0,25.0,25.0,25.0,25.0,25.0,25.0,25.0,25.0,25.0,23.897679,25.0,25.0,25.0,25.0,23.700001,25.263509,21.9,22.4,25.0,21.603123,20.9,20.248397,25.0,20.6,20.144205,21.5,22.647299,22.460764,19.6,23.798689,21.346902,19.700001,26.799999
2026-01-02 00:50:00,18.661427,19.745943,19.745034,20.459798,20.320313,15.892209,15.175119,19.401258,12.660335,11.994781,18.453904,19.534988,25.0,25.0,25.0,25.0,25.0,25.0,25.0,25.0,25.0,25.0,25.0,25.0,25.0,23.848839,25.0,25.0,25.0,25.0,23.700001,25.231372,21.560326,22.4,25.0,21.531497,20.9,20.187444,25.0,20.516754,20.257922,21.35648,22.718655,22.360143,19.507004,23.597345,21.169131,19.675676,26.68893
2026-01-02 01:00:00,18.6,19.827356,19.827778,20.4,20.299999,15.751064,15.197822,19.310345,12.659898,12.060265,18.4,19.772295,25.0,25.0,25.0,25.0,25.0,25.0,25.0,25.0,25.0,25.0,25.0,25.0,25.0,23.799999,25.0,25.0,25.0,25.0,23.700001,25.199235,21.4,22.4,25.0,21.5,20.9,20.126492,25.0,20.433416,20.447671,21.200001,22.746781,22.200001,19.433411,23.263371,21.048473,19.652325,26.540585
2026-01-02 01:10:00,18.630626,19.817793,19.814944,20.4,20.350523,15.198681,14.963882,19.200001,12.784361,11.944938,18.152906,20.200001,25.0,25.0,25.0,25.0,25.0,25.0,25.0,25.0,25.0,25.0,25.0,25.0,25.0,24.057686,25.0,25.0,25.0,25.0,23.552225,25.134962,21.4,22.700001,25.0,21.5,20.862943,20.200001,25.0,20.246924,20.6,20.778377,22.748476,22.088699,19.293045,23.0,21.014905,19.446923,26.384417
2026-01-02 01:20:00,18.622078,19.787199,19.786304,20.366304,20.417756,14.550693,14.932261,19.182673,12.480509,11.808305,17.874326,20.098972,25.0,25.0,25.0,25.0,25.0,25.0,25.0,25.0,25.0,25.0,25.0,25.0,25.0,24.078518,25.0,25.0,25.0,25.0,23.477801,25.102825,21.4,22.84056,25.0,21.450512,20.745251,20.101052,25.0,20.175372,20.581513,20.586525,22.736894,22.104591,19.174736,23.010912,20.901013,19.404904,26.303902
2026-01-02 01:30:00,18.6,19.763324,19.76581,20.277059,20.490932,14.170095,14.9,19.162687,12.176656,11.6,17.712885,19.801959,25.0,25.0,25.0,25.0,25.0,25.0,25.0,25.0,25.0,25.0,25.0,25.0,25.0,24.1,25.0,25.0,25.0,25.0,23.4,25.070688,21.4,23.0,25.0,21.401024,20.6,20.002103,25.0,20.1,20.520592,20.468542,22.700001,22.152663,19.037704,23.044315,20.805995,19.366895,26.203809
2026-01-02 01:40:00,18.529976,19.864997,19.869626,19.963337,20.560056,14.720279,14.627944,18.698667,12.491834,11.051342,17.9,18.05537,25.0,25.0,25.0,25.0,25.0,25.0,25.0,25.0,25.0,25.0,25.0,25.0,25.0,24.475802,25.0,25.0,25.0,25.0,23.225008,25.006415,21.1,23.5,25.0,21.5,20.503346,20.200001,25.0,19.868178,19.578195,20.4,22.308006,22.491226,18.799999,23.299999,20.799999,19.241351,25.819052
2026-01-02 01:50:00,18.535502,19.920136,19.921825,19.743623,20.588282,14.715474,14.296872,18.669358,12.40236,11.019494,17.9,17.487415,25.0,25.0,25.0,25.0,25.0,25.0,25.0,25.0,25.0,25.0,25.0,25.0,25.0,24.87697,25.0,25.0,25.0,25.0,23.150478,24.974278,20.850001,23.318877,25.0,21.5,20.376967,20.200001,25.0,19.885797,18.862286,20.269327,21.860466,22.71877,18.748797,23.371989,20.67106,19.019559,25.754572
2026-01-02 02:00:00,18.553408,19.945087,19.94489,19.60504,20.6,14.699045,14.1,18.641806,12.217266,11.0,17.9,17.263113,25.0,25.0,25.0,25.0,25.0,25.0,25.0,25.0,25.0,25.0,25.0,25.0,25.0,25.227922,25.0,25.0,25.0,25.0,23.08084,24.942141,20.6,23.0,25.0,21.5,20.299999,20.200001,25.0,19.903415,18.5,20.179831,21.6,22.829237,18.709284,23.399103,20.416602,18.864562,25.695397
2026-01-02 02:10:00,18.779795,19.885493,19.879775,19.555567,20.299999,14.216009,14.1,18.395457,11.938325,10.965656,18.169446,17.259129,25.0,25.0,25.0,25.0,25.0,25.0,25.0,25.0,25.0,25.0,25.0,25.0,25.0,25.45485,25.0,25.0,25.0,25.0,22.945811,24.877867,20.299999,22.700001,25.0,21.405169,20.299999,20.200001,25.0,19.799999,19.531857,20.225968,21.854032,22.753124,18.631525,23.328428,20.047382,18.856632,25.455344
2026-01-02 02:20:00,18.689897,19.904589,19.900513,19.56109,20.174812,14.384451,13.95,18.209132,12.019163,10.593202,17.911961,16.977792,25.0,25.0,25.0,25.0,25.0,25.0,25.0,25.0,25.0,25.0,25.0,25.0,25.0,25.137664,25.0,25.0,25.0,25.0,22.912275,24.845731,20.299999,22.498077,25.0,21.305297,20.292335,20.290482,25.0,19.816949,20.201385,20.26406,22.175778,22.776562,18.628422,23.513628,20.066469,18.71855,25.313894
2026-01-02 02:30:00,18.6,19.948191,19.947071,19.579845,20.122512,14.780249,13.8,17.996559,12.1,10.249456,17.554056,16.700001,25.0,25.0,25.0,25.0,25.0,25.0,25.0,25.0,25.0,25.0,25.0,25.0,25.0,24.478886,25.0,25.0,25.0,25.0,22.9,24.813594,20.299999,22.4,25.0,21.2484,20.269696,20.380963,25.0,19.833898,20.522621,20.283896,22.369672,22.799999,18.62559,23.698828,20.085556,18.587283,25.195447
2026-01-02 02:40:00,18.769324,20.037433,20.037318,20.053108,20.299999,15.670833,13.8,17.6,12.025365,10.464738,17.396881,16.700001,25.0,25.0,25.0,25.0,25.0,25.0,25.0,25.0,25.0,25.0,25.0,25.0,25.0,23.474189,25.0,25.0,25.0,25.0,23.200001,24.74932,20.0,22.4,25.0,21.247958,20.13267,20.104711,25.0,19.799999,20.061597,19.698688,22.121223,22.545474,18.6,23.468078,19.95227,18.9,25.068298
2026-01-02 02:50:00,18.699833,20.002942,20.004995,20.124486,20.299999,15.407137,13.619164,17.62348,12.192866,10.527041,17.322272,16.801548,25.0,25.0,25.0,25.0,25.0,25.0,25.0,25.0,25.0,25.0,25.0,25.0,25.0,23.369078,25.0,25.0,25.0,25.0,23.200001,24.717183,19.976538,22.414384,25.0,21.373979,20.114036,20.152356,25.0,19.757397,19.549971,19.728064,21.867043,22.320168,18.6,23.237671,20.100645,18.75,25.234149
2026-01-02 03:00:00,18.630341,19.96845,19.972673,20.162556,20.299999,14.9,13.438327,17.64696,12.360368,10.589065,17.289885,16.903094,25.0,25.0,25.0,25.0,25.0,25.0,25.0,25.0,25.0,25.0,25.0,25.0,25.0,23.299999,25.0,25.0,25.0,25.0,23.200001,24.685047,19.96,22.444,25.0,21.5,20.1,20.200001,25.0,19.731789,19.255062,19.757441,21.557217,22.200001,18.6,23.0,20.252342,18.6,25.4
2026-01-02 03:10:00,18.787516,20.012169,20.009299,20.196658,20.299999,14.283224,13.5,17.550629,11.849655,10.8,17.4,15.955866,25.0,25.0,25.0,25.0,25.0,25.0,25.0,25.0,25.0,25.0,25.0,25.0,25.0,23.174999,25.0,25.0,25.0,25.0,23.120834,24.620773,19.92,22.488,25.0,21.445833,20.066667,20.200001,25.0,19.822973,19.76594,19.6,21.052411,22.200001,19.437257,22.742082,20.256108,18.7451,25.1
2026-01-02 03:20:00,18.808844,20.051276,20.051058,20.148329,20.299999,13.799053,13.482076,17.51653,12.319681,10.609409,17.4,16.004289,25.0,25.0,25.0,25.0,25.0,25.0,25.0,25.0,25.0,25.0,25.0,25.0,25.0,23.112499,25.0,25.0,25.0,25.0,23.081251,24.588636,19.9,22.51,25.0,21.41875,20.05,20.129948,25.0,19.919309,19.68863,19.616663,20.872117,21.980044,19.76536,22.720761,20.257386,18.688716,25.029916
2026-01-02 03:30:00,18.815848,20.096792,20.100959,20.1,20.299999,13.551273,13.436471,17.502923,12.789708,10.315123,17.4,16.052712,25.0,25.0,25.0,25.0,25.0,25.0,25.0,25.0,25.0,25.0,25.0,25.0,25.0,23.049999,25.0,25.0,25.0,25.0,23.041667,24.556499,19.88,22.532,25.0,21.391667,20.033334,20.059895,25.0,19.973915,19.502454,19.633326,20.799999,21.586827,19.9,22.700001,20.259244,18.632331,24.972691
2026-01-02 03:40:00,18.642796,20.172026,20.170393,20.1,20.22974,13.957873,13.3,17.665483,12.014934,10.129232,17.6,15.4,25.0,25.0,25.0,25.0,25.0,25.0,25.0,25.0,25.0,25.0,25.0,25.0,25.0,22.924999,25.0,25.0,25.0,25.0,22.962501,24.492226,19.84,22.576,25.0,21.3375,20.0,20.14472,25.0,19.843409,19.046778,19.6,20.854271,21.200001,19.6,22.5,20.394273,19.42991,24.847814
2026-01-02 03:50:00,18.651019,20.185592,20.187028,20.1,20.26487,13.904899,13.274557,17.472816,12.052568,10.392717,17.541377,15.846227,25.0,25.0,25.0,25.0,25.0,25.0,25.0,25.0,25.0,25.0,25.0,25.0,25.0,22.862499,25.0,25.0,25.0,25.0,22.922917,24.460089,19.82,22.598,25.0,21.310417,19.983334,20.183408,25.0,20.2083,19.13534,19.535389,21.077174,21.229159,19.520293,22.334126,20.272257,19.423688,24.787497
2026-01-02 04:00:00,18.671113,20.190253,20.193069,20.1,20.299999,13.851926,13.255856,17.060537,12.090201,10.656201,17.4,16.292454,25.0,25.0,25.0,25.0,25.0,25.0,25.0,25.0,25.0,25.0,25.0,25.0,25.0,22.799999,25.0,25.0,25.0,25.0,22.883334,24.427952,19.8,22.62,25.0,21.283333,19.966667,20.200001,25.0,20.57319,19.299999,19.460367,21.316995,21.278828,19.429474,22.247621,20.0,19.40387,24.702144
2026-01-02 04:10:00,18.722911,20.114026,20.11401,19.799999,20.255759,14.1,13.220699,16.372442,11.981634,10.351675,17.052237,15.7,25.0,25.0,25.0,25.0,25.0,25.0,25.0,25.0,25.0,25.0,25.0,25.0,25.0,22.674999,25.0,25.0,25.0,25.0,22.804167,24.363679,19.76,22.664,25.0,21.229167,19.933333,20.021007,25.0,20.393816,19.481537,19.4,21.4,21.321235,18.807507,22.33563,19.482473,19.193422,24.009056
2026-01-02 04:20:00,18.677881,20.117614,20.117807,19.782475,20.248826,13.973259,13.123925,16.181528,12.004693,10.176579,16.901175,15.494807,25.0,25.0,25.0,25.0,25.0,25.0,25.0,25.0,25.0,25.0,25.0,25.0,25.0,22.612499,25.0,25.0,25.0,25.0,22.764584,24.331542,19.74,22.686,25.0,21.202084,19.916667,19.971958,25.0,20.262271,19.48111,19.4,21.581754,21.127987,18.521981,22.04698,19.304211,18.718066,23.535906
2026-01-02 04:30:00,18.632191,20.126277,20.126533,19.769895,20.24073,13.846518,13.050918,16.100532,12.027753,9.958416,16.761112,15.343777,25.0,25.0,25.0,25.0,25.0,25.0,25.0,25.0,25.0,25.0,25.0,25.0,25.0,22.549999,25.0,25.0,25.0,25.0,22.725,24.299405,19.72,22.708,25.0,21.175,19.9,19.951426,25.0,20.1,19.479598,19.4,21.853673,20.9,18.399285,21.62419,19.233592,18.376815,23.304994
2026-01-02 04:40:00,18.631448,20.14769,20.144782,19.735099,20.0,14.052363,13.345988,16.085093,12.024637,9.228631,16.5,15.156741,25.0,25.0,25.0,25.0,25.0,25.0,25.0,25.0,25.0,25.0,25.0,25.0,25.0,22.424999,25.0,25.0,25.0,25.0,22.645834,24.235131,19.68,22.752,25.0,21.120834,19.866667,19.947853,25.0,19.709691,19.254123,19.336504,22.244861,20.854769,18.439946,21.4,19.5,18.45752,23.457372
2026-01-02 04:50:00,18.627678,20.124653,20.123134,19.352994,20.0,14.023767,13.391209,15.920392,11.745016,8.856049,16.472951,14.941091,25.0,25.0,25.0,25.0,25.0,25.0,25.0,25.0,25.0,25.0,25.0,25.0,25.0,22.362499,25.0,25.0,25.0,25.0,22.60625,24.202995,19.66,22.774,25.0,21.09375,19.85,20.050256,25.0,19.534768,18.932638,19.246219,22.325467,20.982291,18.635469,21.567405,19.488947,18.431422,23.204718
2026-01-02 05:00:00,18.624478,20.073782,20.073819,19.0,20.0,13.936913,13.406332,15.654633,11.468173,8.639897,16.445955,14.613127,25.0,25.0,25.0,25.0,25.0,25.0,25.0,25.0,25.0,25.0,25.0,25.0,25.0,22.299999,25.0,25.0,25.0,25.0,22.566667,24.170858,19.64,22.796,25.0,21.066667,19.833333,20.152658,25.0,19.410901,18.629978,19.189708,22.4,21.302035,18.799999,21.901953,19.455172,18.35644,22.694055
2026-01-02 05:10:00,18.764114,19.98019,19.973645,19.046552,20.0,13.307902,13.389118,15.414479,11.5,8.552213,16.189269,13.729226,25.0,25.0,25.0,25.0,25.0,25.0,25.0,25.0,25.0,25.0,25.0,25.0,25.0,22.174999,25.0,25.0,25.0,25.0,22.4875,24.106584,19.6,22.84,25.0,21.0125,19.8,19.995766,25.0,19.299999,18.452522,19.290378,22.664539,22.207201,18.799999,22.357104,19.200001,17.969133,21.975744
2026-01-02 05:20:00,18.682057,20.030454,20.027684,19.022785,20.0,13.066552,13.253164,15.270782,11.351757,8.450793,16.058195,13.862683,25.0,25.0,25.0,25.0,25.0,25.0,25.0,25.0,25.0,25.0,25.0,25.0,25.0,22.112499,25.0,25.0,25.0,25.0,22.447917,24.074448,19.58,22.862,25.0,20.985417,19.783333,19.987841,25.0,19.339161,18.533273,19.231279,22.554599,22.621902,18.742422,22.202527,19.177125,17.993653,22.148381
2026-01-02 05:30:00,18.6,20.080719,20.081722,18.963306,20.0,12.968097,13.010793,15.151923,11.203514,8.391506,16.0,14.198994,25.0,25.0,25.0,25.0,25.0,25.0,25.0,25.0,25.0,25.0,25.0,25.0,25.0,22.049999,25.0,25.0,25.0,25.0,22.408333,24.042311,19.56,22.884,25.0,20.958334,19.766667,19.985476,25.0,19.421528,18.65753,19.172181,22.403895,22.799999,18.684845,21.915457,19.153247,18.052336,22.321019
2026-01-02 05:40:00,18.631805,19.922482,19.924394,18.796136,19.881885,13.0,12.7,15.030194,11.635888,8.434766,16.299999,15.169153,25.0,25.0,25.0,25.0,25.0,25.0,25.0,25.0,25.0,25.0,25.0,25.0,25.0,21.924999,25.0,25.0,25.0,25.0,22.329167,23.978037,19.52,22.928,25.0,20.904167,19.733333,20.159181,25.0,19.551993,18.735159,19.222243,22.34116,22.551625,18.799999,21.6,18.730233,18.192895,22.000519
2026-01-02 05:50:00,18.739055,19.935626,19.935455,18.786018,19.851003,12.936729,12.745042,14.973288,11.573095,8.367383,16.299999,15.152306,25.0,25.0,25.0,25.0,25.0,25.0,25.0,25.0,25.0,25.0,25.0,25.0,25.0,21.862499,25.0,25.0,25.0,25.0,22.289583,23.9459,19.5,22.95,25.0,20.877084,19.716666,20.041583,25.0,19.835975,18.713932,19.105254,22.287405,22.348841,18.799999,21.563964,18.68333,18.326771,22.137841
2026-01-02 06:00:00,18.823681,19.961351,19.957838,18.782962,19.827099,12.831732,12.790083,14.9,11.411201,8.3,16.299999,15.135458,25.0,25.0,25.0,25.0,25.0,25.0,25.0,25.0,25.0,25.0,25.0,25.0,25.0,21.799999,25.0,25.0,25.0,25.0,22.25,23.913764,19.48,22.972,25.0,20.85,19.7,19.9,25.0,20.037827,18.657336,18.884004,22.20659,22.147686,18.799999,21.524545,18.635512,18.4,22.275162
2026-01-02 06:10:00,18.703368,19.994272,19.989441,18.822863,19.785445,12.748819,12.5,14.521504,10.901139,8.9,16.299999,15.873204,25.0,25.0,25.0,25.0,25.0,25.0,25.0,25.0,25.0,25.0,25.0,25.0,25.0,21.674999,25.0,25.0,25.0,25.0,22.170833,23.84949,19.44,23.016,25.0,20.795834,19.666666,19.868102,25.0,19.799999,18.45266,18.627708,21.9,21.906331,18.804655,20.635336,18.134147,17.956118,22.1
2026-01-02 06:20:00,18.728709,19.902804,19.897412,18.761432,19.768827,12.655282,12.350964,14.299816,11.144373,8.826358,16.013916,16.395743,25.0,25.0,25.0,25.0,25.0,25.0,25.0,25.0,25.0,25.0,25.0,25.0,25.0,21.612499,25.0,25.0,25.0,25.0,22.13125,23.817353,19.42,23.038,25.0,20.76875,19.65,19.803708,25.0,19.799999,18.432668,18.558751,21.874569,21.80565,18.803628,21.217039,18.107862,17.858738,22.064371
2026-01-02 06:30:00,18.75405,19.811336,19.805383,18.700001,19.745975,12.484316,12.284667,14.19698,11.387607,8.665498,15.714926,16.871142,25.0,25.0,25.0,25.0,25.0,25.0,25.0,25.0,25.0,25.0,25.0,25.0,25.0,21.549999,25.0,25.0,25.0,25.0,22.091667,23.785216,19.4,23.06,25.0,20.741667,19.633333,19.75888,25.0,19.799999,18.411181,18.493951,21.848442,21.700001,18.799999,21.798743,18.1,17.767281,22.033498
2026-01-02 06:40:00,18.6,19.861132,19.867029,18.711091,19.5,11.513979,12.343701,14.3,11.088427,8.379449,15.7,17.397983,25.0,25.0,25.0,25.0,25.0,25.0,25.0,25.0,25.0,25.0,25.0,25.0,25.0,21.424999,25.0,25.0,25.0,25.0,22.0125,23.720943,19.36,23.104,25.0,20.6875,19.6,19.87159,25.0,19.852535,17.9,18.299999,21.427508,21.406749,18.343743,21.426004,18.1,17.441285,21.944743
2026-01-02 06:50:00,18.636033,19.929646,19.936323,18.663962,19.302122,11.671376,12.300136,14.542586,11.152568,8.443757,16.0,17.394327,25.0,25.0,25.0,25.0,25.0,25.0,25.0,25.0,25.0,25.0,25.0,25.0,25.0,21.362499,25.0,25.0,25.0,25.0,21.972916,23.688806,19.34,23.126,25.0,20.660417,19.583333,19.892698,25.0,19.970904,17.9,18.197731,21.209654,21.130383,18.077796,21.037263,18.307813,17.172969,21.564083
2026-01-02 07:00:00,18.703403,19.989697,19.988094,18.580371,19.200001,11.828772,12.2,14.718646,11.3,8.6,16.299999,17.381807,25.0,25.0,25.0,25.0,25.0,25.0,25.0,25.0,25.0,25.0,25.0,25.0,25.0,21.299999,25.0,25.0,25.0,25.0,21.933333,23.656669,19.32,23.148,25.0,20.633334,19.566666,19.9,25.0,20.055822,17.9,18.151865,21.112521,20.947715,17.954625,20.675074,18.638951,17.033405,21.066112
2026-01-02 07:10:00,18.778899,20.018756,20.006032,18.5,19.444877,11.791011,11.990571,14.458434,11.608338,8.994474,16.200301,17.0,25.0,25.0,25.0,25.0,25.0,25.0,25.0,25.0,25.0,25.0,25.0,25.0,25.0,21.174999,25.0,25.0,25.0,25.0,21.854166,23.592396,19.28,23.192,25.0,20.579167,19.533333,19.84226,20.332735,20.049926,17.947657,18.636,21.431959,20.9,18.004517,20.387683,18.869948,17.534218,20.734517
2026-01-02 07:20:00,18.770934,19.863809,19.839544,18.46655,19.450042,11.732824,12.067965,14.348109,11.330869,8.854597,16.075176,16.931838,25.0,25.0,25.0,25.0,25.0,25.0,25.0,25.0,25.0,25.0,25.0,25.0,25.0,21.112499,25.0,25.0,25.0,25.0,21.814583,23.560259,19.26,23.214,25.0,20.552084,19.516666,19.771411,20.086963,20.056279,17.923829,18.842543,21.433886,20.693258,18.356147,20.066249,18.674558,17.658075,20.964828
2026-01-02 07:30:00,18.747294,19.629832,19.601358,18.452586,19.454684,11.610641,12.242225,14.259996,11.0534,8.714719,16.0,16.908458,25.0,25.0,25.0,25.0,25.0,25.0,25.0,25.0,25.0,25.0,25.0,25.0,25.0,21.049999,25.0,25.0,25.0,25.0,21.775,23.528122,19.24,23.236,25.0,20.525001,19.5,19.729164,19.918554,20.062632,17.9,18.92939,21.434429,20.522241,18.843471,19.859823,18.444718,17.70337,21.195139
2026-01-02 07:40:00,18.6,19.492357,19.485063,18.453713,19.5,10.770636,12.583134,14.146324,12.209896,8.9,16.228777,17.799999,25.0,25.0,25.0,25.0,25.0,25.0,25.0,25.0,25.0,25.0,25.0,25.0,25.0,20.924999,25.0,25.0,25.0,25.0,21.695833,23.463848,19.2,23.28,25.0,20.470834,19.466666,19.9,19.504373,19.716238,17.9,18.384071,21.13718,20.6,19.157309,19.831826,18.4,17.53128,21.141812
2026-01-02 07:50:00,18.613991,19.439922,19.433743,18.465593,19.332072,10.958107,12.482474,14.014972,12.019485,8.867147,16.172326,17.7,25.0,25.0,25.0,25.0,25.0,25.0,25.0,25.0,25.0,25.0,25.0,25.0,25.0,20.862499,25.0,25.0,25.0,25.0,21.65625,23.431712,19.18,23.302,25.0,20.443751,19.449999,19.892187,19.225597,19.65763,17.922157,18.502008,20.930696,20.626183,19.101667,19.792827,18.271831,17.146588,21.156316
2026-01-02 08:00:00,18.650837,19.418568,19.411948,18.5,19.164144,11.145578,12.319479,13.938214,11.643243,8.788505,16.004432,17.6,25.0,25.0,25.0,25.0,25.0,25.0,25.0,25.0,25.0,25.0,25.0,25.0,25.0,20.799999,25.0,25.0,25.0,25.0,21.616666,23.399575,19.16,23.324,25.0,20.416667,19.433333,19.882676,19.090192,19.6,17.993741,18.619945,20.817382,20.660735,18.950078,19.768578,18.0521,16.871188,21.170821
2026-01-02 08:10:00,18.777332,19.590402,19.600835,18.768414,19.200001,11.1,12.2,14.1,11.148075,8.6,14.945096,17.799999,25.0,25.0,25.0,25.0,25.0,25.0,25.0,25.0,25.0,25.0,25.0,25.0,25.0,20.674999,25.0,25.0,25.0,25.0,21.537499,23.335301,19.12,23.368,25.0,20.362501,19.399999,19.880391,19.619711,19.286888,18.870593,18.609128,20.799999,21.079838,18.347411,19.799999,17.668098,16.904707,20.390228
2026-01-02 08:20:00,18.709976,19.713201,19.722898,18.785062,19.315528,10.975906,12.104069,14.1,11.176462,8.501149,14.804006,17.799999,25.0,25.0,25.0,25.0,25.0,25.0,25.0,25.0,25.0,25.0,25.0,25.0,25.0,20.612499,25.0,25.0,25.0,25.0,21.497916,23.303164,19.1,23.39,25.0,20.335417,19.383333,19.882493,19.884471,19.130227,18.685833,18.32045,20.799999,21.077347,18.557637,19.86173,17.684358,17.073928,20.11149
2026-01-02 08:30:00,18.64262,19.774065,19.781384,18.799999,19.405819,10.88253,11.995447,14.1,11.241254,8.403706,14.75779,17.799999,25.0,25.0,25.0,25.0,25.0,25.0,25.0,25.0,25.0,25.0,25.0,25.0,25.0,20.549999,25.0,25.0,25.0,25.0,21.458333,23.271028,19.08,23.412,25.0,20.308334,19.366666,19.888964,20.14923,18.960818,18.501073,18.041219,20.799999,21.068697,18.799999,19.977772,17.700618,17.217398,20.0
2026-01-02 08:40:00,18.799999,19.622467,19.617791,18.900038,19.200001,10.921779,11.808881,13.888957,11.373689,8.224949,15.256663,17.95,25.0,25.0,25.0,25.0,25.0,25.0,25.0,25.0,25.0,25.0,25.0,25.0,25.0,20.424999,25.0,25.0,25.0,25.0,21.379166,23.206754,19.04,23.456,25.0,20.254167,19.333333,19.940475,20.678749,18.537088,18.73212,18.432044,20.613608,20.669612,18.840866,20.336633,17.690319,17.135864,20.598174
2026-01-02 08:50:00,18.7,19.663667,19.658558,18.873302,19.133649,11.005576,12.744301,13.891182,11.222025,8.235349,15.5061,18.050962,25.0,25.0,25.0,25.0,25.0,25.0,25.0,25.0,25.0,25.0,25.0,25.0,25.0,20.340865,25.0,25.0,25.0,25.0,21.33914,23.174617,19.013077,23.473589,25.0,20.231399,19.310897,20.076039,20.943509,18.37888,18.540507,18.472842,20.39026,20.623089,19.178382,20.433919,17.490712,17.367932,20.861301
2026-01-02 09:00:00,18.6,19.757674,19.751445,18.799999,19.107811,11.064825,13.679721,13.898756,11.070361,8.267765,15.755536,18.1,25.0,25.0,25.0,25.0,25.0,25.0,25.0,25.0,25.0,25.0,25.0,25.0,25.0,20.299999,25.0,25.0,25.0,25.0,21.299999,23.14248,19.0,23.5,25.0,20.200001,19.299999,20.26916,21.208269,18.22708,18.285268,18.500949,20.248108,20.608118,19.713148,20.470238,17.299999,17.6,21.145343
2026-01-02 09:10:00,18.6,19.949639,19.940238,18.5,19.140629,11.002406,13.516826,14.1,11.5,8.552572,16.254409,17.700873,25.0,25.0,25.0,25.0,25.0,25.0,25.0,25.0,25.0,25.0,25.0,25.0,25.0,20.385664,25.0,25.0,25.0,25.0,21.227155,23.078207,22.5,24.45,25.0,19.9,19.468042,20.48451,21.737788,17.868075,18.19061,18.558815,20.234971,20.641394,20.200001,20.299999,17.299999,17.108285,21.959503
2026-01-02 09:20:00,18.726884,20.033776,20.027497,18.422349,19.176597,11.00385,13.348433,14.169919,11.634257,8.870166,16.340561,17.648658,25.0,25.0,25.0,25.0,25.0,25.0,25.0,25.0,25.0,25.0,25.0,25.0,25.0,20.472797,25.0,25.0,25.0,25.0,21.244905,23.04607,24.880764,24.885851,25.0,19.923632,19.753558,20.571802,21.998589,17.765891,18.321475,18.696706,20.369426,20.644905,19.659017,20.218535,17.506536,16.950675,22.723864
2026-01-02 09:30:00,18.853768,20.126679,20.124841,18.393664,19.244985,11.005293,13.250475,14.217976,11.757184,9.120638,16.413471,17.6,25.0,25.0,25.0,25.0,25.0,25.0,25.0,25.0,25.0,25.0,25.0,25.0,25.0,20.6,25.0,25.0,25.0,25.0,21.299999,23.013933,27.6,25.4,25.0,19.947744,20.052777,20.665386,22.267307,17.727304,18.676256,18.823022,20.678139,20.648915,18.868579,20.183085,17.897275,16.889393,23.78467
2026-01-02 09:40:00,18.683684,20.414588,20.418329,18.971532,19.757175,10.336478,13.246303,14.267634,12.054926,9.229737,16.630486,17.346418,25.0,25.0,25.0,25.0,25.0,25.0,25.0,25.0,25.0,25.0,25.0,25.0,25.0,20.948605,25.0,25.0,25.0,25.0,21.768296,22.94966,33.299999,27.299999,25.0,19.948288,20.255368,20.952659,22.860711,18.20249,20.05599,18.859666,21.321475,21.457088,18.452977,21.157981,18.350352,17.351463,26.513746
2026-01-02 09:50:00,18.717481,20.509716,20.515043,19.248798,21.1711,10.419342,13.524126,14.304087,12.356463,9.19098,16.670231,17.310167,25.0,25.0,25.0,25.0,25.0,25.0,25.0,25.0,25.0,25.0,25.0,25.0,25.0,21.256358,25.0,25.0,25.0,25.0,21.764715,23.478031,35.145331,28.216558,25.0,20.074388,20.593519,21.204556,23.157413,18.519412,20.795068,18.943686,21.588575,21.956627,18.355995,21.584371,18.658173,17.794747,28.081852
2026-01-02 10:00:00,18.799999,20.585165,20.589743,19.515032,23.389533,10.640437,14.230052,14.370294,12.78518,9.152222,16.712761,17.27524,25.0,25.0,25.0,25.0,25.0,25.0,25.0,25.0,25.0,25.0,25.0,25.0,25.0,21.735527,25.0,25.0,25.0,25.0,21.761135,24.402826,37.099998,29.200001,25.0,20.200001,21.190627,21.525249,23.454115,18.931396,21.608233,19.123773,21.700001,22.4268,18.320969,22.035334,18.996358,18.309247,29.681483
2026-01-02 10:10:00,19.012001,20.702844,20.698723,20.011407,26.496822,11.442373,16.331499,15.630128,13.872882,10.726468,17.052708,17.075692,25.0,25.0,25.0,25.0,25.0,25.0,25.0,25.0,25.0,25.0,25.0,25.0,25.0,23.728298,25.0,25.0,25.0,25.0,21.948902,25.258072,44.5,31.700001,25.0,20.200001,22.940667,22.2165,24.047519,20.244289,23.595873,19.920197,21.700001,23.077132,19.312749,23.25475,19.634132,19.095741,32.61741
2026-01-02 10:20:00,19.042642,20.858203,20.854226,19.823842,27.924042,12.186084,18.996711,16.189415,14.754053,11.899536,17.227442,17.245455,25.0,25.0,25.0,25.0,25.0,25.0,25.0,25.0,25.0,25.0,25.0,25.0,25.0,24.771228,25.0,25.0,25.0,25.0,22.3409,25.806437,46.004632,32.704471,25.0,20.279976,23.136622,23.029089,24.381082,20.487175,24.973733,20.548534,21.833285,23.602139,20.141083,23.938802,19.976278,19.500413,34.277556
2026-01-02 10:30:00,19.073811,21.076002,21.075818,19.636278,28.537443,13.092481,22.407869,16.832363,16.04356,12.957635,17.433699,17.671213,25.0,25.0,25.0,25.0,25.0,25.0,25.0,25.0,25.0,25.0,25.0,25.0,25.0,25.695941,25.0,25.0,25.0,25.0,22.876771,26.549823,47.0,33.799999,25.0,20.35995,23.199366,23.506703,24.640923,20.729033,25.933503,21.294988,22.181466,24.485205,21.442012,24.568278,20.339412,20.001044,36.130815
2026-01-02 10:40:00,19.313224,21.477973,21.473288,20.968745,25.478882,14.724083,27.534845,19.087893,20.837003,14.047395,18.094704,18.877535,25.0,25.0,25.0,25.0,25.0,25.0,25.0,25.0,25.0,25.0,25.0,25.0,25.0,26.983998,25.0,25.0,25.0,25.0,23.505641,29.459605,48.35,37.400002,25.0,20.265792,22.960359,23.090237,24.882582,22.010065,26.442555,22.781923,23.337711,30.761217,27.570842,25.47122,21.137567,21.895643,40.585463
2026-01-02 10:50:00,19.33426,21.837744,21.846799,22.028899,24.112383,15.671968,29.098642,21.182771,23.13562,14.378415,18.512508,19.634216,25.0,25.0,25.0,25.0,25.0,25.0,25.0,25.0,25.0,25.0,25.0,25.0,25.0,28.672552,25.0,25.0,25.0,25.0,23.415221,31.271208,49.258654,37.654971,25.0,20.265896,23.100214,22.975975,25.002802,22.930384,26.434923,24.507814,26.225022,33.485108,29.64588,26.576938,21.564593,22.00094,42.270261
2026-01-02 11:00:00,19.354512,22.356451,22.392397,23.40031,23.50823,16.831954,30.602305,22.888394,25.646009,14.5054,18.94907,20.422473,25.0,25.0,25.0,25.0,25.0,25.0,25.0,25.0,25.0,25.0,25.0,25.0,25.0,29.701802,25.0,25.0,25.0,25.0,23.295173,33.285253,49.700001,37.900002,25.0,20.266269,23.24007,22.933199,25.122836,24.097585,26.427291,25.517898,28.73511,34.636229,30.464204,28.267871,21.980093,22.09924,43.589121
2026-01-02 11:10:00,19.52559,23.954736,24.042873,26.859059,23.476413,20.433135,34.929656,23.930716,32.427644,13.771632,19.724443,21.8221,25.0,25.0,25.0,25.0,25.0,25.0,25.0,25.0,25.0,25.0,25.0,25.0,25.0,28.1676,25.0,25.0,25.0,25.0,23.251263,37.591892,49.700001,40.299999,25.0,20.648681,22.920318,23.794048,25.36309,27.225709,27.578625,25.473215,29.243705,31.557719,26.196148,32.602455,22.701867,22.997911,45.370789
2026-01-02 11:20:00,19.588881,24.150753,24.188756,26.168256,23.71361,21.705748,38.577884,24.451876,36.187319,13.835605,20.148437,22.503484,25.0,25.0,25.0,25.0,25.0,25.0,25.0,25.0,25.0,25.0,25.0,25.0,25.0,29.089074,25.0,25.0,25.0,25.0,23.261324,36.917323,48.300001,40.001695,25.0,20.741647,23.071718,24.607907,25.483217,34.6132,28.170358,25.668178,30.544846,32.800962,26.349015,32.106321,23.272337,23.605198,45.841308
2026-01-02 11:30:00,19.614441,24.324707,24.320899,25.110415,24.258911,22.946997,41.454218,24.973037,38.014338,14.034219,20.639797,23.181837,25.0,25.0,25.0,25.0,25.0,25.0,25.0,25.0,25.0,25.0,25.0,25.0,25.0,30.961769,25.0,25.0,25.0,25.0,23.293978,35.471307,46.900002,39.200001,25.0,20.852433,23.223117,25.248109,25.603344,42.338847,28.948741,26.142115,32.014519,34.044204,26.77042,31.610186,24.085309,24.387642,46.344161
2026-01-02 11:40:00,19.496767,25.088441,25.096122,24.459826,25.4,26.196206,43.239733,26.015358,38.17932,15.725641,22.015384,24.558113,25.0,25.0,25.0,25.0,25.0,25.0,25.0,25.0,25.0,25.0,25.0,25.0,25.0,33.638931,25.0,25.0,25.0,25.0,23.715008,33.04489,47.799999,36.200001,25.0,22.075001,22.886526,25.591335,25.843599,46.16999,32.737659,27.340977,32.887487,33.830413,28.539251,31.885968,26.92512,26.76705,48.847869
2026-01-02 11:50:00,19.556758,25.296999,25.337634,25.109046,25.871629,27.828749,44.014279,26.536519,38.847739,16.601159,22.539669,25.31652,25.0,25.0,25.0,25.0,25.0,25.0,25.0,25.0,25.0,25.0,25.0,25.0,25.0,33.639496,25.0,25.0,25.0,25.0,22.8433,32.657711,45.75,39.200001,25.0,22.77928,22.445454,26.035559,25.963726,42.220305,34.311702,28.233657,32.271919,36.218851,29.633319,32.527326,26.605661,28.486551,48.78602
2026-01-02 12:00:00,19.689577,25.555208,25.643358,26.121824,26.294913,28.784279,44.341554,27.057679,40.102408,17.383194,22.982552,25.91625,25.0,25.0,25.0,25.0,25.0,25.0,25.0,25.0,25.0,25.0,25.0,25.0,25.0,33.640061,25.0,25.0,25.0,25.0,21.971591,32.527388,43.700001,42.200001,25.0,23.331721,22.176636,26.305191,26.083853,36.687768,35.494023,29.780227,31.656351,39.616298,30.695725,33.64882,26.286203,29.756486,48.724171
2026-01-02 12:10:00,19.935913,28.605399,28.808237,26.782835,27.051724,29.195221,42.159475,28.1,42.463332,18.505037,23.706857,26.508106,25.0,25.0,25.0,25.0,25.0,25.0,25.0,25.0,25.0,25.0,25.0,25.0,25.0,37.126936,25.0,25.0,25.0,25.0,22.1,33.835505,46.099998,41.099998,25.0,23.842502,22.246314,26.021607,26.324107,34.186875,36.819231,46.574606,32.807588,41.24118,32.287156,36.038077,27.69994,30.53005,51.351705
2026-01-02 12:20:00,20.421378,29.728903,29.801883,27.269881,27.405462,29.167394,42.327113,33.813945,45.295398,19.012404,23.553988,26.77585,25.0,25.0,25.0,25.0,25.0,25.0,25.0,25.0,25.0,25.0,25.0,25.0,25.0,38.260619,25.0,25.0,25.0,25.0,22.042493,34.610203,45.699999,43.449999,25.0,24.061963,22.26565,26.884916,26.444234,34.357101,37.909172,45.760589,33.233787,43.242636,32.597807,36.285555,28.933382,30.733462,50.242808
2026-01-02 12:30:00,20.757043,30.182083,30.186221,27.787323,27.816188,29.139567,42.67225,40.186446,46.971372,19.607178,23.401119,27.058541,25.0,25.0,25.0,25.0,25.0,25.0,25.0,25.0,25.0,25.0,25.0,25.0,25.0,39.304979,25.0,25.0,25.0,25.0,21.984986,35.595475,45.299999,45.799999,25.0,24.314658,22.28893,27.748225,26.564361,34.928427,38.579318,43.786133,33.467518,44.437629,32.931598,36.36407,30.603229,30.990445,48.128664
2026-01-02 12:40:00,20.436287,28.795423,28.80565,28.608332,29.215951,29.410109,43.185025,42.293755,46.105148,21.795204,23.42317,27.791874,25.0,25.0,25.0,25.0,25.0,25.0,25.0,25.0,25.0,25.0,25.0,25.0,25.0,41.792477,25.0,25.0,25.0,25.0,22.1,39.002142,46.099998,41.549999,25.0,25.243777,22.5,26.360366,26.804616,46.530817,38.732749,38.830198,33.582326,40.946417,35.444551,36.030359,34.942747,35.180473,45.62162
2026-01-02 12:50:00,20.960672,30.227305,30.208249,30.527265,29.807734,29.959738,43.441413,42.53864,45.787224,22.497414,23.623203,27.598471,25.0,25.0,25.0,25.0,25.0,25.0,25.0,25.0,25.0,25.0,25.0,25.0,25.0,42.412317,25.0,25.0,25.0,25.0,22.194653,38.640084,46.099998,39.187879,25.0,25.592787,22.506037,26.260715,26.924743,50.005425,37.90951,43.631872,34.423307,38.838266,37.463572,36.476907,32.919967,34.298161,44.922051
2026-01-02 13:00:00,21.721403,31.659188,31.610848,31.917268,30.420729,30.782869,43.6978,42.723532,45.65911,23.02093,24.173243,27.405068,25.0,25.0,25.0,25.0,25.0,25.0,25.0,25.0,25.0,25.0,25.0,25.0,25.0,42.932447,25.0,25.0,25.0,25.0,22.342271,38.278025,46.099998,37.299999,25.0,25.951808,22.512262,26.230219,27.04487,51.33371,37.08627,48.433546,35.171665,37.040004,38.505098,36.923455,30.897187,33.415849,44.417859
2026-01-02 13:10:00,22.111576,29.355274,29.368484,31.449907,32.032064,32.037761,44.210575,43.198541,46.296128,23.732339,27.43963,28.094088,25.0,25.0,25.0,25.0,25.0,25.0,25.0,25.0,25.0,25.0,25.0,25.0,25.0,44.10409,25.0,25.0,25.0,25.0,23.033667,43.792881,46.900002,35.400002,25.0,26.996827,23.49173,26.255721,27.285124,44.937378,38.265479,43.522074,33.481382,35.062975,37.769624,36.381352,32.40571,35.178255,43.721622
2026-01-02 13:20:00,22.807437,27.599085,27.634994,31.862684,32.199325,33.435459,44.466962,44.255854,45.214212,24.387362,27.234914,28.121134,25.0,25.0,25.0,25.0,25.0,25.0,25.0,25.0,25.0,25.0,25.0,25.0,25.0,45.115827,25.0,25.0,25.0,25.0,23.774454,41.59911,46.650002,37.105347,25.0,27.113732,24.067959,25.811411,27.405251,40.139033,40.743288,45.62472,36.034983,35.522167,37.836084,37.143482,33.870053,36.51147,43.820919
2026-01-02 13:30:00,23.667327,26.51723,26.535451,32.912182,32.354851,34.242109,44.72335,45.090175,44.132297,25.185479,26.854109,28.148263,25.0,25.0,25.0,25.0,25.0,25.0,25.0,25.0,25.0,25.0,25.0,25.0,25.0,46.15903,25.0,25.0,25.0,25.0,24.19637,39.40534,46.400002,40.299999,25.0,27.231928,24.763769,25.3671,27.525378,36.117027,42.487591,47.727367,40.949575,36.63198,38.063235,37.905611,34.676292,37.185174,43.920216
2026-01-02 13:40:00,24.542851,26.222232,26.195772,36.043981,33.299999,32.628869,45.236125,45.188871,45.465242,26.632007,26.433666,28.881681,25.0,25.0,25.0,25.0,25.0,25.0,25.0,25.0,25.0,25.0,25.0,25.0,25.0,47.465541,25.0,25.0,25.0,25.0,24.0,44.808338,47.400002,43.900002,25.0,28.379412,26.798973,30.213953,27.765633,32.729301,42.260425,45.81434,46.93925,39.382714,44.666802,35.545583,33.358927,36.477992,43.685829
2026-01-02 13:50:00,25.008142,27.608117,27.558771,36.197106,33.883246,32.664741,45.492512,45.001577,45.354537,27.849699,29.159646,28.90007,25.0,25.0,25.0,25.0,25.0,25.0,25.0,25.0,25.0,25.0,25.0,25.0,25.0,48.870167,25.0,25.0,25.0,25.0,23.949394,44.829455,47.150002,41.400002,28.044537,28.246597,26.562144,30.64912,27.88576,33.66891,43.567344,48.926159,47.912963,39.640151,49.608572,35.177217,33.106991,34.026002,45.658045
2026-01-02 14:00:00,25.528993,28.994003,28.92177,36.24271,34.361844,32.784476,45.7489,44.814284,45.043234,28.7382,32.870853,28.918637,25.0,25.0,25.0,25.0,25.0,25.0,25.0,25.0,25.0,25.0,25.0,25.0,25.0,50.029176,25.0,25.0,25.0,25.0,23.930718,44.835398,46.900002,38.900002,31.089074,28.113781,26.044025,30.78507,28.005887,36.077081,44.874263,52.037978,48.241702,39.859063,52.096576,35.053663,33.019501,32.080232,47.630262
2026-01-02 14:10:00,26.881956,28.038187,28.020268,33.880042,34.827385,35.008596,46.261675,46.237034,43.60483,29.166971,34.374748,29.947357,25.0,25.0,25.0,25.0,25.0,25.0,25.0,25.0,25.0,25.0,25.0,25.0,25.0,50.648688,25.0,25.0,25.0,25.0,24.2589,40.010849,48.0,44.900002,29.037023,33.371579,25.118267,28.956098,28.246141,43.489104,41.47366,44.755506,42.818517,40.794427,50.939108,36.617753,40.094589,41.126563,44.75988
2026-01-02 14:20:00,26.696741,26.088402,26.077342,33.722854,35.317105,33.962711,46.518062,46.760269,45.423073,29.789452,34.847302,30.478323,25.0,25.0,25.0,25.0,25.0,25.0,25.0,25.0,25.0,25.0,25.0,25.0,25.0,51.593726,25.0,25.0,25.0,25.0,24.676193,44.245458,48.740384,44.800001,27.856735,36.503212,26.038984,30.050304,28.366268,50.640734,40.88698,45.636663,42.618662,41.981835,50.204771,37.796705,36.74154,39.629792,46.775456
2026-01-02 14:30:00,26.24431,24.224375,24.24171,33.598502,36.040143,32.916826,46.774449,46.971233,47.241315,30.45045,35.297415,30.733773,25.0,25.0,25.0,25.0,25.0,25.0,25.0,25.0,25.0,25.0,25.0,25.0,25.0,52.989823,25.0,25.0,25.0,25.0,25.203229,48.480067,49.099998,44.700001,27.312451,37.963859,28.002287,31.14451,28.486395,54.570106,40.686931,47.725605,42.56001,43.545802,49.577787,38.848423,33.388491,38.133021,48.791031
2026-01-02 14:40:00,25.079936,23.44567,23.55297,33.13845,38.013744,32.981637,47.287224,46.264238,46.339121,30.988977,36.520536,30.761749,25.0,25.0,25.0,25.0,25.0,25.0,25.0,25.0,25.0,25.0,25.0,25.0,25.0,55.590769,25.0,25.0,25.0,25.0,25.966537,47.583987,47.400002,44.900002,27.613508,33.594556,31.244239,29.721156,28.72665,49.897674,42.603345,52.56908,46.712237,46.078628,48.919656,39.888711,39.409081,41.152025,46.741959
2026-01-02 14:50:00,25.531026,24.161629,24.27709,32.859602,36.960589,32.792176,47.632361,45.715165,46.240097,31.530607,36.390287,30.672573,25.0,25.0,25.0,25.0,25.0,25.0,25.0,25.0,25.0,25.0,25.0,25.0,25.0,56.377823,25.0,25.0,25.0,25.0,26.222236,48.717963,47.783614,45.279912,27.297857,32.383974,30.04577,30.438556,28.846777,48.450079,41.627902,48.089664,46.307241,45.77121,48.914946,40.934227,36.770149,44.810607,45.718621
2026-01-02 15:00:00,26.373998,25.17341,25.251975,32.728794,35.907434,32.365857,47.799999,45.188662,46.131047,32.027135,36.039898,30.547055,25.0,25.0,25.0,25.0,25.0,25.0,25.0,25.0,25.0,25.0,25.0,25.0,25.0,56.902072,25.0,25.0,25.0,25.0,26.501631,49.85194,48.5,45.700001,26.668807,31.48798,27.94882,32.137139,28.966904,47.092878,40.65246,43.610248,45.902244,45.463792,48.91022,41.516786,34.131216,46.983122,45.267403
2026-01-02 15:10:00,27.317218,25.645931,25.62972,34.439807,36.244998,31.533498,44.353096,44.579723,43.03622,32.418623,34.723113,30.489293,25.0,25.0,25.0,25.0,25.0,25.0,25.0,25.0,25.0,25.0,25.0,25.0,25.0,57.457855,25.0,25.0,25.0,25.0,27.647441,47.110796,49.299999,46.0,25.819978,30.155707,26.011461,36.058655,29.207158,43.535638,43.974764,50.710396,46.755767,49.436781,47.908638,37.740347,40.194702,42.583295,48.381732
2026-01-02 15:20:00,27.026782,26.042526,26.029676,36.74695,36.820354,31.824631,44.253386,43.027478,41.819647,32.821461,34.738957,30.496742,25.0,25.0,25.0,25.0,25.0,25.0,25.0,25.0,25.0,25.0,25.0,25.0,25.0,56.18956,25.0,25.0,25.0,25.0,27.752324,48.916724,49.753376,45.607692,25.89252,30.036642,25.422375,35.380621,29.327285,42.613578,44.792847,53.272892,43.789079,46.511264,47.402763,37.761067,39.143005,43.109107,47.904146
2026-01-02 15:30:00,26.736346,26.250208,26.256549,38.166347,37.348383,32.606892,44.192321,41.878021,41.209127,33.404041,34.793164,30.522261,25.0,25.0,25.0,25.0,25.0,25.0,25.0,25.0,25.0,25.0,25.0,25.0,25.0,54.921266,25.0,25.0,25.0,25.0,27.859712,50.722652,50.400002,44.799999,26.054737,29.999462,25.196332,33.609538,29.447412,41.738182,45.29545,54.300796,40.822391,43.585748,46.919888,37.781786,38.091308,43.634919,47.140935
2026-01-02 15:40:00,27.678738,25.668903,25.702628,32.588781,37.581179,35.531583,44.072274,46.048904,41.022031,34.9333,36.406551,31.307729,25.0,25.0,25.0,25.0,25.0,25.0,25.0,25.0,25.0,25.0,25.0,25.0,25.0,55.000393,25.0,25.0,25.0,25.0,29.32958,46.196967,54.299999,43.599998,26.36522,36.346074,25.478254,27.73023,29.687667,38.935849,45.793513,42.63107,44.405324,46.437118,46.076668,36.707342,39.78598,42.063505,46.603733
2026-01-02 15:50:00,27.663807,25.629653,25.664845,29.166676,40.851201,35.86612,45.316272,47.622319,41.52903,36.057602,36.15742,31.215553,25.0,25.0,25.0,25.0,25.0,25.0,25.0,25.0,25.0,25.0,25.0,25.0,25.0,54.508638,25.0,25.0,25.0,25.0,29.905908,47.789775,54.760969,46.049999,26.099939,36.327462,25.389459,27.769499,29.807794,37.417394,46.419942,40.911024,47.25775,45.304997,46.63848,38.133324,39.329189,40.836036,47.997368
2026-01-02 16:00:00,27.612681,25.591039,25.627268,27.554933,43.923329,35.973519,47.241652,48.261156,42.731795,36.620238,35.78055,31.0,25.0,25.0,25.0,25.0,25.0,25.0,25.0,25.0,25.0,25.0,25.0,25.0,25.0,54.016882,25.0,25.0,25.0,25.0,30.142444,50.025021,55.099998,48.5,25.834658,36.262983,25.300664,27.891977,29.927921,36.730469,46.796573,40.339209,49.444287,44.172876,47.646884,39.559306,38.739472,39.496295,49.391002
2026-01-02 16:10:00,26.062317,25.10945,25.10843,27.604184,35.982629,35.168071,48.467123,47.973674,45.527126,36.374782,35.557819,30.52274,25.0,25.0,25.0,25.0,25.0,25.0,25.0,25.0,25.0,25.0,25.0,25.0,25.0,57.011286,25.0,25.0,25.0,25.0,29.6,51.04237,55.900002,41.099998,27.010592,33.529363,26.918316,28.974099,30.168175,43.210182,40.585634,41.560165,50.776541,44.371102,48.650609,36.296261,38.548697,37.347248,46.853562
2026-01-02 16:20:00,26.485853,24.887672,24.8933,27.935732,36.590838,35.528776,48.708674,47.745225,47.301296,36.055392,34.842504,30.42289,25.0,25.0,25.0,25.0,25.0,25.0,25.0,25.0,25.0,25.0,25.0,25.0,25.0,56.884666,25.0,25.0,25.0,25.0,29.679721,51.111693,57.334783,38.724173,26.989086,31.866019,27.14213,29.595938,30.288302,48.981297,38.368684,41.218451,45.165764,43.684108,48.598189,37.867758,37.032246,36.981561,47.679906
2026-01-02 16:30:00,26.909389,24.686659,24.696127,28.602596,37.662879,35.889482,48.935739,47.500202,49.013885,35.842631,34.283831,30.387619,25.0,25.0,25.0,25.0,25.0,25.0,25.0,25.0,25.0,25.0,25.0,25.0,25.0,56.463413,25.0,25.0,25.0,25.0,29.873753,51.132818,58.299999,37.799999,26.916238,30.361312,27.392518,30.485832,30.408429,52.065866,37.482037,40.378071,39.535227,42.997114,48.420417,41.097021,35.671027,36.857159,48.506249
2026-01-02 16:40:00,26.297903,24.352536,24.324187,29.870767,38.674903,35.266427,49.824533,47.131139,51.476519,35.818207,34.610658,30.961631,25.0,25.0,25.0,25.0,25.0,25.0,25.0,25.0,25.0,25.0,25.0,25.0,25.0,49.015399,25.0,25.0,25.0,25.0,30.366723,50.300767,45.799999,40.799999,25.170086,28.451946,32.463566,35.802127,30.648684,47.804904,45.577451,38.162189,39.513201,48.633007,44.055804,45.86759,37.132782,40.412363,45.798637
2026-01-02 16:50:00,25.979675,25.02784,24.998004,31.419854,38.077546,35.260667,50.135751,47.830135,49.170154,36.363928,34.334211,31.45642,25.0,25.0,25.0,25.0,25.0,25.0,25.0,25.0,25.0,25.0,25.0,25.0,25.0,46.969038,25.0,25.0,25.0,25.0,30.181693,50.902664,51.4,42.012123,24.714013,28.771444,30.546042,37.220693,30.768811,48.664518,47.776852,40.385007,39.932135,46.444416,45.239345,44.86687,38.272449,40.076031,45.851754
2026-01-02 17:00:00,25.713958,25.722705,25.703483,33.767376,37.480189,35.259035,50.259582,48.529132,46.863789,37.473018,33.723691,31.717911,25.0,25.0,25.0,25.0,25.0,25.0,25.0,25.0,25.0,25.0,25.0,25.0,25.0,45.458349,25.0,25.0,25.0,25.0,29.737033,51.785389,57.0,43.0,24.545193,29.582332,28.577774,38.595598,30.888938,49.524132,48.598356,42.607824,40.955705,42.679105,47.263028,43.866151,38.854325,39.094579,46.017609
2026-01-02 17:10:00,25.395002,25.745006,25.740158,39.635248,39.409292,37.866865,48.435023,47.400002,49.966064,39.058674,32.60025,31.350692,25.0,25.0,25.0,25.0,25.0,25.0,25.0,25.0,25.0,25.0,25.0,25.0,25.0,43.213736,25.0,25.0,25.0,25.0,28.656576,52.255512,43.0,44.400002,25.15305,31.985633,28.520052,43.198336,31.129192,41.791549,43.364584,39.704323,43.592042,39.368659,49.010135,44.179851,31.147131,33.567572,47.496323
2026-01-02 17:20:00,25.293696,24.968994,24.973337,37.795709,42.352389,38.21672,49.405669,49.623328,50.002704,38.413391,31.539385,31.454195,25.0,25.0,25.0,25.0,25.0,25.0,25.0,25.0,25.0,25.0,25.0,25.0,25.0,43.350947,25.0,25.0,25.0,25.0,28.837502,53.276928,41.557406,43.450001,25.676521,32.922755,28.712871,42.423512,31.249319,41.958345,43.905638,38.763745,46.235051,39.030391,50.000742,42.745395,31.981285,33.548952,49.927484
2026-01-02 17:30:00,25.163927,23.826248,23.837359,34.088316,44.236455,38.5,50.376316,51.846654,50.038883,37.768107,30.960818,31.557699,25.0,25.0,25.0,25.0,25.0,25.0,25.0,25.0,25.0,25.0,25.0,25.0,25.0,43.80172,25.0,25.0,25.0,25.0,29.018428,54.002576,41.099998,42.5,25.953081,33.30677,28.905691,40.592076,31.369446,42.498273,44.446692,37.740947,47.706474,38.871686,50.455446,41.310938,33.225181,33.543716,51.520544
2026-01-02 17:40:00,23.750246,23.209049,23.211231,28.917383,42.593411,39.34599,49.62151,47.991399,51.762752,38.095322,31.343486,30.090989,25.0,25.0,25.0,25.0,25.0,25.0,25.0,25.0,25.0,25.0,25.0,25.0,25.0,50.509443,25.0,25.0,25.0,25.0,28.737108,51.721358,43.299999,46.5,25.647145,29.1715,25.79322,36.388131,31.609701,49.252731,40.111638,33.456165,44.958261,38.755704,48.610118,42.675945,33.926172,34.142831,51.074733
2026-01-02 17:50:00,22.393747,23.091003,23.09341,27.900009,40.363884,37.622519,50.057602,46.14473,49.517065,37.801533,31.035411,30.360459,25.0,25.0,25.0,25.0,25.0,25.0,25.0,25.0,25.0,25.0,25.0,25.0,25.0,50.053762,25.0,25.0,25.0,25.0,28.630444,51.705533,45.940204,44.200001,25.299819,29.430953,23.689995,33.427607,31.729828,48.947818,36.454957,32.616503,47.67946,39.796719,50.265155,41.587737,34.028003,35.391307,51.948388
2026-01-02 18:00:00,21.406187,22.994329,22.997624,27.157529,38.989403,35.606491,50.493695,45.340883,47.271378,37.144347,30.654206,31.141223,25.0,25.0,25.0,25.0,25.0,25.0,25.0,25.0,25.0,25.0,25.0,25.0,25.0,48.744799,25.0,25.0,25.0,25.0,28.587076,51.690552,49.449999,41.900002,25.024554,30.158617,22.667072,31.967547,31.849955,48.051145,34.536798,32.32359,52.453198,42.319285,51.920192,39.723443,34.139793,37.274547,52.822042
2026-01-02 18:10:00,21.013762,22.751093,22.759398,25.829887,40.50753,35.228914,50.101413,45.906461,50.70475,35.885141,30.554062,35.364723,25.0,25.0,25.0,25.0,25.0,25.0,25.0,25.0,25.0,25.0,25.0,25.0,25.0,41.990393,25.0,25.0,25.0,25.0,29.201693,51.372369,55.599998,42.700001,24.905424,33.477228,22.744001,32.011442,32.090209,42.76883,42.783392,38.036492,56.897573,48.629032,42.824488,38.104668,35.737822,40.146445,50.211761
2026-01-02 18:20:00,20.66099,22.587414,22.590482,24.234745,39.445667,35.987644,49.561178,46.382976,51.828549,36.094914,29.722119,36.314156,25.0,25.0,25.0,25.0,25.0,25.0,25.0,25.0,25.0,25.0,25.0,25.0,25.0,41.104027,25.0,25.0,25.0,25.0,29.163792,50.338488,52.970669,43.416386,25.281559,32.372964,22.898084,32.830781,32.251919,44.289228,42.576219,40.536374,56.295805,48.55188,46.428716,39.986791,33.491093,37.04287,49.442294
2026-01-02 18:30:00,20.447668,22.41616,22.412604,22.73936,37.38577,37.055538,49.226516,46.632837,52.267863,36.304687,28.972017,36.826453,25.0,25.0,25.0,25.0,25.0,25.0,25.0,25.0,25.0,25.0,25.0,25.0,25.0,40.638593,25.0,25.0,25.0,25.0,29.058096,49.528999,48.200001,43.799999,25.657694,30.68993,23.170203,33.612275,32.330463,47.168552,42.025948,41.595381,55.421376,48.361449,50.032944,41.868913,31.244364,33.307652,49.149271
2026-01-02 18:40:00,20.413553,22.129838,22.125817,21.699434,34.816673,37.546902,49.880581,46.290334,51.595036,34.609502,29.556717,37.200527,25.0,25.0,25.0,25.0,25.0,25.0,25.0,25.0,25.0,25.0,25.0,25.0,25.0,40.21251,25.0,25.0,25.0,25.0,28.589326,49.953943,43.299999,37.299999,25.579439,29.670551,23.843235,32.97361,31.818085,50.517194,40.068168,35.735874,54.970304,47.852663,48.38341,37.082026,31.404443,32.467948,50.384534
2026-01-02 18:50:00,20.43329,22.212649,22.210951,21.539274,33.686297,37.860572,50.236964,46.128489,50.729045,33.920618,29.971321,37.203293,25.0,25.0,25.0,25.0,25.0,25.0,25.0,25.0,25.0,25.0,25.0,25.0,25.0,39.253319,25.0,25.0,25.0,25.0,28.594663,49.86439,48.1,36.360058,25.200606,29.631389,23.300724,33.821495,31.561895,49.560541,40.608324,34.934896,54.054823,47.076032,47.984272,34.908532,31.025933,31.945702,50.413465
2026-01-02 19:00:00,20.453027,22.395082,22.396765,21.485668,33.206667,38.010256,50.398473,45.9256,49.201167,33.239204,30.176271,37.204075,25.0,25.0,25.0,25.0,25.0,25.0,25.0,25.0,25.0,25.0,25.0,25.0,25.0,38.565348,25.0,25.0,25.0,25.0,28.6,49.559309,52.900002,35.65,24.665978,29.619874,22.588164,34.669379,31.305706,48.603888,41.148479,34.27255,52.6511,46.541478,47.605177,33.977618,30.134895,31.283393,50.421814
2026-01-02 19:10:00,20.200001,22.72819,22.726362,22.525868,37.176522,37.330836,45.42776,45.01116,43.150641,31.615626,29.656182,36.445368,25.0,25.0,25.0,25.0,25.0,25.0,25.0,25.0,25.0,25.0,25.0,25.0,25.0,38.882597,25.0,25.0,25.0,25.0,28.336419,41.320956,48.5,34.0,24.246146,31.874484,22.339268,29.925279,30.793327,49.738764,36.425122,32.173022,50.36867,46.493948,46.313201,34.456601,28.117586,29.15811,46.287209
2026-01-02 19:20:00,20.289933,22.77323,22.762376,23.028019,36.692676,36.426694,40.487011,44.029673,41.622132,30.890555,29.635475,36.351087,25.0,25.0,25.0,25.0,25.0,25.0,25.0,25.0,25.0,25.0,25.0,25.0,25.0,38.631187,25.0,25.0,25.0,25.0,28.376516,41.455582,41.955749,32.919812,24.197077,31.797426,22.655329,28.349822,30.537138,49.458979,35.62365,31.035706,46.753702,45.4959,43.512232,34.068527,27.525242,28.035689,46.131624
2026-01-02 19:30:00,20.460912,22.800917,22.787709,23.247125,35.976917,35.10709,35.026705,42.572165,40.315861,30.050016,29.614838,36.249862,25.0,25.0,25.0,25.0,25.0,25.0,25.0,25.0,25.0,25.0,25.0,25.0,25.0,38.07912,25.0,25.0,25.0,25.0,28.416614,41.590209,37.799999,32.400002,24.181281,31.549657,23.553551,27.134939,30.280949,48.737304,34.860829,30.023143,44.412179,43.520221,41.523496,33.221644,27.084641,27.211881,45.975946
2026-01-02 19:40:00,20.662018,22.838983,22.842047,23.011345,35.584299,32.403382,27.924277,38.614681,37.245093,27.033492,29.127682,34.754828,25.0,25.0,25.0,25.0,25.0,25.0,25.0,25.0,25.0,25.0,25.0,25.0,25.0,37.081227,25.0,25.0,25.0,25.0,27.597342,36.129169,40.900002,36.0,24.499996,28.662646,27.933521,25.380654,29.76857,46.459609,31.299999,28.643522,48.943395,40.62063,41.675151,31.720166,26.448285,26.518031,41.789728
2026-01-02 19:50:00,20.617721,22.834762,22.837322,22.657011,34.011615,31.031659,25.145807,36.663669,35.022947,25.682186,28.730636,34.345584,25.0,25.0,25.0,25.0,25.0,25.0,25.0,25.0,25.0,25.0,25.0,25.0,25.0,36.420353,25.0,25.0,25.0,25.0,26.757764,37.094037,42.311967,34.935656,24.498436,28.546811,32.950069,24.689598,29.512381,46.393126,31.124993,27.967231,46.302482,37.64888,37.320076,32.276282,26.382224,26.27808,40.491018
2026-01-02 20:00:00,20.525589,22.820639,22.821633,22.174788,31.222902,29.659547,23.016469,34.774119,32.632136,24.339791,28.276057,33.91282,25.0,25.0,25.0,25.0,25.0,25.0,25.0,25.0,25.0,25.0,25.0,25.0,25.0,35.673152,25.0,25.0,25.0,25.0,25.891386,38.058906,43.599998,33.200001,24.496099,28.512679,35.872821,24.196318,29.256191,46.325939,31.072856,27.420112,41.713105,35.071767,31.197439,32.832398,26.332514,26.071732,39.277067
2026-01-02 20:10:00,20.384481,22.548616,22.552078,21.445083,26.745585,26.952965,20.369162,31.262172,28.638242,21.399197,27.484357,31.941388,25.0,25.0,25.0,25.0,25.0,25.0,25.0,25.0,25.0,25.0,25.0,25.0,25.0,34.10611,25.0,25.0,25.0,25.0,24.97415,35.828875,45.799999,31.9,24.494759,30.698252,35.300852,23.689574,28.743813,43.198202,31.235406,26.779949,37.557018,33.371898,28.392156,31.032321,26.200001,25.687473,36.128266
2026-01-02 20:20:00,20.462816,22.343441,22.346819,21.475313,26.143759,25.711701,19.463112,29.329489,27.101248,19.96352,26.61374,30.901462,25.0,25.0,25.0,25.0,25.0,25.0,25.0,25.0,25.0,25.0,25.0,25.0,25.0,33.349709,25.0,25.0,25.0,25.0,24.547663,34.689692,44.518237,32.999999,24.424784,29.609595,36.168338,23.504402,28.487623,41.96333,30.822923,26.717026,39.671372,33.445137,29.985354,30.703361,26.55805,26.006646,34.921625
2026-01-02 20:30:00,20.541151,22.091618,22.094567,21.549902,25.694468,24.588001,18.826426,27.486596,25.63974,18.722522,25.477783,29.76371,25.0,25.0,25.0,25.0,25.0,25.0,25.0,25.0,25.0,25.0,25.0,25.0,25.0,32.605789,25.0,25.0,25.0,25.0,24.249349,33.388713,41.900002,34.099998,24.231301,27.791557,37.035824,23.357474,28.231434,40.512683,29.886667,26.697179,41.785725,33.518376,31.578553,30.429913,26.916099,26.325819,33.883284
2026-01-02 20:40:00,20.156692,21.513628,21.519617,21.748924,24.649212,22.718883,18.120678,24.533564,22.367076,16.994603,23.413516,26.982259,25.0,25.0,25.0,25.0,25.0,25.0,25.0,25.0,25.0,25.0,25.0,25.0,25.0,31.133932,25.0,25.0,25.0,25.0,24.0,29.623138,38.099998,33.5,23.357148,26.328433,28.231102,23.145975,27.719055,34.058605,28.006996,27.615578,37.825451,31.222228,28.443072,29.68854,25.839938,26.100588,32.108491
2026-01-02 20:50:00,20.003569,21.390704,21.387002,21.446172,24.192039,22.238889,17.85455,23.790348,21.288085,16.388012,22.82111,24.456998,25.0,25.0,25.0,25.0,25.0,25.0,25.0,25.0,25.0,25.0,25.0,25.0,25.0,30.157734,25.0,25.0,25.0,25.0,23.798013,28.351676,36.049999,32.320401,23.271375,25.881814,25.561935,23.031587,27.464074,35.11465,27.502831,27.39446,34.405138,31.365748,27.693513,29.216843,25.064558,25.411975,31.388286
2026-01-02 21:00:00,19.9,21.294573,21.28561,20.896282,23.70926,22.06189,17.643939,23.222363,20.474997,15.993946,22.454051,22.4,25.0,25.0,25.0,25.0,25.0,25.0,25.0,25.0,25.0,25.0,25.0,25.0,25.0,29.221576,25.0,25.0,25.0,25.0,23.572117,27.391517,34.0,30.799999,23.188154,25.502009,23.760667,22.9,27.206676,36.170695,27.162005,26.797874,32.596324,31.509269,27.293224,28.673964,24.239729,24.293472,30.812938
2026-01-02 21:10:00,19.808822,21.096698,21.099462,20.329761,22.41007,22.464079,17.35058,22.240024,19.362537,15.647209,22.120599,21.107143,25.0,25.0,25.0,25.0,25.0,25.0,25.0,25.0,25.0,25.0,25.0,25.0,25.0,27.954258,25.0,25.0,25.0,25.0,23.200001,26.095139,30.200001,29.200001,22.509358,24.742045,21.786983,22.53544,26.675743,34.44154,26.75206,24.526779,32.964231,30.366928,27.022633,27.422419,22.896284,22.673717,30.0414
2026-01-02 21:20:00,19.813819,21.032987,21.035405,20.044812,21.873775,22.235885,17.123381,22.106645,18.810945,15.797401,21.879918,21.048903,25.0,25.0,25.0,25.0,25.0,25.0,25.0,25.0,25.0,25.0,25.0,25.0,25.0,28.027129,25.0,25.0,25.0,25.0,23.113559,25.665519,29.447955,28.25,22.161527,24.404605,21.401044,21.821761,26.410276,32.995473,26.455126,23.804234,32.14104,29.763882,26.72549,26.653681,22.22799,21.636217,29.755169
2026-01-02 21:30:00,19.818817,20.972067,20.972667,19.804686,21.380209,21.689555,16.910664,21.981074,18.201434,15.947592,21.648154,21.0,25.0,25.0,25.0,25.0,25.0,25.0,25.0,25.0,25.0,25.0,25.0,25.0,25.0,28.1,25.0,25.0,25.0,25.0,23.044251,25.29126,28.85,27.299999,21.855842,24.131126,21.117567,21.329238,26.14481,31.2457,26.135543,23.18199,30.430055,29.196727,26.299999,26.15315,21.657712,20.74621,29.533375
2026-01-02 21:40:00,19.700001,20.80826,20.801992,19.5,20.434804,20.379289,16.67863,21.313133,16.556458,15.89661,21.356631,20.738948,25.0,25.0,25.0,25.0,25.0,25.0,25.0,25.0,25.0,25.0,25.0,25.0,25.0,27.465582,25.0,25.0,25.0,25.0,22.9,24.543068,27.5,25.700001,21.431277,23.779428,20.6,21.33187,25.613876,27.801261,25.601693,21.935403,27.814859,28.284046,25.292794,25.907567,20.90273,19.809454,29.236786
2026-01-02 21:50:00,19.586115,20.804043,20.803825,19.323626,20.186582,20.09827,16.392536,20.918043,16.205125,15.759635,21.153841,20.582423,25.0,25.0,25.0,25.0,25.0,25.0,25.0,25.0,25.0,25.0,25.0,25.0,25.0,26.984135,25.0,25.0,25.0,25.0,22.831695,24.380445,26.945508,25.526399,21.386701,23.700917,20.607686,21.401256,25.34841,26.998209,25.501473,21.695788,27.234787,27.475624,24.803878,25.792359,20.674818,19.597133,29.041532
2026-01-02 22:00:00,19.439999,20.800008,20.805659,19.18247,20.0,19.919098,16.200001,20.621002,15.912434,15.533998,21.054244,20.412091,25.0,25.0,25.0,25.0,25.0,25.0,25.0,25.0,25.0,25.0,25.0,25.0,25.0,26.551544,25.0,25.0,25.0,25.0,22.784661,24.235686,26.5,25.4,21.346973,23.612791,20.62351,21.468344,25.082943,26.4712,25.466787,21.508519,26.858864,26.84,24.534966,25.651527,20.47869,19.415421,28.82596
2026-01-02 22:10:00,19.147658,20.731007,20.738568,19.045476,19.700001,19.705156,16.17066,20.382824,15.192075,15.166849,21.131177,20.055009,25.0,25.0,25.0,25.0,25.0,25.0,25.0,25.0,25.0,25.0,25.0,25.0,25.0,26.118534,25.0,25.0,25.0,25.0,22.747702,23.803302,25.9,25.1,21.151883,22.889617,20.64702,21.420288,24.55201,25.826963,25.809454,21.098657,26.4,26.471247,24.442018,25.072776,20.069482,18.950496,28.4
2026-01-02 22:20:00,19.111665,20.747989,20.752236,18.835021,19.623028,19.694432,16.074975,20.198995,15.493345,14.918365,21.119749,18.983788,25.0,25.0,25.0,25.0,25.0,25.0,25.0,25.0,25.0,25.0,25.0,25.0,25.0,25.688625,25.0,25.0,25.0,25.0,22.687478,23.569935,25.793154,25.5,21.113429,22.769282,20.658775,21.080297,24.286543,25.889548,25.537284,20.932063,26.274325,26.197561,24.20673,24.644585,19.726809,18.684419,28.330236
2026-01-02 22:30:00,19.1,20.764971,20.765904,18.700001,19.535059,19.683129,16.0,19.952337,15.794615,14.698526,21.096222,18.159508,25.0,25.0,25.0,25.0,25.0,25.0,25.0,25.0,25.0,25.0,25.0,25.0,25.0,25.186632,25.0,25.0,25.0,25.0,22.6,23.429332,25.700001,25.9,21.1,22.684355,20.67053,20.668102,24.021076,25.952134,25.265114,20.75133,26.138955,25.905004,23.820886,24.252931,19.44971,18.404893,28.259004
2026-01-02 22:40:00,19.144004,20.631662,20.628468,18.908306,18.886978,18.688966,16.365739,19.228477,15.582862,14.461287,21.061268,18.373628,25.0,25.0,25.0,25.0,25.0,25.0,25.0,25.0,25.0,25.0,25.0,25.0,25.0,24.4334,25.0,25.0,25.0,25.0,22.453199,23.367897,25.4,25.9,21.1,22.532123,20.694039,20.5,23.490143,25.532481,25.368139,20.175807,25.47084,25.436794,23.176363,23.831697,19.262676,17.846858,27.770791
2026-01-02 22:50:00,19.224679,20.660195,20.659106,18.861873,18.772146,18.293405,16.278027,19.047427,15.435722,14.255205,20.797685,18.363843,25.0,25.0,25.0,25.0,25.0,25.0,25.0,25.0,25.0,25.0,25.0,25.0,25.0,24.041623,25.0,25.0,25.0,25.0,22.5266,23.205205,24.756012,25.9,21.055923,22.426638,20.705794,20.5,23.445983,25.373561,25.151694,19.840461,24.95198,25.568397,23.160082,23.612308,19.283046,17.672418,27.520614
2026-01-02 23:00:00,19.279305,20.688729,20.689743,18.738808,18.732809,18.004961,16.087228,18.981054,15.235318,14.037269,20.56239,18.329869,25.0,25.0,25.0,25.0,25.0,25.0,25.0,25.0,25.0,25.0,25.0,25.0,25.0,23.669577,25.0,25.0,25.0,25.0,22.6,22.959445,24.299999,25.9,21.011846,22.299999,20.717549,20.5,23.414685,25.194351,24.706904,19.6,24.353157,25.700001,23.147586,23.44963,19.303417,17.545456,27.296083
2026-01-02 23:10:00,19.066688,20.583665,20.588852,18.304926,18.843619,17.694255,15.752288,19.200001,14.523919,13.747798,21.19577,16.773784,25.0,25.0,25.0,25.0,25.0,25.0,25.0,25.0,25.0,25.0,25.0,25.0,25.0,23.04661,25.0,25.0,25.0,25.0,22.437357,22.640371,24.9,25.700001,21.048494,22.0,20.741059,20.460393,23.339228,24.479789,24.049744,19.428837,23.232314,25.669087,23.096669,23.306763,18.765404,17.380017,26.966897
2026-01-02 23:20:00,19.061792,20.42891,20.435644,18.418192,18.892625,17.625523,15.703148,19.028464,14.294853,13.74663,21.194601,17.097041,25.0,25.0,25.0,25.0,25.0,25.0,25.0,25.0,25.0,25.0,25.0,25.0,25.0,22.772039,25.0,25.0,25.0,25.0,22.481249,22.675035,24.343182,25.950001,20.90509,21.632732,20.752814,20.414538,23.301499,24.18898,23.660489,19.24228,23.268509,25.413691,22.853873,23.403381,18.588353,17.342387,26.900162
2026-01-02 23:30:00,19.056899,20.264876,20.268819,18.531457,18.954429,17.548908,15.656063,18.66009,14.113304,13.745465,21.190504,17.614894,25.0,25.0,25.0,25.0,25.0,25.0,25.0,25.0,25.0,25.0,25.0,25.0,25.0,22.531699,25.0,25.0,25.0,25.0,22.525141,22.709698,23.5,26.200001,20.722525,21.332196,20.764569,20.334889,23.26377,24.068357,23.299312,19.052651,23.371472,24.924675,22.469688,23.5,18.4,17.299999,26.82637
2026-01-02 23:40:00,18.848444,20.133694,20.12929,18.5,19.271439,16.939955,15.4,18.038528,13.824873,13.559424,20.9,17.982173,25.0,25.0,25.0,25.0,25.0,25.0,25.0,25.0,25.0,25.0,25.0,25.0,25.0,22.152094,25.0,25.0,25.0,25.0,22.4,21.73751,23.0,25.9,20.667196,21.200001,20.788079,19.991122,23.188313,24.264584,22.797248,18.871036,23.876082,24.164843,22.052093,23.271923,17.688578,16.954362,26.190417
2026-01-02 23:50:00,18.864907,20.082721,20.083344,18.353931,19.279257,16.845871,15.417513,17.769147,13.508983,13.51578,20.7445,18.150991,25.0,25.0,25.0,25.0,25.0,25.0,25.0,25.0,25.0,25.0,25.0,25.0,25.0,21.915386,25.0,25.0,25.0,25.0,22.275523,21.338604,23.0,26.103571,20.694951,21.417915,20.799833,19.96064,23.150584,24.358901,22.44631,18.639686,24.34539,24.047457,22.031841,23.092606,17.504294,16.966466,26.000904
2026-01-03 00:00:00,18.88137,20.061853,20.065354,18.200001,19.2867,16.75893,15.435027,17.655354,13.327716,13.5,20.64789,18.223562,25.0,25.0,25.0,25.0,25.0,25.0,25.0,25.0,25.0,25.0,25.0,25.0,25.0,21.658306,25.0,25.0,25.0,25.0,22.1,21.101666,23.0,26.5,20.745894,21.663079,20.811588,19.940328,23.112855,24.4,22.200001,18.5,24.6,23.948342,22.016723,22.907898,17.436207,17.0,25.81186
2026-01-03 00:10:00,18.715296,20.117616,20.11155,18.155949,19.40795,16.373265,15.355808,17.799999,13.4,13.534048,20.6,16.436606,25.0,25.0,25.0,25.0,25.0,25.0,25.0,25.0,25.0,25.0,25.0,25.0,25.0,21.144131,25.0,25.0,25.0,25.0,21.656678,20.964215,22.700001,27.0,20.799999,21.696894,20.835098,19.9,23.037398,24.351033,22.067397,18.554691,24.299999,23.634419,21.967115,22.654468,17.6,17.144123,25.182934
2026-01-03 00:20:00,18.635034,20.171064,20.169503,18.022941,19.337698,15.967583,15.302009,17.614936,13.269782,13.575515,20.472214,16.212828,25.0,25.0,25.0,25.0,25.0,25.0,25.0,25.0,25.0,25.0,25.0,25.0,25.0,21.038251,25.0,25.0,25.0,25.0,21.641397,21.233531,22.473589,26.946551,20.7205,21.628468,20.846853,19.9,22.999669,24.132812,22.104814,18.551254,24.038824,23.475819,21.967557,22.827234,17.698045,17.096438,24.979355
2026-01-03 00:30:00,18.6,20.200363,20.204316,17.9,19.200001,15.503784,15.229717,17.249476,12.975628,13.600181,20.299999,16.041716,25.0,25.0,25.0,25.0,25.0,25.0,25.0,25.0,25.0,25.0,25.0,25.0,25.0,20.933712,25.0,25.0,25.0,25.0,21.628586,21.609732,22.200001,26.799999,20.641,21.5,20.858608,19.9,22.96194,23.769051,22.211864,18.54019,23.871826,23.299999,21.967998,23.0,17.811842,17.048753,24.9
2026-01-03 00:40:00,18.711022,20.070317,20.072168,17.872651,19.023012,14.881239,14.97733,16.769325,12.39411,12.951123,20.135896,15.6,25.0,25.0,25.0,25.0,25.0,25.0,25.0,25.0,25.0,25.0,25.0,25.0,25.0,20.453549,25.0,25.0,25.0,25.0,21.555827,21.778037,21.6,26.200001,20.799999,21.354296,20.882118,19.723291,22.886483,23.299999,22.75247,18.409691,23.829158,22.830736,21.831486,22.708482,18.1,17.398427,25.682932
2026-01-03 00:50:00,18.734836,20.121347,20.126367,17.792092,19.056811,15.252367,14.92088,16.397509,12.187446,12.910731,20.217948,15.420855,25.0,25.0,25.0,25.0,25.0,25.0,25.0,25.0,25.0,25.0,25.0,25.0,25.0,20.276392,25.0,25.0,25.0,25.0,21.405411,21.660192,21.6,25.985714,20.799999,21.366737,20.893873,19.682763,22.848754,23.332069,22.531816,18.493595,23.686226,22.995158,21.838462,22.483825,18.274729,17.54089,25.725158
2026-01-03 01:00:00,18.761487,20.245588,20.255764,17.650382,19.090609,15.623495,14.88282,16.208115,11.985972,12.876329,20.299999,15.346623,25.0,25.0,25.0,25.0,25.0,25.0,25.0,25.0,25.0,25.0,25.0,25.0,25.0,20.1,25.0,25.0,25.0,25.0,21.299999,21.542347,21.6,25.9,20.799999,21.379178,20.905627,19.636345,22.811025,23.364138,22.021334,18.6,23.438688,23.159581,21.845439,22.369578,18.356704,17.6,25.73781
2026-01-03 01:10:00,18.990007,20.561583,20.563108,17.388285,18.9,14.941324,14.831595,16.247566,11.4622,12.7,20.299999,15.413598,25.0,25.0,25.0,25.0,25.0,25.0,25.0,25.0,25.0,25.0,25.0,25.0,25.0,19.628295,25.0,25.0,25.0,25.0,21.299999,22.002953,21.5,25.9,20.505708,21.19056,20.929137,19.217256,22.735568,23.153639,20.930709,18.631654,23.031813,22.35037,21.799999,22.706059,18.043212,17.36758,25.348164
2026-01-03 01:20:00,19.036542,20.655399,20.655026,17.114375,18.881822,14.998183,14.698772,16.227652,11.424033,12.5581,20.299999,15.567048,25.0,25.0,25.0,25.0,25.0,25.0,25.0,25.0,25.0,25.0,25.0,25.0,25.0,19.523609,25.0,25.0,25.0,25.0,21.299999,21.873648,21.432692,25.9,20.606057,21.00329,20.940892,19.385676,22.701543,23.10172,20.580701,18.444066,22.653047,22.19636,21.783994,22.676913,18.168705,17.372884,24.926441
2026-01-03 01:30:00,19.052894,20.691187,20.690153,16.857348,18.863537,15.055042,14.6,16.200001,11.387169,12.4,20.299999,15.9,25.0,25.0,25.0,25.0,25.0,25.0,25.0,25.0,25.0,25.0,25.0,25.0,25.0,19.423748,25.0,25.0,25.0,25.0,21.299999,21.685946,21.4,25.9,20.706405,20.846603,20.952647,19.554097,22.66011,23.047569,20.345172,18.176469,22.447491,22.142925,21.762551,22.594405,18.4,17.389586,24.685417
2026-01-03 01:40:00,18.799999,20.689881,20.690046,16.649826,18.661943,15.044679,14.6,16.187906,11.019301,12.140383,20.174488,17.456538,25.0,25.0,25.0,25.0,25.0,25.0,25.0,25.0,25.0,25.0,25.0,25.0,25.0,19.050574,25.0,25.0,25.0,25.0,21.299999,21.589464,22.5,25.4,20.559758,20.750346,20.976157,19.4,22.482804,22.785812,20.1,18.047163,22.646503,22.457725,21.5,22.200001,18.648624,17.549558,24.935944
2026-01-03 01:50:00,18.709677,20.701637,20.705313,16.597071,18.381809,15.024492,14.527052,16.175395,10.984367,11.994675,20.121963,17.079694,25.0,25.0,25.0,25.0,25.0,25.0,25.0,25.0,25.0,25.0,25.0,25.0,25.0,19.000245,25.0,25.0,25.0,25.0,21.181311,21.501885,22.05,24.8875,20.448085,20.683737,20.987912,19.4,22.39415,22.431054,19.93015,17.952311,22.485816,22.286984,21.340745,22.234706,18.630465,17.477787,24.836718
2026-01-03 02:00:00,18.673547,20.713393,20.72058,16.552477,18.207766,14.98897,14.369629,16.149948,10.97339,11.9,20.1,16.700001,25.0,25.0,25.0,25.0,25.0,25.0,25.0,25.0,25.0,25.0,25.0,25.0,25.0,18.952878,25.0,25.0,25.0,25.0,21.0,21.445253,21.6,24.6,20.353047,20.573194,20.999667,19.4,22.305497,22.059993,19.846846,17.847085,22.160326,22.068263,21.200001,22.269411,18.574683,17.334414,24.6
2026-01-03 02:10:00,18.734976,20.662168,20.654746,16.451397,18.700001,14.9,14.1,15.753883,11.001432,11.8483,20.131475,16.696813,25.0,25.0,25.0,25.0,25.0,25.0,25.0,25.0,25.0,25.0,25.0,25.0,25.0,18.700001,25.0,25.0,25.0,25.0,20.889362,21.431124,21.9,25.1,20.270939,19.506696,21.023176,19.565525,22.12819,21.750156,19.846892,17.65909,21.699514,22.0,21.031252,22.136714,18.13644,17.139576,24.039197
2026-01-03 02:20:00,18.695951,20.516389,20.516513,16.393529,18.798376,14.123611,14.1,15.513076,10.969429,11.706699,19.974806,16.835245,25.0,25.0,25.0,25.0,25.0,25.0,25.0,25.0,25.0,25.0,25.0,25.0,25.0,18.6068,25.0,25.0,25.0,25.0,20.768949,21.265275,21.742465,25.1,20.384709,19.425105,21.034931,19.634522,22.039536,21.580616,19.921011,17.704631,21.944968,21.979006,20.891139,21.96043,18.217194,17.042673,23.595852
2026-01-03 02:30:00,18.6,20.396685,20.405781,16.325286,18.832822,13.166867,14.1,15.4,10.89205,11.6,19.789651,17.053292,25.0,25.0,25.0,25.0,25.0,25.0,25.0,25.0,25.0,25.0,25.0,25.0,25.0,18.537487,25.0,25.0,25.0,25.0,20.700001,21.111302,21.4,25.1,20.515006,19.4,21.046686,19.700001,21.950883,21.503678,19.99509,17.799999,22.274251,21.950951,20.715648,21.852506,18.297948,17.0,23.368415
2026-01-03 02:40:00,18.347238,20.385853,20.388312,16.134057,18.700001,12.784491,13.95438,15.4,10.7,11.827048,19.752495,17.200001,25.0,25.0,25.0,25.0,25.0,25.0,25.0,25.0,25.0,25.0,25.0,25.0,25.0,18.453664,25.0,25.0,25.0,25.0,20.700001,21.193573,20.799999,25.1,20.535882,20.08954,21.070196,19.835243,21.773576,21.525903,19.341293,17.949088,22.4,21.413929,20.332176,21.986053,17.384667,17.524895,23.501687
2026-01-03 02:50:00,18.393753,20.542523,20.542595,16.149385,18.700001,13.170072,13.851075,15.276777,10.792272,11.784385,19.763636,17.412717,25.0,25.0,25.0,25.0,25.0,25.0,25.0,25.0,25.0,25.0,25.0,25.0,25.0,18.320326,25.0,25.0,25.0,25.0,20.62143,21.092834,20.814384,25.025,20.769568,20.17301,21.081951,19.861328,21.684922,21.772255,19.435681,17.940062,22.444411,21.258792,20.346186,21.960319,17.223465,17.581837,23.346629
2026-01-03 03:00:00,18.440269,20.699193,20.696877,16.195675,18.700001,13.555653,13.8,15.1193,10.884544,11.711225,19.799999,17.546702,25.0,25.0,25.0,25.0,25.0,25.0,25.0,25.0,25.0,25.0,25.0,25.0,25.0,18.200001,25.0,25.0,25.0,25.0,20.5,20.912137,20.843999,24.9,21.036707,20.200001,21.093706,19.8704,21.596269,22.0,19.69821,17.914771,22.462123,21.200001,20.360196,21.9,17.168281,17.6,23.058758
2026-01-03 03:10:00,18.299999,20.686077,20.68808,16.518011,18.645706,12.265983,13.819057,15.070697,10.263062,11.647518,20.299999,17.5,25.0,25.0,25.0,25.0,25.0,25.0,25.0,25.0,25.0,25.0,25.0,25.0,25.0,18.145834,25.0,25.0,25.0,25.0,20.423072,20.732628,20.887999,24.8,21.106011,20.175001,21.117215,19.700001,21.418962,21.991718,20.84787,17.799999,21.666662,21.231576,20.104504,21.765389,17.350481,17.557079,22.742716
2026-01-03 03:20:00,18.15744,20.727931,20.728721,16.862405,18.500303,12.450984,13.809528,14.936272,10.169499,11.625947,20.511364,17.450659,25.0,25.0,25.0,25.0,25.0,25.0,25.0,25.0,25.0,25.0,25.0,25.0,25.0,18.118751,25.0,25.0,25.0,25.0,20.384608,20.799906,20.909999,24.75,21.140663,20.162501,21.12897,19.700001,21.330308,22.102592,20.802793,17.724918,21.672544,21.224121,19.791377,21.738204,17.446898,17.57854,22.417953
2026-01-03 03:30:00,18.0,20.791241,20.791212,17.058367,18.391326,12.824172,13.8,14.767124,10.119578,11.6,20.6,17.359675,25.0,25.0,25.0,25.0,25.0,25.0,25.0,25.0,25.0,25.0,25.0,25.0,25.0,18.091667,25.0,25.0,25.0,25.0,20.346144,20.867183,20.931999,24.7,21.175315,20.150001,21.140725,19.700001,21.241655,22.310152,20.669242,17.688797,21.678426,21.200001,19.514306,21.719512,17.490189,17.6,22.147687
2026-01-03 03:40:00,17.799999,20.828645,20.830161,16.814225,18.4,13.346077,13.804426,14.636761,10.074775,11.437113,20.13018,16.745538,25.0,25.0,25.0,25.0,25.0,25.0,25.0,25.0,25.0,25.0,25.0,25.0,25.0,18.037501,25.0,25.0,25.0,25.0,20.269217,20.723392,20.975999,24.6,21.244619,20.125001,21.164235,19.797809,21.064348,22.543582,19.846468,17.799999,20.99336,20.9,19.355623,21.691371,17.299999,17.424457,21.990884
2026-01-03 03:50:00,17.810967,20.877056,20.881848,16.449207,18.384541,13.032404,13.692774,14.618001,10.080992,11.363924,20.090027,16.472274,25.0,25.0,25.0,25.0,25.0,25.0,25.0,25.0,25.0,25.0,25.0,25.0,25.0,18.010417,25.0,25.0,25.0,25.0,20.230753,20.69861,20.997999,24.55,21.279271,20.112501,21.17599,19.776747,20.975694,22.543297,19.81061,17.819245,21.000539,20.9,19.121449,21.772031,17.299999,17.275589,22.033772
2026-01-03 04:00:00,17.842991,20.935422,20.941741,16.179784,18.335852,12.574058,13.509355,14.6,10.087209,11.332674,20.052802,16.355939,25.0,25.0,25.0,25.0,25.0,25.0,25.0,25.0,25.0,25.0,25.0,25.0,25.0,17.983334,25.0,25.0,25.0,25.0,20.192289,20.670135,21.019999,24.5,21.313922,20.100001,21.187745,19.743741,20.887041,22.542281,19.799999,17.832331,21.024239,20.9,18.886313,21.852692,17.299999,17.099918,22.076659
2026-01-03 04:10:00,18.023893,21.009158,21.008501,16.129165,17.868713,12.333004,13.368869,14.499832,9.9,11.6,19.799999,16.4,25.0,25.0,25.0,25.0,25.0,25.0,25.0,25.0,25.0,25.0,25.0,25.0,25.0,17.929167,25.0,25.0,25.0,25.0,20.115361,20.188611,21.063999,24.4,21.383226,20.075001,21.211255,19.721887,20.709734,21.946096,20.061019,17.85316,21.4,20.852478,18.725077,21.4,17.159099,16.781652,21.9
2026-01-03 04:20:00,18.221972,21.062541,21.06496,15.966059,17.554292,12.05913,13.145153,14.515169,9.822475,11.56992,19.677931,16.39901,25.0,25.0,25.0,25.0,25.0,25.0,25.0,25.0,25.0,25.0,25.0,25.0,25.0,17.902084,25.0,25.0,25.0,25.0,20.076897,19.406885,21.085999,24.35,21.417878,20.062501,21.223009,19.712164,20.692398,21.593685,20.144147,17.840527,21.4,20.974624,18.638848,21.275067,17.083674,16.627582,21.752789
2026-01-03 04:30:00,18.470197,21.092818,21.094602,15.838581,17.401574,11.9,13.0,14.530505,9.760832,11.491745,19.50859,16.395517,25.0,25.0,25.0,25.0,25.0,25.0,25.0,25.0,25.0,25.0,25.0,25.0,25.0,17.875,25.0,25.0,25.0,25.0,20.038433,18.687902,21.107999,24.3,21.45253,20.050001,21.234764,19.700001,20.679918,21.241175,20.220105,17.799999,21.4,21.156514,18.6,21.159992,17.049685,16.465381,21.675891
2026-01-03 04:40:00,18.876859,21.09825,21.082424,15.92487,17.814444,12.104593,13.454106,13.920006,9.680574,11.237496,18.293591,16.018221,25.0,25.0,25.0,25.0,25.0,25.0,25.0,25.0,25.0,25.0,25.0,25.0,25.0,17.820834,25.0,25.0,25.0,25.0,19.961505,18.349901,21.151999,24.2,21.521834,20.025001,21.258274,19.64041,20.650102,20.644374,20.4,17.338224,21.309817,21.258538,18.6,20.844003,17.277686,16.077242,22.125366
2026-01-03 04:50:00,18.978348,21.040746,21.027364,15.754444,17.972096,12.05949,13.430902,14.105249,9.528216,11.222047,17.774473,16.092832,25.0,25.0,25.0,25.0,25.0,25.0,25.0,25.0,25.0,25.0,25.0,25.0,25.0,17.79375,25.0,25.0,25.0,25.0,19.923042,18.223577,21.173999,24.15,21.556486,20.012501,21.270029,19.401449,20.635194,20.610261,20.377772,17.212458,21.208235,21.211075,18.6,20.810616,17.505941,16.205293,21.670783
2026-01-03 05:00:00,19.015537,20.93688,20.938647,15.548081,18.036321,11.925065,13.407698,14.290492,9.423998,11.216825,17.5561,16.167442,25.0,25.0,25.0,25.0,25.0,25.0,25.0,25.0,25.0,25.0,25.0,25.0,25.0,17.766667,25.0,25.0,25.0,25.0,19.884578,18.172419,21.195999,24.1,21.591138,20.000001,21.281784,19.206459,20.620286,20.6,20.310723,17.165456,21.149385,21.163612,18.6,20.799999,17.642482,16.395122,21.2162
2026-01-03 05:10:00,18.820837,20.831588,20.835039,15.5,17.931863,11.065645,13.468195,13.795293,10.514573,11.215822,17.857645,16.123284,25.0,25.0,25.0,25.0,25.0,25.0,25.0,25.0,25.0,25.0,25.0,25.0,25.0,17.7125,25.0,25.0,25.0,25.0,19.80765,19.170096,21.239999,24.0,21.660442,19.975001,21.305294,19.23627,20.59047,20.6,19.847305,17.200001,21.24618,21.359055,18.675155,20.852093,17.655256,16.5,21.699469
2026-01-03 05:20:00,18.86647,20.800197,20.801255,15.459444,17.811966,11.215743,13.420427,13.589964,10.842646,11.162964,17.889773,16.23302,25.0,25.0,25.0,25.0,25.0,25.0,25.0,25.0,25.0,25.0,25.0,25.0,25.0,17.685417,25.0,25.0,25.0,25.0,19.769186,19.661695,21.261999,23.95,21.695094,19.962501,21.317049,19.480299,20.575562,20.487784,19.823556,17.184407,21.317455,21.379269,18.728064,20.99359,17.588834,16.399526,21.802833
2026-01-03 05:30:00,18.960419,20.788211,20.788061,15.43817,17.695081,11.506105,13.3,13.429114,10.996584,11.047207,17.9,16.342756,25.0,25.0,25.0,25.0,25.0,25.0,25.0,25.0,25.0,25.0,25.0,25.0,25.0,17.658334,25.0,25.0,25.0,25.0,19.730722,19.877554,21.283999,23.9,21.729746,19.950001,21.328803,19.700001,20.560654,20.241849,19.799999,17.168814,21.353143,21.4,18.769386,21.1,17.460105,16.234363,21.839506
2026-01-03 05:40:00,19.1,20.977139,20.970742,15.851298,17.6,11.865315,12.952045,13.227799,11.046155,10.830723,17.707873,16.01064,25.0,25.0,25.0,25.0,25.0,25.0,25.0,25.0,25.0,25.0,25.0,25.0,25.0,17.604167,25.0,25.0,25.0,25.0,19.653794,19.807951,21.327999,23.8,21.79905,19.925001,21.352313,19.652057,20.530838,19.799999,19.38961,17.45581,21.008965,21.648426,18.799999,21.1,17.299999,16.10761,21.555967
2026-01-03 05:50:00,19.1,21.047669,21.05125,16.095185,17.518933,12.087054,12.838653,13.33971,11.13401,10.672948,17.659642,15.959859,25.0,25.0,25.0,25.0,25.0,25.0,25.0,25.0,25.0,25.0,25.0,25.0,25.0,17.577084,25.0,25.0,25.0,25.0,19.61533,19.832152,21.349999,23.75,21.833702,19.912501,21.364068,19.509487,20.51593,19.664186,19.359538,17.489242,21.186297,21.990695,18.799999,21.088711,17.391164,16.034032,21.11772
2026-01-03 06:00:00,19.1,21.076223,21.085427,16.208609,17.382072,12.191697,12.76588,13.451622,11.3,10.461492,17.603827,15.92365,25.0,25.0,25.0,25.0,25.0,25.0,25.0,25.0,25.0,25.0,25.0,25.0,25.0,17.55,25.0,25.0,25.0,25.0,19.576867,19.894058,21.371999,23.7,21.868354,19.900001,21.375823,19.4,20.501022,19.588672,19.350319,17.5,21.363629,22.447724,18.799999,21.052423,17.526025,16.0,20.711263
2026-01-03 06:10:00,18.799999,20.968768,20.974672,15.889541,16.5,11.829965,12.7,13.317004,11.880221,9.796079,17.141542,15.854028,25.0,25.0,25.0,25.0,25.0,25.0,25.0,25.0,25.0,25.0,25.0,25.0,25.0,17.495833,25.0,25.0,25.0,25.0,19.499939,20.083168,21.415999,23.6,21.937658,19.875001,21.399333,19.447095,20.471206,19.541636,19.480262,17.428119,20.767681,23.15885,18.746937,20.631101,17.6,16.200001,20.503394
2026-01-03 06:20:00,18.660294,20.975635,20.979144,15.950125,16.465884,11.420223,13.055241,13.30407,12.070928,9.690107,17.099302,15.907092,25.0,25.0,25.0,25.0,25.0,25.0,25.0,25.0,25.0,25.0,25.0,25.0,25.0,17.46875,25.0,25.0,25.0,25.0,19.461475,20.056365,21.437999,23.55,21.97231,19.862501,21.411088,19.502039,20.456298,19.546487,19.29864,17.209711,20.70049,23.264742,18.758141,20.682298,17.6,16.159017,20.690776
2026-01-03 06:30:00,18.6,20.99523,20.992765,16.12288,16.455849,11.182392,13.410482,13.3,12.145559,9.654449,17.057073,16.054644,25.0,25.0,25.0,25.0,25.0,25.0,25.0,25.0,25.0,25.0,25.0,25.0,25.0,17.441667,25.0,25.0,25.0,25.0,19.423011,19.981933,21.459999,23.5,22.006962,19.850001,21.422843,19.534252,20.44139,19.551337,18.917721,17.041173,20.678958,23.299999,18.769345,20.733495,17.6,16.118034,21.063039
2026-01-03 06:40:00,18.6,21.092863,21.093291,16.980181,16.849766,12.296028,13.007545,14.225056,12.085611,9.881061,16.595885,16.700001,25.0,25.0,25.0,25.0,25.0,25.0,25.0,25.0,25.0,25.0,25.0,25.0,25.0,17.3875,25.0,25.0,25.0,25.0,19.346083,19.658432,21.503999,23.4,22.076266,19.825001,21.446352,19.273967,20.411574,19.299999,18.319505,17.098617,20.847458,22.981279,18.740906,20.625255,17.9,16.245649,21.560795
2026-01-03 06:50:00,18.473875,21.125723,21.125982,17.340471,17.256008,12.133596,12.754604,13.960061,11.966784,9.771018,16.697942,16.91538,25.0,25.0,25.0,25.0,25.0,25.0,25.0,25.0,25.0,25.0,25.0,25.0,25.0,17.360417,25.0,25.0,25.0,25.0,19.307619,19.731837,21.525999,23.35,22.110917,19.812501,21.458107,19.181777,20.396666,19.158254,18.765854,17.049308,20.964493,23.079968,18.760775,20.684309,17.851219,16.234716,21.55964
2026-01-03 07:00:00,18.34775,21.138662,21.13874,17.519495,17.531302,11.702571,12.63457,13.5,11.884489,9.505329,16.799999,17.0,25.0,25.0,25.0,25.0,25.0,25.0,25.0,25.0,25.0,25.0,25.0,25.0,25.0,17.333333,25.0,25.0,25.0,25.0,19.269155,19.886919,21.547999,23.3,22.145569,19.800001,21.469862,19.144983,20.381758,19.005172,19.212202,17.0,21.1,23.178657,18.799999,20.743364,17.726617,16.200001,21.555598
2026-01-03 07:10:00,18.6,20.896563,20.897541,17.565575,17.6,10.175233,12.767978,13.084561,12.166727,8.84916,16.799999,16.788048,25.0,25.0,25.0,25.0,25.0,25.0,25.0,25.0,25.0,25.0,25.0,25.0,25.0,17.279167,25.0,25.0,25.0,25.0,19.192228,20.135908,21.592,23.2,22.214873,19.775,21.493372,19.186442,20.351942,18.669862,18.167117,17.175047,21.388497,23.145971,18.851481,20.6,17.348095,15.842181,21.299999
2026-01-03 07:20:00,18.615311,20.811151,20.811905,17.646179,17.6,10.278678,12.765886,12.611765,12.115375,8.697418,16.799999,16.762071,25.0,25.0,25.0,25.0,25.0,25.0,25.0,25.0,25.0,25.0,25.0,25.0,25.0,17.252083,25.0,25.0,25.0,25.0,19.153764,20.156578,21.614,23.15,22.249525,19.7625,21.505127,19.223662,20.337034,18.583932,17.912118,17.168959,21.351332,23.02191,18.887372,20.605946,17.474048,15.739057,21.308479
2026-01-03 07:30:00,18.630335,20.777099,20.777705,17.700001,17.6,10.527959,12.758863,12.336898,11.97758,8.642718,16.799999,16.753657,25.0,25.0,25.0,25.0,25.0,25.0,25.0,25.0,25.0,25.0,25.0,25.0,25.0,17.225,25.0,25.0,25.0,25.0,19.1153,20.162986,21.636,23.1,22.284177,19.75,21.516882,19.273989,20.322126,18.5,17.734655,17.149608,21.267228,22.780301,18.905012,20.626202,17.6,15.7,21.335278
2026-01-03 07:40:00,18.829939,20.869225,20.863056,17.43881,17.6,11.1395,12.615251,12.587072,11.465457,9.254594,17.031646,17.0,25.0,25.0,25.0,25.0,25.0,25.0,25.0,25.0,25.0,25.0,25.0,25.0,25.0,17.170833,25.0,25.0,25.0,25.0,19.038372,19.719861,21.68,23.0,22.353481,19.725,21.540391,19.4,20.29231,18.200001,17.489339,16.948387,21.1,22.255542,18.799999,21.172814,17.312817,15.952681,21.6
2026-01-03 07:50:00,18.822721,20.925501,20.922828,17.439385,17.6,11.297728,12.371583,12.82073,11.396972,9.563396,16.95617,16.897679,25.0,25.0,25.0,25.0,25.0,25.0,25.0,25.0,25.0,25.0,25.0,25.0,25.0,17.14375,25.0,25.0,25.0,25.0,18.999908,19.632798,21.702,22.95,22.388133,19.7125,21.552146,19.4,20.272241,18.231025,17.59467,16.722177,21.085495,21.897569,18.872358,21.220476,17.110213,15.874255,21.581526
2026-01-03 08:00:00,18.800195,20.974835,20.975782,17.441421,17.6,11.356173,12.210371,12.94768,11.374526,9.7,16.865651,16.700001,25.0,25.0,25.0,25.0,25.0,25.0,25.0,25.0,25.0,25.0,25.0,25.0,25.0,17.116666,25.0,25.0,25.0,25.0,18.961444,19.546795,21.724,22.9,22.422785,19.7,21.563901,19.4,20.262494,18.26205,17.700001,16.591214,21.070397,21.598187,18.995422,21.235322,16.847341,15.717992,21.525101
2026-01-03 08:10:00,18.6,21.032378,21.031204,17.754212,17.523276,10.59287,12.456466,12.31515,11.401191,9.650192,16.845728,16.456391,25.0,25.0,25.0,25.0,25.0,25.0,25.0,25.0,25.0,25.0,25.0,25.0,25.0,17.0625,25.0,25.0,25.0,25.0,18.884516,19.132652,21.768,22.8,22.492089,19.675,21.587411,19.452931,20.333741,18.177742,17.527172,16.608682,20.799999,21.321519,19.1,20.825946,16.072802,15.507251,21.1
2026-01-03 08:20:00,18.651056,21.024216,21.02585,17.740985,17.004876,10.302774,12.507484,12.472903,11.353142,9.492668,16.664655,16.578196,25.0,25.0,25.0,25.0,25.0,25.0,25.0,25.0,25.0,25.0,25.0,25.0,25.0,17.035416,25.0,25.0,25.0,25.0,18.846053,19.002876,21.79,22.75,22.526741,19.6625,21.599166,19.426465,20.141747,18.039747,18.176013,16.502475,20.736807,21.158276,19.132061,20.665725,15.845916,15.563498,20.745793
2026-01-03 08:30:00,18.712101,21.012465,21.015834,17.700001,16.547808,10.184746,12.551733,12.630657,11.225213,9.370043,16.5,16.700001,25.0,25.0,25.0,25.0,25.0,25.0,25.0,25.0,25.0,25.0,25.0,25.0,25.0,17.008333,25.0,25.0,25.0,25.0,18.807589,18.898593,21.812,22.7,22.561393,19.65,21.610921,19.4,19.949753,17.903787,19.019124,16.362002,20.662186,21.082371,19.144388,20.6,15.759647,15.635816,20.328922
2026-01-03 08:40:00,18.725288,21.006598,21.004587,17.356253,16.654083,10.237544,12.677608,12.369976,10.765437,9.4,16.799999,16.447036,25.0,25.0,25.0,25.0,25.0,25.0,25.0,25.0,25.0,25.0,25.0,25.0,25.0,16.954166,25.0,25.0,25.0,25.0,18.730661,18.723136,21.856,22.6,22.630697,19.625,21.634431,19.531016,20.117546,17.824417,19.299999,16.311443,19.833613,21.644067,19.1,20.698404,16.20471,15.658777,19.565072
2026-01-03 08:50:00,18.798222,21.004882,21.005348,17.374317,16.94063,10.625292,12.511897,12.381711,10.550274,9.339706,16.875789,16.276771,25.0,25.0,25.0,25.0,25.0,25.0,25.0,25.0,25.0,25.0,25.0,25.0,25.0,16.917708,25.0,25.0,25.0,25.0,18.678883,18.806532,21.873317,22.55,22.658494,19.608173,21.646185,19.633104,20.229392,17.744534,19.247071,16.086708,19.591842,21.357891,19.084047,20.773637,16.177003,15.684852,19.332262
2026-01-03 09:00:00,18.860884,21.00423,21.00801,17.431784,17.270472,10.970432,12.272985,12.419091,10.344921,9.2,16.941249,16.19407,25.0,25.0,25.0,25.0,25.0,25.0,25.0,25.0,25.0,25.0,25.0,25.0,25.0,16.9,25.0,25.0,25.0,25.0,18.653733,19.022876,21.9,22.5,22.700001,19.6,21.65794,19.782862,20.370239,17.700001,19.194143,15.9,19.5,20.807199,19.061893,20.825202,16.149295,15.7,19.242876
2026-01-03 09:10:00,18.754114,21.170651,21.170691,18.034912,17.469892,10.323206,12.153091,12.816194,9.959111,8.9,17.1,16.700001,25.0,25.0,25.0,25.0,25.0,25.0,25.0,25.0,25.0,25.0,25.0,25.0,25.0,16.931928,25.0,25.0,25.0,25.0,19.120061,19.721412,26.299999,22.4,23.971661,19.699657,21.68145,20.377721,20.774688,17.700001,19.73303,16.231081,19.5,20.136304,18.688074,20.847823,16.299999,15.62648,20.346449
2026-01-03 09:20:00,18.680279,21.259698,21.260045,18.120076,17.507398,10.336093,12.154091,12.690893,9.815814,9.012811,17.088476,16.13382,25.0,25.0,25.0,25.0,25.0,25.0,25.0,25.0,25.0,25.0,25.0,25.0,25.0,17.217062,25.0,25.0,25.0,25.0,19.400818,20.324513,29.086304,22.625,25.358908,19.866576,21.693205,20.644466,20.976913,17.740254,20.319191,16.337927,19.5,20.173451,18.622446,20.862446,16.288791,15.654436,21.353508
2026-01-03 09:30:00,18.644089,21.335376,21.337681,18.200001,17.552094,10.34898,12.157614,12.565592,9.757881,9.2,17.052194,15.379656,25.0,25.0,25.0,25.0,25.0,25.0,25.0,25.0,25.0,25.0,25.0,25.0,25.0,17.741435,25.0,25.0,25.0,25.0,19.724852,21.094248,31.700001,23.0,27.470397,20.149627,21.70496,20.937952,21.179137,17.85017,20.654764,16.471855,19.5,20.291597,18.6,20.888448,16.277583,15.741529,22.72781
2026-01-03 09:40:00,19.066451,21.427974,21.435747,18.606339,18.541973,10.073801,12.489136,12.655573,10.253303,9.34777,16.705548,15.1,25.0,25.0,25.0,25.0,25.0,25.0,25.0,25.0,25.0,25.0,25.0,25.0,25.0,18.453911,25.0,25.0,25.0,25.0,20.526321,22.794089,35.200001,23.299999,33.557489,20.874453,21.72847,21.81354,21.583586,18.29175,20.571882,17.658683,19.900611,21.528935,18.758451,21.686428,17.089097,16.503761,26.199557
2026-01-03 09:50:00,19.211852,21.522966,21.52834,18.786632,18.669905,10.163662,12.819571,12.620203,10.154595,9.331188,16.616105,15.1,25.0,25.0,25.0,25.0,25.0,25.0,25.0,25.0,25.0,25.0,25.0,25.0,25.0,19.162671,25.0,25.0,25.0,25.0,21.095101,23.822545,36.447878,23.629687,37.576956,21.226521,21.740225,22.170831,21.785811,18.74307,20.551319,18.698575,20.352182,22.81794,19.398797,22.252615,17.672651,16.968819,27.545914
2026-01-03 10:00:00,19.353968,21.680292,21.678175,19.011926,18.803217,10.399828,13.366974,12.584832,10.055887,9.314606,16.583087,15.1,25.0,25.0,25.0,25.0,25.0,25.0,25.0,25.0,25.0,25.0,25.0,25.0,25.0,19.927079,25.0,25.0,25.0,25.0,21.66818,24.956663,37.700001,24.1,40.224481,21.583667,21.751979,22.571025,21.988035,19.33869,20.543794,19.790795,20.919332,24.43031,20.713079,22.942111,18.504207,17.533231,28.820891
2026-01-03 10:10:00,19.737963,22.34884,22.335542,20.11453,20.195289,11.20374,15.801028,14.315001,11.237235,11.28042,17.16766,15.157592,25.0,25.0,25.0,25.0,25.0,25.0,25.0,25.0,25.0,25.0,25.0,25.0,25.0,20.860414,25.0,25.0,25.0,25.0,22.491497,27.400871,41.25,25.200001,41.453712,22.349035,21.775489,23.989413,22.392484,20.543071,21.835628,21.204139,21.827637,27.193009,23.979,24.600204,21.832614,19.138227,31.622268
2026-01-03 10:20:00,19.993584,22.375714,22.363469,21.015886,22.513339,11.80401,19.232269,15.329937,12.496579,12.198523,18.236379,15.47918,25.0,25.0,25.0,25.0,25.0,25.0,25.0,25.0,25.0,25.0,25.0,25.0,25.0,21.180738,25.0,25.0,25.0,25.0,22.753585,28.45876,43.270551,25.298113,42.514697,23.011123,21.784798,24.188578,22.594709,21.36857,24.584228,22.864231,22.808901,27.717928,24.101582,24.659504,23.241018,20.70067,34.00005
2026-01-03 10:30:00,20.247816,22.402558,22.391402,22.013792,24.903643,12.526727,23.168298,16.558029,14.354043,12.959151,19.850208,16.159096,25.0,25.0,25.0,25.0,25.0,25.0,25.0,25.0,25.0,25.0,25.0,25.0,25.0,21.528632,25.0,25.0,25.0,25.0,23.034922,29.46831,44.799999,25.4,44.002558,23.914965,21.798999,24.254312,22.796933,22.513706,27.929802,25.464319,24.487397,27.9,24.177735,24.719982,24.272722,22.678579,36.856141
2026-01-03 10:40:00,20.624386,23.057165,23.051599,23.599782,26.477213,14.114088,27.212808,20.187135,19.330162,13.948195,22.583184,17.771269,25.0,25.0,25.0,25.0,25.0,25.0,25.0,25.0,25.0,25.0,25.0,25.0,25.0,22.882228,25.0,25.0,25.0,25.0,24.177927,31.511615,46.099998,27.1,48.38236,26.349966,22.788252,22.405671,23.201382,26.951552,30.772974,33.003773,32.027852,27.186123,24.328345,27.55702,25.338342,26.430588,42.279902
2026-01-03 10:50:00,21.021981,23.493803,23.477347,23.818964,26.846135,14.665247,29.485073,21.83169,21.908087,14.188901,24.16283,18.673752,25.0,25.0,25.0,25.0,25.0,25.0,25.0,25.0,25.0,25.0,25.0,25.0,25.0,23.58732,25.0,25.0,25.0,25.0,24.404224,31.866667,45.299999,28.658594,49.888349,26.251565,23.392098,21.782539,23.403607,31.852985,32.483135,37.072832,32.103801,26.958283,24.492703,28.25451,25.939211,27.455865,46.039362
2026-01-03 11:00:00,21.247299,24.020529,23.995696,24.052727,27.053719,15.34711,32.034555,23.675044,24.488116,14.331777,25.527073,19.610413,25.0,25.0,25.0,25.0,25.0,25.0,25.0,25.0,25.0,25.0,25.0,25.0,25.0,24.305217,25.0,25.0,25.0,25.0,24.624513,32.208348,44.5,29.5,50.484681,26.153163,24.16043,21.537082,23.605831,34.673649,34.378928,40.190892,32.125349,26.869788,24.808796,28.857193,26.574776,28.256715,47.883533
2026-01-03 11:10:00,21.0,25.342909,25.388497,26.773879,27.220306,20.145871,38.30041,29.452846,29.479382,14.461717,27.142844,21.460693,25.0,25.0,25.0,25.0,25.0,25.0,25.0,25.0,25.0,25.0,25.0,25.0,25.0,25.753104,25.0,25.0,25.0,25.0,25.613061,33.848528,46.900002,29.5,47.830415,26.977383,26.716128,22.49278,24.01028,34.638565,38.552358,43.079885,29.490702,29.641736,27.381454,30.351241,27.887961,29.641975,47.593163
2026-01-03 11:20:00,21.142972,25.902118,25.95134,29.177452,26.954507,22.563723,40.660741,32.93415,32.749376,14.685097,27.547224,22.211803,25.0,25.0,25.0,25.0,25.0,25.0,25.0,25.0,25.0,25.0,25.0,25.0,25.0,26.025438,25.0,25.0,25.0,25.0,26.125927,34.584144,46.62131,30.05,49.763906,27.302204,30.109636,22.901743,24.212505,35.281361,37.259258,43.122505,29.410885,33.231676,27.649945,30.557128,27.892002,29.958314,46.923281
2026-01-03 11:30:00,21.455312,26.439694,26.477773,31.488048,26.330747,24.209797,42.249725,35.78177,35.502093,15.098019,27.871711,22.843254,25.0,25.0,25.0,25.0,25.0,25.0,25.0,25.0,25.0,25.0,25.0,25.0,25.0,26.3024,25.0,25.0,25.0,25.0,26.582506,35.329325,45.799999,30.6,52.011083,27.763257,32.186869,23.42473,24.414729,36.920928,35.73871,43.164319,29.387651,37.186891,27.909077,30.695995,27.896053,30.282686,46.439696
2026-01-03 11:40:00,22.010923,27.575053,27.552788,33.851104,24.933308,25.384746,43.700459,38.594885,38.19876,16.47442,28.514396,23.809076,25.0,25.0,25.0,25.0,25.0,25.0,25.0,25.0,25.0,25.0,25.0,25.0,25.0,27.902122,25.0,25.0,25.0,25.0,27.230471,37.053877,40.900002,28.700001,52.413272,34.802561,30.178669,26.456323,24.819178,41.874157,35.443576,44.623837,31.085531,41.144037,29.851164,30.937374,31.128926,31.865046,47.559838
2026-01-03 11:50:00,22.663422,27.536878,27.521784,34.966868,24.625015,26.396588,44.035171,40.150172,39.231517,17.15286,29.028523,24.208312,25.0,25.0,25.0,25.0,25.0,25.0,25.0,25.0,25.0,25.0,25.0,25.0,25.0,28.372524,25.0,25.0,25.0,25.0,27.9423,37.143929,42.960437,29.26992,52.053951,38.016793,28.055206,27.191964,25.021403,43.159676,36.015073,44.599761,32.114674,38.718666,32.481932,31.499428,32.145874,32.594049,48.564778
2026-01-03 12:00:00,23.046814,27.420512,27.424864,36.230449,24.514955,26.931166,44.167855,41.501495,40.204436,17.864923,29.559087,24.537274,25.0,25.0,25.0,25.0,25.0,25.0,25.0,25.0,25.0,25.0,25.0,25.0,25.0,28.873461,25.0,25.0,25.0,25.0,28.697898,37.234498,46.099998,30.799999,51.694631,40.377632,26.851229,27.796363,25.223627,44.159718,37.109758,44.517444,33.534204,35.654496,35.795404,32.38079,32.939182,33.379809,49.79263
2026-01-03 12:10:00,22.507016,26.55621,26.552545,40.13532,25.663959,25.599427,44.187816,43.197748,42.335421,19.521897,30.277917,25.007469,25.0,25.0,25.0,25.0,25.0,25.0,25.0,25.0,25.0,25.0,25.0,25.0,25.0,31.035759,25.0,25.0,25.0,25.0,29.50158,39.125371,48.0,36.5,52.903075,42.66947,26.992453,29.103159,25.628076,45.934881,38.425646,42.107363,40.031763,34.759586,40.29004,33.758854,34.170439,35.509641,52.096328
2026-01-03 12:20:00,22.452951,26.205729,26.167399,41.188079,26.094248,26.095275,43.492405,43.50034,40.910145,20.003219,30.645412,25.228745,25.0,25.0,25.0,25.0,25.0,25.0,25.0,25.0,25.0,25.0,25.0,25.0,25.0,31.764239,25.0,25.0,25.0,25.0,29.236542,40.376371,47.616387,36.679764,52.685383,39.998639,27.523334,29.666592,25.822161,48.459953,38.767619,43.19025,44.168651,34.257168,43.230517,35.267048,34.511567,35.584842,51.666772
2026-01-03 12:30:00,22.435863,26.060505,26.00381,41.740134,26.488087,27.000421,42.796993,43.604118,39.48487,20.510575,31.041514,25.465373,25.0,25.0,25.0,25.0,25.0,25.0,25.0,25.0,25.0,25.0,25.0,25.0,25.0,32.482624,25.0,25.0,25.0,25.0,28.824536,40.980507,46.900002,36.799999,52.46769,37.327808,28.590181,30.167884,26.013829,51.017425,38.89406,44.854965,48.290186,34.027285,45.948452,36.132286,34.842661,35.657846,50.707528
2026-01-03 12:40:00,22.554282,26.083196,26.079918,42.058549,27.299999,27.946636,43.123968,43.397157,40.591821,22.641267,32.0,26.076985,25.0,25.0,25.0,25.0,25.0,25.0,25.0,25.0,25.0,25.0,25.0,25.0,25.0,34.521129,25.0,25.0,25.0,25.0,28.55862,40.65034,46.099998,37.099998,54.900002,40.236445,31.16136,31.010828,26.399581,52.88164,38.609612,45.891745,54.701344,40.707681,49.342628,35.285874,35.917926,36.926787,48.879499
2026-01-03 12:50:00,22.702682,27.684966,27.674794,43.218012,28.002857,29.68632,43.327162,42.885637,41.975444,23.342099,31.825843,26.256142,25.0,25.0,25.0,25.0,25.0,25.0,25.0,25.0,25.0,25.0,25.0,25.0,25.0,35.573094,25.0,25.0,25.0,25.0,29.10249,40.899118,46.5,38.412499,54.577796,39.381228,32.398685,31.221853,26.592458,54.517605,38.74976,48.106709,55.461204,39.07348,48.913041,35.39038,35.851888,37.360803,48.28464
2026-01-03 13:00:00,22.91308,30.040915,29.980907,44.147098,28.843142,30.870008,43.596347,42.509763,42.805605,24.029363,31.651685,26.419645,25.0,25.0,25.0,25.0,25.0,25.0,25.0,25.0,25.0,25.0,25.0,25.0,25.0,36.666986,25.0,25.0,25.0,25.0,30.056311,41.563122,46.900002,39.5,54.225584,38.52601,33.388335,31.29923,26.785334,55.387553,39.163286,49.673095,55.900002,37.43928,48.483453,35.701696,35.78585,37.837122,48.052447
2026-01-03 13:10:00,23.334644,31.360362,31.319296,42.877404,30.386285,30.875635,44.606656,44.319,33.574849,25.990197,32.0,26.83432,25.0,25.0,25.0,25.0,25.0,25.0,25.0,25.0,25.0,25.0,25.0,25.0,25.0,39.029695,25.0,25.0,25.0,25.0,30.943565,43.975004,37.099998,33.299999,54.18938,41.864406,34.532074,30.509591,27.171087,50.540447,41.648645,43.622849,56.440705,38.986028,53.469033,37.685639,38.85879,39.775076,48.106081
2026-01-03 13:20:00,24.050498,32.128044,32.055603,41.729249,30.789512,31.51257,44.21944,44.2876,32.391392,26.811995,32.749359,27.068641,25.0,25.0,25.0,25.0,25.0,25.0,25.0,25.0,25.0,25.0,25.0,25.0,25.0,39.612558,25.0,25.0,25.0,25.0,30.991356,44.591115,43.199999,31.229593,54.880172,41.532347,32.148646,29.493938,27.363963,47.25693,40.935989,45.715528,55.107945,44.994838,54.303368,37.967555,40.116675,39.99187,48.754362
2026-01-03 13:30:00,24.755696,33.167191,33.046854,40.465282,31.211812,32.864155,43.832224,44.18904,32.005776,27.508462,33.280306,27.278827,25.0,25.0,25.0,25.0,25.0,25.0,25.0,25.0,25.0,25.0,25.0,25.0,25.0,40.14637,25.0,25.0,25.0,25.0,31.03852,45.193021,49.299999,29.200001,55.914732,41.200288,28.653038,28.878733,27.556839,45.07943,40.223333,49.145304,53.775186,51.371947,54.586405,38.179315,40.926366,40.223322,49.855266
2026-01-03 13:40:00,25.152008,37.856847,37.830115,38.677397,33.158685,35.106707,44.042823,43.270948,34.638655,28.566261,33.083024,27.559204,25.0,25.0,25.0,25.0,25.0,25.0,25.0,25.0,25.0,25.0,25.0,25.0,25.0,41.728324,25.0,25.0,25.0,25.0,31.776606,47.352484,37.599998,23.5,56.506207,41.513668,26.791077,28.942125,27.942592,44.078569,42.543118,51.753726,55.153573,53.547678,52.10984,38.667566,41.530555,44.052755,50.978596
2026-01-03 13:50:00,25.689238,36.699993,36.699534,38.084382,33.324518,33.848626,43.427624,43.696836,37.103905,29.397108,33.08678,27.676864,25.0,25.0,25.0,25.0,25.0,25.0,25.0,25.0,25.0,25.0,25.0,25.0,25.0,42.956413,25.0,25.0,25.0,25.0,32.605402,47.501262,37.359083,22.893146,57.197374,40.283561,27.751488,29.685656,28.135468,45.892634,39.653018,51.472266,55.321807,47.914054,50.431884,39.485416,39.902393,44.373009,49.551788
2026-01-03 14:00:00,26.020325,34.42282,34.472821,37.851766,33.493783,32.590544,42.812424,44.159983,38.444467,30.451082,33.099998,27.81671,25.0,25.0,25.0,25.0,25.0,25.0,25.0,25.0,25.0,25.0,25.0,25.0,25.0,44.094042,25.0,25.0,25.0,25.0,33.085048,47.64413,37.199999,22.700001,57.602804,39.053455,28.711899,30.375903,28.328345,47.7067,36.762917,50.824325,55.376265,42.280429,48.156482,40.418373,38.274232,44.472361,47.497111
2026-01-03 14:10:00,25.151903,31.459132,31.570017,40.40506,35.938216,32.607883,42.908242,44.204715,37.545306,32.995903,34.268429,28.416674,25.0,25.0,25.0,25.0,25.0,25.0,25.0,25.0,25.0,25.0,25.0,25.0,25.0,45.298472,25.0,25.0,25.0,25.0,31.755314,49.062725,36.799999,22.700001,54.56877,43.565986,27.545367,30.303841,28.714097,45.39363,37.370288,49.462386,55.097301,48.993998,39.919775,41.228525,40.549772,42.546561,46.470255
2026-01-03 14:20:00,25.990322,32.635546,32.696305,40.871661,36.172368,33.413375,42.702635,44.358672,37.645904,33.434722,34.548089,28.449476,25.0,25.0,25.0,25.0,25.0,25.0,25.0,25.0,25.0,25.0,25.0,25.0,25.0,45.85508,25.0,25.0,25.0,25.0,31.927239,50.941907,41.66694,22.781646,53.442229,46.548147,26.024337,31.727757,28.906973,42.766029,38.400188,46.450863,48.984729,50.708611,40.461006,42.739049,42.800457,44.47091,47.300727
2026-01-03 14:30:00,27.08573,33.81196,33.822594,41.303016,36.382944,34.203529,42.497028,44.480661,37.872743,33.58434,34.851366,28.480929,25.0,25.0,25.0,25.0,25.0,25.0,25.0,25.0,25.0,25.0,25.0,25.0,25.0,46.525119,25.0,25.0,25.0,25.0,32.28762,52.091296,47.700001,23.0,52.986826,49.002696,24.388832,33.151672,29.09985,41.239381,39.081449,44.301199,41.183521,52.183341,41.002236,44.259294,44.047658,46.395258,48.508165
2026-01-03 14:40:00,27.459603,33.104037,33.131733,42.986909,37.520628,33.721109,44.782009,43.20657,38.31862,33.254702,36.686169,28.842136,25.0,25.0,25.0,25.0,25.0,25.0,25.0,25.0,25.0,25.0,25.0,25.0,25.0,49.172564,25.0,25.0,25.0,25.0,32.852641,47.995846,49.299999,23.799999,53.68186,51.248462,22.86339,31.215256,29.485602,43.211555,38.496953,51.896893,38.333451,55.68657,38.568942,45.091643,43.111691,45.056859,49.13224
2026-01-03 14:50:00,27.482942,31.876456,31.93347,42.461668,37.605515,33.822708,45.504136,43.160463,38.444913,34.193565,36.168112,28.92905,25.0,25.0,25.0,25.0,25.0,25.0,25.0,25.0,25.0,25.0,25.0,25.0,25.0,49.38444,25.0,25.0,25.0,25.0,33.259424,51.170175,48.007568,23.946267,52.054921,49.425248,22.427554,28.983483,29.745244,43.573472,38.62935,50.959678,37.747503,54.482473,37.783305,45.168094,41.650701,44.51638,47.49158
2026-01-03 15:00:00,27.50493,30.593201,30.65351,41.936426,37.694314,34.04885,45.783915,43.146943,38.57225,35.705345,35.650054,29.022132,25.0,25.0,25.0,25.0,25.0,25.0,25.0,25.0,25.0,25.0,25.0,25.0,25.0,49.584854,25.0,25.0,25.0,25.0,33.461545,54.426032,45.799999,24.1,50.427982,45.25495,22.154955,27.54818,29.871355,43.92412,39.006963,50.022462,37.541223,53.278376,37.157214,45.240125,39.623769,43.799212,45.850919
2026-01-03 15:10:00,27.706153,29.747116,29.755265,49.291829,39.891806,34.475375,44.787327,43.701723,39.035463,36.79465,36.265724,29.546775,25.0,25.0,25.0,25.0,25.0,25.0,25.0,25.0,25.0,25.0,25.0,25.0,25.0,51.192721,25.0,25.0,25.0,25.0,31.573554,54.518708,43.900002,25.200001,50.675699,36.671204,21.9,27.370791,28.464108,45.576213,40.882956,53.976527,40.209139,55.185935,36.150301,45.752997,36.501759,38.047649,53.123016
2026-01-03 15:20:00,27.65715,29.137041,29.133781,50.861372,39.734496,34.440742,44.348156,43.433379,38.938579,37.526743,37.218997,29.677069,25.0,25.0,25.0,25.0,25.0,25.0,25.0,25.0,25.0,25.0,25.0,25.0,25.0,51.011513,25.0,25.0,25.0,25.0,31.648281,52.16034,43.619571,25.61496,49.838277,40.32469,21.883573,32.173113,27.760484,43.707366,42.833018,52.87402,42.294875,55.309303,36.298719,45.521324,38.367649,39.888389,50.022571
2026-01-03 15:30:00,27.535512,28.833749,28.829104,51.417964,39.577186,34.339296,43.96548,42.999623,38.841694,38.135965,37.832096,29.801324,25.0,25.0,25.0,25.0,25.0,25.0,25.0,25.0,25.0,25.0,25.0,25.0,25.0,50.622432,25.0,25.0,25.0,25.0,31.847551,49.801972,43.299999,26.200001,49.000854,45.120077,21.878589,40.350876,27.05686,40.419879,43.93223,50.253902,45.135235,55.346744,36.627993,44.948306,41.703479,43.768316,46.922125
2026-01-03 15:40:00,27.203748,29.958174,29.917609,39.891363,41.825667,33.755456,43.3681,42.683377,40.061363,38.700098,36.295136,30.221028,25.0,25.0,25.0,25.0,25.0,25.0,25.0,25.0,25.0,25.0,25.0,25.0,25.0,49.966261,25.0,25.0,25.0,25.0,32.568592,53.44685,36.0,36.0,51.631483,46.790127,22.956385,47.326023,25.649612,37.334527,39.485412,44.127692,53.744523,49.373629,37.242663,43.405786,44.985616,49.953971,48.691857
2026-01-03 15:50:00,27.02886,29.916292,29.890208,38.140018,42.911961,34.327658,43.438114,42.947207,39.728483,38.894987,35.82756,30.04754,25.0,25.0,25.0,25.0,25.0,25.0,25.0,25.0,25.0,25.0,25.0,25.0,25.0,49.150591,25.0,25.0,25.0,25.0,31.825468,54.854537,37.966515,34.350886,51.368196,50.610929,22.899868,50.133254,24.91691,36.741541,41.145745,45.173308,50.42208,47.283932,37.895176,43.16328,44.453215,48.961395,48.645958
2026-01-03 16:00:00,26.950431,29.817107,29.823298,36.991703,43.386063,34.89986,43.665654,43.516423,39.339484,39.108159,35.574309,29.874052,25.0,25.0,25.0,25.0,25.0,25.0,25.0,25.0,25.0,25.0,25.0,25.0,25.0,48.662095,25.0,25.0,25.0,25.0,31.082345,55.429833,40.099998,31.700001,51.104908,53.363108,22.843352,51.293943,24.242365,36.535425,44.062842,46.516069,45.94023,46.452659,39.085201,43.081848,43.210928,46.989321,48.500758
2026-01-03 16:10:00,27.331383,29.587948,29.651324,35.219431,40.974285,33.667152,46.640327,44.490683,39.267129,39.953932,35.428327,30.471141,25.0,25.0,25.0,25.0,25.0,25.0,25.0,25.0,25.0,25.0,25.0,25.0,25.0,49.026489,25.0,25.0,25.0,25.0,31.301204,50.886633,40.299999,29.8,51.122799,46.797282,23.622128,39.673934,23.201886,37.089585,46.790732,46.939991,44.189665,51.453866,46.567985,45.900611,40.480496,44.351804,47.052772
2026-01-03 16:20:00,27.533336,28.77422,28.842255,35.612059,43.234264,33.029702,47.113387,45.07924,40.939047,40.310732,35.294562,30.992055,25.0,25.0,25.0,25.0,25.0,25.0,25.0,25.0,25.0,25.0,25.0,25.0,25.0,48.633503,25.0,25.0,25.0,25.0,31.975564,52.943416,44.336497,28.941959,51.505416,40.967054,23.98262,37.088107,22.681646,38.268858,43.842224,51.187203,40.631047,47.815748,48.327698,45.515107,39.100422,42.856947,47.487522
2026-01-03 16:30:00,27.666686,27.406175,27.427183,36.667194,45.494243,32.74556,47.386028,45.355029,42.610965,40.460268,35.222363,31.268498,25.0,25.0,25.0,25.0,25.0,25.0,25.0,25.0,25.0,25.0,25.0,25.0,25.0,48.240517,25.0,25.0,25.0,25.0,32.949784,55.000198,48.200001,27.9,52.0394,37.854123,24.455328,35.567191,22.161407,40.511362,40.893717,55.082224,38.148844,44.177631,49.838146,44.339344,38.489635,42.170877,48.542894
2026-01-03 16:40:00,27.74874,25.398266,25.38937,40.614681,43.089587,33.909577,47.679944,45.261409,41.58259,39.594058,36.174513,31.186912,25.0,25.0,25.0,25.0,25.0,25.0,25.0,25.0,25.0,25.0,25.0,25.0,25.0,49.246193,25.0,25.0,25.0,25.0,33.974216,54.277184,41.099998,23.5,52.313808,39.567606,27.163237,34.13538,21.120928,47.217088,43.524873,52.857203,47.057752,45.123294,53.633045,35.571961,39.365239,43.974915,51.199499
2026-01-03 16:50:00,27.664273,25.723862,25.69144,43.854194,43.568824,35.087536,47.25276,45.487147,43.48352,40.213674,35.901036,30.756697,25.0,25.0,25.0,25.0,25.0,25.0,25.0,25.0,25.0,25.0,25.0,25.0,25.0,49.046294,25.0,25.0,25.0,25.0,33.9172,54.562308,39.342733,22.982335,52.921667,43.839869,28.422391,33.187928,21.486468,49.712585,43.03272,49.586874,52.065613,46.298618,56.772881,35.882495,39.594095,43.223411,51.965058
2026-01-03 17:00:00,27.572169,26.349947,26.293317,45.537531,44.737966,35.745449,46.825576,46.118597,45.38445,40.879541,35.127008,30.38958,25.0,25.0,25.0,25.0,25.0,25.0,25.0,25.0,25.0,25.0,25.0,25.0,25.0,48.448298,25.0,25.0,25.0,25.0,33.791206,54.847432,38.700001,22.700001,53.675216,48.068559,28.965571,32.730356,22.239052,51.383618,42.540568,47.517983,54.357894,48.352252,58.409013,36.871632,39.839592,42.471907,52.255002
2026-01-03 17:10:00,27.562976,27.111049,27.105058,45.260599,47.73307,35.127222,49.072186,48.961539,41.874622,40.934442,31.431279,31.226048,25.0,25.0,25.0,25.0,25.0,25.0,25.0,25.0,25.0,25.0,25.0,25.0,25.0,44.534169,25.0,25.0,25.0,25.0,33.558913,47.031229,40.0,22.4,54.32793,49.698374,27.488066,33.099581,23.357176,52.903202,46.782594,48.843404,50.301065,56.560111,51.822557,47.378577,41.098753,44.236545,50.418709
2026-01-03 17:20:00,27.361525,28.032094,28.02332,42.449608,47.401285,35.331607,46.903697,49.363671,41.213924,40.494525,32.448413,31.009639,25.0,25.0,25.0,25.0,25.0,25.0,25.0,25.0,25.0,25.0,25.0,25.0,25.0,44.736956,25.0,25.0,25.0,25.0,33.278693,43.70836,42.739453,22.4,55.259271,49.507103,27.238913,33.449968,24.043865,53.635498,47.08977,47.818524,46.631485,58.107917,45.186947,44.478244,40.569385,45.15847,50.695288
2026-01-03 17:30:00,26.861576,28.994844,28.980672,39.868929,47.069501,35.535991,44.735208,49.707942,40.985145,40.054608,33.465546,30.79323,25.0,25.0,25.0,25.0,25.0,25.0,25.0,25.0,25.0,25.0,25.0,25.0,25.0,44.939743,25.0,25.0,25.0,25.0,33.112549,42.3126,47.0,22.4,55.842881,48.864068,27.154284,33.641386,24.823099,53.954854,47.183842,45.886322,44.440203,58.644046,40.986707,40.275297,40.040016,45.570742,50.971867
2026-01-03 17:40:00,25.333117,29.890261,29.92515,39.971031,52.366998,34.038462,47.627278,50.914847,42.19707,40.658979,32.482184,30.868075,25.0,25.0,25.0,25.0,25.0,25.0,25.0,25.0,25.0,25.0,25.0,25.0,25.0,43.743739,25.0,25.0,25.0,25.0,33.2971,44.033938,54.0,23.0,55.136572,35.42787,30.047003,32.622388,26.616444,51.397422,42.536499,43.668325,44.134223,50.641464,40.288319,38.127855,42.240783,44.917522,49.528604
2026-01-03 17:50:00,24.663265,29.090583,29.162508,43.280972,50.931818,34.152592,47.828809,51.062359,42.027036,40.263642,30.635789,30.876267,25.0,25.0,25.0,25.0,25.0,25.0,25.0,25.0,25.0,25.0,25.0,25.0,25.0,44.247027,25.0,25.0,25.0,25.0,33.051202,45.194677,50.380645,23.573953,54.890236,37.146839,30.798452,35.965989,26.618566,51.985415,42.735957,43.235364,47.953751,46.924307,40.761951,40.805923,42.171317,46.368593,49.801028
2026-01-03 18:00:00,24.192672,27.409887,27.523877,46.501263,47.722735,34.498891,47.890331,51.110118,41.541065,39.501427,29.376802,30.885667,25.0,25.0,25.0,25.0,25.0,25.0,25.0,25.0,25.0,25.0,25.0,25.0,25.0,44.750316,25.0,25.0,25.0,25.0,32.805303,46.611935,43.799999,24.299999,54.692589,38.865809,31.45593,39.30959,26.619935,52.573408,42.935415,43.084437,51.773279,45.321302,41.695384,43.910848,41.936341,47.819664,50.073452
2026-01-03 18:10:00,23.771617,24.753721,24.754544,38.092826,41.581903,36.989925,44.939584,48.998053,39.099998,38.56764,29.739631,32.710334,25.0,25.0,25.0,25.0,25.0,25.0,25.0,25.0,25.0,25.0,25.0,25.0,25.0,44.646168,25.0,25.0,25.0,25.0,32.899152,50.256108,37.0,25.700001,54.388357,34.110461,33.077404,35.253662,26.623426,48.4696,42.035519,44.560127,50.107427,46.564977,42.914526,44.45677,36.44892,40.182837,49.373427
2026-01-03 18:20:00,23.739249,24.611568,24.616874,35.327652,43.338599,36.953134,44.18255,48.941149,38.91955,38.029461,30.392307,32.844327,25.0,25.0,25.0,25.0,25.0,25.0,25.0,25.0,25.0,25.0,25.0,25.0,25.0,43.809803,25.0,25.0,25.0,25.0,32.735655,49.047898,34.092812,26.7625,53.502281,35.375471,32.007625,39.547381,26.625171,48.816215,42.194047,42.467928,44.408842,45.834506,42.553865,42.46038,35.663481,37.991418,49.797152
2026-01-03 18:30:00,23.707889,24.510854,24.515354,34.245386,46.241018,36.828162,43.410114,48.924655,38.864191,37.447775,30.83177,32.885411,25.0,25.0,25.0,25.0,25.0,25.0,25.0,25.0,25.0,25.0,25.0,25.0,25.0,42.520453,25.0,25.0,25.0,25.0,32.386849,47.839688,32.200001,27.299999,52.043147,36.64048,30.937846,43.8411,26.626917,49.162829,42.352574,39.272313,39.899116,44.201069,41.588661,40.463991,34.956504,36.089969,50.220877
2026-01-03 18:40:00,23.4,24.23791,24.197527,36.54934,48.50286,33.655875,40.150967,49.497965,39.268745,36.200001,30.166705,31.73442,25.0,25.0,25.0,25.0,25.0,25.0,25.0,25.0,25.0,25.0,25.0,25.0,25.0,41.426688,25.0,25.0,25.0,25.0,31.810015,50.374222,30.799999,27.299999,49.785988,35.595708,31.240201,39.134561,26.630408,46.964003,40.976829,37.323248,46.841815,41.074792,38.04215,43.453324,31.982415,31.860334,47.14734
2026-01-03 18:50:00,23.529625,23.967216,23.930801,37.295051,44.105787,34.293744,41.226481,48.757303,39.045443,35.908601,30.534586,31.285461,25.0,25.0,25.0,25.0,25.0,25.0,25.0,25.0,25.0,25.0,25.0,25.0,25.0,40.725612,25.0,25.0,25.0,25.0,28.691966,50.858236,30.799999,27.049999,50.640113,33.67261,30.79128,38.345987,26.632153,47.61835,39.860662,36.365859,43.959432,42.923816,34.51906,43.342957,30.730654,30.516682,44.533897
2026-01-03 19:00:00,23.659251,23.720715,23.700196,37.585725,38.29138,34.931613,42.301995,47.59102,38.66689,35.613953,30.962086,31.101469,25.0,25.0,25.0,25.0,25.0,25.0,25.0,25.0,25.0,25.0,25.0,25.0,25.0,39.941564,25.0,25.0,25.0,25.0,25.629971,51.026276,30.799999,26.799999,51.494237,32.368922,30.342359,38.078421,26.633899,48.272696,38.903152,35.431368,41.077049,44.772841,30.981048,43.23259,30.206388,29.995418,43.15919
2026-01-03 19:10:00,23.256769,23.527049,23.512541,35.446563,36.20068,34.911283,33.721296,46.807021,38.34828,34.292917,31.038514,31.38082,25.0,25.0,25.0,25.0,25.0,25.0,25.0,25.0,25.0,25.0,25.0,25.0,25.0,38.289532,25.0,25.0,25.0,25.0,25.133914,46.286412,31.1,27.6,51.140137,32.836776,31.270889,38.145129,26.63739,46.363804,38.112511,33.651128,43.657249,44.194389,27.380232,43.912068,32.595843,31.834748,43.903541
2026-01-03 19:20:00,23.326815,23.83947,23.841505,34.360291,37.799784,35.23573,33.658683,45.273323,39.793328,33.094431,30.188706,30.34041,25.0,25.0,25.0,25.0,25.0,25.0,25.0,25.0,25.0,25.0,25.0,25.0,25.0,37.303182,25.0,25.0,25.0,25.0,25.14615,43.328345,30.300701,27.6,51.462285,32.956829,31.069805,37.577161,26.639135,47.026018,37.167498,33.850662,44.811862,41.198263,27.556294,42.42218,33.350941,32.609394,43.344396
2026-01-03 19:30:00,23.503714,24.240329,24.23338,33.878835,39.398887,35.560177,33.596411,42.959129,41.238376,31.686219,29.338897,29.299999,25.0,25.0,25.0,25.0,25.0,25.0,25.0,25.0,25.0,25.0,25.0,25.0,25.0,36.249088,25.0,25.0,25.0,25.0,25.158386,41.927306,28.9,27.6,51.784433,33.109841,30.496109,36.449642,26.640881,47.688232,36.303318,34.198066,46.237449,38.64829,27.732355,40.338944,33.64349,32.933894,42.121677
2026-01-03 19:40:00,24.018223,24.366376,24.316117,35.427385,38.349344,32.378971,28.047211,39.2532,39.959207,29.333921,29.381909,30.775203,25.0,25.0,25.0,25.0,25.0,25.0,25.0,25.0,25.0,25.0,25.0,25.0,25.0,34.138304,25.0,25.0,25.0,25.0,24.841567,42.159309,27.6,26.200001,47.565939,36.177291,27.641241,34.945323,26.644372,47.310472,35.741167,34.51442,52.773006,41.009562,26.84082,39.403518,32.278033,32.707086,39.939976
2026-01-03 19:50:00,24.053911,23.98324,23.934224,36.727395,36.941693,31.255479,25.407675,37.417932,38.989304,28.215886,30.020134,29.534151,25.0,25.0,25.0,25.0,25.0,25.0,25.0,25.0,25.0,25.0,25.0,25.0,25.0,33.418192,25.0,25.0,25.0,25.0,24.56117,42.958658,25.601784,25.845805,46.434877,36.543273,26.488397,34.994192,26.646117,46.912887,35.477943,33.645985,50.803128,40.695025,26.412684,39.15777,31.501383,32.045983,39.00422
2026-01-03 20:00:00,24.064802,23.440284,23.408788,37.408213,34.615767,30.169073,23.245219,35.569224,37.532985,27.005271,30.621684,28.21545,25.0,25.0,25.0,25.0,25.0,25.0,25.0,25.0,25.0,25.0,25.0,25.0,25.0,32.740674,25.0,25.0,25.0,25.0,24.411627,43.592169,24.1,25.55,45.332967,36.661396,25.621169,35.043061,26.647863,46.196731,35.194604,32.120706,46.828834,39.776718,25.971604,38.88561,30.705349,31.01074,38.02351
2026-01-03 20:10:00,23.261812,23.184112,23.186883,35.246461,27.708352,27.397146,20.558276,31.759847,30.897346,23.789147,29.289118,28.124255,25.0,25.0,25.0,25.0,25.0,25.0,25.0,25.0,25.0,25.0,25.0,25.0,25.0,31.096016,25.0,25.0,25.0,25.0,25.004009,41.300243,23.799999,24.9,41.59387,35.234749,24.621062,34.250224,26.651354,41.910375,34.443276,30.695738,41.268255,34.590592,24.972198,37.26422,29.210162,29.6149,35.391165
2026-01-03 20:20:00,22.885826,23.081425,23.086124,34.081506,26.544728,25.745367,19.583529,29.912028,28.787556,21.784645,28.173068,28.078657,25.0,25.0,25.0,25.0,25.0,25.0,25.0,25.0,25.0,25.0,25.0,25.0,25.0,30.336476,25.0,25.0,25.0,25.0,25.25318,40.459277,23.799999,25.3,39.630688,32.998247,24.214945,32.783243,26.6531,41.069227,33.442924,29.997944,40.795966,34.29142,24.125346,36.606039,28.402423,28.648204,34.460881
2026-01-03 20:30:00,22.570672,22.955219,22.957805,32.797493,25.815273,24.234136,18.844815,28.138429,26.915564,19.960232,26.842554,28.03306,25.0,25.0,25.0,25.0,25.0,25.0,25.0,25.0,25.0,25.0,25.0,25.0,25.0,29.623985,25.0,25.0,25.0,25.0,25.407518,39.534339,23.799999,25.700001,37.696498,30.46997,23.884922,31.466238,26.654845,40.259686,32.195337,29.291311,40.336239,34.118479,23.680423,35.728237,27.606009,27.668012,33.594596
2026-01-03 20:40:00,22.149382,22.283891,22.297964,29.663139,24.862618,22.219619,17.894654,24.869836,22.836514,17.663299,24.331756,27.941865,25.0,25.0,25.0,25.0,25.0,25.0,25.0,25.0,25.0,25.0,25.0,25.0,25.0,28.330017,25.0,25.0,25.0,25.0,25.507342,36.048825,23.299999,25.4,34.157697,28.197992,23.422721,30.983299,26.658336,36.767189,30.519511,27.796704,36.014879,33.855935,23.819236,28.531802,26.186554,26.20116,31.618574
2026-01-03 20:50:00,21.967315,21.985341,21.998984,27.810868,24.202552,21.148494,17.437162,23.777513,21.350439,17.024664,23.390281,27.896268,25.0,25.0,25.0,25.0,25.0,25.0,25.0,25.0,25.0,25.0,25.0,25.0,25.0,27.675836,25.0,25.0,25.0,25.0,25.419935,34.197008,22.939098,25.070312,32.324425,27.398803,23.047323,30.0767,26.660686,35.446129,29.969956,26.580478,34.267292,34.068414,23.531735,26.923001,24.978032,23.697812,30.833896
2026-01-03 21:00:00,21.787969,21.762772,21.772272,25.917566,23.492739,20.236478,17.237701,22.959058,20.156223,16.575996,22.701339,27.85067,25.0,25.0,25.0,25.0,25.0,25.0,25.0,25.0,25.0,25.0,25.0,25.0,25.0,27.049739,25.0,25.0,25.0,25.0,25.172488,32.516095,22.700001,24.6,30.486625,26.723749,22.628679,28.608181,26.661827,34.045585,29.426333,25.457165,33.543734,34.280892,23.161885,26.347109,23.529065,21.613198,30.239442
2026-01-03 21:10:00,21.390583,21.532551,21.531216,22.521902,22.254409,19.108475,17.313815,21.867246,18.375324,15.994574,21.913739,27.759475,25.0,25.0,25.0,25.0,25.0,25.0,25.0,25.0,25.0,25.0,25.0,25.0,25.0,25.949699,25.0,25.0,25.0,25.0,23.989612,30.06404,22.6,23.5,26.915135,25.542592,21.946022,25.647239,26.020028,29.574726,27.826561,24.331967,33.859067,32.005108,23.044169,26.846336,20.799999,21.0,29.531149
2026-01-03 21:20:00,21.291302,21.570726,21.56777,21.483841,21.88201,18.965611,17.38978,21.645754,18.364655,16.037299,21.367805,27.713878,25.0,25.0,25.0,25.0,25.0,25.0,25.0,25.0,25.0,25.0,25.0,25.0,25.0,25.39532,25.0,25.0,25.0,25.0,22.984219,29.887294,22.555968,23.396041,25.493293,25.182307,21.835491,25.422594,25.699129,27.610957,26.945954,24.193594,32.495014,30.771057,22.934548,26.609121,20.799999,20.937484,29.270362
2026-01-03 21:30:00,21.254915,21.6089,21.604324,20.746793,21.498274,18.835794,17.519119,21.448802,18.354051,16.080024,21.1,27.66828,25.0,25.0,25.0,25.0,25.0,25.0,25.0,25.0,25.0,25.0,25.0,25.0,25.0,24.889956,25.0,25.0,25.0,25.0,21.68479,29.730906,22.5,23.299999,24.320647,24.815221,21.72713,25.213929,25.378229,26.010388,26.279318,24.074274,30.022647,29.574461,22.756354,26.131105,20.799999,20.88961,28.995735
2026-01-03 21:40:00,21.299999,21.183959,21.201691,19.830708,20.077188,18.218351,18.166198,20.83125,17.330861,15.909443,21.4,27.577086,25.0,25.0,25.0,25.0,25.0,25.0,25.0,25.0,25.0,25.0,25.0,25.0,25.0,24.106293,25.0,25.0,25.0,25.0,18.655897,28.825169,22.200001,22.700001,22.585002,23.530006,21.122729,23.671569,24.73643,23.901649,25.693124,23.607806,27.490928,27.541741,21.941775,25.46466,20.700641,20.753846,28.113092
2026-01-03 21:50:00,21.26918,20.943839,20.949907,19.514314,19.837487,17.980071,18.509058,20.871631,17.337341,15.879611,21.25,27.531488,25.0,25.0,25.0,25.0,25.0,25.0,25.0,25.0,25.0,25.0,25.0,25.0,25.0,23.823042,25.0,25.0,25.0,25.0,18.871655,28.52379,21.998077,22.547078,21.63583,23.034157,21.009456,22.782868,24.382736,22.980676,25.464084,23.335785,26.832222,26.523787,21.269656,25.415184,20.741071,20.507327,27.82108
2026-01-03 22:00:00,21.182987,20.833742,20.830574,19.249906,19.627347,17.759175,18.663065,20.912013,17.343821,15.845276,21.1,27.485891,25.0,25.0,25.0,25.0,25.0,25.0,25.0,25.0,25.0,25.0,25.0,25.0,25.0,23.550178,25.0,25.0,25.0,25.0,19.373681,28.235905,21.9,22.4,20.826981,22.631069,20.9,22.095477,24.094631,22.288449,25.255035,23.070119,26.360488,25.909364,20.630061,25.4,20.861142,20.340878,27.634843
2026-01-03 22:10:00,20.795287,21.010144,21.015504,18.793347,18.911485,17.299999,18.512354,20.351037,16.307154,15.274124,21.1,27.394696,25.0,25.0,25.0,25.0,25.0,25.0,25.0,25.0,25.0,25.0,25.0,25.0,25.0,22.876854,25.0,25.0,25.0,25.0,20.466804,27.48744,22.200001,21.9,19.850844,22.040731,20.399683,21.483543,23.787425,21.544901,24.84347,22.641997,25.687681,25.610874,19.947504,25.4,21.611929,20.513364,27.471172
2026-01-03 22:20:00,20.897643,20.933092,20.929537,18.640876,18.7131,17.426443,18.032601,19.945684,16.066027,15.312518,20.980178,27.349098,25.0,25.0,25.0,25.0,25.0,25.0,25.0,25.0,25.0,25.0,25.0,25.0,25.0,22.701981,25.0,25.0,25.0,25.0,21.01691,27.052564,22.111364,21.9,19.347524,21.918389,20.166548,21.23677,23.633822,21.598645,24.40624,22.455879,25.398348,25.154733,19.816574,25.283385,21.585686,20.414556,26.915527
2026-01-03 22:30:00,21.0,20.810905,20.803824,18.580962,18.567264,17.552886,17.658615,19.744021,15.851738,15.4,20.698317,27.303501,25.0,25.0,25.0,25.0,25.0,25.0,25.0,25.0,25.0,25.0,25.0,25.0,25.0,22.547309,25.0,25.0,25.0,25.0,21.299999,26.697585,21.9,21.9,18.915414,21.799999,19.988396,21.02131,23.480219,21.652388,23.97461,22.265733,25.112015,24.593283,19.713716,25.1,21.509179,20.165408,26.169956
2026-01-03 22:40:00,21.0,20.726935,20.737533,19.854594,18.354253,17.530704,17.85228,19.910227,15.247401,15.577825,20.061793,27.212306,25.0,25.0,25.0,25.0,25.0,25.0,25.0,25.0,25.0,25.0,25.0,25.0,25.0,22.153167,25.0,25.0,25.0,25.0,21.362786,26.336068,21.4,21.6,18.353513,21.30273,19.799999,20.655306,23.173013,21.114214,23.581894,21.799999,24.465964,23.948591,19.48497,24.977239,21.080713,19.445033,25.563863
2026-01-03 22:50:00,21.0,20.861569,20.862209,20.038899,18.225645,16.883366,17.765593,19.88569,14.997749,15.434947,20.018997,27.166709,25.0,25.0,25.0,25.0,25.0,25.0,25.0,25.0,25.0,25.0,25.0,25.0,25.0,21.91622,25.0,25.0,25.0,25.0,21.342307,26.2928,21.132339,21.6,18.263144,21.377907,19.799999,20.556291,23.01941,20.63538,23.840947,21.87569,23.987163,23.729512,19.42309,24.892335,20.730004,19.397931,25.179742
2026-01-03 23:00:00,21.0,21.022678,21.017745,20.1,18.152697,16.034014,17.647659,19.807275,14.742039,15.29207,20.005969,27.121111,25.0,25.0,25.0,25.0,25.0,25.0,25.0,25.0,25.0,25.0,25.0,25.0,25.0,21.677938,25.0,25.0,25.0,25.0,21.299999,26.2452,20.9,21.6,18.181131,21.453084,19.799999,20.519344,22.865807,20.37954,24.1,22.036618,23.7469,23.499452,19.4,24.799999,20.547929,19.357693,24.970343
2026-01-03 23:10:00,20.997629,21.057663,21.060382,19.932498,18.132623,15.7,17.6,18.947507,14.07678,15.363497,20.190325,27.029916,25.0,25.0,25.0,25.0,25.0,25.0,25.0,25.0,25.0,25.0,25.0,25.0,25.0,21.275669,25.0,25.0,25.0,25.0,21.236495,25.18899,20.6,21.6,17.852813,21.151806,20.1,20.668412,22.558601,20.561823,23.892257,22.299999,23.969651,22.700001,19.4,24.633695,20.702864,19.152534,24.930501
2026-01-03 23:20:00,20.985286,21.133807,21.141299,19.892791,17.958074,15.589384,17.477695,18.653018,13.424352,15.476399,20.164782,26.984319,25.0,25.0,25.0,25.0,25.0,25.0,25.0,25.0,25.0,25.0,25.0,25.0,25.0,21.092133,25.0,25.0,25.0,25.0,21.051628,25.097143,20.6,21.567308,17.643883,21.139759,20.212863,20.662056,22.510321,20.414173,23.728553,22.180687,23.407785,23.065149,19.248714,24.135737,21.337053,19.08808,24.593417
2026-01-03 23:30:00,20.952767,21.247124,21.255212,19.847949,17.799999,15.452002,17.254066,18.521689,13.063868,15.549482,20.09743,26.938722,25.0,25.0,25.0,25.0,25.0,25.0,25.0,25.0,25.0,25.0,25.0,25.0,25.0,20.9,25.0,25.0,25.0,25.0,20.798372,25.047625,20.6,21.5,17.515451,21.129699,20.299999,20.640271,22.473394,20.266523,23.516097,21.946959,22.515616,23.645867,18.990066,23.752732,21.856464,19.063146,24.288951
2026-01-03 23:40:00,20.751968,21.408564,21.410456,19.5,17.857782,14.367965,16.74638,18.497778,13.393883,15.474498,19.865009,26.847527,25.0,25.0,25.0,25.0,25.0,25.0,25.0,25.0,25.0,25.0,25.0,25.0,25.0,20.418679,25.0,25.0,25.0,25.0,20.559648,24.991025,20.6,21.4,17.467674,21.075651,20.414096,19.961994,22.388186,20.299999,22.968781,21.647014,21.9,24.04854,18.76684,24.0,21.475295,20.135407,24.688328
2026-01-03 23:50:00,20.746697,21.481063,21.489102,19.432866,17.728891,14.308226,16.349048,18.395145,13.014237,15.342495,19.827198,26.801929,25.0,25.0,25.0,25.0,25.0,25.0,25.0,25.0,25.0,25.0,25.0,25.0,25.0,20.17277,25.0,25.0,25.0,25.0,20.327727,24.877178,20.6,21.5,17.440623,21.188229,20.369892,20.080997,22.345582,20.39095,23.030949,21.114351,21.926485,23.609663,18.604395,23.949218,20.972199,19.925131,24.964582
2026-01-04 00:00:00,20.745171,21.518922,21.524383,19.364019,17.6,14.290301,15.952392,18.16386,12.418005,15.1,19.799999,26.756332,25.0,25.0,25.0,25.0,25.0,25.0,25.0,25.0,25.0,25.0,25.0,25.0,25.0,19.974849,25.0,25.0,25.0,25.0,20.200001,24.691521,20.6,21.6,17.397209,21.300806,20.299999,20.200001,22.302979,20.588179,23.093117,20.481741,21.952971,22.8878,18.44447,23.816546,20.436055,19.485099,25.1
2026-01-04 00:10:00,20.949051,21.530397,21.525019,18.960333,17.6,14.335872,15.447764,17.389348,12.020522,14.328852,19.748078,26.665137,25.0,25.0,25.0,25.0,25.0,25.0,25.0,25.0,25.0,25.0,25.0,25.0,25.0,19.754967,25.0,25.0,25.0,25.0,20.200001,24.330696,20.6,21.4,16.782242,21.200001,20.252404,19.856243,22.217771,21.367968,22.976956,19.899712,21.6,22.332841,18.233334,23.375807,19.953312,18.798673,24.710394
2026-01-04 00:20:00,21.037399,21.504739,21.504977,18.777982,17.45,13.988275,15.438904,17.365292,11.51412,14.33252,19.774039,26.61954,25.0,25.0,25.0,25.0,25.0,25.0,25.0,25.0,25.0,25.0,25.0,25.0,25.0,19.464547,25.0,25.0,25.0,25.0,20.200001,24.279729,20.701786,21.5,16.719775,21.243348,20.426202,19.883044,22.175167,21.00553,22.90142,19.593734,21.610391,22.043493,18.136204,23.022013,19.644785,18.46475,24.842466
2026-01-04 00:30:00,21.074718,21.479082,21.484934,18.700001,17.299999,13.640678,15.429968,17.358282,11.208349,14.344626,19.799999,26.573942,25.0,25.0,25.0,25.0,25.0,25.0,25.0,25.0,25.0,25.0,25.0,25.0,25.0,19.118083,25.0,25.0,25.0,25.0,20.200001,24.262893,20.9,21.6,16.700001,21.354882,20.6,19.909845,22.132564,20.643092,22.833864,19.434503,21.620782,21.87693,18.065736,22.713587,19.452989,18.188202,24.974538
2026-01-04 00:40:00,21.0,21.654889,21.662336,18.737024,17.690141,13.8,14.645825,17.505992,11.391093,14.536147,19.457912,26.482747,25.0,25.0,25.0,25.0,25.0,25.0,25.0,25.0,25.0,25.0,25.0,25.0,25.0,18.700001,25.0,25.0,25.0,25.0,20.200001,24.310517,21.15,21.4,16.700001,21.703464,20.55468,19.86827,22.047356,20.70134,22.755865,19.4,21.429505,21.813549,18.0,22.444583,19.378631,17.842085,24.200514
2026-01-04 00:50:00,21.0,21.671611,21.673259,18.618512,18.026691,13.781154,14.496571,17.262193,11.328424,14.527044,19.279652,26.43715,25.0,25.0,25.0,25.0,25.0,25.0,25.0,25.0,25.0,25.0,25.0,25.0,25.0,18.601298,25.0,25.0,25.0,25.0,20.067328,24.577291,21.318269,21.453448,16.64257,21.774876,20.309751,19.884135,22.004752,20.791787,22.844277,19.307308,21.763476,21.768956,17.978265,22.376742,19.6617,17.935977,24.037499
2026-01-04 01:00:00,21.0,21.676866,21.676562,18.5,18.352501,13.733891,14.4,16.989448,11.167411,14.5,19.200001,26.391553,25.0,25.0,25.0,25.0,25.0,25.0,25.0,25.0,25.0,25.0,25.0,25.0,25.0,18.5,25.0,25.0,25.0,25.0,19.934655,25.018569,21.4,21.6,16.5,21.799999,20.1,19.9,21.962148,20.85001,22.932689,19.146795,22.097446,21.701679,17.969747,22.347748,19.949706,18.029868,23.965863
2026-01-04 01:10:00,20.668103,21.506392,21.518471,18.666477,18.700001,13.6,14.271644,16.953726,10.667057,14.330515,19.5081,26.300358,25.0,25.0,25.0,25.0,25.0,25.0,25.0,25.0,25.0,25.0,25.0,25.0,25.0,18.021411,25.0,25.0,25.0,25.0,20.153763,25.528344,21.4,22.200001,16.11103,21.724799,20.265377,19.838666,21.876941,20.255118,22.31332,18.846108,21.9,21.345346,18.0,22.340789,19.955278,17.954066,23.940309
2026-01-04 01:20:00,20.517213,21.462606,21.468864,18.668224,18.700001,13.312537,14.243806,16.840679,10.490058,14.241886,19.394533,26.25476,25.0,25.0,25.0,25.0,25.0,25.0,25.0,25.0,25.0,25.0,25.0,25.0,25.0,17.746268,25.0,25.0,25.0,25.0,20.188371,25.416475,21.25,22.05,15.880547,21.952972,20.304891,19.726019,21.834337,19.838446,22.368858,18.883816,21.594957,21.268215,17.912724,22.138179,19.858328,17.807795,23.727657
2026-01-04 01:30:00,20.452561,21.43323,21.435237,18.668719,18.700001,13.108972,14.210145,16.673574,10.41944,14.202241,19.247744,26.209163,25.0,25.0,25.0,25.0,25.0,25.0,25.0,25.0,25.0,25.0,25.0,25.0,25.0,17.6,25.0,25.0,25.0,25.0,20.200001,25.304607,21.1,21.9,15.745471,22.181146,20.347543,19.619985,21.791733,19.550565,22.5,18.921525,21.398903,21.240785,17.825448,21.941661,19.761377,17.707266,23.5
2026-01-04 01:40:00,20.528158,21.397545,21.398924,18.353832,18.700001,13.820426,13.629868,16.489517,10.5,14.5,19.200001,26.117968,25.0,25.0,25.0,25.0,25.0,25.0,25.0,25.0,25.0,25.0,25.0,25.0,25.0,17.570298,25.0,25.0,25.0,25.0,19.943362,25.343789,21.9,21.9,15.7,21.968586,20.6,19.572955,21.706526,19.404044,22.799999,18.6,21.9,21.4,17.834136,22.339387,19.901889,17.767988,23.45312
2026-01-04 01:50:00,20.601419,21.403819,21.405783,18.43236,18.734373,13.465435,13.656787,16.167855,10.545803,14.331859,19.071459,26.072371,25.0,25.0,25.0,25.0,25.0,25.0,25.0,25.0,25.0,25.0,25.0,25.0,25.0,17.490412,25.0,25.0,25.0,25.0,20.071681,25.023523,22.118355,21.9,15.408154,22.08347,20.6,19.577422,21.663922,19.443833,22.789031,18.771356,21.805628,21.31404,17.715703,22.530055,19.700944,17.92924,23.127174
2026-01-04 02:00:00,20.641732,21.414619,21.416917,18.553833,18.768745,12.946108,13.683705,15.953131,10.603283,14.014772,18.884207,26.026773,25.0,25.0,25.0,25.0,25.0,25.0,25.0,25.0,25.0,25.0,25.0,25.0,25.0,17.352916,25.0,25.0,25.0,25.0,20.200001,24.42434,22.200001,21.9,15.053136,22.254393,20.6,19.590122,21.621318,19.541709,22.752805,19.004916,21.6,21.155928,17.543068,22.613073,19.5,18.147818,22.838828
2026-01-04 02:10:00,20.531921,21.424134,21.425135,18.631009,18.759452,12.671878,13.463706,16.015113,10.803466,13.650481,18.665799,25.935578,25.0,25.0,25.0,25.0,25.0,25.0,25.0,25.0,25.0,25.0,25.0,25.0,25.0,17.1,25.0,25.0,25.0,25.0,19.944225,23.751664,22.200001,22.200001,14.9,22.349977,20.191513,19.652254,21.536111,19.799999,22.174435,19.1,21.237176,20.986958,17.45304,22.225058,19.591327,18.360033,23.364073
2026-01-04 02:20:00,20.508363,21.394208,21.394629,18.588632,18.741259,12.572894,13.410403,15.80864,10.690449,13.446983,18.648372,25.889981,25.0,25.0,25.0,25.0,25.0,25.0,25.0,25.0,25.0,25.0,25.0,25.0,25.0,17.054505,25.0,25.0,25.0,25.0,19.965914,23.586578,22.05,22.200001,14.71214,22.337641,20.12318,19.637538,21.493507,19.95817,21.837198,18.841243,21.13848,21.012789,17.681376,22.205755,19.803994,18.129202,23.21032
2026-01-04 02:30:00,20.5,21.327816,21.326992,18.5,18.700001,12.5,13.364297,15.602166,10.4417,13.246284,18.636499,25.844383,25.0,25.0,25.0,25.0,25.0,25.0,25.0,25.0,25.0,25.0,25.0,25.0,25.0,17.005714,25.0,25.0,25.0,25.0,20.027429,23.446836,21.9,22.200001,14.600071,22.299999,20.1,19.598162,21.450903,20.1,21.457542,18.582485,21.03504,21.03862,18.005675,22.200001,20.047962,17.843522,23.056567
2026-01-04 02:40:00,20.778243,21.203888,21.200977,18.361957,18.4,12.412577,13.248374,15.631354,9.988793,12.9,18.610607,25.753189,25.0,25.0,25.0,25.0,25.0,25.0,25.0,25.0,25.0,25.0,25.0,25.0,25.0,16.6,25.0,25.0,25.0,25.0,20.324322,23.12037,21.9,22.200001,14.6,22.018347,20.1,19.453614,21.365695,20.274867,20.553293,18.6,20.577972,20.9,18.159914,22.4,20.211506,17.768397,23.074809
2026-01-04 02:50:00,20.739362,21.2044,21.203821,18.312189,18.4,12.438281,13.094323,15.681859,10.221433,12.839455,18.62528,25.707591,25.0,25.0,25.0,25.0,25.0,25.0,25.0,25.0,25.0,25.0,25.0,25.0,25.0,16.556923,25.0,25.0,25.0,25.0,20.262161,22.92762,21.876461,22.189539,14.449969,21.700182,19.965401,19.493605,21.323092,20.141128,19.750994,18.521669,20.586138,20.955202,18.079957,22.346431,20.055808,17.771662,23.508376
2026-01-04 03:00:00,20.676098,21.204911,21.206666,18.29223,18.4,12.488252,13.0,15.715473,10.526198,12.808236,18.639954,25.661994,25.0,25.0,25.0,25.0,25.0,25.0,25.0,25.0,25.0,25.0,25.0,25.0,25.0,16.522572,25.0,25.0,25.0,25.0,20.200001,22.776849,21.828,22.168001,14.3,21.5,19.799999,19.533596,21.280488,19.843032,19.123835,18.382429,20.594303,21.010405,18.0,22.235642,19.713266,17.774927,23.975356
2026-01-04 03:10:00,20.629034,21.028047,21.018533,18.4599,18.700001,12.550967,13.0,14.9,10.631446,12.784838,18.4,25.570799,25.0,25.0,25.0,25.0,25.0,25.0,25.0,25.0,25.0,25.0,25.0,25.0,25.0,16.413299,25.0,25.0,25.0,25.0,20.225001,22.641863,21.756,22.136001,14.358334,21.479167,19.758133,19.4,21.19528,19.278314,18.767373,18.247702,20.062996,20.9,18.033369,22.068798,19.090413,17.6,24.036061
2026-01-04 03:20:00,20.551143,20.884896,20.875541,18.436497,18.603435,13.056074,13.049372,14.9,10.979582,12.541286,18.317573,25.525202,25.0,25.0,25.0,25.0,25.0,25.0,25.0,25.0,25.0,25.0,25.0,25.0,25.0,16.358662,25.0,25.0,25.0,25.0,20.237501,22.561023,21.72,22.120001,14.3875,21.46875,19.737201,19.4,21.152677,19.12591,18.883687,18.390894,19.902453,20.71873,18.179195,22.11145,19.099726,17.6,24.020574
2026-01-04 03:30:00,20.5,20.810864,20.803167,18.377032,18.4,13.510083,13.098745,14.9,11.285826,12.294425,18.284943,25.479604,25.0,25.0,25.0,25.0,25.0,25.0,25.0,25.0,25.0,25.0,25.0,25.0,25.0,16.304025,25.0,25.0,25.0,25.0,20.250001,22.457224,21.684,22.104001,14.416667,21.458333,19.716268,19.4,21.110073,19.0,19.0,18.56246,19.840946,20.6,18.299999,22.154102,19.129493,17.6,23.972279
2026-01-04 03:40:00,20.5,20.942863,20.943357,18.200001,18.076185,12.259287,13.0,14.347106,11.326701,12.26671,18.4,25.388409,25.0,25.0,25.0,25.0,25.0,25.0,25.0,25.0,25.0,25.0,25.0,25.0,25.0,16.194751,25.0,25.0,25.0,25.0,20.275001,22.091469,21.612,22.072001,14.475,21.4375,19.674402,19.571719,21.024865,18.744154,18.749959,18.6,19.955606,20.745342,18.152742,21.540853,19.456312,17.530501,23.546058
2026-01-04 03:50:00,20.463945,20.968721,20.966141,18.200001,17.976557,12.451705,13.0,14.123574,11.499186,12.10935,18.582087,25.342812,25.0,25.0,25.0,25.0,25.0,25.0,25.0,25.0,25.0,25.0,25.0,25.0,25.0,16.140114,25.0,25.0,25.0,25.0,20.287501,21.990963,21.576,22.056001,14.504167,21.427083,19.653469,19.634701,20.982261,18.7656,18.614302,18.493846,19.748678,20.848794,18.079387,21.558187,19.294061,17.565251,23.256448
2026-01-04 04:00:00,20.380306,20.994976,20.98901,18.200001,17.9,12.644124,13.0,14.031032,11.804568,11.968198,18.700001,25.297214,25.0,25.0,25.0,25.0,25.0,25.0,25.0,25.0,25.0,25.0,25.0,25.0,25.0,16.085477,25.0,25.0,25.0,25.0,20.300001,21.898438,21.54,22.040001,14.533333,21.416667,19.632536,19.700001,20.939658,18.787045,18.452278,18.387692,19.378719,20.9,18.0,21.575521,19.000213,17.6,22.929748
2026-01-04 04:10:00,20.200001,21.139067,21.132585,17.99368,17.783798,12.472458,12.7,14.3,12.281247,11.961871,18.700001,25.20602,25.0,25.0,25.0,25.0,25.0,25.0,25.0,25.0,25.0,25.0,25.0,25.0,25.0,15.976203,25.0,25.0,25.0,25.0,20.325,21.643876,21.468,22.008,14.591667,21.395833,19.59067,19.9,20.85445,18.531938,17.947131,18.432332,19.014677,20.9,17.799999,21.4,18.700001,16.943474,22.267462
2026-01-04 04:20:00,20.044903,21.125399,21.123647,17.926316,17.641072,12.500363,12.85,14.269178,12.926842,11.943902,18.700001,25.160422,25.0,25.0,25.0,25.0,25.0,25.0,25.0,25.0,25.0,25.0,25.0,25.0,25.0,15.921566,25.0,25.0,25.0,25.0,20.3375,21.369086,21.432,21.992,14.620833,21.385417,19.569738,20.14845,20.811846,18.507638,17.946481,18.30228,19.115241,21.006452,17.734693,21.209205,18.679605,16.932462,22.289648
2026-01-04 04:30:00,19.951126,21.083787,21.095075,17.9,17.397592,12.579739,13.0,14.193436,13.324597,11.9,18.700001,25.114825,25.0,25.0,25.0,25.0,25.0,25.0,25.0,25.0,25.0,25.0,25.0,25.0,25.0,15.866929,25.0,25.0,25.0,25.0,20.35,21.151713,21.396,21.976,14.65,21.375,19.548805,20.370623,20.769242,18.5,17.946299,18.023983,19.32976,21.200001,17.671706,21.1,18.658178,16.921697,22.357529
2026-01-04 04:40:00,19.934066,20.777305,20.780918,17.9,16.49629,12.968709,12.871938,13.994285,13.272542,11.6,18.863716,25.02363,25.0,25.0,25.0,25.0,25.0,25.0,25.0,25.0,25.0,25.0,25.0,25.0,25.0,15.757655,25.0,25.0,25.0,25.0,20.375,21.051667,21.324,21.944,14.708333,21.354167,19.506939,20.5,20.684035,18.64082,18.478592,17.559469,19.684388,21.4,17.5,21.1,17.963568,16.599553,22.875343
2026-01-04 04:50:00,19.995162,20.759561,20.760848,17.77781,16.276285,12.901726,12.491807,13.969265,13.416714,11.558744,18.912555,24.978032,25.0,25.0,25.0,25.0,25.0,25.0,25.0,25.0,25.0,25.0,25.0,25.0,25.0,15.703018,25.0,25.0,25.0,25.0,20.3875,20.93758,21.288,21.928,14.7375,21.34375,19.486006,20.423308,20.641431,18.593935,18.506319,17.603504,19.567572,21.338833,17.5,21.112433,17.99239,16.549499,23.103275
2026-01-04 05:00:00,20.056259,20.746601,20.74694,17.65562,16.168179,12.834742,12.2,13.941369,13.560886,11.514754,18.931208,24.932435,25.0,25.0,25.0,25.0,25.0,25.0,25.0,25.0,25.0,25.0,25.0,25.0,25.0,15.648382,25.0,25.0,25.0,25.0,20.4,20.795637,21.252,21.912,14.766667,21.333333,19.465073,20.249258,20.598827,18.54705,18.530217,17.712002,19.450756,21.178998,17.5,21.152267,18.07436,16.5,23.200001
2026-01-04 05:10:00,19.948988,20.708677,20.713115,17.667897,16.114209,13.3,12.5,13.252824,13.294834,11.0,18.761856,24.84124,25.0,25.0,25.0,25.0,25.0,25.0,25.0,25.0,25.0,25.0,25.0,25.0,25.0,15.539108,25.0,25.0,25.0,25.0,20.425,20.576357,21.18,21.88,14.825,21.3125,19.423207,19.9,20.51362,18.700001,18.668634,18.0,19.5,20.64756,17.5,21.6,18.475628,16.200001,22.953726
2026-01-04 05:20:00,19.923985,20.718893,20.719146,17.591487,16.148363,13.194464,12.5,13.360791,13.164157,11.0,18.716765,24.795643,25.0,25.0,25.0,25.0,25.0,25.0,25.0,25.0,25.0,25.0,25.0,25.0,25.0,15.484471,25.0,25.0,25.0,25.0,20.4375,20.490379,21.144,21.864,14.854167,21.302083,19.402275,19.887839,20.471016,18.669006,18.692045,18.013252,19.66755,20.77378,17.5,21.631338,18.443669,16.18301,22.823704
2026-01-04 05:30:00,19.9,20.751474,20.739223,17.513172,16.24858,13.088928,12.5,13.468759,13.106834,11.0,18.700001,24.750045,25.0,25.0,25.0,25.0,25.0,25.0,25.0,25.0,25.0,25.0,25.0,25.0,25.0,15.429834,25.0,25.0,25.0,25.0,20.45,20.428073,21.108,21.848,14.883333,21.291667,19.381342,19.875383,20.428412,18.60374,18.700001,18.017185,19.799999,20.9,17.5,21.662901,18.355741,16.168258,22.742266
2026-01-04 05:40:00,19.812378,21.101486,21.097617,17.511008,16.831329,13.255327,12.5,13.27636,13.459699,11.340525,18.700001,24.65885,25.0,25.0,25.0,25.0,25.0,25.0,25.0,25.0,25.0,25.0,25.0,25.0,25.0,15.32056,25.0,25.0,25.0,25.0,20.475,20.361206,21.036,21.816,14.941667,21.270833,19.339476,19.152938,20.343205,18.5,18.689552,17.543852,19.5,20.785106,17.200001,22.152253,17.990064,16.082252,22.700001
2026-01-04 05:50:00,19.747654,21.236066,21.200893,17.436582,16.831813,13.085702,12.577176,13.38818,13.735331,11.094003,18.625426,24.613253,25.0,25.0,25.0,25.0,25.0,25.0,25.0,25.0,25.0,25.0,25.0,25.0,25.0,15.265923,25.0,25.0,25.0,25.0,20.4875,20.248586,21.0,21.8,14.970833,21.260417,19.318543,19.053267,20.300601,18.555558,18.844776,17.64231,19.631641,20.666612,17.200001,22.12685,18.032625,16.026647,22.534479
2026-01-04 06:00:00,19.651655,21.290998,21.240007,17.364059,16.831948,12.916078,12.654352,13.5,13.87615,10.847481,18.50073,24.567656,25.0,25.0,25.0,25.0,25.0,25.0,25.0,25.0,25.0,25.0,25.0,25.0,25.0,15.211286,25.0,25.0,25.0,25.0,20.5,20.083572,20.964,21.784,15.0,21.25,19.29761,18.979605,20.257997,18.706538,19.0,17.740767,19.901892,20.6,17.200001,22.064402,18.075186,16.0,22.4
2026-01-04 06:10:00,19.218299,20.537493,20.50761,18.446867,16.799999,13.142372,12.541173,13.355374,13.360509,10.984728,18.4,24.476461,25.0,25.0,25.0,25.0,25.0,25.0,25.0,25.0,25.0,25.0,25.0,25.0,25.0,15.102012,25.0,25.0,25.0,25.0,20.525,19.80796,20.892,21.752,15.058333,21.229167,19.255744,18.815169,20.172789,19.299999,18.350443,17.69399,20.299999,21.399257,17.0,21.9,17.9,16.0,22.4
2026-01-04 06:20:00,19.244143,20.588719,20.58402,18.567997,16.799999,13.19514,12.511152,13.283239,13.380254,10.980008,18.4,24.430863,25.0,25.0,25.0,25.0,25.0,25.0,25.0,25.0,25.0,25.0,25.0,25.0,25.0,15.047375,25.0,25.0,25.0,25.0,20.5375,19.75175,20.856,21.736,15.0875,21.21875,19.234812,19.181299,20.130186,19.151164,17.62174,17.746995,20.356118,21.648242,17.031751,22.031184,18.023344,16.0,22.4
2026-01-04 06:30:00,19.269986,20.651067,20.66043,18.627642,16.799999,13.24682,12.5,13.251445,13.4,10.966126,18.4,24.385266,25.0,25.0,25.0,25.0,25.0,25.0,25.0,25.0,25.0,25.0,25.0,25.0,25.0,14.992738,25.0,25.0,25.0,25.0,20.55,19.69916,20.82,21.72,15.116667,21.208333,19.213879,19.735662,20.087582,18.955826,17.200154,17.799999,20.37465,21.855639,17.097939,22.162368,18.146689,16.0,22.4
2026-01-04 06:40:00,19.188622,20.666031,20.651541,18.676259,16.333068,13.450859,12.7,13.399265,13.001689,10.884322,18.278824,24.294071,25.0,25.0,25.0,25.0,25.0,25.0,25.0,25.0,25.0,25.0,25.0,25.0,25.0,14.883464,25.0,25.0,25.0,25.0,20.575,19.50261,20.748,21.688,15.175,21.1875,19.172013,20.064273,20.002374,18.887819,18.413777,17.750438,19.6263,22.241525,17.200001,21.813917,17.9449,16.137629,22.497578
2026-01-04 06:50:00,19.260598,20.696806,20.684344,18.617384,15.971349,13.392644,12.799841,13.226196,12.824029,10.832486,18.317681,24.248474,25.0,25.0,25.0,25.0,25.0,25.0,25.0,25.0,25.0,25.0,25.0,25.0,25.0,14.828827,25.0,25.0,25.0,25.0,20.5875,19.508771,20.712,21.672,15.204167,21.177083,19.15108,20.321037,19.959771,18.98123,19.052946,17.653396,19.696075,22.285785,17.170191,21.691461,17.719205,16.068814,22.274534
2026-01-04 07:00:00,19.359151,20.761959,20.771515,18.5,15.787073,13.3,12.843858,13.0,12.748341,10.760836,18.356537,24.202876,25.0,25.0,25.0,25.0,25.0,25.0,25.0,25.0,25.0,25.0,25.0,25.0,25.0,14.774191,25.0,25.0,25.0,25.0,20.6,19.514933,20.676,21.656,15.233333,21.166667,19.130147,20.452231,19.917167,19.213314,19.553375,17.5,19.831389,22.299999,17.101651,21.64269,17.588766,16.0,22.05149
2026-01-04 07:10:00,19.4,21.069453,21.082307,18.341385,16.754544,13.235631,12.617597,12.92268,13.14073,10.45251,17.902287,24.111681,25.0,25.0,25.0,25.0,25.0,25.0,25.0,25.0,25.0,25.0,25.0,25.0,25.0,14.664917,25.0,25.0,25.0,25.0,20.625,19.313802,20.604,21.624,15.291667,21.145833,19.088281,20.451681,19.831959,19.84845,20.056009,17.221096,20.0,22.299999,16.958148,22.363947,17.9,16.0,22.06332
2026-01-04 07:20:00,19.565094,21.048015,21.056087,18.245155,16.68588,13.24779,12.658799,12.964723,13.052264,10.476255,17.620351,24.066084,25.0,25.0,25.0,25.0,25.0,25.0,25.0,25.0,25.0,25.0,25.0,25.0,25.0,14.61028,25.0,25.0,25.0,25.0,20.6375,19.297195,20.568,21.608,15.320833,21.135417,19.067349,20.196761,19.789355,19.778765,20.347127,16.979954,20.137637,22.415976,16.843742,22.743823,17.9,15.90387,21.870844
2026-01-04 07:30:00,19.700001,20.99811,20.998814,18.200001,16.489798,13.259949,12.7,13.006766,12.963797,10.5,17.487059,24.020487,25.0,25.0,25.0,25.0,25.0,25.0,25.0,25.0,25.0,25.0,25.0,25.0,25.0,14.555643,25.0,25.0,25.0,25.0,20.65,19.281797,20.532,21.592,15.35,21.125,19.046416,19.942337,19.746752,19.6,20.481676,16.700001,20.254189,22.531952,16.700001,22.914132,17.9,15.753201,21.647452
2026-01-04 07:40:00,19.539284,20.889279,20.896985,18.200001,15.509313,13.0,12.657885,12.654025,13.34424,10.322101,17.526713,23.929292,25.0,25.0,25.0,25.0,25.0,25.0,25.0,25.0,25.0,25.0,25.0,25.0,25.0,14.446369,25.0,25.0,25.0,25.0,20.675,19.174838,20.46,21.56,15.408333,21.104167,19.00455,19.975012,19.661544,19.047798,20.362858,16.224055,20.346459,21.743787,16.368303,22.486835,17.633345,15.653392,21.607868
2026-01-04 07:50:00,19.546121,20.870286,20.877917,18.200001,15.130111,13.0,12.305862,12.477743,13.203877,10.31236,17.493778,23.883694,25.0,25.0,25.0,25.0,25.0,25.0,25.0,25.0,25.0,25.0,25.0,25.0,25.0,14.391732,25.0,25.0,25.0,25.0,20.6875,19.104989,20.424,21.544,15.4375,21.09375,18.983617,20.080962,19.61894,19.046217,20.371468,16.116324,20.48004,21.470295,16.248214,22.21265,17.676007,15.742953,21.484344
2026-01-04 08:00:00,19.552957,20.863797,20.871321,18.200001,14.94672,13.0,11.988277,12.4,12.854609,10.309438,17.389368,23.838097,25.0,25.0,25.0,25.0,25.0,25.0,25.0,25.0,25.0,25.0,25.0,25.0,25.0,14.337095,25.0,25.0,25.0,25.0,20.699999,19.042915,20.388,21.528,15.466667,21.083333,18.962684,20.223286,19.576336,19.044656,20.4,16.077662,20.681599,21.235435,16.200001,21.919383,17.749153,15.858487,21.241412
2026-01-04 08:10:00,19.216891,21.192724,21.196069,18.348489,14.9,12.744651,12.7,12.75241,11.893471,10.5,16.32825,23.746902,25.0,25.0,25.0,25.0,25.0,25.0,25.0,25.0,25.0,25.0,25.0,25.0,25.0,14.227821,25.0,25.0,25.0,25.0,20.724999,18.972707,20.316,21.496,15.525,21.0625,18.920818,20.342465,19.491129,18.916084,20.876846,16.579057,21.1,20.800978,16.231704,21.373374,17.812816,15.895733,20.632576
2026-01-04 08:20:00,19.131441,21.236819,21.237405,18.417875,14.9,12.378072,12.830308,13.003896,11.944473,10.393548,16.306309,23.701305,25.0,25.0,25.0,25.0,25.0,25.0,25.0,25.0,25.0,25.0,25.0,25.0,25.0,14.173184,25.0,25.0,25.0,25.0,20.737499,18.91389,20.28,21.48,15.554167,21.052083,18.899886,20.402054,19.423354,19.253286,20.875322,16.510338,21.287839,20.700863,16.22211,21.213378,17.763265,15.857733,20.511683
2026-01-04 08:30:00,19.1,21.251276,21.25086,18.5,14.9,12.147909,12.875204,13.283412,12.085782,10.2,16.299999,23.655707,25.0,25.0,25.0,25.0,25.0,25.0,25.0,25.0,25.0,25.0,25.0,25.0,25.0,14.118547,25.0,25.0,25.0,25.0,20.749999,18.883109,20.244,21.464,15.583333,21.041667,18.878953,20.461643,19.388512,19.590489,20.869953,16.440523,21.450255,20.660954,16.200001,21.115632,17.62773,15.770104,20.400396
2026-01-04 08:40:00,19.1,21.173176,21.174362,18.799999,14.9,12.227861,12.5,13.8,12.693219,10.0,16.75737,23.564512,25.0,25.0,25.0,25.0,25.0,25.0,25.0,25.0,25.0,25.0,25.0,25.0,25.0,14.009273,25.0,25.0,25.0,25.0,20.774999,18.923716,20.172,21.432,15.641666,21.020833,18.837087,20.580822,19.652416,19.521831,20.363786,16.439288,21.694619,20.654576,16.153358,21.031603,17.079002,15.584868,20.0
2026-01-04 08:50:00,19.051735,21.189747,21.188826,18.65,14.75,12.336861,12.515161,14.011906,12.448467,10.062325,17.148706,23.518915,25.0,25.0,25.0,25.0,25.0,25.0,25.0,25.0,25.0,25.0,25.0,25.0,25.0,13.935724,25.0,25.0,25.0,25.0,20.791826,18.983547,20.123539,21.410461,15.664982,21.006811,18.808908,20.631452,19.784369,19.390252,20.255535,16.534906,21.745029,20.583626,16.17668,21.159622,16.852289,15.44322,20.135771
2026-01-04 09:00:00,18.951687,21.236148,21.230201,18.5,14.6,12.5,12.530322,14.1,12.203716,10.124649,17.625988,23.473317,25.0,25.0,25.0,25.0,25.0,25.0,25.0,25.0,25.0,25.0,25.0,25.0,25.0,13.9,25.0,25.0,25.0,25.0,20.799999,19.096872,20.1,21.4,15.7,21.0,18.795221,20.700001,19.916321,19.299999,20.21713,16.630524,21.762788,20.429428,16.200001,21.401594,16.694147,15.35533,20.4149
2026-01-04 09:10:00,18.799999,21.4461,21.438958,18.5,14.640459,12.850739,12.373032,13.413487,13.064422,10.088652,18.562993,23.382123,25.0,25.0,25.0,25.0,25.0,25.0,25.0,25.0,25.0,25.0,25.0,25.0,25.0,14.236284,25.0,25.0,25.0,25.0,20.799999,19.596895,20.1,21.6,16.965635,21.327835,19.253989,21.260484,20.180226,19.494764,20.543932,16.368931,21.447187,20.1,16.155706,21.681427,16.547669,15.330572,20.827849
2026-01-04 09:20:00,18.799999,21.577727,21.569801,18.5,14.71971,12.674123,12.413854,12.96588,13.407852,10.081148,18.63148,23.336525,25.0,25.0,25.0,25.0,25.0,25.0,25.0,25.0,25.0,25.0,25.0,25.0,25.0,14.635255,25.0,25.0,25.0,25.0,20.828084,20.249662,20.160294,21.832849,18.665994,21.967745,19.531841,21.263812,20.312178,19.605025,20.531894,16.307255,21.411456,20.130219,16.146865,21.806385,16.673834,15.455769,21.657031
2026-01-04 09:30:00,18.799999,21.747736,21.741515,18.5,14.9,12.393637,12.523501,12.750773,13.5495,10.073311,18.65247,23.290928,25.0,25.0,25.0,25.0,25.0,25.0,25.0,25.0,25.0,25.0,25.0,25.0,25.0,15.187061,25.0,25.0,25.0,25.0,20.895731,21.100145,20.299999,22.200001,21.128142,22.549995,19.856836,21.266789,20.44413,19.734719,20.519856,16.284931,21.4,20.222926,16.14043,21.950137,16.799999,15.610787,23.00254
2026-01-04 09:40:00,18.847841,22.322788,22.356606,18.890982,16.2359,12.2,12.932843,12.828774,13.024767,10.027141,18.4,23.199733,25.0,25.0,25.0,25.0,25.0,25.0,25.0,25.0,25.0,25.0,25.0,25.0,25.0,16.277007,25.0,25.0,25.0,25.0,21.061407,22.403841,20.6,23.3,26.015878,22.760974,20.688028,21.299999,20.708035,20.1,21.292337,16.840046,21.537606,20.944167,16.12911,22.452046,16.5,15.651651,25.584311
2026-01-04 09:50:00,18.970805,22.559805,22.572229,19.112541,16.937152,12.354611,13.269826,12.821542,13.073223,10.143173,18.4,23.154135,25.0,25.0,25.0,25.0,25.0,25.0,25.0,25.0,25.0,25.0,25.0,25.0,25.0,16.866699,25.0,25.0,25.0,25.0,21.324318,23.018597,20.681182,23.823991,28.753715,22.801096,20.712421,21.327804,20.839988,20.461662,21.418414,17.844556,21.669564,21.272493,16.584342,22.917262,17.122844,15.923353,26.931994
2026-01-04 10:00:00,19.226001,22.780273,22.767996,19.369191,17.695849,12.509223,13.72303,12.81431,13.232017,10.434447,18.4,23.108538,25.0,25.0,25.0,25.0,25.0,25.0,25.0,25.0,25.0,25.0,25.0,25.0,25.0,17.497515,25.0,25.0,25.0,25.0,21.743889,23.73155,20.75,24.4,31.822511,22.849573,20.735772,21.378954,20.97194,20.88721,21.562824,19.454279,21.876758,21.578761,17.543738,23.436663,18.52467,16.561984,28.371354
2026-01-04 10:10:00,20.115033,23.21564,23.186448,20.057386,19.5,11.967466,14.960122,13.837934,15.52192,11.262626,18.912964,23.017343,25.0,25.0,25.0,25.0,25.0,25.0,25.0,25.0,25.0,25.0,25.0,25.0,25.0,18.902909,25.0,25.0,25.0,25.0,22.683746,26.124812,20.9,26.0,39.367366,24.1692,21.112143,22.014324,21.235845,21.54038,24.256261,22.700001,22.664679,22.134184,19.072576,24.179897,21.263624,18.621963,31.687276
2026-01-04 10:20:00,20.666385,24.648709,24.613495,20.28313,20.155408,12.338923,17.973062,14.996057,16.79998,11.843694,20.041092,22.971746,25.0,25.0,25.0,25.0,25.0,25.0,25.0,25.0,25.0,25.0,25.0,25.0,25.0,19.659975,25.0,25.0,25.0,25.0,22.625477,27.293519,20.980171,29.377029,39.94559,25.297094,21.92483,22.092647,21.367797,21.975723,25.436801,26.558336,23.098266,22.67232,20.284553,24.852246,22.265013,19.96746,33.753047
2026-01-04 10:30:00,21.358071,25.773809,25.742116,20.489081,20.531523,13.220721,22.453422,16.640329,18.025597,12.373275,21.73464,22.926148,25.0,25.0,25.0,25.0,25.0,25.0,25.0,25.0,25.0,25.0,25.0,25.0,25.0,20.479008,25.0,25.0,25.0,25.0,22.567208,28.553453,21.1,32.5,40.123539,26.340991,23.012981,22.175551,21.499749,22.470214,26.71902,30.299999,23.394223,23.413336,21.942159,25.672048,23.12685,21.470035,36.201263
2026-01-04 10:40:00,23.505763,25.301136,25.360177,20.962251,20.752642,15.274734,28.344258,20.315804,19.991615,12.96843,24.18576,22.834953,25.0,25.0,25.0,25.0,25.0,25.0,25.0,25.0,25.0,25.0,25.0,25.0,25.0,22.372681,25.0,25.0,25.0,25.0,22.737755,31.759564,22.200001,33.599998,39.205569,27.340959,24.192558,23.241509,21.763654,23.513564,30.48279,33.194531,23.587829,25.208737,26.948602,27.188372,24.661221,24.560132,42.507974
2026-01-04 10:50:00,23.838426,25.611777,25.716803,21.52332,21.348829,16.46227,30.54788,25.07375,20.714972,13.398304,25.768134,22.789356,25.0,25.0,25.0,25.0,25.0,25.0,25.0,25.0,25.0,25.0,25.0,25.0,25.0,23.18999,25.0,25.0,25.0,25.0,23.05912,32.400587,22.482666,30.449999,37.009056,27.778602,24.491685,24.395393,21.895606,24.483305,31.553679,36.911555,24.183448,26.283638,31.020572,28.430437,25.614605,25.711455,45.304105
2026-01-04 11:00:00,23.94987,26.361721,26.527659,21.952605,22.304906,17.972009,33.023949,27.961882,21.363193,13.612135,26.890668,22.743759,25.0,25.0,25.0,25.0,25.0,25.0,25.0,25.0,25.0,25.0,25.0,25.0,25.0,23.947741,25.0,25.0,25.0,25.0,23.47096,32.967128,22.799999,27.299999,35.263667,28.332068,24.836042,25.362963,22.027559,25.978364,32.541133,40.540931,25.138187,27.15126,35.441956,29.569746,26.659693,26.75122,47.309917
2026-01-04 11:10:00,23.34372,28.213241,28.164567,22.104155,23.746821,23.357321,42.911833,27.133051,22.643584,13.246579,27.579809,22.652564,25.0,25.0,25.0,25.0,25.0,25.0,25.0,25.0,25.0,25.0,25.0,25.0,25.0,25.368673,25.0,25.0,25.0,25.0,23.912294,34.726493,24.9,29.200001,35.083912,31.257241,27.544247,25.903288,22.291464,31.526825,35.191284,43.18524,26.467153,27.984128,42.157125,30.683153,28.812489,28.826071,49.188493
2026-01-04 11:20:00,23.31416,28.772394,28.734028,23.152262,23.750932,24.980768,44.535503,28.440608,22.490911,13.384205,28.29003,22.613003,25.0,25.0,25.0,25.0,25.0,25.0,25.0,25.0,25.0,25.0,25.0,25.0,25.0,26.344981,25.0,25.0,25.0,25.0,24.414984,35.880048,24.8,32.251783,39.548069,32.354863,28.357058,25.813225,22.423416,32.11609,36.449054,44.172342,26.653933,28.486344,44.370423,31.638664,29.138911,29.531558,47.920826
2026-01-04 11:30:00,23.305358,29.358092,29.345735,25.013562,23.754783,26.1036,45.315665,30.484957,22.338238,13.716048,29.102514,22.561369,25.0,25.0,25.0,25.0,25.0,25.0,25.0,25.0,25.0,25.0,25.0,25.0,25.0,27.419156,25.0,25.0,25.0,25.0,24.92103,37.177765,24.700001,36.0,45.528733,33.205946,29.321267,25.723161,22.555368,32.677095,37.735806,44.596103,26.799999,29.107962,46.173481,32.207392,29.422355,30.136114,46.421352
2026-01-04 11:40:00,23.644485,31.655108,31.593492,27.461967,23.830429,27.421017,45.801285,31.828729,22.469045,14.531785,30.216977,22.236523,25.0,25.0,25.0,25.0,25.0,25.0,25.0,25.0,25.0,25.0,25.0,25.0,25.0,29.429029,25.0,25.0,25.0,25.0,25.373251,39.890614,26.0,40.099998,47.799999,34.335245,36.179755,26.368056,22.819273,36.497263,40.627982,44.63292,27.18161,31.020321,49.19621,32.299067,30.423717,31.267155,46.118717
2026-01-04 11:50:00,24.33122,32.963575,32.901486,29.718362,23.880032,28.687407,46.227554,34.705545,22.967336,14.847335,31.311162,22.744673,25.0,25.0,25.0,25.0,25.0,25.0,25.0,25.0,25.0,25.0,25.0,25.0,25.0,30.208929,25.0,25.0,25.0,25.0,24.994238,39.630575,25.818877,39.949999,47.782836,35.490255,36.269361,26.821818,22.92688,36.863391,40.644802,45.297214,27.331817,32.774899,46.037991,32.452069,31.612779,31.874692,46.799029
2026-01-04 12:00:00,24.809713,34.448532,34.387781,32.429699,23.961117,29.932932,46.454248,36.8933,23.922007,15.217748,31.91596,23.340167,25.0,25.0,25.0,25.0,25.0,25.0,25.0,25.0,25.0,25.0,25.0,25.0,25.0,31.014638,25.0,25.0,25.0,25.0,24.615225,39.370536,25.5,39.799999,47.747499,36.724241,36.328005,27.41176,23.028187,36.978555,40.649548,46.028242,27.487366,33.722348,42.879771,32.760353,32.554912,32.494299,47.47934
2026-01-04 12:10:00,24.580577,38.166765,38.03483,37.159513,24.7777,31.174007,46.170146,37.081559,25.890511,16.908079,31.786921,23.453108,25.0,25.0,25.0,25.0,25.0,25.0,25.0,25.0,25.0,25.0,25.0,25.0,25.0,33.312726,25.0,25.0,25.0,25.0,24.885475,40.894808,25.200001,40.099998,47.694999,38.155385,36.476255,29.167406,23.237101,35.907082,33.967455,46.153433,27.927774,33.498575,46.382723,34.270771,32.937569,33.711184,45.390634
2026-01-04 12:20:00,25.173757,38.861803,38.824682,37.184719,25.203333,31.45785,46.365661,36.225564,27.190362,18.185084,32.093173,23.565658,25.0,25.0,25.0,25.0,25.0,25.0,25.0,25.0,25.0,25.0,25.0,25.0,25.0,34.034679,25.0,25.0,25.0,25.0,25.582264,42.102475,25.559616,40.099998,47.668749,39.281952,36.550379,30.341112,23.341558,40.696335,33.736088,46.820993,27.854564,35.356543,49.254677,34.488766,33.83433,34.587044,44.913895
2026-01-04 12:30:00,25.883159,39.102167,39.143628,37.209803,25.674387,31.701224,46.561175,35.369569,28.127381,19.61656,32.851907,23.724363,25.0,25.0,25.0,25.0,25.0,25.0,25.0,25.0,25.0,25.0,25.0,25.0,25.0,34.726483,25.0,25.0,25.0,25.0,26.099699,43.572064,26.299999,40.099998,47.642499,39.859035,36.624504,31.455882,23.446014,48.014567,33.668376,47.92354,27.634303,39.466074,50.74653,34.693375,34.48436,35.426056,44.742508
2026-01-04 12:40:00,26.036641,39.089205,39.208257,40.066122,26.882207,32.323331,46.187524,38.268238,28.71621,22.166636,34.906721,24.124359,25.0,25.0,25.0,25.0,25.0,25.0,25.0,25.0,25.0,25.0,25.0,25.0,25.0,36.642403,25.0,25.0,25.0,25.0,25.908048,46.688117,27.4,38.700001,47.589999,39.479071,36.772754,32.916692,23.654928,52.484338,41.282901,49.214595,26.137943,47.064651,44.743167,35.716689,34.288142,36.470325,45.105542
2026-01-04 12:50:00,26.985166,37.26814,37.38031,46.065138,27.223973,32.488566,46.307191,40.721931,29.261465,23.349148,34.963242,24.230447,25.0,25.0,25.0,25.0,25.0,25.0,25.0,25.0,25.0,25.0,25.0,25.0,25.0,37.619896,25.0,25.0,25.0,25.0,25.684343,48.000107,28.504309,39.623216,47.563749,40.316208,36.846879,33.920229,23.759385,52.376782,39.46989,49.065023,25.993997,42.60555,40.396583,36.709696,34.394986,37.511032,46.56936
2026-01-04 13:00:00,27.812339,34.198359,34.264094,50.982158,27.593066,32.66256,46.581026,42.921439,29.833187,24.492359,35.018696,24.319972,25.0,25.0,25.0,25.0,25.0,25.0,25.0,25.0,25.0,25.0,25.0,25.0,25.0,38.630907,25.0,25.0,25.0,25.0,25.55317,49.319234,30.1,40.900002,47.537499,41.567884,36.921004,35.131924,23.863842,52.022585,37.65688,48.91545,25.83892,36.627755,38.232708,37.613415,34.715821,38.089234,48.014151
2026-01-04 13:10:00,27.523717,31.614089,31.597411,51.902793,29.363823,33.468521,47.145446,44.876991,30.530364,26.736475,36.352099,24.515586,25.0,25.0,25.0,25.0,25.0,25.0,25.0,25.0,25.0,25.0,25.0,25.0,25.0,40.807237,25.0,25.0,25.0,25.0,26.555707,52.502686,34.400002,41.450001,47.484999,42.279576,37.069254,38.080237,24.072756,46.586712,45.492447,50.63921,21.85921,34.351471,41.439521,38.338775,36.86793,38.05202,48.347177
2026-01-04 13:20:00,27.287402,32.909466,32.997064,52.696143,30.268537,33.439591,47.055287,44.920267,31.828026,27.551046,36.112786,24.894934,25.0,25.0,25.0,25.0,25.0,25.0,25.0,25.0,25.0,25.0,25.0,25.0,25.0,41.769433,25.0,25.0,25.0,25.0,26.684146,50.976739,34.490327,41.820193,47.458749,43.62453,37.143378,38.591715,24.177213,46.067798,41.233938,50.687312,21.573915,35.367347,45.731911,38.549812,37.057672,39.570706,48.181782
2026-01-04 13:30:00,26.868651,35.710326,35.918557,53.115382,31.096965,33.410661,46.965128,44.962213,33.287117,28.237463,35.64095,25.437663,25.0,25.0,25.0,25.0,25.0,25.0,25.0,25.0,25.0,25.0,25.0,25.0,25.0,42.761707,25.0,25.0,25.0,25.0,26.725992,49.450793,34.550001,42.0,47.432499,45.33996,37.217503,39.11235,24.28167,45.904646,36.97543,50.701272,21.486617,36.383223,50.018579,38.81267,37.225051,41.52914,47.685151
2026-01-04 13:40:00,22.799079,40.53629,40.44104,52.695729,32.379897,34.504546,47.400824,45.890359,34.398789,29.4,35.023936,26.196668,25.0,25.0,25.0,25.0,25.0,25.0,25.0,25.0,25.0,25.0,25.0,25.0,25.0,45.217916,25.0,25.0,25.0,25.0,26.659344,49.624562,34.700001,38.400002,47.379999,47.151322,37.365753,42.406768,24.490583,47.918694,51.831962,49.539168,21.86734,35.810588,53.209184,41.616703,38.089053,42.159468,44.354853
2026-01-04 13:50:00,22.758755,43.747511,43.618749,52.818473,32.866368,33.544207,47.235345,45.764851,35.691004,30.406375,35.281712,26.874553,25.0,25.0,25.0,25.0,25.0,25.0,25.0,25.0,25.0,25.0,25.0,25.0,25.0,46.118797,25.0,25.0,25.0,25.0,27.017063,49.992114,34.143182,41.150002,47.353749,47.188283,37.439878,43.682114,24.59504,46.872695,52.542494,49.926471,22.17801,35.851588,52.590784,40.345194,39.457052,42.631456,46.399603
2026-01-04 14:00:00,22.747318,47.256627,47.134213,53.196239,33.398111,32.583867,46.852851,45.639342,36.875912,31.058669,35.548865,27.237219,25.0,25.0,25.0,25.0,25.0,25.0,25.0,25.0,25.0,25.0,25.0,25.0,25.0,46.96993,25.0,25.0,25.0,25.0,27.666432,50.684862,33.299999,43.900002,47.327499,47.224936,37.514003,44.203669,24.699497,45.826696,52.753833,50.313773,22.541178,35.991995,51.779935,39.073685,40.343059,42.869133,48.587865
2026-01-04 14:10:00,23.237157,53.922804,53.65513,56.204846,35.281815,33.127001,46.03807,46.634955,37.676778,31.240332,35.559626,27.14979,25.0,25.0,25.0,25.0,25.0,25.0,25.0,25.0,25.0,25.0,25.0,25.0,25.0,48.926554,25.0,25.0,25.0,25.0,28.334361,52.705039,32.799999,38.700001,47.274999,48.607762,37.662253,41.569531,24.908411,47.820555,39.450294,47.390312,23.209108,40.269432,51.498807,39.759544,36.655766,42.854769,48.75755
2026-01-04 14:20:00,24.212994,53.70067,53.466101,55.675552,35.717159,33.516336,46.420627,45.638286,37.985928,31.88628,35.35484,27.015863,25.0,25.0,25.0,25.0,25.0,25.0,25.0,25.0,25.0,25.0,25.0,25.0,25.0,51.242333,25.0,25.0,25.0,25.0,28.703752,52.740421,33.6,41.300001,47.248749,49.174654,37.736377,43.274339,24.95027,47.995029,40.676571,43.962689,23.461847,44.130075,50.646633,39.219799,36.658929,42.555512,47.436893
2026-01-04 14:30:00,25.393283,53.044348,52.89289,55.146257,36.166401,33.709504,46.803185,43.900644,38.285174,33.05647,35.150054,26.930017,25.0,25.0,25.0,25.0,25.0,25.0,25.0,25.0,25.0,25.0,25.0,25.0,25.0,53.27899,25.0,25.0,25.0,25.0,28.871954,52.750556,34.400002,43.900002,47.222499,49.410284,37.810502,46.332868,24.983628,48.049396,43.78583,41.949824,23.768032,47.077283,49.989385,38.680053,36.670182,42.268695,46.116237
2026-01-04 14:40:00,26.431502,49.067518,48.787155,57.576361,38.392141,33.354542,45.836166,42.311988,38.988629,35.175007,35.439983,27.27437,25.0,25.0,25.0,25.0,25.0,25.0,25.0,25.0,25.0,25.0,25.0,25.0,25.0,54.469123,25.0,25.0,25.0,25.0,28.175799,52.380946,32.5,43.299999,47.169999,47.513634,37.958752,49.37298,25.058845,46.270069,52.966709,48.282319,25.433214,48.594006,52.369683,39.132874,40.509115,44.95854,47.955661
2026-01-04 14:50:00,26.572902,47.514844,47.33183,58.126989,38.047757,32.888941,45.929548,42.037336,38.984873,36.574206,35.497494,27.365295,25.0,25.0,25.0,25.0,25.0,25.0,25.0,25.0,25.0,25.0,25.0,25.0,25.0,56.365544,25.0,25.0,25.0,25.0,28.530483,51.845527,30.922794,41.750818,47.143749,48.902241,38.032877,50.623586,25.096454,49.449093,48.215226,50.593581,26.888977,49.098538,50.968884,38.325168,39.688363,45.418237,50.433029
2026-01-04 15:00:00,26.72038,46.296285,46.217888,58.63548,37.703374,32.605082,46.087152,41.943651,38.981116,37.348229,35.551338,27.477879,25.0,25.0,25.0,25.0,25.0,25.0,25.0,25.0,25.0,25.0,25.0,25.0,25.0,57.596234,25.0,25.0,25.0,25.0,28.979878,51.50838,30.1,40.599998,47.117499,50.616785,38.107002,52.033173,25.134062,52.628116,43.463744,51.523537,28.753536,49.296595,48.568152,37.517462,38.867612,45.818805,51.956561
2026-01-04 15:10:00,28.170218,44.682896,44.719896,60.297714,40.032425,32.915209,46.218061,43.80853,39.47274,37.495663,35.757769,28.929971,25.0,25.0,25.0,25.0,25.0,25.0,25.0,25.0,25.0,25.0,25.0,25.0,25.0,55.404329,25.0,25.0,25.0,25.0,29.112986,51.963784,31.700001,50.099998,47.064999,51.062088,38.255252,57.093692,25.209279,49.947915,53.885076,47.983002,32.855805,43.211739,46.481239,38.549384,43.112454,47.142971,49.264563
2026-01-04 15:20:00,28.440791,45.270601,45.195319,59.08999,39.462152,33.743115,45.653537,44.173234,39.97116,37.993653,35.630564,29.428749,25.0,25.0,25.0,25.0,25.0,25.0,25.0,25.0,25.0,25.0,25.0,25.0,25.0,58.079842,25.0,25.0,25.0,25.0,29.040504,52.687437,31.3,46.701922,47.038749,50.175906,38.329376,52.91245,25.246888,52.08832,47.595486,47.819688,33.341436,42.635816,45.641919,39.764873,41.053652,46.155176,48.053464
2026-01-04 15:30:00,28.539246,46.431074,46.193577,57.882267,38.891878,34.363144,44.64904,44.515967,40.526207,38.736143,35.299999,29.866387,25.0,25.0,25.0,25.0,25.0,25.0,25.0,25.0,25.0,25.0,25.0,25.0,25.0,60.755354,25.0,25.0,25.0,25.0,28.968023,53.156649,30.9,42.5,47.012499,49.289723,38.403501,46.741154,25.284497,54.228724,41.305895,47.661838,33.498018,42.454905,45.294959,40.479781,38.994849,44.442669,47.536173
2026-01-04 15:40:00,28.547259,47.955289,47.766725,62.394669,40.850631,33.534453,43.674223,45.864861,41.248251,39.543679,34.225259,30.732173,25.0,25.0,25.0,25.0,25.0,25.0,25.0,25.0,25.0,25.0,25.0,25.0,25.0,59.569669,25.0,25.0,25.0,25.0,29.811978,43.486069,33.299999,41.400002,46.959999,50.652005,38.551751,43.382042,25.359714,46.292007,42.150858,45.470047,32.319067,50.70889,45.375884,40.329651,41.992822,42.902659,47.705519
2026-01-04 15:50:00,28.474706,47.806293,47.679901,61.193991,41.396705,33.539507,43.861247,46.488396,41.638167,39.193183,34.283585,30.716087,25.0,25.0,25.0,25.0,25.0,25.0,25.0,25.0,25.0,25.0,25.0,25.0,25.0,57.061559,25.0,25.0,25.0,25.0,29.598895,41.571394,35.383699,42.249772,46.933749,45.733185,38.651535,43.544902,25.397322,43.510255,44.120233,42.647078,32.81446,50.132559,41.690878,41.168286,41.569285,44.949593,52.564645
2026-01-04 16:00:00,28.402154,47.330555,47.392113,58.068212,41.815832,33.550115,44.280615,47.12121,42.126649,38.842687,34.436022,30.700001,25.0,25.0,25.0,25.0,25.0,25.0,25.0,25.0,25.0,25.0,25.0,25.0,25.0,53.679069,25.0,25.0,25.0,25.0,29.385812,40.902175,37.700001,44.400002,46.907499,40.814365,38.700001,43.707762,25.434931,42.403145,45.545729,40.936371,33.852973,49.556228,38.005872,42.704653,40.959383,46.996527,57.275556
2026-01-04 16:10:00,29.681701,42.159474,42.568408,47.831759,42.498062,33.566813,45.090308,48.549095,43.939557,39.727692,34.943184,30.781856,25.0,25.0,25.0,25.0,25.0,25.0,25.0,25.0,25.0,25.0,25.0,25.0,25.0,49.885483,25.0,25.0,25.0,25.0,30.142985,44.053649,41.200001,50.700001,46.854999,50.49363,32.40256,35.756882,25.510148,45.237924,40.546507,43.748187,35.481627,54.684094,39.35103,44.327482,40.654598,44.790981,53.238865
2026-01-04 16:20:00,30.095399,44.203737,44.508367,42.07098,41.607011,34.208685,45.429868,50.466372,44.561967,39.481954,34.837719,30.792791,25.0,25.0,25.0,25.0,25.0,25.0,25.0,25.0,25.0,25.0,25.0,25.0,25.0,53.340231,25.0,25.0,25.0,25.0,30.025966,44.337983,39.277645,47.550001,46.828749,50.637146,29.218441,36.187232,25.547756,45.292215,43.984284,43.696461,35.710134,53.660212,42.425548,43.300585,40.64864,44.551514,53.942413
2026-01-04 16:30:00,30.256612,46.248,46.448325,39.433075,40.715961,35.065542,45.900002,51.644287,44.968101,38.847281,34.600875,30.805014,25.0,25.0,25.0,25.0,25.0,25.0,25.0,25.0,25.0,25.0,25.0,25.0,25.0,56.794979,25.0,25.0,25.0,25.0,29.908947,44.643288,36.299999,44.400002,46.802499,50.678112,26.41433,37.47436,25.585365,45.346742,47.422062,43.644736,35.785544,52.63633,44.639601,42.273688,40.646929,44.475121,55.862296
2026-01-04 16:40:00,29.805637,45.525597,45.593444,50.608051,41.744189,35.416452,50.561758,50.425937,45.336669,36.833891,34.141375,31.072652,25.0,25.0,25.0,25.0,25.0,25.0,25.0,25.0,25.0,25.0,25.0,25.0,25.0,56.355222,25.0,25.0,25.0,25.0,30.709533,53.162332,34.400002,45.799999,46.749999,43.862101,22.4495,45.888374,25.660582,48.753471,39.759663,47.26118,35.653006,56.633517,42.63209,46.765068,42.427077,48.210376,63.552265
2026-01-04 16:50:00,28.915279,45.839587,45.849471,50.176253,40.885875,35.36604,50.905258,49.134667,45.132832,34.919937,34.107887,31.000786,25.0,25.0,25.0,25.0,25.0,25.0,25.0,25.0,25.0,25.0,25.0,25.0,25.0,55.46447,25.0,25.0,25.0,25.0,30.704767,51.483061,35.900002,45.571153,46.723749,44.779303,22.381657,49.886956,25.698191,44.767153,42.888625,46.690074,36.778731,52.165763,46.739331,46.234342,42.388257,45.875942,58.844573
2026-01-04 17:00:00,28.299342,46.530334,46.463613,49.744456,39.249543,35.214665,51.01061,48.401951,44.928994,33.873718,34.089153,30.854856,25.0,25.0,25.0,25.0,25.0,25.0,25.0,25.0,25.0,25.0,25.0,25.0,25.0,53.898241,25.0,25.0,25.0,25.0,30.700001,49.803791,37.400002,45.1,46.697499,46.964687,22.337042,51.623325,25.735799,40.780836,46.017587,46.118969,37.904456,46.120441,50.846572,44.909431,42.300998,43.541507,53.342258
2026-01-04 17:10:00,28.602829,47.786059,47.946326,53.518008,37.309346,34.199504,48.511346,49.312907,45.91476,33.980451,34.064394,30.646761,25.0,25.0,25.0,25.0,25.0,25.0,25.0,25.0,25.0,25.0,25.0,25.0,25.0,50.113521,25.0,25.0,25.0,25.0,30.768856,56.096105,37.0,44.400002,46.644999,52.119905,22.224584,49.901945,25.811016,44.467476,38.372294,51.847487,36.959739,43.729851,43.841984,41.219394,42.131201,47.582651,52.317568
2026-01-04 17:20:00,29.563443,46.852782,46.988889,52.565201,39.703153,35.062418,47.629487,49.296148,45.787028,34.851775,33.897571,29.631695,25.0,25.0,25.0,25.0,25.0,25.0,25.0,25.0,25.0,25.0,25.0,25.0,25.0,51.255331,25.0,25.0,25.0,25.0,30.995991,52.015005,36.839592,46.450001,46.618749,52.460377,22.168354,48.273156,25.848625,43.911666,41.301945,52.393419,37.201514,44.211249,45.174069,42.787676,41.515056,47.223842,51.96919
2026-01-04 17:30:00,30.311368,44.444854,44.527424,51.612395,42.09696,35.925333,46.700001,49.279389,45.659296,36.590542,33.485315,28.775623,25.0,25.0,25.0,25.0,25.0,25.0,25.0,25.0,25.0,25.0,25.0,25.0,25.0,52.397141,25.0,25.0,25.0,25.0,31.438375,47.933905,36.599998,48.5,46.592499,52.759158,22.112125,46.327415,25.886233,42.724852,44.231595,52.565035,37.807042,45.483387,48.055952,44.355958,40.141803,46.633721,51.831651
2026-01-04 17:40:00,27.615656,36.837063,36.859095,53.353982,41.164835,35.90538,43.560219,50.452633,46.228757,39.650145,31.863911,30.327903,25.0,25.0,25.0,25.0,25.0,25.0,25.0,25.0,25.0,25.0,25.0,25.0,25.0,51.16011,25.0,25.0,25.0,25.0,32.477155,54.189152,29.200001,47.700001,46.539999,54.486309,21.999667,43.074707,25.961451,40.756901,43.388678,49.062327,39.513937,49.913409,53.030314,35.03055,35.268476,46.18015,53.267237
2026-01-04 17:50:00,27.351086,36.952338,36.912544,49.051304,38.097056,35.55843,41.990328,49.534279,47.099559,39.892322,31.690568,30.885976,25.0,25.0,25.0,25.0,25.0,25.0,25.0,25.0,25.0,25.0,25.0,25.0,25.0,50.290271,25.0,25.0,25.0,25.0,32.690594,55.006378,29.848955,50.4,46.513749,54.409064,21.943438,42.388244,25.802699,39.723094,43.940212,50.518799,39.990835,49.649888,52.555803,41.021425,38.368029,45.380688,54.42582
2026-01-04 18:00:00,27.267653,37.304507,37.086327,44.748626,35.688622,35.22863,40.420437,48.247428,47.657423,39.967069,31.553532,31.442425,25.0,25.0,25.0,25.0,25.0,25.0,25.0,25.0,25.0,25.0,25.0,25.0,25.0,49.238316,25.0,25.0,25.0,25.0,32.823901,55.27335,31.700001,53.099998,46.487499,54.140466,21.887209,42.145341,25.475856,39.259988,44.491745,52.319504,40.17013,49.386367,52.081292,47.249485,41.467583,44.373134,55.024402
2026-01-04 18:10:00,27.736907,39.961911,39.369711,45.249929,36.669152,36.004328,37.280655,47.664949,46.461811,37.828816,31.131316,32.97605,25.0,25.0,25.0,25.0,25.0,25.0,25.0,25.0,25.0,25.0,25.0,25.0,25.0,46.734188,25.0,25.0,25.0,25.0,32.978626,52.654406,40.900002,51.799999,46.434999,41.150324,21.77475,45.008509,24.990262,40.417738,44.199853,52.790475,37.491093,49.670971,54.827736,47.522443,41.398049,43.282557,48.285626
2026-01-04 18:20:00,27.884193,36.572741,35.969337,41.187758,38.008131,35.659333,35.16734,48.210007,42.717121,37.531177,30.659219,34.079548,25.0,25.0,25.0,25.0,25.0,25.0,25.0,25.0,25.0,25.0,25.0,25.0,25.0,45.235303,25.0,25.0,25.0,25.0,33.161571,52.687503,42.873308,58.050001,46.408749,41.713894,21.718521,45.703036,24.747465,44.021748,38.604775,46.74265,36.18127,49.674226,48.702155,42.566971,40.11276,42.498189,49.961908
2026-01-04 18:30:00,27.941158,30.575416,30.099738,37.125588,38.835308,35.314338,34.140872,48.755066,39.808193,37.433067,30.386397,34.627747,25.0,25.0,25.0,25.0,25.0,25.0,25.0,25.0,25.0,25.0,25.0,25.0,25.0,44.535066,25.0,25.0,25.0,25.0,33.269311,52.720599,44.700001,64.300003,46.382499,42.755395,21.662292,45.955956,24.504668,47.538529,33.261643,40.694825,35.607513,49.675152,38.733893,37.492431,38.755168,42.108585,51.714238
2026-01-04 18:40:00,27.186641,24.848501,24.888326,41.696475,36.272389,36.618689,44.747967,47.295577,42.907681,37.793461,30.752777,34.019566,25.0,25.0,25.0,25.0,25.0,25.0,25.0,25.0,25.0,25.0,25.0,25.0,25.0,46.818672,25.0,25.0,25.0,25.0,32.960389,50.232934,51.0,61.299999,46.329999,43.883714,21.549834,38.457584,24.019073,48.546484,40.081097,48.066071,36.93128,42.350408,31.315199,37.35728,38.593733,42.620371,51.802203
2026-01-04 18:50:00,27.812393,25.018788,25.044493,42.454471,37.21594,36.754816,48.695048,47.023502,42.500816,37.515528,32.115285,33.272923,25.0,25.0,25.0,25.0,25.0,25.0,25.0,25.0,25.0,25.0,25.0,25.0,25.0,46.131504,25.0,25.0,25.0,25.0,32.779676,48.240131,49.616379,52.777271,46.303749,49.504429,21.493605,38.719521,23.776276,48.531464,39.002888,49.594611,39.883555,41.41225,28.16537,37.756502,37.956621,42.263877,48.408077
2026-01-04 19:00:00,28.438145,25.52755,25.515183,42.711221,38.159491,36.798042,50.291616,46.733644,41.801187,36.835817,33.806353,32.627389,25.0,25.0,25.0,25.0,25.0,25.0,25.0,25.0,25.0,25.0,25.0,25.0,25.0,44.664976,25.0,25.0,25.0,25.0,32.695883,45.578096,48.0,46.299999,46.277499,54.26015,21.437375,39.260454,23.533479,48.478776,37.924679,50.657955,41.995765,41.106603,26.842789,38.403077,36.74979,41.407795,43.572934
2026-01-04 19:10:00,27.542717,28.830661,28.750864,41.517947,38.083861,36.395122,47.507442,44.534362,41.186993,35.079185,34.844616,32.285147,25.0,25.0,25.0,25.0,25.0,25.0,25.0,25.0,25.0,25.0,25.0,25.0,25.0,42.237107,25.0,25.0,25.0,25.0,32.747319,38.224172,47.700001,56.099998,46.224999,53.426654,21.324917,40.071478,23.047885,44.678387,39.722177,52.282772,38.564607,45.59603,30.063962,38.877329,34.387127,39.333012,41.248058
2026-01-04 19:20:00,27.807362,28.760155,28.674474,40.176135,37.953388,35.414251,44.003374,43.276115,40.802923,32.813018,34.689431,31.793237,25.0,25.0,25.0,25.0,25.0,25.0,25.0,25.0,25.0,25.0,25.0,25.0,25.0,40.423512,25.0,25.0,25.0,25.0,32.735816,37.467144,47.700001,56.332792,46.198749,53.12736,21.268688,41.449218,22.805088,43.599933,38.886794,50.982097,35.070771,45.434586,30.959195,38.645442,33.683684,38.679184,39.483953
2026-01-04 19:30:00,28.116559,28.556031,28.461114,38.746884,37.655885,34.047731,38.914331,41.835888,40.331874,30.389896,34.243085,31.270513,25.0,25.0,25.0,25.0,25.0,25.0,25.0,25.0,25.0,25.0,25.0,25.0,25.0,39.021704,25.0,25.0,25.0,25.0,32.697612,37.227137,47.700001,56.400002,46.172499,52.713077,21.212459,42.361077,22.562291,43.069715,36.861276,47.629172,33.115241,45.066769,31.29535,38.009697,33.045719,37.968114,38.591577
2026-01-04 19:40:00,28.173989,27.456633,27.507607,37.24745,34.803895,32.53575,28.043725,38.15356,38.987513,28.140247,31.923984,30.839752,25.0,25.0,25.0,25.0,25.0,25.0,25.0,25.0,25.0,25.0,25.0,25.0,25.0,38.07838,25.0,25.0,25.0,25.0,32.038813,37.549693,40.900002,55.599998,46.119999,45.975931,21.1,40.054569,22.076696,42.841605,31.7839,37.072101,33.200001,44.319371,31.069262,35.408262,31.479716,34.886446,40.016717
2026-01-04 19:50:00,27.584438,26.287743,26.388202,36.399924,33.017662,31.688363,24.375027,36.386989,40.404364,26.501968,31.105529,30.183824,25.0,25.0,25.0,25.0,25.0,25.0,25.0,25.0,25.0,25.0,25.0,25.0,25.0,37.746146,25.0,25.0,25.0,25.0,32.307174,37.234104,36.152075,52.054302,46.093749,44.90645,21.42729,39.431948,21.833899,42.4469,31.181993,38.549371,32.939877,39.812846,30.743306,34.787251,31.460171,34.171422,39.815476
2026-01-04 20:00:00,26.868934,25.261515,25.324328,35.565296,31.03471,30.690074,21.919768,34.580357,41.821216,24.996699,30.320913,29.230161,25.0,25.0,25.0,25.0,25.0,25.0,25.0,25.0,25.0,25.0,25.0,25.0,25.0,37.333194,25.0,25.0,25.0,25.0,32.575535,36.463657,32.400002,47.900002,46.067499,44.113172,22.200183,38.718655,21.591102,41.698578,30.758217,40.02664,32.443311,35.473361,30.18452,34.199223,31.44048,33.537837,39.24257
2026-01-04 20:10:00,26.700001,24.587858,24.536177,34.147531,26.838899,27.83008,19.5,30.568287,32.117049,23.332569,28.369208,27.527059,25.0,25.0,25.0,25.0,25.0,25.0,25.0,25.0,25.0,25.0,25.0,25.0,25.0,34.423159,25.0,25.0,25.0,25.0,31.586352,34.484985,29.5,46.0,46.014999,42.444359,23.968753,33.800101,21.105508,38.978151,29.876042,39.801476,31.852277,34.956354,28.452018,32.192893,28.660356,31.764107,36.423666
2026-01-04 20:20:00,26.462359,23.87454,23.838162,33.127948,26.244355,26.447627,18.439114,28.846213,29.393402,21.550719,27.238943,27.088625,25.0,25.0,25.0,25.0,25.0,25.0,25.0,25.0,25.0,25.0,25.0,25.0,25.0,33.44004,25.0,25.0,25.0,25.0,31.253586,30.910907,28.855994,44.824145,45.988749,39.746918,23.921619,34.425045,20.862711,39.439711,30.027276,38.930902,31.675663,35.74881,26.842414,31.324388,28.400237,30.608079,35.341048
2026-01-04 20:30:00,26.095864,23.017419,23.035056,31.999938,25.773091,25.160391,17.570367,27.269323,27.167027,19.74199,26.232819,26.664146,25.0,25.0,25.0,25.0,25.0,25.0,25.0,25.0,25.0,25.0,25.0,25.0,25.0,32.518704,25.0,25.0,25.0,25.0,30.898552,28.438032,28.4,43.599998,45.962499,36.619381,23.767581,35.049988,20.619914,39.901272,30.178509,37.05835,31.494101,36.541267,25.526568,30.643588,28.207976,29.510869,34.316795
2026-01-04 20:40:00,25.262154,21.71746,21.734107,29.957491,24.495113,22.965283,16.409981,24.394942,22.900508,17.985127,24.947515,25.200468,25.0,25.0,25.0,25.0,25.0,25.0,25.0,25.0,25.0,25.0,25.0,25.0,25.0,30.28828,25.0,25.0,25.0,25.0,29.576498,28.361341,27.7,41.4,45.909999,33.693518,21.618839,35.035545,20.134319,35.047166,28.909134,31.463161,30.823058,34.885731,24.712698,29.82174,27.703106,28.039121,32.051886
2026-01-04 20:50:00,24.91883,21.406189,21.403106,28.610367,23.775103,21.554063,16.165987,23.55096,21.876396,17.52211,24.467986,24.360647,25.0,25.0,25.0,25.0,25.0,25.0,25.0,25.0,25.0,25.0,25.0,25.0,25.0,28.992801,25.0,25.0,25.0,25.0,28.736673,28.322996,27.376148,40.395591,45.883749,32.806056,20.488253,34.979812,20.0919,31.745826,28.025652,30.900882,30.793235,34.080639,24.486597,29.357416,26.951317,26.933418,30.785549
2026-01-04 21:00:00,24.514139,21.232063,21.225047,27.251653,23.0599,20.625677,15.957727,22.894927,21.146285,17.340085,24.140409,23.547016,25.0,25.0,25.0,25.0,25.0,25.0,25.0,25.0,25.0,25.0,25.0,25.0,25.0,27.687586,25.0,25.0,25.0,25.0,28.04274,28.284651,27.0,39.200001,45.857499,31.943361,19.981539,34.81548,20.0617,29.043043,27.145884,30.367842,30.76242,33.268608,24.275644,28.876407,26.004065,25.692104,29.819414
2026-01-04 21:10:00,22.791256,21.096724,21.107742,25.145363,21.812876,20.180721,15.4,21.83219,20.060315,17.323757,23.82668,22.242431,25.0,25.0,25.0,25.0,25.0,25.0,25.0,25.0,25.0,25.0,25.0,25.0,25.0,25.39532,25.0,25.0,25.0,25.0,27.374998,28.20796,25.700001,34.599998,45.804999,29.357662,20.985631,29.980898,19.98908,26.676317,25.895468,26.677291,29.245716,31.558313,23.67583,27.939974,24.822091,23.458962,28.965201
2026-01-04 21:20:00,22.551797,21.115726,21.12183,24.471284,21.260441,19.884685,15.298974,21.722992,19.504267,16.935572,23.561685,22.000209,25.0,25.0,25.0,25.0,25.0,25.0,25.0,25.0,25.0,25.0,25.0,25.0,25.0,24.521906,25.0,25.0,25.0,25.0,27.062287,28.169614,25.114029,32.260687,45.778749,28.506425,20.804696,27.833275,19.95277,25.873342,25.311695,25.289778,28.281429,30.536496,23.188052,27.237048,24.482949,22.837583,28.552389
2026-01-04 21:30:00,22.395785,21.134729,21.135918,23.94931,20.907858,19.533694,15.2,21.688379,19.221526,16.237506,23.299999,21.787033,25.0,25.0,25.0,25.0,25.0,25.0,25.0,25.0,25.0,25.0,25.0,25.0,25.0,23.811522,25.0,25.0,25.0,25.0,26.74574,28.131269,24.6,30.200001,45.752499,27.794798,20.311576,26.423271,19.916461,25.218133,24.721725,24.220332,27.255564,29.489595,22.625459,26.648058,24.140402,22.29845,28.174326
2026-01-04 21:40:00,22.149192,21.088787,21.092281,23.165099,20.670749,18.694296,14.704134,21.688379,19.16639,15.469955,23.0,21.098561,25.0,25.0,25.0,25.0,25.0,25.0,25.0,25.0,25.0,25.0,25.0,25.0,25.0,22.758698,25.0,25.0,25.0,25.0,26.046042,28.054578,23.799999,27.299999,45.699999,26.515699,18.3478,25.394247,19.843841,24.140355,23.419621,22.82525,25.35499,27.621006,21.62385,26.152754,22.902676,21.069562,27.557003
2026-01-04 21:50:00,22.323636,21.004822,21.006698,22.814253,20.572484,18.096127,14.650438,21.688379,19.098093,15.492558,22.943209,20.848809,25.0,25.0,25.0,25.0,25.0,25.0,25.0,25.0,25.0,25.0,25.0,25.0,25.0,22.243227,25.0,25.0,25.0,25.0,25.794659,28.016233,23.399999,26.485576,45.673749,25.754602,18.404397,24.488972,19.807531,23.207197,22.903715,22.355159,24.50257,26.671774,21.0995,25.963078,22.309325,20.567712,27.424419
2026-01-04 22:00:00,22.540917,20.94802,20.947606,22.591673,20.462858,17.643251,14.6,21.688379,19.000698,15.51516,22.923524,20.748485,25.0,25.0,25.0,25.0,25.0,25.0,25.0,25.0,25.0,25.0,25.0,25.0,25.0,22.017332,25.0,25.0,25.0,25.0,25.6,27.977887,23.0,25.9,45.647499,25.081609,18.460994,23.694651,19.771221,22.39213,22.534057,22.070907,23.87101,25.879542,20.65673,25.766589,21.849538,20.247398,27.295894
2026-01-04 22:10:00,22.6,21.005131,20.99664,22.446226,20.086927,17.340852,14.285933,21.688379,18.799999,15.492471,23.299999,20.790814,25.0,25.0,25.0,25.0,25.0,25.0,25.0,25.0,25.0,25.0,25.0,25.0,25.0,23.271473,25.0,25.0,25.0,25.0,25.333224,27.901197,22.200001,25.1,45.595,24.25834,17.991643,23.054581,19.698602,21.732371,22.152408,21.859644,23.233233,24.907941,20.112732,25.193307,21.358307,20.013711,26.769711
2026-01-04 22:20:00,22.755588,20.948656,20.941657,22.255088,20.022102,16.931534,14.321483,21.688379,18.475239,15.438903,23.184496,21.061579,25.0,25.0,25.0,25.0,25.0,25.0,25.0,25.0,25.0,25.0,25.0,25.0,25.0,24.313567,25.0,25.0,25.0,25.0,25.218759,27.862851,21.483614,24.881645,45.56875,24.026803,18.095822,22.698692,19.662292,21.649396,21.888547,21.830711,22.944076,24.584395,19.876352,25.248854,21.028997,19.842979,26.422001
2026-01-04 22:30:00,22.9,20.832811,20.829995,21.949492,20.0,16.485468,14.357032,21.688379,18.073494,15.4,22.970141,21.298731,25.0,25.0,25.0,25.0,25.0,25.0,25.0,25.0,25.0,25.0,25.0,25.0,25.0,24.857389,25.0,25.0,25.0,25.0,25.072705,27.824506,21.1,24.799999,45.5425,23.83642,18.200001,22.393519,19.625982,21.62243,21.759225,21.799999,22.777387,24.315052,19.685124,25.304402,20.757619,19.659442,25.970932
2026-01-04 22:40:00,22.939325,20.662574,20.670691,21.115735,20.0,16.069389,14.215363,21.688379,17.628589,15.466766,22.735063,21.008627,25.0,25.0,25.0,25.0,25.0,25.0,25.0,25.0,25.0,25.0,25.0,25.0,25.0,24.147572,25.0,25.0,25.0,25.0,24.239402,27.747815,21.1,24.799999,45.49,23.466231,17.70751,22.025168,19.553363,22.463188,22.671078,21.452923,22.700001,23.840776,19.4356,24.82223,20.512138,19.356505,24.526283
2026-01-04 22:50:00,22.958988,20.757041,20.766659,20.821789,19.917459,15.944574,14.035237,21.688379,16.983046,15.339623,22.623055,20.563446,25.0,25.0,25.0,25.0,25.0,25.0,25.0,25.0,25.0,25.0,25.0,25.0,25.0,24.017713,25.0,25.0,25.0,25.0,23.900642,27.70947,21.400001,24.828571,45.46375,23.412613,17.534046,21.763872,19.520731,22.491672,22.723349,21.287051,22.783764,23.692998,19.14319,24.444862,20.367328,19.236888,24.080842
2026-01-04 23:00:00,22.978651,20.851508,20.862627,20.548792,19.760616,15.793421,13.864177,21.688379,16.576343,15.152724,22.5,20.277932,25.0,25.0,25.0,25.0,25.0,25.0,25.0,25.0,25.0,25.0,25.0,25.0,25.0,23.966801,25.0,25.0,25.0,25.0,23.721309,27.671124,21.700001,24.9,45.4375,23.356698,17.351376,21.457932,19.489133,22.5,22.739076,21.117948,22.954391,23.635947,18.906357,24.100591,20.299999,19.115821,23.799999
2026-01-04 23:10:00,23.017977,20.438131,20.440634,19.929501,19.576421,14.568086,13.747864,21.688379,16.830593,15.052384,22.158923,20.320712,25.0,25.0,25.0,25.0,25.0,25.0,25.0,25.0,25.0,25.0,25.0,25.0,25.0,23.956132,25.0,25.0,25.0,25.0,23.653525,27.594434,21.4,25.1,45.385,22.848896,16.735051,20.801029,19.424904,22.071164,22.162921,20.744306,23.200001,23.799999,18.799999,23.753125,20.383514,18.797761,23.546859
2026-01-04 23:20:00,23.03764,20.396364,20.392892,19.699878,19.750304,14.687853,13.625853,21.688379,16.568993,14.877162,22.008392,20.312287,25.0,25.0,25.0,25.0,25.0,25.0,25.0,25.0,25.0,25.0,25.0,25.0,25.0,23.823368,25.0,25.0,25.0,25.0,23.41542,27.556088,21.024999,25.1,45.35875,22.703392,16.561263,20.724592,19.413831,21.586312,21.976123,20.742196,22.984227,24.538013,18.866695,23.431948,20.442359,18.459898,23.367971
2026-01-04 23:30:00,23.057303,20.383151,20.377586,19.476055,20.057556,14.92293,13.5,21.688379,16.307393,14.594998,21.944462,20.284028,25.0,25.0,25.0,25.0,25.0,25.0,25.0,25.0,25.0,25.0,25.0,25.0,25.0,23.554476,25.0,25.0,25.0,25.0,23.225976,27.517743,20.799999,25.1,45.3325,22.6,16.495784,20.700001,19.405237,21.027989,21.867604,20.740091,22.541961,25.152378,18.985259,23.141418,20.471386,18.268032,23.221727
2026-01-04 23:40:00,23.096629,20.618684,20.617079,18.917722,20.349727,15.226328,13.369942,21.688379,16.4,14.0,22.040443,19.716705,25.0,25.0,25.0,25.0,25.0,25.0,25.0,25.0,25.0,25.0,25.0,25.0,25.0,23.101769,25.0,25.0,25.0,25.0,23.238205,27.441052,21.1,24.9,45.28,22.464953,16.683058,20.893049,19.385569,20.316057,21.793619,20.447944,21.893531,24.952258,19.1,22.9,20.087077,18.353858,23.099172
2026-01-04 23:50:00,23.116292,20.602194,20.602465,18.958861,20.476873,14.663164,13.337418,21.688379,16.20521,14.091925,22.019776,19.421934,25.0,25.0,25.0,25.0,25.0,25.0,25.0,25.0,25.0,25.0,25.0,25.0,25.0,22.62976,25.0,25.0,25.0,25.0,23.21779,27.402707,21.25,24.9,45.25375,22.228859,16.976056,20.682197,19.375736,20.156951,21.64065,20.301611,21.619875,24.810786,19.515698,22.847353,20.05817,18.402007,23.444971
2026-01-05 00:00:00,23.135955,20.554266,20.559049,19.0,20.543352,14.1,13.3,21.688379,16.010421,14.261443,21.961905,19.147483,25.0,25.0,25.0,25.0,25.0,25.0,25.0,25.0,25.0,25.0,25.0,25.0,25.0,22.117338,25.0,25.0,25.0,25.0,23.160605,27.364361,21.4,24.9,45.2275,22.0,17.165114,20.471345,19.365902,20.1,21.344068,20.23703,21.505171,24.653057,19.848469,22.810063,20.039047,18.453632,23.921629
2026-01-05 00:10:00,23.175281,20.290445,20.286994,18.269622,20.564723,14.144836,13.0,21.688379,16.255361,14.443957,21.700001,18.710667,25.0,25.0,25.0,25.0,25.0,25.0,25.0,25.0,25.0,25.0,25.0,25.0,25.0,21.509713,25.0,25.0,25.0,25.0,22.901348,27.28767,21.700001,24.75,45.175,21.881528,16.366738,20.938433,19.346235,20.242248,20.368716,20.51365,21.652105,24.356181,19.6,22.752122,20.0,18.565023,24.124376
2026-01-05 00:20:00,23.194943,20.08701,20.090868,18.277192,20.532361,14.080329,13.095885,21.688379,16.187339,14.23213,21.771482,18.462362,25.0,25.0,25.0,25.0,25.0,25.0,25.0,25.0,25.0,25.0,25.0,25.0,25.0,21.305259,25.0,25.0,25.0,25.0,22.817295,27.249325,21.755969,24.649039,45.14875,21.985795,16.180994,20.756071,19.336401,20.611096,20.294677,20.730152,21.809989,23.890511,19.6,22.629463,20.236411,18.502172,23.977948
2026-01-05 00:30:00,23.214606,19.938213,19.940915,18.284762,20.5,13.987505,13.191771,21.688379,16.048414,13.757244,21.842963,18.348293,25.0,25.0,25.0,25.0,25.0,25.0,25.0,25.0,25.0,25.0,25.0,25.0,25.0,21.144054,25.0,25.0,25.0,25.0,22.72843,27.21098,21.8,24.6,45.1225,22.090062,16.113952,20.558082,19.326567,21.177606,20.240322,20.840837,21.9,23.382549,19.6,22.542937,20.472823,18.356194,23.83152
2026-01-05 00:40:00,23.253932,19.857058,19.839176,18.200001,20.5,13.941235,12.7,21.688379,15.84688,12.840935,21.700001,18.42726,25.0,25.0,25.0,25.0,25.0,25.0,25.0,25.0,25.0,25.0,25.0,25.0,25.0,20.9,25.0,25.0,25.0,25.0,22.394938,27.134289,21.9,24.6,45.07,22.0,16.401689,20.539351,19.3069,21.956939,20.090359,20.683063,21.9,22.968143,19.646167,22.654079,20.150652,18.040253,23.87889
2026-01-05 00:50:00,23.273595,19.764752,19.744392,18.200001,20.5,13.825031,12.728848,21.688379,15.688915,12.733422,21.665812,18.534154,25.0,25.0,25.0,25.0,25.0,25.0,25.0,25.0,25.0,25.0,25.0,25.0,25.0,20.750853,25.0,25.0,25.0,25.0,22.231007,27.095943,21.9,24.493548,45.04375,21.891922,16.065508,20.546515,19.314146,22.004227,20.073054,20.3371,22.091514,22.818918,19.625512,22.652153,19.921764,17.706983,23.997916
2026-01-05 01:00:00,23.293258,19.649599,19.63616,18.200001,20.5,13.601657,12.757697,21.688379,15.608116,12.633246,21.636163,18.6,25.0,25.0,25.0,25.0,25.0,25.0,25.0,25.0,25.0,25.0,25.0,25.0,25.0,20.6,25.0,25.0,25.0,25.0,22.051994,27.057598,21.9,24.299999,45.0175,21.799999,15.610989,20.553679,19.329064,22.042424,20.067492,20.090704,22.515303,22.759095,19.568145,22.645455,19.668001,17.437629,24.085742
2026-01-05 01:10:00,23.332584,19.469992,19.472843,17.739741,20.5,12.997444,12.631848,21.688379,15.833657,12.068449,21.560276,18.390912,25.0,25.0,25.0,25.0,25.0,25.0,25.0,25.0,25.0,25.0,25.0,25.0,25.0,20.345659,25.0,25.0,25.0,25.0,21.581705,26.980907,22.200001,24.1,44.965,21.752544,15.431833,20.530047,19.351228,22.200001,20.812482,20.151951,23.299999,22.971865,19.318669,22.323654,19.200001,17.299999,23.539312
2026-01-05 01:20:00,23.352247,19.325755,19.326522,17.81987,20.369561,13.009033,12.665924,21.688379,15.818395,12.060799,21.303117,18.422627,25.0,25.0,25.0,25.0,25.0,25.0,25.0,25.0,25.0,25.0,25.0,25.0,25.0,20.227679,25.0,25.0,25.0,25.0,21.269143,26.942562,22.05,23.970737,44.93875,21.632526,15.525083,20.456853,19.272682,22.184403,20.244321,20.173886,23.299999,23.031629,19.428763,22.318464,19.209774,17.439039,23.300907
2026-01-05 01:30:00,23.37191,19.180534,19.175371,17.9,20.239122,13.042537,12.7,21.688379,15.770227,12.053496,21.1,18.454343,25.0,25.0,25.0,25.0,25.0,25.0,25.0,25.0,25.0,25.0,25.0,25.0,25.0,20.1,25.0,25.0,25.0,25.0,21.11797,26.904217,21.9,23.799999,44.9125,21.543825,15.754987,20.326417,19.194136,22.136295,19.287991,20.200001,23.299999,23.089112,19.538857,22.313763,19.234781,17.6,23.200001
2026-01-05 01:40:00,23.411236,18.996538,18.992033,17.9,20.299999,13.221639,12.5,21.688379,15.3,11.9,21.260428,17.778688,25.0,25.0,25.0,25.0,25.0,25.0,25.0,25.0,25.0,25.0,25.0,25.0,25.0,19.752177,25.0,25.0,25.0,25.0,21.240982,26.827526,21.9,23.200001,44.86,21.752281,16.366686,20.083335,19.244856,21.746929,18.5,20.342187,22.957682,23.267846,19.538802,22.261961,19.311285,17.627993,23.283118
2026-01-05 01:50:00,23.430898,18.78087,18.773042,17.958165,20.189846,13.39786,12.475989,21.688379,15.022551,11.91796,21.263607,17.547227,25.0,25.0,25.0,25.0,25.0,25.0,25.0,25.0,25.0,25.0,25.0,25.0,25.0,19.53627,25.0,25.0,25.0,25.0,21.157871,26.78918,21.9,23.200001,44.83375,21.611178,16.220882,20.119452,19.270216,21.40344,19.024972,20.271094,22.759414,23.061036,19.719401,22.316903,19.40161,17.605143,23.245058
2026-01-05 02:00:00,23.450561,18.65423,18.643631,18.016331,20.047056,13.495336,12.45132,21.688379,14.760466,11.973579,21.26677,17.331578,25.0,25.0,25.0,25.0,25.0,25.0,25.0,25.0,25.0,25.0,25.0,25.0,25.0,19.289141,25.0,25.0,25.0,25.0,21.0,26.750835,21.9,23.200001,44.8075,21.37893,15.882149,20.155569,19.295576,21.040032,19.935277,20.200001,22.667777,22.567766,19.9,22.371845,19.454779,17.566474,23.206998
2026-01-05 02:10:00,23.489887,18.750042,18.750354,17.861208,20.0,12.413526,12.2,21.688379,14.377537,12.437855,21.4,16.824842,25.0,25.0,25.0,25.0,25.0,25.0,25.0,25.0,25.0,25.0,25.0,25.0,25.0,18.712817,25.0,25.0,25.0,25.0,20.814777,26.674144,21.700001,23.799999,44.755,21.200001,15.148354,19.868398,19.346296,20.564186,20.754359,20.31267,22.671527,21.4,19.628105,22.332716,19.200001,17.534098,23.5
2026-01-05 02:20:00,23.50955,18.860697,18.860624,17.775149,19.889554,12.57235,12.241014,21.688379,14.991084,12.428667,21.347379,16.810261,25.0,25.0,25.0,25.0,25.0,25.0,25.0,25.0,25.0,25.0,25.0,25.0,25.0,18.25308,25.0,25.0,25.0,25.0,20.931017,26.635799,21.341305,23.711363,44.72875,21.114059,15.11529,19.702388,19.371656,20.314784,20.60394,20.256335,22.621125,21.425165,19.390383,22.160111,19.23526,17.501236,23.059574
2026-01-05 02:30:00,23.529213,18.92535,18.922653,17.652355,19.706893,12.731175,12.282027,21.688379,16.015138,12.4,21.227101,16.797475,25.0,25.0,25.0,25.0,25.0,25.0,25.0,25.0,25.0,25.0,25.0,25.0,25.0,18.016505,25.0,25.0,25.0,25.0,21.047256,26.597453,21.1,23.5,44.7025,21.026994,15.105489,19.524241,19.397017,20.054979,20.453521,20.200001,22.486137,21.503413,19.098912,22.016895,19.296973,17.451654,22.277546
2026-01-05 02:40:00,23.568539,18.802365,18.815008,16.878042,19.377834,11.979199,12.2,21.688379,16.837932,12.146085,20.980079,16.700001,25.0,25.0,25.0,25.0,25.0,25.0,25.0,25.0,25.0,25.0,25.0,25.0,25.0,18.030847,25.0,25.0,25.0,25.0,20.830865,26.520763,21.4,23.0,44.65,20.838991,15.98085,19.150935,19.447737,19.5,21.940601,20.200001,21.988537,22.177908,18.531546,22.200001,19.354046,17.299999,21.523289
2026-01-05 02:50:00,23.588202,18.488302,18.500276,16.767656,19.25153,12.008542,12.165271,21.688379,16.821253,12.673042,20.940614,16.700001,25.0,25.0,25.0,25.0,25.0,25.0,25.0,25.0,25.0,25.0,25.0,25.0,25.0,17.855553,25.0,25.0,25.0,25.0,20.915432,26.482417,21.4,23.0,44.62375,21.019496,16.206726,19.125307,19.473097,19.380743,22.522719,20.171705,22.065419,22.195043,18.169739,22.200001,19.289846,17.428666,21.26645
2026-01-05 03:00:00,23.607865,18.255632,18.259497,16.711357,19.200001,12.095658,12.150701,21.688379,16.804574,13.2,20.9,16.700001,25.0,25.0,25.0,25.0,25.0,25.0,25.0,25.0,25.0,25.0,25.0,25.0,25.0,17.6,25.0,25.0,25.0,25.0,21.0,26.444072,21.4,23.0,44.5975,21.200001,16.299999,19.1,19.498457,19.263441,22.76152,20.089807,22.142301,22.200001,17.960835,22.200001,19.14958,17.6,21.165009
2026-01-05 03:10:00,23.647191,18.306145,18.305535,16.665736,19.200001,12.639415,12.5,21.688379,16.825912,12.935368,20.6,16.408769,25.0,25.0,25.0,25.0,25.0,25.0,25.0,25.0,25.0,25.0,25.0,25.0,25.0,17.466667,25.0,25.0,25.0,25.0,20.920833,26.367381,21.4,23.0,44.545,21.166667,16.316352,18.77727,19.549177,18.754339,22.76064,19.649346,21.868223,22.0,17.903877,22.334088,18.9,17.663452,21.188947
2026-01-05 03:20:00,23.666854,18.456233,18.448559,16.782868,19.172722,12.23485,12.35,21.688379,16.980544,12.278338,20.569715,16.101992,25.0,25.0,25.0,25.0,25.0,25.0,25.0,25.0,25.0,25.0,25.0,25.0,25.0,17.4,25.0,25.0,25.0,25.0,20.88125,26.329036,21.4,23.0,44.51875,21.150001,16.324529,18.76881,19.582021,18.724783,22.759364,19.632669,21.823668,22.07207,17.920489,22.326257,18.816551,17.648613,20.891997
2026-01-05 03:30:00,23.686516,18.571473,18.559467,16.9,19.145444,11.830285,12.2,21.688379,17.117981,11.602387,20.538018,15.9,25.0,25.0,25.0,25.0,25.0,25.0,25.0,25.0,25.0,25.0,25.0,25.0,25.0,17.333334,25.0,25.0,25.0,25.0,20.841667,26.29069,21.4,23.0,44.4925,21.133334,16.332705,18.76636,19.599897,18.700001,22.756207,19.615934,21.79203,22.14414,17.967459,22.305822,18.730783,17.6,20.595047
2026-01-05 03:40:00,23.725842,18.398362,18.391379,16.538798,19.200001,11.9,12.376804,21.688379,16.623958,11.3,20.052333,15.859933,25.0,25.0,25.0,25.0,25.0,25.0,25.0,25.0,25.0,25.0,25.0,25.0,25.0,17.2,25.0,25.0,25.0,25.0,20.7625,26.213999,21.4,23.0,44.44,21.100001,16.349058,18.799999,19.603061,18.578711,22.158559,19.141767,21.73369,21.144099,18.19056,22.238252,18.44951,16.901354,20.750577
2026-01-05 03:50:00,23.745505,18.176583,18.182528,16.300766,19.285817,12.161479,12.292403,21.688379,16.126353,11.599682,19.893314,15.852211,25.0,25.0,25.0,25.0,25.0,25.0,25.0,25.0,25.0,25.0,25.0,25.0,25.0,17.133334,25.0,25.0,25.0,25.0,20.722917,26.175654,21.4,23.0,44.41375,21.083334,16.357235,18.793579,19.604642,18.60365,22.014857,19.270883,21.672528,21.146997,18.172314,22.319126,18.41221,16.477315,20.615492
2026-01-05 04:00:00,23.765168,17.860012,17.880182,16.1,19.341284,12.372204,12.208001,21.688379,15.761787,12.074522,19.757782,15.842875,25.0,25.0,25.0,25.0,25.0,25.0,25.0,25.0,25.0,25.0,25.0,25.0,25.0,17.066667,25.0,25.0,25.0,25.0,20.683333,26.137309,21.4,23.0,44.3875,21.066667,16.365411,18.777113,19.606224,18.628589,21.849631,19.4,21.579239,21.149896,18.130612,22.4,18.4,16.24726,20.480407
2026-01-05 04:10:00,23.804494,17.22756,17.231856,15.903492,18.747073,11.704749,12.5,21.688379,15.62371,12.4,19.5,15.6,25.0,25.0,25.0,25.0,25.0,25.0,25.0,25.0,25.0,25.0,25.0,25.0,25.0,16.933334,25.0,25.0,25.0,25.0,20.604167,26.060618,21.4,23.0,44.335,21.033334,16.381764,18.726285,19.609387,18.594089,20.438007,19.138413,21.294991,20.683793,18.044994,22.158563,18.653514,16.200001,21.874884
2026-01-05 04:20:00,23.824157,17.016816,17.008831,15.923983,18.823536,11.455241,12.416575,21.688379,16.138766,12.333206,19.544231,15.55398,25.0,25.0,25.0,25.0,25.0,25.0,25.0,25.0,25.0,25.0,25.0,25.0,25.0,16.866667,25.0,25.0,25.0,25.0,20.564583,26.022273,21.4,23.0,44.30875,21.016667,16.389941,18.564099,19.610969,18.574631,20.508563,19.018194,20.980833,20.449697,17.833027,22.002333,18.573953,16.018668,21.792699
2026-01-05 04:30:00,23.84382,16.868722,16.85252,15.944475,18.9,11.354191,12.240834,21.688379,16.864564,12.162635,19.588462,15.515416,25.0,25.0,25.0,25.0,25.0,25.0,25.0,25.0,25.0,25.0,25.0,25.0,25.0,16.8,25.0,25.0,25.0,25.0,20.525,25.983927,21.4,23.0,44.2825,21.0,16.398117,18.400473,19.61255,18.565714,20.711375,18.923641,20.799999,20.27233,17.539121,21.9,18.448554,15.871903,21.710513
2026-01-05 04:40:00,23.883146,16.701024,16.681135,15.5,18.654982,11.407496,11.961145,21.688379,17.200001,11.644948,18.943861,15.410699,25.0,25.0,25.0,25.0,25.0,25.0,25.0,25.0,25.0,25.0,25.0,25.0,25.0,16.666667,25.0,25.0,25.0,25.0,20.445833,25.907236,21.4,23.0,44.23,20.966667,16.41447,18.34712,19.615713,18.884439,21.761694,18.814507,20.971335,20.10136,17.221618,21.852146,18.364011,16.168072,22.177114
2026-01-05 04:50:00,23.902809,16.628601,16.61754,15.483566,18.484039,11.405763,11.929881,21.688379,16.979137,11.28955,19.062795,15.265133,25.0,25.0,25.0,25.0,25.0,25.0,25.0,25.0,25.0,25.0,25.0,25.0,25.0,16.6,25.0,25.0,25.0,25.0,20.40625,25.868891,21.4,23.0,44.20375,20.95,16.422647,18.284499,19.617295,18.810849,22.125639,18.768457,21.060296,20.077807,17.204978,21.709555,18.20685,16.340555,22.336831
2026-01-05 05:00:00,23.922472,16.567016,16.565091,15.471372,18.4,11.4,11.9,21.688379,16.515847,11.0,19.181729,15.1,25.0,25.0,25.0,25.0,25.0,25.0,25.0,25.0,25.0,25.0,25.0,25.0,25.0,16.533333,25.0,25.0,25.0,25.0,20.366667,25.830546,21.4,23.0,44.1775,20.933334,16.430823,18.181613,19.618877,18.669811,22.46594,18.721179,21.1,20.05261,17.200001,21.6,18.1,16.44923,22.4
2026-01-05 05:10:00,23.961797,16.475136,16.482687,15.430015,18.4,11.299064,11.7,21.688379,15.787941,10.752189,18.867655,14.933048,25.0,25.0,25.0,25.0,25.0,25.0,25.0,25.0,25.0,25.0,25.0,25.0,25.0,16.4,25.0,25.0,25.0,25.0,20.2875,25.753855,21.4,23.0,44.125,20.9,16.447176,17.829835,19.62204,18.5,23.265658,18.6,20.811478,19.749398,17.336852,21.9,18.705027,16.5,22.16909
2026-01-05 05:20:00,23.98146,16.578972,16.575508,15.151017,18.343266,11.427577,11.7,21.688379,15.47966,10.810019,18.631916,14.751866,25.0,25.0,25.0,25.0,25.0,25.0,25.0,25.0,25.0,25.0,25.0,25.0,25.0,16.333333,25.0,25.0,25.0,25.0,20.247917,25.715509,21.4,23.0,44.09875,20.883334,16.455353,17.85522,19.623621,18.341474,23.24529,18.664867,21.082049,19.879065,17.414593,21.815024,18.758439,16.667887,21.970271
2026-01-05 05:30:00,24.001123,16.682808,16.66833,14.822317,18.233904,11.611062,11.7,21.688379,15.350311,10.867849,18.377796,14.612098,25.0,25.0,25.0,25.0,25.0,25.0,25.0,25.0,25.0,25.0,25.0,25.0,25.0,16.266667,25.0,25.0,25.0,25.0,20.208333,25.677164,21.4,23.0,44.0725,20.866667,16.463529,17.880606,19.625203,18.200001,23.180076,18.811281,21.460026,20.147544,17.5,21.730049,18.790898,16.978416,21.735
2026-01-05 05:40:00,24.040449,16.615442,16.582437,14.7,18.1,11.7,11.9,21.688379,15.485557,10.8,17.966807,14.553914,25.0,25.0,25.0,25.0,25.0,25.0,25.0,25.0,25.0,25.0,25.0,25.0,25.0,16.133333,25.0,25.0,25.0,25.0,20.129167,25.600473,21.4,23.0,44.02,20.833334,16.479882,17.561181,19.628366,18.087889,22.452194,19.1,21.629165,20.553225,17.694948,21.740957,18.841382,17.6,21.312301
2026-01-05 05:50:00,24.060112,16.872082,16.855257,14.645046,18.142971,11.94054,12.151378,21.688379,15.500019,10.530529,17.916347,14.480349,25.0,25.0,25.0,25.0,25.0,25.0,25.0,25.0,25.0,25.0,25.0,25.0,25.0,16.066667,25.0,25.0,25.0,25.0,20.089584,25.562128,21.4,23.0,43.99375,20.816667,16.488059,17.342856,19.629948,18.089867,22.307309,19.00576,21.311106,20.790181,17.638602,21.570478,18.811087,17.588625,20.802355
2026-01-05 06:00:00,24.079775,17.128723,17.128077,14.602226,18.258895,12.159558,12.47902,21.688379,15.511867,10.2,17.9,14.387353,25.0,25.0,25.0,25.0,25.0,25.0,25.0,25.0,25.0,25.0,25.0,25.0,25.0,16.0,25.0,25.0,25.0,25.0,20.05,25.523782,21.4,23.0,43.9675,20.8,16.496235,17.170472,19.631529,18.091846,22.207904,18.911519,20.678495,20.9,17.5,21.4,18.728532,17.554262,20.5
2026-01-05 06:10:00,24.119101,16.919038,16.918774,14.552987,18.700001,12.211513,13.0,21.688379,15.553115,10.011833,18.276506,14.251629,25.0,25.0,25.0,25.0,25.0,25.0,25.0,25.0,25.0,25.0,25.0,25.0,25.0,15.866667,25.0,25.0,25.0,25.0,19.970834,25.447092,21.4,23.0,43.915,20.766667,16.512588,17.034478,19.634693,17.935548,22.057869,19.1,19.82973,20.9,17.134266,21.571299,18.4,17.314485,21.309429
2026-01-05 06:20:00,24.138764,16.652996,16.661182,14.517583,18.589026,11.811102,13.271171,21.688379,15.343565,9.866,18.529924,14.131099,25.0,25.0,25.0,25.0,25.0,25.0,25.0,25.0,25.0,25.0,25.0,25.0,25.0,15.8,25.0,25.0,25.0,25.0,19.93125,25.408746,21.4,23.0,43.88875,20.75,16.520765,16.925611,19.636274,17.918018,22.030834,18.965358,19.840707,20.854754,16.847025,21.552757,18.191857,17.049586,21.521291
2026-01-05 06:30:00,24.158427,16.492566,16.495247,14.5,18.445969,11.41069,13.440443,21.688379,15.134014,9.7,18.653013,14.054459,25.0,25.0,25.0,25.0,25.0,25.0,25.0,25.0,25.0,25.0,25.0,25.0,25.0,15.733333,25.0,25.0,25.0,25.0,19.891667,25.370401,21.4,23.0,43.8625,20.733333,16.528941,16.79781,19.637856,17.9,22.0,18.799999,19.877476,20.718903,16.700001,21.534214,18.092781,16.799999,21.599751
2026-01-05 06:40:00,24.197752,16.492553,16.479299,14.5,18.4,11.470639,13.528803,21.688379,15.471578,9.4,18.26663,14.036306,25.0,25.0,25.0,25.0,25.0,25.0,25.0,25.0,25.0,25.0,25.0,25.0,25.0,15.6,25.0,25.0,25.0,25.0,19.8125,25.29371,21.4,23.0,43.81,20.7,16.545294,16.555207,19.641019,17.700001,21.569774,18.758274,20.6,19.808289,17.362588,21.83455,18.1,16.607686,21.22075
2026-01-05 06:50:00,24.217415,16.699203,16.689051,14.35,18.363817,11.459818,13.846275,21.688379,15.081083,9.438876,18.079594,14.02723,25.0,25.0,25.0,25.0,25.0,25.0,25.0,25.0,25.0,25.0,25.0,25.0,25.0,15.533333,25.0,25.0,25.0,25.0,19.772917,25.255365,21.4,23.0,43.78375,20.683333,16.553471,16.431784,19.642601,17.700001,21.374479,18.665931,20.589103,19.343383,17.668383,22.048703,18.092162,16.673747,21.025528
2026-01-05 07:00:00,24.237078,16.905853,16.898802,14.2,18.345282,11.448996,14.1,21.688379,14.690589,9.526661,17.9,14.018153,25.0,25.0,25.0,25.0,25.0,25.0,25.0,25.0,25.0,25.0,25.0,25.0,25.0,15.466667,25.0,25.0,25.0,25.0,19.733334,25.217019,21.4,23.0,43.7575,20.666667,16.561647,16.337035,19.644182,17.700001,21.15108,18.6,20.553207,19.136981,17.799999,22.185163,18.068426,16.739807,20.938614
2026-01-05 07:10:00,24.276404,16.813877,16.813445,14.5,18.700001,11.712204,14.1,21.688379,14.959516,9.7,17.568013,14.0,25.0,25.0,25.0,25.0,25.0,25.0,25.0,25.0,25.0,25.0,25.0,25.0,25.0,15.333333,25.0,25.0,25.0,25.0,19.654167,25.140329,21.4,23.0,43.705,20.633333,16.578,16.243628,19.647345,17.447673,20.401905,18.709462,20.0,19.378491,17.786701,22.234649,17.9,16.477057,21.322204
2026-01-05 07:20:00,24.296067,16.672552,16.665192,14.447484,18.55,12.049018,14.237049,21.688379,14.931151,9.508707,17.793081,14.139183,25.0,25.0,25.0,25.0,25.0,25.0,25.0,25.0,25.0,25.0,25.0,25.0,25.0,15.266666,25.0,25.0,25.0,25.0,19.614584,25.101983,21.4,23.0,43.67875,20.616667,16.586177,16.251223,19.648927,17.446019,20.458,18.898147,19.878188,19.468048,17.63778,22.412544,18.0,16.488528,21.102849
2026-01-05 07:30:00,24.31573,16.43774,16.416031,14.342573,18.4,12.452467,14.607542,21.688379,14.902785,9.247678,18.01815,14.367055,25.0,25.0,25.0,25.0,25.0,25.0,25.0,25.0,25.0,25.0,25.0,25.0,25.0,15.2,25.0,25.0,25.0,25.0,19.575,25.063638,21.4,23.0,43.6525,20.6,16.594353,16.270331,19.650509,17.445551,20.514094,19.023583,19.756712,19.563457,17.5,22.554733,18.1,16.5,20.592479
2026-01-05 07:40:00,24.355056,15.823911,15.816224,14.2,18.733459,12.959006,16.030322,21.688379,15.154691,9.140937,17.9,14.539803,25.0,25.0,25.0,25.0,25.0,25.0,25.0,25.0,25.0,25.0,25.0,25.0,25.0,15.066666,25.0,25.0,25.0,25.0,19.495834,24.986947,21.4,23.0,43.6,20.566667,16.610706,16.325112,19.653672,18.027353,19.839295,18.813318,19.211461,19.880079,17.5,22.446039,18.1,16.5,19.481382
2026-01-05 07:50:00,24.374719,15.700378,15.693101,14.35,18.725065,12.82381,16.451672,21.688379,15.073788,8.933416,17.718626,14.519901,25.0,25.0,25.0,25.0,25.0,25.0,25.0,25.0,25.0,25.0,25.0,25.0,25.0,15.0,25.0,25.0,25.0,25.0,19.45625,24.948602,21.4,23.0,43.57375,20.55,16.618883,16.366119,19.655253,18.321459,19.283047,18.845952,19.029182,20.199784,17.65,22.224632,18.109634,16.442582,19.682058
2026-01-05 08:00:00,24.394382,15.657066,15.649768,14.5,18.700001,12.524597,16.799999,21.688379,14.876546,8.708284,17.438229,14.5,25.0,25.0,25.0,25.0,25.0,25.0,25.0,25.0,25.0,25.0,25.0,25.0,25.0,14.933333,25.0,25.0,25.0,25.0,19.416667,24.910256,21.4,23.0,43.5475,20.533333,16.627059,16.386766,19.656835,18.451628,18.878116,18.878586,18.949634,20.575067,17.799999,22.000882,18.130872,16.385164,19.882733
2026-01-05 08:10:00,24.433707,16.076838,16.074293,14.2,18.537778,11.97029,17.460666,21.688379,14.372437,8.559204,16.847746,14.549533,25.0,25.0,25.0,25.0,25.0,25.0,25.0,25.0,25.0,25.0,25.0,25.0,25.0,14.8,25.0,25.0,25.0,25.0,19.3375,24.833565,21.4,23.0,43.495,20.5,16.643412,16.337218,19.659998,18.395944,18.678768,18.704471,18.937009,21.136439,17.799999,21.887087,18.169745,16.555633,19.305514
2026-01-05 08:20:00,24.45337,15.933537,15.915693,13.942035,18.303953,12.061571,17.41265,21.688379,14.453108,8.729602,17.019925,14.726766,25.0,25.0,25.0,25.0,25.0,25.0,25.0,25.0,25.0,25.0,25.0,25.0,25.0,14.733333,25.0,25.0,25.0,25.0,19.297917,24.79522,21.4,23.0,43.46875,20.483333,16.651589,16.291366,19.699535,18.367493,18.406326,18.576753,18.979419,21.030896,17.799999,21.766408,18.045668,16.653544,19.479474
2026-01-05 08:30:00,24.473033,15.790235,15.757093,13.805818,18.077313,12.152851,17.364635,21.688379,14.533779,8.9,17.34014,14.868296,25.0,25.0,25.0,25.0,25.0,25.0,25.0,25.0,25.0,25.0,25.0,25.0,25.0,14.666666,25.0,25.0,25.0,25.0,19.258334,24.756875,21.4,23.0,43.4425,20.466666,16.659765,16.266534,19.755742,18.32831,18.237976,18.453483,19.101429,20.807687,17.799999,21.627571,17.92159,16.764864,19.653433
2026-01-05 08:40:00,24.512359,15.869103,15.867834,13.954141,17.933801,12.018163,17.6,21.688379,14.416369,8.9,17.693479,14.834148,25.0,25.0,25.0,25.0,25.0,25.0,25.0,25.0,25.0,25.0,25.0,25.0,25.0,14.533333,25.0,25.0,25.0,25.0,19.179167,24.680184,21.4,23.0,43.39,20.433333,16.676118,16.743381,19.789366,18.087715,18.778471,18.299999,19.736147,20.44821,17.629515,21.439676,18.059798,17.042523,19.439885
2026-01-05 08:50:00,24.532022,15.840522,15.835985,14.109544,17.934156,11.822947,17.771162,21.688379,14.300298,8.890845,17.793795,14.811164,25.0,25.0,25.0,25.0,25.0,25.0,25.0,25.0,25.0,25.0,25.0,25.0,25.0,14.443589,25.0,25.0,25.0,25.0,19.125882,24.641838,21.4,23.0,43.36375,20.410897,16.683487,16.930117,19.789366,18.000985,18.358145,18.299999,19.937892,20.411594,17.432938,21.420659,18.048936,17.052269,19.409897
2026-01-05 09:00:00,24.551685,15.776227,15.768725,14.350944,17.935407,11.7,17.856499,21.688379,14.134504,8.862171,17.831653,14.8,25.0,25.0,25.0,25.0,25.0,25.0,25.0,25.0,25.0,25.0,25.0,25.0,25.0,14.4,25.0,25.0,25.0,25.0,19.1,24.603493,21.4,23.0,43.3375,20.4,16.692471,17.152129,19.789366,17.916466,17.937818,18.299999,20.016169,20.4,17.318148,21.4,18.020877,17.055124,19.4
2026-01-05 09:10:00,24.591011,15.650809,15.660872,15.134285,18.055552,11.7,17.715493,21.688379,13.695685,8.6,17.445601,14.8,25.0,25.0,25.0,25.0,25.0,25.0,25.0,25.0,25.0,25.0,25.0,25.0,25.0,14.739709,25.0,25.0,25.0,25.0,19.335766,24.526802,21.700001,23.799999,43.285,21.829254,16.73113,18.203908,19.789366,17.700001,18.287891,18.299999,19.799999,20.4,17.5,20.847824,17.931793,16.884102,20.248666
2026-01-05 09:20:00,24.610674,15.696149,15.701026,14.871786,17.977776,11.85661,17.525522,21.688379,13.634686,8.728337,17.6728,14.695592,25.0,25.0,25.0,25.0,25.0,25.0,25.0,25.0,25.0,25.0,25.0,25.0,25.0,15.150701,25.0,25.0,25.0,25.0,19.386104,24.488457,21.793154,24.696153,43.25875,23.813532,18.267923,19.177976,19.789366,17.762864,18.664117,18.378178,19.799999,20.262487,17.770332,21.076639,18.110548,17.070971,21.227213
2026-01-05 09:30:00,24.630337,15.839814,15.82969,14.609286,17.9,12.013221,17.40868,21.688379,13.614583,8.856673,17.9,14.444011,25.0,25.0,25.0,25.0,25.0,25.0,25.0,25.0,25.0,25.0,25.0,25.0,25.0,15.75528,25.0,25.0,25.0,25.0,19.445171,24.450111,21.9,25.4,43.2325,25.792545,21.729905,19.705658,19.789366,17.941107,19.282803,18.609983,19.799999,20.021972,17.94197,21.489031,18.533439,17.441184,22.55772
2026-01-05 09:40:00,24.669663,17.293669,17.277795,14.7,19.160189,11.817543,17.481137,21.688379,13.779756,8.652767,17.6,13.827015,25.0,25.0,25.0,25.0,25.0,25.0,25.0,25.0,25.0,25.0,25.0,25.0,25.0,17.151677,25.0,25.0,25.0,25.0,20.200846,24.373421,22.5,25.700001,43.18,27.20731,28.913327,19.195409,19.789366,18.799999,21.67134,20.045066,20.433473,19.799999,17.662768,21.904441,19.507064,17.932176,25.137657
2026-01-05 09:50:00,24.689325,18.168278,18.200537,15.010354,20.758627,11.823926,17.624859,21.688379,13.641872,8.713368,17.787287,14.383272,25.0,25.0,25.0,25.0,25.0,25.0,25.0,25.0,25.0,25.0,25.0,25.0,25.0,17.958889,25.0,25.0,25.0,25.0,20.575184,24.938561,22.991817,26.071364,43.15375,26.400813,32.633408,20.008742,19.789366,19.315274,23.296228,20.802773,21.208374,19.884685,18.490681,22.482677,19.722391,18.252666,26.710662
2026-01-05 10:00:00,24.708988,19.132192,19.210799,15.642015,22.63443,11.845773,17.921455,21.688379,13.503987,8.9,18.234869,14.939529,25.0,25.0,25.0,25.0,25.0,25.0,25.0,25.0,25.0,25.0,25.0,25.0,25.0,18.853235,25.0,25.0,25.0,25.0,20.953774,25.845881,23.6,26.799999,43.1275,25.557551,35.28352,21.648628,19.789366,19.817445,24.752146,21.471999,22.190374,20.153479,19.366429,23.320522,19.926946,18.660073,28.397219
2026-01-05 10:10:00,24.748314,21.219032,21.230057,17.316642,24.886876,12.5,19.224639,21.688379,16.139632,10.393714,19.301643,14.732778,25.0,25.0,25.0,25.0,25.0,25.0,25.0,25.0,25.0,25.0,25.0,25.0,25.0,20.905778,25.0,25.0,25.0,25.0,21.742389,26.493727,24.9,31.9,43.075,25.515016,37.378675,23.938761,19.789366,20.6,26.367222,22.387301,23.678453,22.916008,19.422372,24.931031,20.682,19.898508,31.73104
2026-01-05 10:20:00,24.767977,22.606969,22.589254,18.302744,25.109907,12.789052,20.609238,21.688379,17.564854,11.672836,19.075604,14.592011,25.0,25.0,25.0,25.0,25.0,25.0,25.0,25.0,25.0,25.0,25.0,25.0,25.0,21.832965,25.0,25.0,25.0,25.0,21.93352,26.843828,25.698203,32.613516,43.04875,26.438669,38.014207,24.397805,19.789366,20.779575,26.793991,22.918142,24.188646,23.754366,19.815549,25.610098,21.117533,20.644263,34.230078
2026-01-05 10:30:00,24.78764,24.176341,24.133392,19.171451,25.297862,13.158316,21.73678,21.688379,18.94859,12.82716,18.849565,14.523374,25.0,25.0,25.0,25.0,25.0,25.0,25.0,25.0,25.0,25.0,25.0,25.0,25.0,22.762479,25.0,25.0,25.0,25.0,22.1,27.386853,26.55,33.150001,43.0225,28.423179,38.257927,24.791873,19.789366,20.990871,27.195113,23.420094,24.584496,24.639551,20.460445,26.172146,21.617934,21.38244,37.195659
2026-01-05 10:40:00,24.826966,27.453364,27.358426,20.234739,26.051902,15.174612,22.322345,21.688379,21.313626,13.859473,20.081187,15.389587,25.0,25.0,25.0,25.0,25.0,25.0,25.0,25.0,25.0,25.0,25.0,25.0,25.0,24.834959,25.0,25.0,25.0,25.0,22.527416,33.910496,28.200001,34.400002,42.97,31.776683,37.250585,25.903034,19.789366,23.35569,28.415716,24.167872,25.150766,28.200628,21.136989,26.970847,22.89996,22.575907,43.421055
2026-01-05 10:50:00,24.846629,28.490374,28.547843,21.173338,25.712686,16.252691,23.367411,21.688379,21.885996,14.449091,21.193536,16.204012,25.0,25.0,25.0,25.0,25.0,25.0,25.0,25.0,25.0,25.0,25.0,25.0,25.0,26.09829,25.0,25.0,25.0,25.0,22.784849,32.789581,32.009128,35.040236,42.94375,32.369604,36.525707,25.685873,19.789366,26.565928,29.263048,25.205885,25.48822,27.546676,22.839342,27.611415,23.22011,22.894751,45.659693
2026-01-05 11:00:00,24.866292,29.352719,29.510698,22.397578,25.353094,17.470722,24.699596,21.688379,22.150738,14.720375,22.567344,16.647515,25.0,25.0,25.0,25.0,25.0,25.0,25.0,25.0,25.0,25.0,25.0,25.0,25.0,27.391637,25.0,25.0,25.0,25.0,23.070713,31.024074,38.0,35.700001,42.9175,32.7514,36.165589,25.226328,19.789366,29.516999,30.061597,26.954685,25.903287,26.892725,25.407936,27.941654,23.602428,23.292416,46.556805
2026-01-05 11:10:00,24.905618,30.930134,30.95938,25.205877,25.329216,20.703473,26.170086,21.688379,22.254532,13.959735,25.203131,16.580446,25.0,25.0,25.0,25.0,25.0,25.0,25.0,25.0,25.0,25.0,25.0,25.0,25.0,29.64894,25.0,25.0,25.0,25.0,23.70218,29.836301,47.5,37.099998,42.865,33.27286,38.176585,24.484876,19.789366,31.212379,31.049818,32.287417,27.172564,30.438513,28.843765,27.045482,27.654237,28.639354,46.051235
2026-01-05 11:20:00,24.925281,32.657063,32.592995,27.431395,25.514608,23.306401,27.231975,21.688379,21.750498,13.709808,26.675257,18.300047,25.0,25.0,25.0,25.0,25.0,25.0,25.0,25.0,25.0,25.0,25.0,25.0,25.0,31.069601,25.0,25.0,25.0,25.0,23.8851,29.055347,46.4,38.512161,42.83875,33.623375,37.191601,25.060275,19.789366,31.100356,32.3097,33.516427,27.922696,30.706398,31.561551,27.371267,27.986332,28.843012,46.866609
2026-01-05 11:30:00,24.944943,34.297436,34.236743,30.199416,25.700001,25.385293,28.602869,21.688379,21.246463,13.612011,28.186993,20.019649,25.0,25.0,25.0,25.0,25.0,25.0,25.0,25.0,25.0,25.0,25.0,25.0,25.0,32.541,25.0,25.0,25.0,25.0,24.08131,28.678991,45.299999,39.299999,42.8125,34.085888,36.206618,26.086078,19.789366,30.988332,33.070605,34.715945,28.609584,30.958388,33.840094,28.06246,28.247554,29.042139,47.681984
2026-01-05 11:40:00,24.984269,35.602272,35.71855,36.444338,24.712873,26.799999,32.463702,21.688379,23.00639,15.066348,31.094606,18.370844,25.0,25.0,25.0,25.0,25.0,25.0,25.0,25.0,25.0,25.0,25.0,25.0,25.0,35.104908,25.0,25.0,25.0,25.0,24.969816,28.832106,46.400002,36.0,42.76,35.621454,36.684071,27.087125,19.789366,35.324972,32.882363,39.440439,29.534618,32.982877,35.655111,29.186413,29.128647,32.665435,46.071396
2026-01-05 11:50:00,25.003932,36.196486,36.304611,38.195478,24.505742,27.003108,35.6757,21.688379,23.90106,15.804521,31.520117,18.466283,25.0,25.0,25.0,25.0,25.0,25.0,25.0,25.0,25.0,25.0,25.0,25.0,25.0,36.14081,25.0,25.0,25.0,25.0,25.050094,29.544046,43.1,33.300906,42.73375,36.37443,37.704322,27.704702,19.789366,38.29241,33.81795,40.798002,30.2854,36.796728,33.644254,29.421296,29.398764,33.887115,47.026416
2026-01-05 12:00:00,25.023595,36.907004,36.984791,39.436088,24.432532,27.217189,38.544702,21.688379,24.855825,16.593784,31.873214,18.71922,25.0,25.0,25.0,25.0,25.0,25.0,25.0,25.0,25.0,25.0,25.0,25.0,25.0,37.269343,25.0,25.0,25.0,25.0,25.131356,30.583531,39.799999,31.9,42.7075,37.163602,38.425871,28.419736,19.789366,40.721539,34.969629,41.311805,31.077582,39.399752,29.489905,29.640207,29.688493,34.368383,47.981436
2026-01-05 12:10:00,25.062921,39.697733,39.857254,41.069167,25.599996,29.351481,41.117272,21.688379,27.113114,18.473414,32.9629,19.610804,25.0,25.0,25.0,25.0,25.0,25.0,25.0,25.0,25.0,25.0,25.0,25.0,25.0,40.939768,25.0,25.0,25.0,25.0,26.137449,31.498089,42.599998,31.9,42.655,39.002432,34.555558,30.156371,19.789366,42.834542,35.263892,36.215212,32.197393,38.676382,23.253724,30.430627,30.914937,33.455981,45.163752
2026-01-05 12:20:00,25.082584,40.66064,40.692895,42.742414,25.889969,29.550408,37.119721,21.688379,27.875428,19.562536,34.114161,19.870774,25.0,25.0,25.0,25.0,25.0,25.0,25.0,25.0,25.0,25.0,25.0,25.0,25.0,42.296994,25.0,25.0,25.0,25.0,26.641526,32.585806,47.941245,33.512894,42.62875,38.561905,37.302862,31.091024,19.789366,47.19307,36.262347,40.276658,34.210652,36.133455,22.853947,32.358991,31.141935,33.828371,43.322178
2026-01-05 12:30:00,25.102247,41.671125,41.561615,44.41292,26.188914,29.754115,33.12217,21.688379,28.527564,20.758842,34.766724,20.111068,25.0,25.0,25.0,25.0,25.0,25.0,25.0,25.0,25.0,25.0,25.0,25.0,25.0,43.659943,25.0,25.0,25.0,25.0,27.158025,34.090728,51.599998,37.299999,42.6025,37.723909,40.267591,32.069669,19.789366,50.245646,37.051184,45.970199,37.945115,34.109919,22.732701,33.818404,31.392192,34.20076,42.43646
2026-01-05 12:40:00,25.141573,45.116103,45.009741,46.036354,27.55197,32.485363,37.657514,21.688379,29.748876,23.430074,34.355516,20.747135,25.0,25.0,25.0,25.0,25.0,25.0,25.0,25.0,25.0,25.0,25.0,25.0,25.0,47.394583,25.0,25.0,25.0,25.0,28.261208,37.058841,48.799999,45.799999,42.55,36.736634,40.52671,34.132988,19.789366,49.997747,36.402825,48.551377,49.972593,38.711568,24.468913,33.874349,33.830776,33.344313,46.609117
2026-01-05 12:50:00,25.161236,46.162618,46.331314,47.336953,27.969064,32.551108,38.46758,21.688379,30.059761,24.610996,34.766614,21.586043,25.0,25.0,25.0,25.0,25.0,25.0,25.0,25.0,25.0,25.0,25.0,25.0,25.0,49.21912,25.0,25.0,25.0,25.0,28.45518,36.584395,44.045962,45.102999,42.52375,38.206357,38.608315,35.128525,19.789366,49.799981,35.897007,46.339092,50.928858,40.632361,25.615083,33.596525,34.394882,34.704567,46.11733
2026-01-05 13:00:00,25.180898,46.977375,47.24664,48.653742,28.367675,32.613495,39.223196,21.688379,30.45227,25.835397,35.685412,22.119571,25.0,25.0,25.0,25.0,25.0,25.0,25.0,25.0,25.0,25.0,25.0,25.0,25.0,50.189799,25.0,25.0,25.0,25.0,28.631071,36.109949,40.900002,44.099998,42.4975,40.062621,36.689919,35.76489,19.789366,49.69821,35.286408,43.38833,51.224124,41.95025,26.168189,33.318701,34.882706,37.023091,45.625543
2026-01-05 13:10:00,25.220224,48.269339,48.135416,50.350185,29.489311,33.599998,42.333925,21.688379,37.542395,28.915638,37.441036,22.146302,25.0,25.0,25.0,25.0,25.0,25.0,25.0,25.0,25.0,25.0,25.0,25.0,25.0,50.470044,25.0,25.0,25.0,25.0,29.288478,37.398449,59.5,43.599998,42.445,40.603956,37.318108,36.157455,19.789366,50.684477,33.999059,42.288014,49.110691,43.106518,22.912063,36.331745,36.15174,39.00617,49.757527
2026-01-05 13:20:00,25.239887,48.615214,48.463965,51.016544,29.983947,33.929036,41.890744,21.688379,38.475475,29.480768,37.593153,22.289663,25.0,25.0,25.0,25.0,25.0,25.0,25.0,25.0,25.0,25.0,25.0,25.0,25.0,50.399853,25.0,25.0,25.0,25.0,29.655153,39.159584,58.035418,41.768901,42.41875,42.614884,37.632203,36.891258,19.789366,50.577659,35.438657,40.947845,48.371957,43.188342,24.000149,37.552831,35.825355,38.729388,51.795558
2026-01-05 13:30:00,25.25955,49.009674,48.882972,51.657914,30.513981,34.058291,41.447564,21.688379,38.902866,29.938262,37.750065,22.658068,25.0,25.0,25.0,25.0,25.0,25.0,25.0,25.0,25.0,25.0,25.0,25.0,25.0,50.329662,25.0,25.0,25.0,25.0,29.886348,41.72944,54.0,40.299999,42.3925,44.544632,37.946297,38.228619,19.789366,50.378549,37.135066,40.150685,48.078162,43.273153,25.088235,38.560379,35.498969,38.165136,52.690724
2026-01-05 13:40:00,25.298876,51.693932,52.025401,53.116573,31.993911,33.351685,43.252703,21.688379,39.15989,31.079667,40.257243,24.604886,25.0,25.0,25.0,25.0,25.0,25.0,25.0,25.0,25.0,25.0,25.0,25.0,25.0,54.639998,25.0,25.0,25.0,25.0,30.000973,46.856334,37.099998,40.900002,42.34,44.9575,38.574486,42.127775,19.789366,50.157394,37.469032,49.422721,48.7771,45.220402,22.148149,40.030694,39.730427,37.351034,42.144427
2026-01-05 13:50:00,25.318539,50.950827,51.018436,52.15725,32.469581,33.688756,43.933585,21.688379,39.532192,31.652761,40.445261,24.681144,25.0,25.0,25.0,25.0,25.0,25.0,25.0,25.0,25.0,25.0,25.0,25.0,25.0,54.810345,25.0,25.0,25.0,25.0,30.227058,49.463037,38.849998,40.409617,42.31375,45.263489,38.888581,42.62823,19.789366,49.807275,37.638041,46.501993,48.68939,45.897196,23.55842,39.39832,40.32165,38.135045,42.110254
2026-01-05 14:00:00,25.338202,50.207723,50.01147,51.197928,32.940575,34.025828,44.210027,21.688379,40.102945,32.257315,40.600466,24.756652,25.0,25.0,25.0,25.0,25.0,25.0,25.0,25.0,25.0,25.0,25.0,25.0,25.0,54.950719,25.0,25.0,25.0,25.0,30.655443,51.030051,40.599998,39.400002,42.2875,45.699501,39.202675,42.791322,19.789366,49.146913,37.907687,43.581265,48.555731,46.542499,26.956645,38.765946,40.516641,38.919055,42.100644
2026-01-05 14:10:00,25.377528,50.543557,50.421746,54.384508,34.358713,33.853484,43.570283,21.688379,41.342632,33.657501,41.248224,26.378326,25.0,25.0,25.0,25.0,25.0,25.0,25.0,25.0,25.0,25.0,25.0,25.0,25.0,55.661464,25.0,25.0,25.0,25.0,32.012638,51.765485,39.949999,37.900002,42.235,47.367951,39.830864,42.518294,19.789366,46.536758,44.014892,45.193892,48.47482,48.144581,35.291206,39.796355,36.30944,37.772915,49.780313
2026-01-05 14:20:00,25.397191,51.30511,51.272749,55.603266,35.041009,33.8839,43.924563,21.688379,42.002921,33.952528,40.947022,27.441689,25.0,25.0,25.0,25.0,25.0,25.0,25.0,25.0,25.0,25.0,25.0,25.0,25.0,55.040566,25.0,25.0,25.0,25.0,32.095236,50.814826,39.512499,39.698764,42.20875,48.03529,40.144959,42.803692,19.789366,44.463719,44.682561,46.025689,47.516832,48.853995,36.587215,40.591236,35.783283,39.971261,48.903915
2026-01-05 14:30:00,25.416854,51.852382,51.869688,56.099998,35.388273,33.914315,44.278844,21.688379,42.828818,34.209954,40.645819,28.0,25.0,25.0,25.0,25.0,25.0,25.0,25.0,25.0,25.0,25.0,25.0,25.0,25.0,54.419667,25.0,25.0,25.0,25.0,32.177055,48.768777,39.299999,42.200001,42.1825,48.310725,40.459053,43.557697,19.789366,43.398558,45.347186,46.91312,46.626896,49.627967,37.732103,40.995604,35.612414,42.250244,48.027516
2026-01-05 14:40:00,25.456179,51.257767,51.531655,55.216016,35.467291,33.881767,42.038855,21.688379,45.93438,34.947681,41.403436,28.066667,25.0,25.0,25.0,25.0,25.0,25.0,25.0,25.0,25.0,25.0,25.0,25.0,25.0,56.787706,25.0,25.0,25.0,25.0,33.377993,45.293004,40.599998,43.299999,42.13,46.267937,41.087242,46.180715,19.789366,43.78633,51.227149,48.977305,48.513712,51.906702,41.968017,40.287694,40.020308,42.342805,48.123868
2026-01-05 14:50:00,25.475842,51.44991,51.787093,54.783437,35.945436,34.083138,42.467151,21.688379,45.999675,35.324263,41.790535,28.1,25.0,25.0,25.0,25.0,25.0,25.0,25.0,25.0,25.0,25.0,25.0,25.0,25.0,57.958959,25.0,25.0,25.0,25.0,33.437179,45.100162,46.693372,42.40573,42.10375,47.296527,41.401337,47.570911,19.789366,46.246766,49.166008,48.268489,48.31294,51.641704,45.376988,40.063216,39.836326,43.475534,47.237749
2026-01-05 15:00:00,25.495505,51.642053,52.04253,54.593898,36.946183,34.28451,43.278609,21.688379,46.061268,35.700001,42.233138,28.133334,25.0,25.0,25.0,25.0,25.0,25.0,25.0,25.0,25.0,25.0,25.0,25.0,25.0,58.473852,25.0,25.0,25.0,25.0,33.495001,45.042272,51.799999,40.799999,42.0775,49.320581,41.715431,48.473143,19.789366,48.39958,45.82531,47.559672,47.82466,51.376705,47.136531,39.97617,39.458898,45.259368,46.35163
2026-01-05 15:10:00,25.534831,51.035395,51.392961,57.849532,39.17625,33.264171,44.223524,21.688379,47.014873,36.431576,43.518798,28.200001,25.0,25.0,25.0,25.0,25.0,25.0,25.0,25.0,25.0,25.0,25.0,25.0,25.0,57.019289,25.0,25.0,25.0,25.0,34.357793,46.709393,42.0,39.200001,42.025,51.952393,42.34362,48.998557,19.789366,45.246553,43.369353,53.193655,46.587537,52.000969,43.488377,40.989219,38.904101,46.722132,48.167394
2026-01-05 15:20:00,25.554494,49.722771,49.96754,57.500967,39.103925,33.491778,44.999669,21.688379,45.495107,36.31015,43.561688,29.074649,25.0,25.0,25.0,25.0,25.0,25.0,25.0,25.0,25.0,25.0,25.0,25.0,25.0,56.154852,25.0,25.0,25.0,25.0,34.077594,46.193036,47.450001,39.26893,41.99875,52.010618,42.657715,51.275898,19.789366,46.051403,44.967175,52.16842,45.830988,53.22646,41.547215,38.771504,38.130861,46.712055,48.747301
2026-01-05 15:30:00,25.574157,48.729127,48.673068,56.648482,39.0316,33.719385,45.576631,21.688379,43.975342,36.188725,43.574221,29.892854,25.0,25.0,25.0,25.0,25.0,25.0,25.0,25.0,25.0,25.0,25.0,25.0,25.0,55.553722,25.0,25.0,25.0,25.0,33.797395,44.821997,52.900002,39.5,41.9725,52.027394,42.971809,54.506241,19.789366,47.441958,47.085698,49.530134,45.475053,54.072865,40.674119,36.553788,37.378352,46.677594,48.972578
2026-01-05 15:40:00,25.613483,48.652743,48.272039,54.445022,41.08181,32.473324,45.883123,21.688379,49.014511,37.618617,43.211835,29.591999,25.0,25.0,25.0,25.0,25.0,25.0,25.0,25.0,25.0,25.0,25.0,25.0,25.0,55.171917,25.0,25.0,25.0,25.0,35.126449,39.950976,48.5,44.099998,41.92,49.975167,43.599998,57.211282,19.789366,48.679863,47.856171,41.280015,45.946726,46.130009,41.963509,40.118906,36.879073,45.660651,48.091317
2026-01-05 15:50:00,25.633146,47.612903,47.112097,54.531392,41.559048,32.704581,45.356766,21.688379,47.704006,37.562936,43.222115,30.106301,25.0,25.0,25.0,25.0,25.0,25.0,25.0,25.0,25.0,25.0,25.0,25.0,25.0,58.786615,25.0,25.0,25.0,25.0,34.765925,43.994333,48.1187,44.919149,41.89375,48.408438,45.50928,52.502705,19.789366,48.808246,46.469289,41.221487,45.48402,44.624256,44.190656,42.129933,38.766037,45.92813,49.07065
2026-01-05 16:00:00,25.652809,46.637877,46.226889,54.806864,41.873257,33.310007,44.83041,21.688379,46.393502,37.507254,43.232395,30.620602,25.0,25.0,25.0,25.0,25.0,25.0,25.0,25.0,25.0,25.0,25.0,25.0,25.0,62.401313,25.0,25.0,25.0,25.0,34.246273,48.037689,48.0,45.200001,41.8675,46.783979,46.982699,47.794129,19.789366,48.848984,43.394793,41.204946,45.021315,44.102191,46.119043,43.05149,41.308708,46.483102,51.255058
2026-01-05 16:10:00,25.692134,47.652123,47.5617,57.769884,42.261004,35.338335,45.279795,21.688379,48.553828,39.625026,42.179406,30.11157,25.0,25.0,25.0,25.0,25.0,25.0,25.0,25.0,25.0,25.0,25.0,25.0,25.0,59.954113,25.0,25.0,25.0,25.0,33.985721,44.414348,49.900002,38.400002,41.815,44.449262,38.314016,54.394578,19.789366,47.878893,37.669514,44.728987,47.344037,48.382459,46.784415,42.239109,42.297477,47.326903,55.402516
2026-01-05 16:20:00,25.711797,47.077379,46.974948,58.424153,43.153945,35.511803,45.627022,21.688379,47.974207,39.550282,41.622913,31.22569,25.0,25.0,25.0,25.0,25.0,25.0,25.0,25.0,25.0,25.0,25.0,25.0,25.0,56.568324,25.0,25.0,25.0,25.0,34.400642,44.592495,48.5,38.661922,41.78875,44.277028,42.582998,50.750193,19.789366,49.306249,42.537443,42.896428,46.764933,52.507518,47.995541,41.955802,41.790806,46.708022,55.927631
2026-01-05 16:30:00,25.73146,46.291995,46.250269,58.657769,44.286177,35.565735,45.859048,21.688379,47.394587,39.475537,41.113018,32.627079,25.0,25.0,25.0,25.0,25.0,25.0,25.0,25.0,25.0,25.0,25.0,25.0,25.0,54.467766,25.0,25.0,25.0,25.0,34.922566,44.770642,47.099998,39.5,41.7625,44.224198,46.85198,47.105809,19.789366,50.733605,47.405371,41.063868,45.742444,54.773064,48.813878,41.676048,41.179646,46.089141,56.098443
2026-01-05 16:40:00,25.770786,45.969031,46.061772,53.620479,45.299246,34.954995,45.949705,21.688379,49.266852,40.354465,40.347108,33.027576,25.0,25.0,25.0,25.0,25.0,25.0,25.0,25.0,25.0,25.0,25.0,25.0,25.0,55.118378,25.0,25.0,25.0,25.0,35.07175,43.751981,49.299999,48.799999,41.71,45.829165,35.917055,55.808029,19.789366,48.156687,43.380825,48.781664,44.77236,44.956252,46.739425,40.905346,41.040409,49.108481,53.002928
2026-01-05 16:50:00,25.790449,44.744437,44.668457,53.888827,45.493791,35.071696,46.034644,21.688379,50.589131,39.841716,40.861677,32.82069,25.0,25.0,25.0,25.0,25.0,25.0,25.0,25.0,25.0,25.0,25.0,25.0,25.0,56.90993,25.0,25.0,25.0,25.0,34.389492,40.74031,52.977755,44.699999,41.68375,51.906084,32.737871,58.594238,19.789366,45.55029,42.827179,48.818671,43.405871,43.175898,46.933464,41.905399,40.55486,47.118106,52.355344
2026-01-05 17:00:00,25.810112,43.447685,43.299931,54.157175,45.717646,35.424845,46.080843,21.688379,51.845911,39.003823,41.376247,32.488254,25.0,25.0,25.0,25.0,25.0,25.0,25.0,25.0,25.0,25.0,25.0,25.0,25.0,58.261609,25.0,25.0,25.0,25.0,33.610269,38.430476,55.400002,40.599998,41.6575,56.812261,31.531237,59.677287,19.789366,42.581311,42.344319,48.855082,42.553136,42.563527,47.520451,42.905452,39.691755,45.127732,52.126593
2026-01-05 17:10:00,25.849438,43.00071,43.144732,54.099998,48.69952,37.918589,45.923094,21.688379,53.408379,38.372262,37.767863,32.250261,25.0,25.0,25.0,25.0,25.0,25.0,25.0,25.0,25.0,25.0,25.0,25.0,25.0,54.982202,25.0,25.0,25.0,25.0,33.488123,47.500641,53.400002,49.0,41.605,52.920663,41.769459,42.546364,19.789366,38.478469,40.501081,51.065626,44.308779,52.080866,51.656338,34.97516,38.196781,45.989009,54.634552
2026-01-05 17:20:00,25.869101,42.282222,42.386565,52.038862,48.300756,37.530609,45.618084,21.688379,53.446903,38.103,35.766972,32.660578,25.0,25.0,25.0,25.0,25.0,25.0,25.0,25.0,25.0,25.0,25.0,25.0,25.0,54.302951,25.0,25.0,25.0,25.0,33.816613,49.643804,50.734,45.96047,41.57875,49.539149,43.02794,47.421177,19.789366,41.343189,42.014471,48.720389,46.476413,52.901769,48.992361,34.948862,39.401812,43.121264,52.957693
2026-01-05 17:30:00,25.888764,41.601706,41.554668,49.616664,47.370751,36.897235,45.408337,21.688379,53.485577,37.891595,34.855092,33.070895,25.0,25.0,25.0,25.0,25.0,25.0,25.0,25.0,25.0,25.0,25.0,25.0,25.0,53.609822,25.0,25.0,25.0,25.0,34.390628,50.419889,49.099998,41.599998,41.5525,47.747099,43.435696,53.18616,19.789366,46.398844,43.52786,46.375151,48.714222,53.252124,43.104745,34.941466,40.606843,40.253518,50.793229
2026-01-05 17:40:00,25.92809,41.244533,41.278425,49.070301,45.330037,36.421278,46.350105,21.688379,55.258801,37.631879,36.490838,32.966015,25.0,25.0,25.0,25.0,25.0,25.0,25.0,25.0,25.0,25.0,25.0,25.0,25.0,49.937608,25.0,25.0,25.0,25.0,34.91895,48.976988,50.049999,39.449999,41.5,52.208773,43.3531,54.348054,19.789366,51.188737,42.449861,47.576682,50.689145,53.451863,32.245564,37.976332,34.426102,42.544871,50.093552
2026-01-05 17:50:00,25.947752,40.929238,40.8974,48.649267,45.483805,37.581487,46.159942,21.688379,54.740318,37.813813,36.193266,32.977976,25.0,25.0,25.0,25.0,25.0,25.0,25.0,25.0,25.0,25.0,25.0,25.0,25.0,51.499964,25.0,25.0,25.0,25.0,35.245036,49.828515,50.689423,38.002884,40.483779,52.365406,41.223222,56.844479,19.789366,51.021176,38.577285,48.039377,50.936402,47.154427,30.586489,35.814716,36.451054,41.893563,51.296387
2026-01-05 18:00:00,25.967415,40.487323,40.349111,48.435159,45.637574,38.741696,45.969779,21.688379,53.109896,37.995746,35.895694,33.019844,25.0,25.0,25.0,25.0,25.0,25.0,25.0,25.0,25.0,25.0,25.0,25.0,25.0,53.06232,25.0,25.0,25.0,25.0,35.654747,50.680043,51.0,37.299999,38.56685,52.411274,39.165406,59.178505,19.789366,50.495908,35.110466,48.228319,51.13157,40.243288,29.533951,33.6531,38.476005,41.242255,52.499222
2026-01-05 18:10:00,26.006741,39.22458,39.306217,48.742787,41.862865,38.076639,46.018204,21.688379,37.685394,35.064734,36.078189,35.738163,25.0,25.0,25.0,25.0,25.0,25.0,25.0,25.0,25.0,25.0,25.0,25.0,25.0,49.136161,25.0,25.0,25.0,25.0,36.941345,49.593551,46.599998,43.799999,36.099171,45.62833,43.573652,60.02079,19.789366,45.657192,34.645675,47.15196,51.687624,39.5,28.046985,36.709982,36.545734,42.821429,50.566896
2026-01-05 18:20:00,26.026404,39.239061,39.125648,48.036889,41.795228,37.995258,45.675782,21.688379,40.464926,33.587296,35.129609,34.719579,25.0,25.0,25.0,25.0,25.0,25.0,25.0,25.0,25.0,25.0,25.0,25.0,25.0,49.480386,25.0,25.0,25.0,25.0,36.740436,49.32059,44.005903,42.449999,35.100056,43.117164,43.919054,55.424009,19.789366,46.411938,35.29625,46.247309,51.066734,42.041774,27.53836,37.329299,37.266173,42.366835,50.98178
2026-01-05 18:30:00,26.046067,39.253541,38.923787,46.600829,41.775845,37.912107,44.67395,21.688379,45.448041,32.553983,33.792859,33.700994,25.0,25.0,25.0,25.0,25.0,25.0,25.0,25.0,25.0,25.0,25.0,25.0,25.0,49.82461,25.0,25.0,25.0,25.0,36.539527,49.220424,42.799999,41.099998,34.426929,41.67613,44.200001,50.827227,19.789366,47.77785,36.428749,45.773352,49.672229,45.485728,27.01467,37.546711,37.986612,41.310866,51.396665
2026-01-05 18:40:00,26.085393,36.537697,36.430452,44.541625,43.964576,37.11913,38.946761,21.688379,50.390937,31.756954,33.174985,35.141473,25.0,25.0,25.0,25.0,25.0,25.0,25.0,25.0,25.0,25.0,25.0,25.0,25.0,46.844759,25.0,25.0,25.0,25.0,37.612565,50.513984,53.200001,51.5,33.849389,40.845356,45.288522,51.816517,19.789366,49.170395,37.459476,47.675561,46.965724,46.855064,25.327764,35.32745,34.498393,39.024428,50.735265
2026-01-05 18:50:00,26.105056,35.881581,35.79784,43.610918,42.04895,37.606722,41.061675,21.688379,43.904484,31.760008,34.113034,35.117775,25.0,25.0,25.0,25.0,25.0,25.0,25.0,25.0,25.0,25.0,25.0,25.0,25.0,46.189143,25.0,25.0,25.0,25.0,37.132108,48.093418,52.75,50.4,33.095493,40.85574,39.574473,52.437324,19.789366,48.989874,37.099213,46.033459,47.31145,43.765515,24.345862,34.703737,33.982458,39.731961,49.118204
2026-01-05 19:00:00,26.124719,35.307242,35.236772,43.212841,40.133324,38.094314,43.176589,21.688379,36.046869,31.763063,35.051084,35.094076,25.0,25.0,25.0,25.0,25.0,25.0,25.0,25.0,25.0,25.0,25.0,25.0,25.0,45.596299,25.0,25.0,25.0,25.0,36.100739,45.672852,52.299999,49.299999,32.263897,40.889949,31.896917,53.26576,19.789366,48.428281,36.738951,44.391356,47.657177,40.675966,23.768169,34.468919,33.494983,40.439493,47.933222
2026-01-05 19:10:00,26.164045,33.806607,33.76809,43.28495,42.625221,36.688498,33.685203,21.688379,34.211446,30.493086,33.626976,36.838266,25.0,25.0,25.0,25.0,25.0,25.0,25.0,25.0,25.0,25.0,25.0,25.0,25.0,43.748492,25.0,25.0,25.0,25.0,34.362609,46.638686,52.599998,50.900002,31.435463,41.417433,28.946069,56.416882,19.789366,43.56833,38.091412,46.135903,46.216423,41.034793,23.564228,34.792988,31.029937,33.582073,47.934399
2026-01-05 19:20:00,26.183707,33.534747,33.525449,42.37275,41.867483,36.370605,29.893967,21.688379,36.710236,29.640565,33.419604,36.842556,25.0,25.0,25.0,25.0,25.0,25.0,25.0,25.0,25.0,25.0,25.0,25.0,25.0,43.785911,25.0,25.0,25.0,25.0,34.08196,44.871405,53.243987,52.505733,30.877807,43.84157,31.60428,53.359133,19.789366,43.603193,38.416523,46.859551,44.54114,41.024845,23.305544,34.594074,32.742047,35.138515,47.501529
2026-01-05 19:30:00,26.20337,33.276106,33.289447,40.554936,39.970698,36.06875,27.009712,21.688379,39.209027,28.715582,33.227253,36.843762,25.0,25.0,25.0,25.0,25.0,25.0,25.0,25.0,25.0,25.0,25.0,25.0,25.0,43.82333,25.0,25.0,25.0,25.0,33.860565,41.178926,53.700001,53.400002,30.406471,45.866664,34.26249,47.825176,19.789366,43.724135,38.534686,47.161357,42.447133,40.990506,22.99506,34.045244,34.454157,36.694957,46.340259
2026-01-05 19:40:00,26.242696,32.135793,32.045628,38.102298,34.634229,34.977762,23.553004,21.688379,38.083692,27.007788,32.320759,34.267338,25.0,25.0,25.0,25.0,25.0,25.0,25.0,25.0,25.0,25.0,25.0,25.0,25.0,40.767602,25.0,25.0,25.0,25.0,33.309327,35.446005,48.5,46.599998,29.952435,44.546737,31.439949,42.182879,19.789366,49.093424,33.173241,45.623807,39.233924,39.692013,22.6,31.731962,33.592076,36.110049,42.02818
2026-01-05 19:50:00,26.262359,30.905735,30.878491,37.549451,33.536285,34.349165,22.196935,21.688379,37.246501,25.93512,32.104457,33.647901,25.0,25.0,25.0,25.0,25.0,25.0,25.0,25.0,25.0,25.0,25.0,25.0,25.0,39.44985,25.0,25.0,25.0,25.0,34.241539,33.777749,47.254667,40.53979,29.592033,42.044346,31.794605,37.690515,19.789366,48.102662,33.631702,44.257691,40.551359,39.098834,22.444562,30.73869,33.201346,35.374816,40.165022
2026-01-05 20:00:00,26.282022,29.349134,29.430949,36.934888,32.473456,33.465241,21.269151,21.688379,36.009437,24.678863,31.87393,32.97661,25.0,25.0,25.0,25.0,25.0,25.0,25.0,25.0,25.0,25.0,25.0,25.0,25.0,38.259848,25.0,25.0,25.0,25.0,35.173751,32.92504,46.0,37.299999,29.067129,38.826609,32.149261,35.380299,19.789366,45.620792,34.090162,42.783708,41.868795,38.340953,22.247971,30.200001,32.744797,34.473689,38.548751
2026-01-05 20:10:00,26.321348,26.692741,26.732319,32.271698,27.973868,28.650953,20.415035,21.688379,30.574828,21.585666,30.592385,28.953574,25.0,25.0,25.0,25.0,25.0,25.0,25.0,25.0,25.0,25.0,25.0,25.0,25.0,36.178732,25.0,25.0,25.0,25.0,32.644349,32.507991,40.599998,38.700001,27.093208,35.364513,30.414416,39.739558,19.789366,38.619565,32.771775,40.768571,34.748119,34.423531,21.0,29.990198,31.089932,33.253289,36.010147
2026-01-05 20:20:00,26.341011,25.165648,25.222529,30.393649,27.190731,26.532659,20.340118,21.688379,28.644896,19.710444,29.695976,28.17655,25.0,25.0,25.0,25.0,25.0,25.0,25.0,25.0,25.0,25.0,25.0,25.0,25.0,35.277257,25.0,25.0,25.0,25.0,32.099638,32.337766,38.849545,38.470487,26.446664,34.364889,29.936471,40.339624,19.789366,38.378202,32.353411,38.865914,28.532158,32.476973,20.616005,29.651545,29.858826,32.213664,34.930157
2026-01-05 20:30:00,26.360674,23.867664,23.93238,29.200001,26.589772,24.698489,20.299999,21.688379,26.91893,17.988488,28.561782,27.492388,25.0,25.0,25.0,25.0,25.0,25.0,25.0,25.0,25.0,25.0,25.0,25.0,25.0,34.359703,25.0,25.0,25.0,25.0,31.799999,32.110234,37.299999,37.799999,25.898401,33.585848,29.553547,40.537104,19.789366,38.140231,31.91329,36.154664,25.232737,31.139251,20.224972,29.18393,29.048107,31.014329,33.890011
2026-01-05 20:40:00,26.4,22.384401,22.398074,28.328317,25.26618,21.878045,20.255068,21.688379,23.421813,15.709937,25.445315,25.340942,25.0,25.0,25.0,25.0,25.0,25.0,25.0,25.0,25.0,25.0,25.0,25.0,25.0,32.128789,25.0,25.0,25.0,25.0,31.561374,30.240057,34.0,34.0,24.870163,32.299229,28.848855,38.079677,19.789366,32.852355,30.252652,28.631361,29.081203,30.143649,18.87086,28.492856,28.731889,28.978354,31.694375
2026-01-05 20:50:00,26.419663,21.670173,21.688703,27.18892,24.366003,21.233739,20.065552,21.688379,22.115262,15.16322,24.670494,23.82438,25.0,25.0,25.0,25.0,25.0,25.0,25.0,25.0,25.0,25.0,25.0,25.0,25.0,30.956544,25.0,25.0,25.0,25.0,31.262561,29.409316,32.568595,31.872497,24.268185,31.590314,27.835328,37.988764,19.789366,30.846952,29.157151,27.35154,32.99188,30.086642,18.875665,28.292072,28.242745,28.101701,30.847458
2026-01-05 21:00:00,26.439325,21.013536,21.0352,25.700842,23.52675,20.675631,19.90951,21.688379,21.240463,14.804461,24.109554,22.305619,25.0,25.0,25.0,25.0,25.0,25.0,25.0,25.0,25.0,25.0,25.0,25.0,25.0,29.904185,25.0,25.0,25.0,25.0,30.866822,28.636735,31.299999,30.200001,23.778115,30.902469,26.55072,37.897608,19.789366,29.354042,28.025048,26.916181,35.179166,30.056734,18.891012,28.078985,27.56786,27.246969,30.235742
2026-01-05 21:10:00,26.478651,19.926732,19.905428,23.408041,22.495642,19.202662,19.96839,21.688379,20.447878,14.374012,23.261038,20.143014,25.0,25.0,25.0,25.0,25.0,25.0,25.0,25.0,25.0,25.0,25.0,25.0,25.0,28.396441,25.0,25.0,25.0,25.0,30.208007,27.214647,29.200001,28.6,23.286173,29.750208,24.872446,35.294287,19.789366,27.586461,26.155479,27.000434,31.976674,30.021425,19.058088,27.159238,26.535358,25.400904,29.575724
2026-01-05 21:20:00,26.498314,19.674629,19.65379,22.878953,22.149492,18.814155,19.967639,21.688379,19.778692,14.118836,22.762281,19.522399,25.0,25.0,25.0,25.0,25.0,25.0,25.0,25.0,25.0,25.0,25.0,25.0,25.0,27.821346,25.0,25.0,25.0,25.0,29.896055,26.582855,28.808223,28.292861,23.136465,29.046679,23.870401,33.958265,19.789366,26.559685,24.840028,26.03834,29.446842,29.595651,19.469871,26.672551,25.967092,24.99752,29.423026
2026-01-05 21:30:00,26.517977,19.448779,19.431525,22.422885,21.9,18.512866,19.964987,21.688379,19.079193,14.0,22.297304,19.228361,25.0,25.0,25.0,25.0,25.0,25.0,25.0,25.0,25.0,25.0,25.0,25.0,25.0,27.378492,25.0,25.0,25.0,25.0,29.56585,25.986527,28.5,28.05,23.032822,28.314201,22.764253,32.543703,19.789366,25.570948,23.974166,24.867076,27.198999,28.74958,19.772241,26.234302,25.405959,24.616908,29.28057
2026-01-05 21:40:00,26.557303,18.79388,18.796003,21.245928,21.6,17.988496,19.664242,21.688379,18.15134,14.0,21.638139,19.122561,25.0,25.0,25.0,25.0,25.0,25.0,25.0,25.0,25.0,25.0,25.0,25.0,25.0,26.809065,25.0,25.0,25.0,25.0,28.743709,24.844146,27.799999,27.5,22.911771,26.979213,20.338879,29.307961,19.789366,24.029252,23.607649,24.585604,25.101898,27.395981,19.107314,25.605648,24.420227,23.232313,28.80654
2026-01-05 21:50:00,26.576966,18.7112,18.720158,20.811073,21.427051,17.614305,19.558012,21.688379,17.660781,13.956662,21.292972,18.676191,25.0,25.0,25.0,25.0,25.0,25.0,25.0,25.0,25.0,25.0,25.0,25.0,25.0,26.418519,25.0,25.0,25.0,25.0,28.393185,24.532768,27.521654,27.094643,22.818762,26.55305,19.289003,27.39166,19.789366,23.650516,23.459051,24.265427,24.227118,26.75362,19.00869,25.260454,24.017542,22.704019,28.635813
2026-01-05 22:00:00,26.596629,18.651166,18.662158,20.478423,21.347236,17.207994,19.455896,21.688379,17.440583,13.862771,21.138506,18.075706,25.0,25.0,25.0,25.0,25.0,25.0,25.0,25.0,25.0,25.0,25.0,25.0,25.0,25.941767,25.0,25.0,25.0,25.0,28.027876,24.307244,27.299999,26.700001,22.700001,26.243405,18.543258,25.8664,19.789366,23.31058,23.286195,23.842459,23.679932,26.235709,18.924305,24.963917,23.672847,22.221245,28.470872
2026-01-05 22:10:00,26.635955,18.518462,18.509066,20.04666,21.635654,16.502471,19.200001,21.688379,17.525101,13.7,21.4,17.637854,25.0,25.0,25.0,25.0,25.0,25.0,25.0,25.0,25.0,25.0,25.0,25.0,25.0,24.740781,25.0,25.0,25.0,25.0,27.058076,23.986547,27.0,26.200001,22.4,25.848069,17.847941,24.440214,19.789366,22.363068,22.573517,23.074133,23.312,25.616799,18.637475,24.6,23.123285,21.246906,28.058942
2026-01-05 22:20:00,26.655618,18.413989,18.401035,19.872209,21.617827,15.944302,19.069191,21.688379,17.808771,13.762292,21.4,17.343145,25.0,25.0,25.0,25.0,25.0,25.0,25.0,25.0,25.0,25.0,25.0,25.0,25.0,24.466382,25.0,25.0,25.0,25.0,27.121879,24.287977,27.0,25.988636,22.450904,25.663059,17.707004,23.994125,19.789366,21.995291,22.707215,22.756587,22.983241,25.408352,18.766137,24.505448,22.944244,21.229074,27.845679
2026-01-05 22:30:00,26.675281,18.25599,18.245902,19.799999,21.6,15.657888,18.947199,21.688379,18.078527,13.824585,21.4,17.200001,25.0,25.0,25.0,25.0,25.0,25.0,25.0,25.0,25.0,25.0,25.0,25.0,25.0,24.255124,25.0,25.0,25.0,25.0,27.185682,24.589406,27.0,25.9,22.501807,25.5,17.6,23.652962,19.789366,21.686249,22.840912,22.481784,22.737809,25.230623,18.894799,24.423121,22.741885,21.211405,27.554499
2026-01-05 22:40:00,26.714606,17.557863,17.586889,20.078008,21.754523,15.956136,18.74914,21.688379,18.140365,13.7,21.053734,17.328236,25.0,25.0,25.0,25.0,25.0,25.0,25.0,25.0,25.0,25.0,25.0,25.0,25.0,23.857462,25.0,25.0,25.0,25.0,26.812372,24.572231,27.0,25.9,22.4,25.251781,17.390827,23.147863,19.789366,21.195481,22.655813,22.035558,22.619307,24.9,18.771649,24.223035,21.750549,20.503609,25.88623
2026-01-05 22:50:00,26.734269,17.326733,17.352996,20.151926,21.94987,16.12845,18.720747,21.688379,18.140155,13.652996,20.856313,17.392354,25.0,25.0,25.0,25.0,25.0,25.0,25.0,25.0,25.0,25.0,25.0,25.0,25.0,23.811834,25.0,25.0,25.0,25.0,26.823509,24.39507,26.818877,25.65,22.313555,25.266481,17.242021,23.123856,19.789366,20.987358,22.521769,22.129662,22.659654,24.922068,18.778385,23.841633,21.701658,20.144251,25.340899
2026-01-05 23:00:00,26.753932,17.116669,17.134833,20.179399,22.168175,16.208026,18.700001,21.688379,18.139406,13.589647,20.61364,17.456471,25.0,25.0,25.0,25.0,25.0,25.0,25.0,25.0,25.0,25.0,25.0,25.0,25.0,23.769411,25.0,25.0,25.0,25.0,26.834646,24.033245,26.5,25.4,22.231415,25.28118,17.1,23.1,19.789366,20.9,22.455033,22.223767,22.700001,24.9446,18.799999,23.456069,21.668543,19.984985,24.9
2026-01-05 23:10:00,26.793258,16.643171,16.636751,20.133059,22.4,15.642011,18.655969,21.688379,17.656554,12.917224,19.830367,17.584707,25.0,25.0,25.0,25.0,25.0,25.0,25.0,25.0,25.0,25.0,25.0,25.0,25.0,23.529022,25.0,25.0,25.0,25.0,26.642254,23.386271,26.200001,25.4,22.146582,25.172608,16.922851,22.6438,19.789366,20.9,23.046749,22.08688,22.4,24.945124,19.046366,23.246566,21.588763,20.171383,24.170691
2026-01-05 23:20:00,26.812921,16.603534,16.616872,19.973516,22.222895,15.422961,18.534193,21.688379,17.3316,12.687934,19.631064,17.648824,25.0,25.0,25.0,25.0,25.0,25.0,25.0,25.0,25.0,25.0,25.0,25.0,25.0,23.449702,25.0,25.0,25.0,25.0,26.427499,23.152593,26.110805,25.65,22.173291,25.094212,16.737273,22.756216,19.789366,20.9,23.022006,21.867372,22.4,24.946264,18.880793,23.373283,21.332248,20.149318,24.391373
2026-01-05 23:30:00,26.832584,16.567081,16.597765,19.847093,21.855897,15.202446,18.442223,21.688379,17.173772,12.59734,19.486216,17.712942,25.0,25.0,25.0,25.0,25.0,25.0,25.0,25.0,25.0,25.0,25.0,25.0,25.0,23.348312,25.0,25.0,25.0,25.0,26.13689,22.94098,26.0,25.9,22.200001,25.0,16.6,22.996994,19.789366,20.9,22.964878,21.51305,22.4,24.947074,18.715221,23.5,21.131855,20.094207,24.670288
2026-01-05 23:40:00,26.87191,16.327582,16.324457,20.222114,21.299999,14.620898,18.576373,21.688379,17.36952,12.659668,19.268305,17.841177,25.0,25.0,25.0,25.0,25.0,25.0,25.0,25.0,25.0,25.0,25.0,25.0,25.0,22.35981,25.0,25.0,25.0,25.0,25.562053,22.503621,24.9,25.700001,22.059481,24.786331,16.549079,23.4,19.789366,20.9,22.84362,20.700001,22.4,24.563145,18.766358,23.034246,21.133594,19.940424,24.751903
2026-01-05 23:50:00,26.891573,16.638651,16.62869,20.094493,21.299999,14.848346,18.472324,21.688379,17.343909,12.714015,19.087843,17.905295,25.0,25.0,25.0,25.0,25.0,25.0,25.0,25.0,25.0,25.0,25.0,25.0,25.0,22.120962,25.0,25.0,25.0,25.0,25.084057,22.362786,25.05,25.506452,21.976298,24.866688,16.429217,23.549328,19.789366,20.9,22.885028,20.700001,22.67248,24.178687,18.591797,22.993037,21.367576,19.840175,24.880531
2026-01-06 00:00:00,26.911236,16.94972,16.932923,19.799117,21.299999,15.155221,18.285632,21.688379,17.264655,12.779322,18.861792,17.969413,25.0,25.0,25.0,25.0,25.0,25.0,25.0,25.0,25.0,25.0,25.0,25.0,25.0,21.9,25.0,25.0,25.0,25.0,24.834549,22.213449,25.200001,25.4,21.85804,25.075658,16.299999,23.609659,19.789366,20.9,22.926436,20.700001,22.959377,23.762384,18.417236,22.951623,21.6,19.739676,24.96372
2026-01-06 00:10:00,26.950561,16.836861,16.837953,19.167175,21.595248,15.275173,18.1,21.688379,16.606696,12.9,18.366259,18.097648,25.0,25.0,25.0,25.0,25.0,25.0,25.0,25.0,25.0,25.0,25.0,25.0,25.0,21.21119,25.0,25.0,25.0,25.0,25.361575,21.64236,24.9,25.4,21.211638,25.757007,16.22899,22.802437,19.789366,20.9,22.500327,20.700001,22.976166,23.252185,18.529975,22.461935,21.268644,19.584514,24.348474
2026-01-06 00:20:00,26.970224,16.806907,16.816652,19.079003,21.598948,14.81017,18.1,21.688379,16.575998,12.614238,18.277348,18.161765,25.0,25.0,25.0,25.0,25.0,25.0,25.0,25.0,25.0,25.0,25.0,25.0,25.0,20.683601,25.0,25.0,25.0,25.0,25.742262,21.384637,24.75,25.4,21.188863,25.880147,16.264494,22.61242,19.789366,20.730583,22.060834,20.700001,22.753427,22.870317,18.570416,22.222448,21.028271,19.590901,24.160093
2026-01-06 00:30:00,26.989887,16.769964,16.790587,19.0,21.6,14.080214,18.1,21.688379,16.546792,12.038635,18.200001,18.225883,25.0,25.0,25.0,25.0,25.0,25.0,25.0,25.0,25.0,25.0,25.0,25.0,25.0,20.346755,25.0,25.0,25.0,25.0,25.93163,21.212115,24.6,25.4,21.182192,25.922477,16.299999,22.481327,19.789366,20.457482,21.813762,20.700001,22.4,22.678049,18.586612,22.1,20.79079,19.601747,23.956208
2026-01-06 00:40:00,27.029213,16.317694,16.317207,18.668034,20.975917,13.594276,18.008787,21.688379,16.2026,11.237119,17.954036,18.354118,25.0,25.0,25.0,25.0,25.0,25.0,25.0,25.0,25.0,25.0,25.0,25.0,25.0,20.237545,25.0,25.0,25.0,25.0,25.601994,21.080969,24.299999,25.1,21.299999,25.88667,16.155008,22.299999,19.789366,20.260028,21.996404,20.434592,22.156668,22.753082,18.049502,22.072289,20.473407,19.610922,23.059334
2026-01-06 00:50:00,27.048876,16.165775,16.185079,18.414113,20.797785,13.565625,18.054394,21.688379,15.907418,11.096115,17.826143,18.418236,25.0,25.0,25.0,25.0,25.0,25.0,25.0,25.0,25.0,25.0,25.0,25.0,25.0,20.254376,25.0,25.0,25.0,25.0,25.364416,20.807567,24.316345,25.044032,21.255392,25.779637,16.091615,22.421354,19.789366,20.032877,22.14968,20.268549,22.199952,22.788522,18.234528,21.976226,20.238119,19.426953,23.407745
2026-01-06 01:00:00,27.068539,16.039026,16.069845,18.236695,20.730474,13.536441,18.1,21.688379,15.542901,11.047873,17.690224,18.482354,25.0,25.0,25.0,25.0,25.0,25.0,25.0,25.0,25.0,25.0,25.0,25.0,25.0,20.299999,25.0,25.0,25.0,25.0,25.12731,20.61552,24.349999,25.0,21.210785,25.633685,16.064767,22.54271,19.789366,19.752399,22.335913,20.189842,22.324039,22.831428,18.490207,21.9,19.999918,19.002125,24.021521
2026-01-06 01:10:00,27.107865,15.816092,15.803895,18.153169,20.800734,12.888751,18.031944,21.688379,14.804083,11.252272,17.380265,18.610589,25.0,25.0,25.0,25.0,25.0,25.0,25.0,25.0,25.0,25.0,25.0,25.0,25.0,20.47736,25.0,25.0,25.0,25.0,24.799999,20.712013,24.4,24.9,21.299999,25.5,16.248129,22.541215,19.789366,19.331193,22.705303,20.200001,22.957558,22.99965,18.6,21.9,19.668313,18.1,24.6
2026-01-06 01:20:00,27.127528,15.622972,15.608021,18.08642,20.864041,12.77123,18.021372,21.688379,14.600084,11.106983,17.390132,18.674707,25.0,25.0,25.0,25.0,25.0,25.0,25.0,25.0,25.0,25.0,25.0,25.0,25.0,20.53365,25.0,25.0,25.0,25.0,24.478059,20.56311,24.301923,25.215625,21.412962,25.370349,16.219664,22.654116,19.789366,19.330971,22.632741,20.05,23.174564,23.228861,18.520435,21.903679,19.559603,17.876539,24.456032
2026-01-06 01:30:00,27.147191,15.427339,15.42253,18.007747,20.966255,12.7,18.017829,21.688379,14.427521,10.786621,17.4,18.738824,25.0,25.0,25.0,25.0,25.0,25.0,25.0,25.0,25.0,25.0,25.0,25.0,25.0,20.555483,25.0,25.0,25.0,25.0,24.299999,20.414206,24.1,25.700001,21.48103,25.182826,16.149673,22.767017,19.789366,19.330749,22.491542,19.9,23.291485,23.478052,18.342295,21.907358,19.461761,17.698666,24.210469
2026-01-06 01:40:00,27.186516,15.193904,15.203429,17.856485,21.445132,12.618043,18.07018,21.688379,14.059403,10.2,17.1,18.86706,25.0,25.0,25.0,25.0,25.0,25.0,25.0,25.0,25.0,25.0,25.0,25.0,25.0,20.185825,25.0,25.0,25.0,25.0,24.365435,20.657731,23.799999,26.0,21.35002,24.654549,15.965261,22.408558,19.789366,19.038256,22.313852,19.9,23.350132,23.707596,18.0,21.847568,19.245453,17.35157,24.0
2026-01-06 01:50:00,27.206179,15.075971,15.090598,17.814675,21.720485,12.199809,18.069964,21.688379,13.914622,10.2,17.1,18.931177,25.0,25.0,25.0,25.0,25.0,25.0,25.0,25.0,25.0,25.0,25.0,25.0,25.0,19.945497,25.0,25.0,25.0,25.0,24.22426,20.783398,23.481122,25.901923,21.441115,24.426352,16.248718,22.35921,19.789366,19.131476,22.373611,19.887607,23.264571,23.993194,17.946118,21.704378,19.221038,17.112938,23.721839
2026-01-06 02:00:00,27.225842,14.976562,14.99205,17.798995,21.84745,11.806287,18.06921,21.688379,13.765739,10.2,17.1,18.995295,25.0,25.0,25.0,25.0,25.0,25.0,25.0,25.0,25.0,25.0,25.0,25.0,25.0,19.799999,25.0,25.0,25.0,25.0,23.967114,20.839377,23.299999,25.700001,21.545012,24.227445,16.532175,22.304544,19.789366,19.299999,22.5,19.848396,23.039133,24.314248,17.928021,21.6,19.194456,16.952665,23.284212
2026-01-06 02:10:00,27.265168,14.850859,14.85796,18.314496,21.439247,11.759184,18.020478,21.688379,13.353121,10.168903,16.782414,19.12353,25.0,25.0,25.0,25.0,25.0,25.0,25.0,25.0,25.0,25.0,25.0,25.0,25.0,19.751219,25.0,25.0,25.0,25.0,23.700001,20.707711,23.5,25.4,21.561117,23.911036,16.41747,21.331204,19.789366,19.471262,22.703583,19.45686,22.26363,24.665653,18.240061,21.740449,18.623785,16.87703,22.156335
2026-01-06 02:20:00,27.284831,14.74087,14.736954,18.107248,21.273417,11.662319,17.967463,21.688379,13.285207,9.756255,16.52863,19.187648,25.0,25.0,25.0,25.0,25.0,25.0,25.0,25.0,25.0,25.0,25.0,25.0,25.0,19.548119,25.0,25.0,25.0,25.0,23.50236,20.540598,23.439706,25.241625,21.480558,23.633406,16.1449,21.381348,19.789366,19.268858,22.728094,19.257038,21.859152,24.590947,18.592189,21.694042,18.606954,16.813273,21.458522
2026-01-06 02:30:00,27.304494,14.67186,14.668251,17.9,21.1,11.594535,17.923511,21.688379,13.226884,9.357806,16.274699,19.251765,25.0,25.0,25.0,25.0,25.0,25.0,25.0,25.0,25.0,25.0,25.0,25.0,25.0,19.328884,25.0,25.0,25.0,25.0,23.30105,20.320813,23.299999,25.1,21.4,23.435647,15.8,21.431492,19.789366,19.042759,22.736014,19.1,21.572943,24.407937,18.796318,21.647634,18.591252,16.779836,21.12896
2026-01-06 02:40:00,27.34382,14.656298,14.663237,18.011944,20.610189,12.140953,17.9,21.688379,13.038861,9.343914,15.956461,19.380001,25.0,25.0,25.0,25.0,25.0,25.0,25.0,25.0,25.0,25.0,25.0,25.0,25.0,19.252735,25.0,25.0,25.0,25.0,23.015833,19.966207,23.0,24.9,21.555302,23.353285,15.5,21.132721,19.789366,19.01356,21.975902,18.935859,21.352545,23.932117,18.6,21.829017,18.4,16.799999,21.24206
2026-01-06 02:50:00,27.363483,14.681841,14.704179,17.808662,20.499644,12.392806,17.9,21.688379,12.67101,9.303029,15.69297,19.444118,25.0,25.0,25.0,25.0,25.0,25.0,25.0,25.0,25.0,25.0,25.0,25.0,25.0,19.276367,25.0,25.0,25.0,25.0,22.950634,19.971224,22.956701,24.868288,21.588306,23.226882,15.437829,20.817381,19.789366,18.889887,21.991621,18.956118,21.352762,23.986643,18.372307,21.808314,18.4,16.65,20.930634
2026-01-06 03:00:00,27.383146,14.742178,14.774292,17.447799,20.396876,12.501163,17.9,21.688379,12.417195,9.267692,15.533062,19.508236,25.0,25.0,25.0,25.0,25.0,25.0,25.0,25.0,25.0,25.0,25.0,25.0,25.0,19.299999,25.0,25.0,25.0,25.0,22.9,19.976241,22.924,24.844,21.6,23.1,15.415908,20.6387,19.789366,18.700001,22.040408,18.976376,21.353529,24.146224,18.11312,21.743479,18.4,16.5,20.426927
2026-01-06 03:10:00,27.422472,14.880402,14.835098,17.1,20.051943,11.733058,17.9,21.688379,12.757642,9.262611,15.5,19.636471,25.0,25.0,25.0,25.0,25.0,25.0,25.0,25.0,25.0,25.0,25.0,25.0,25.0,19.162499,25.0,25.0,25.0,25.0,22.80244,19.61951,22.848,24.788,21.581326,23.016403,15.484367,21.287912,19.789366,18.5,22.455025,18.960818,21.469842,25.060212,17.799999,21.151203,18.352788,16.5,20.058975
2026-01-06 03:20:00,27.442134,14.81748,14.792012,17.030297,19.991494,11.647744,17.9,21.688379,12.595581,9.14545,15.337352,19.700589,25.0,25.0,25.0,25.0,25.0,25.0,25.0,25.0,25.0,25.0,25.0,25.0,25.0,19.093749,25.0,25.0,25.0,25.0,22.75366,19.511159,22.81,24.76,21.571988,22.974605,15.518597,21.753899,19.789366,18.604305,22.207664,18.780308,21.697501,25.535476,17.799999,20.878978,18.376394,16.5,20.235885
2026-01-06 03:30:00,27.461797,14.656153,14.672582,17.005878,19.952784,11.567374,17.9,21.688379,12.320334,9.032707,15.2,19.764707,25.0,25.0,25.0,25.0,25.0,25.0,25.0,25.0,25.0,25.0,25.0,25.0,25.0,19.024999,25.0,25.0,25.0,25.0,22.704879,19.406894,22.772,24.732,21.562651,22.932807,15.552827,22.095373,19.789366,18.708611,21.660811,18.453711,22.045469,25.747694,17.799999,20.682136,18.4,16.5,20.412795
2026-01-06 03:40:00,27.501123,14.158882,14.158029,17.096787,19.900426,11.068326,17.980223,21.688379,12.08738,9.348034,15.2,19.892942,25.0,25.0,25.0,25.0,25.0,25.0,25.0,25.0,25.0,25.0,25.0,25.0,25.0,18.887499,25.0,25.0,25.0,25.0,22.607319,19.104902,22.696,24.676,21.543976,22.84921,15.621286,22.299999,19.789366,18.547331,20.651242,18.052071,22.6223,25.246405,17.452835,20.5,18.4,16.5,19.918083
2026-01-06 03:50:00,27.520786,14.293351,14.278976,16.998394,19.815606,11.084163,17.958873,21.688379,12.187437,9.32184,15.094322,19.957059,25.0,25.0,25.0,25.0,25.0,25.0,25.0,25.0,25.0,25.0,25.0,25.0,25.0,18.818749,25.0,25.0,25.0,25.0,22.558539,19.134078,22.658,24.648,21.534639,22.807411,15.655516,22.361292,19.789366,18.458286,20.099598,17.893184,22.597228,25.300014,17.308176,20.482456,18.362604,16.543597,19.822108
2026-01-06 04:00:00,27.540449,14.463742,14.448293,16.9,19.760278,11.1,17.9,21.688379,12.412437,9.269767,14.845475,20.021177,25.0,25.0,25.0,25.0,25.0,25.0,25.0,25.0,25.0,25.0,25.0,25.0,25.0,18.749999,25.0,25.0,25.0,25.0,22.509759,19.163254,22.62,24.62,21.525302,22.765613,15.689746,22.384724,19.789366,18.368218,19.849375,17.752474,22.528623,25.353624,17.247765,20.465103,18.281692,16.587193,19.773471
2026-01-06 04:10:00,27.579775,14.514233,14.524661,16.931651,19.808241,11.072203,17.652566,21.688379,12.850811,9.2,14.281511,20.149412,25.0,25.0,25.0,25.0,25.0,25.0,25.0,25.0,25.0,25.0,25.0,25.0,25.0,18.612499,25.0,25.0,25.0,25.0,22.412199,18.897981,22.544,24.564,21.506627,22.682016,15.758206,22.125286,19.789366,18.200001,21.662811,17.5,22.250436,25.200001,17.436239,20.299999,18.14199,16.5,19.741122
2026-01-06 04:20:00,27.599438,14.449071,14.454816,16.914332,19.761554,11.039413,17.699528,21.688379,12.714287,9.136593,13.984319,20.21353,25.0,25.0,25.0,25.0,25.0,25.0,25.0,25.0,25.0,25.0,25.0,25.0,25.0,18.543749,25.0,25.0,25.0,25.0,22.363419,19.013875,22.506,24.536,21.49729,22.640217,15.792435,21.797182,19.789366,18.243464,22.264139,17.327268,22.324206,25.012768,17.468059,20.309184,18.238214,16.5,19.520513
2026-01-06 04:30:00,27.619101,14.32659,14.324876,16.859543,19.671959,11.020117,17.74649,21.688379,12.512683,9.03581,13.8,20.277648,25.0,25.0,25.0,25.0,25.0,25.0,25.0,25.0,25.0,25.0,25.0,25.0,25.0,18.474999,25.0,25.0,25.0,25.0,22.314639,19.132343,22.468,24.508,21.487952,22.598419,15.826665,21.547291,19.789366,18.286928,22.5,17.200001,22.5,24.820996,17.5,20.338514,18.4,16.5,19.200001
2026-01-06 04:40:00,27.658427,14.18721,14.181354,16.312918,19.563675,11.060502,17.6,21.688379,12.40276,8.6,13.707391,20.405883,25.0,25.0,25.0,25.0,25.0,25.0,25.0,25.0,25.0,25.0,25.0,25.0,25.0,18.337499,25.0,25.0,25.0,25.0,22.217079,19.13526,22.392,24.452,21.469278,22.514822,15.895125,21.469375,19.789366,17.9,21.802832,17.117945,22.914888,24.653164,17.692995,20.657607,18.532865,16.200001,18.959566
2026-01-06 04:50:00,27.67809,14.01614,13.997173,16.059157,19.540191,11.127848,17.6,21.688379,12.521303,8.622374,13.753696,20.470001,25.0,25.0,25.0,25.0,25.0,25.0,25.0,25.0,25.0,25.0,25.0,25.0,25.0,18.268749,25.0,25.0,25.0,25.0,22.168299,18.956701,22.354,24.424,21.45994,22.473024,15.929355,21.470519,19.789366,17.87482,21.663102,17.041769,23.19545,24.373446,17.645055,20.578803,18.486059,16.161422,18.841594
2026-01-06 05:00:00,27.697752,13.888013,13.870695,15.860737,19.531835,11.17217,17.6,21.688379,12.686988,8.644748,13.8,20.534118,25.0,25.0,25.0,25.0,25.0,25.0,25.0,25.0,25.0,25.0,25.0,25.0,25.0,18.199999,25.0,25.0,25.0,25.0,22.119519,18.778142,22.316,24.396,21.450603,22.431225,15.963584,21.47443,19.789366,17.867174,21.61415,16.92256,23.331937,24.189389,17.53743,20.5,18.36077,16.121816,18.789861
2026-01-06 05:10:00,27.737078,13.8492,13.85036,15.637222,19.535522,10.611888,17.69036,21.688379,12.76127,8.6,13.8,20.662354,25.0,25.0,25.0,25.0,25.0,25.0,25.0,25.0,25.0,25.0,25.0,25.0,25.0,18.0625,25.0,25.0,25.0,25.0,22.021959,18.854853,22.24,24.34,21.431928,22.347628,16.032044,21.588041,19.789366,17.945892,21.742497,16.453459,23.076025,24.970197,17.328834,21.1,17.9,15.751998,18.882333
2026-01-06 05:20:00,27.756741,13.804014,13.803459,15.843539,19.619363,10.82823,17.64518,21.688379,12.582251,8.6,13.8,20.726471,25.0,25.0,25.0,25.0,25.0,25.0,25.0,25.0,25.0,25.0,25.0,25.0,25.0,17.99375,25.0,25.0,25.0,25.0,21.973179,18.859089,22.202,24.312,21.422591,22.30583,16.066274,21.564283,19.789366,17.950668,21.90338,16.530125,23.032377,25.434583,17.414417,20.885468,17.907817,15.721229,18.788109
2026-01-06 05:30:00,27.776404,13.777542,13.769604,16.049855,19.700001,11.044571,17.6,21.688379,12.241976,8.6,13.8,20.790589,25.0,25.0,25.0,25.0,25.0,25.0,25.0,25.0,25.0,25.0,25.0,25.0,25.0,17.925,25.0,25.0,25.0,25.0,21.924399,18.86036,22.164,24.284,21.413254,22.264031,16.100504,21.5,19.789366,17.952111,22.0,16.702119,22.98633,25.651077,17.5,20.508959,17.931499,15.7,18.693886
2026-01-06 05:40:00,27.81573,13.830425,13.823485,15.943648,19.5,10.394475,17.6,21.688379,11.841997,8.243079,13.8,20.918824,25.0,25.0,25.0,25.0,25.0,25.0,25.0,25.0,25.0,25.0,25.0,25.0,25.0,17.7875,25.0,25.0,25.0,25.0,21.826839,18.745927,22.088,24.228,21.394579,22.180435,16.168963,21.252152,19.789366,17.9,21.64146,17.034727,22.618218,25.621301,17.425208,20.157995,18.1,15.652635,18.842969
2026-01-06 05:50:00,27.835393,13.73701,13.714204,15.802553,19.5,10.222482,17.6,21.688379,11.747233,8.27154,13.8,20.982942,25.0,25.0,25.0,25.0,25.0,25.0,25.0,25.0,25.0,25.0,25.0,25.0,25.0,17.71875,25.0,25.0,25.0,25.0,21.778059,18.654171,22.05,24.2,21.385242,22.138636,16.203193,21.03071,19.789366,17.938026,21.450217,17.004954,22.642498,25.320503,17.406333,20.047421,18.1,15.813442,18.764288
2026-01-06 06:00:00,27.855056,13.599679,13.576284,15.622131,19.5,10.158631,17.6,21.688379,11.654528,8.3,13.8,21.047059,25.0,25.0,25.0,25.0,25.0,25.0,25.0,25.0,25.0,25.0,25.0,25.0,25.0,17.65,25.0,25.0,25.0,25.0,21.729279,18.60687,22.012,24.172,21.375904,22.096838,16.237423,20.912224,19.789366,18.041255,21.242382,16.975182,22.666778,24.942446,17.38314,19.950426,18.1,16.154714,18.59022
2026-01-06 06:10:00,27.894382,13.525931,13.536207,15.363006,19.25709,10.4768,17.6,21.688379,11.295574,8.3,13.8,21.175295,25.0,25.0,25.0,25.0,25.0,25.0,25.0,25.0,25.0,25.0,25.0,25.0,25.0,17.5125,25.0,25.0,25.0,25.0,21.631719,18.747185,21.936,24.116,21.35723,22.013241,16.305883,20.955294,19.789366,18.445154,20.750246,17.305604,22.365084,24.787183,17.070811,19.744233,18.4,16.71015,18.268157
2026-01-06 06:20:00,27.914045,13.688503,13.687914,15.401528,19.047466,10.670909,17.555834,21.688379,10.99334,8.05,13.8,21.239412,25.0,25.0,25.0,25.0,25.0,25.0,25.0,25.0,25.0,25.0,25.0,25.0,25.0,17.44375,25.0,25.0,25.0,25.0,21.582939,18.772225,21.898,24.088,21.347892,21.971442,16.340112,21.024419,19.789366,18.397389,20.634474,17.427532,22.189156,24.734553,17.161767,19.717789,18.316983,16.629298,18.212849
2026-01-06 06:30:00,27.933707,14.024257,14.006562,15.5,18.869251,10.76216,17.511255,21.688379,10.834898,7.8,13.8,21.30353,25.0,25.0,25.0,25.0,25.0,25.0,25.0,25.0,25.0,25.0,25.0,25.0,25.0,17.375,25.0,25.0,25.0,25.0,21.534159,18.780813,21.86,24.06,21.338555,21.929644,16.374342,21.069379,19.789366,18.349624,20.559821,17.550119,22.003886,24.665566,17.252724,19.700001,18.147216,16.548446,18.194005
2026-01-06 06:40:00,27.973033,14.527749,14.50921,15.8,18.73493,9.957207,17.510792,21.688379,10.943985,8.395014,13.6,21.431765,25.0,25.0,25.0,25.0,25.0,25.0,25.0,25.0,25.0,25.0,25.0,25.0,25.0,17.2375,25.0,25.0,25.0,25.0,21.436599,18.677243,21.784,24.004,21.31988,21.846047,16.442802,20.616641,19.789366,18.509775,20.473148,17.887977,21.638712,23.892974,16.792037,19.66834,17.9,16.687396,18.269472
2026-01-06 06:50:00,27.992696,14.640266,14.632427,15.747822,18.611707,9.97279,17.51056,21.688379,10.949529,8.503748,13.6,21.495883,25.0,25.0,25.0,25.0,25.0,25.0,25.0,25.0,25.0,25.0,25.0,25.0,25.0,17.16875,25.0,25.0,25.0,25.0,21.387819,18.739358,21.746,23.976,21.310543,21.804249,16.477032,20.551167,19.789366,18.507541,20.423105,17.681218,21.620433,23.407464,16.868936,19.68417,17.669457,16.908832,18.306275
2026-01-06 07:00:00,28.012359,14.742435,14.743304,15.695644,18.545171,10.010133,17.510328,21.688379,10.95439,8.595088,13.6,21.560001,25.0,25.0,25.0,25.0,25.0,25.0,25.0,25.0,25.0,25.0,25.0,25.0,25.0,17.1,25.0,25.0,25.0,25.0,21.339039,18.801474,21.708,23.948,21.301206,21.76245,16.511261,20.529462,19.789366,18.5,20.4,17.462132,21.601924,23.176982,17.046121,19.700001,17.42796,17.052539,18.322383
2026-01-06 07:10:00,28.051685,15.061394,15.055401,15.747503,18.700001,10.1,17.509865,21.688379,10.985422,8.85102,13.6,21.688236,25.0,25.0,25.0,25.0,25.0,25.0,25.0,25.0,25.0,25.0,25.0,25.0,25.0,16.9625,25.0,25.0,25.0,25.0,21.241479,18.737681,21.632,23.892,21.282531,21.678853,16.579721,20.668344,19.789366,18.33123,20.4,17.447691,21.146498,23.270208,17.419658,19.5,17.136256,16.327161,18.154266
2026-01-06 07:20:00,28.071348,15.031002,15.024404,15.770926,18.573817,10.124029,17.544966,21.688379,11.081175,8.363825,13.6,21.752354,25.0,25.0,25.0,25.0,25.0,25.0,25.0,25.0,25.0,25.0,25.0,25.0,25.0,16.89375,25.0,25.0,25.0,25.0,21.192699,18.486476,21.594,23.864,21.273194,21.637055,16.613951,20.584172,19.789366,18.24416,19.992563,17.623845,20.928035,23.286421,17.410135,19.526136,17.144585,16.277716,18.190122
2026-01-06 07:30:00,28.091011,14.938721,14.930683,15.8,18.4,10.155446,17.617232,21.688379,11.248735,7.777841,13.6,21.816471,25.0,25.0,25.0,25.0,25.0,25.0,25.0,25.0,25.0,25.0,25.0,25.0,25.0,16.825,25.0,25.0,25.0,25.0,21.143919,18.23762,21.556,23.836,21.263856,21.595256,16.648181,20.5,19.789366,18.129989,19.37285,17.799999,20.799999,23.299999,17.400612,19.552271,17.152913,16.240501,18.299999
2026-01-06 07:40:00,28.130337,14.271696,14.272646,15.934493,18.326257,10.958566,17.724599,21.688379,11.545736,7.646598,13.64,21.944706,25.0,25.0,25.0,25.0,25.0,25.0,25.0,25.0,25.0,25.0,25.0,25.0,25.0,16.6875,25.0,25.0,25.0,25.0,21.046358,18.177573,21.48,23.78,21.245182,21.511659,16.71664,20.5,19.789366,17.585323,19.0,17.482696,20.741114,23.338902,17.415882,19.531833,17.1,16.125606,19.147774
2026-01-06 07:50:00,28.15,14.292404,14.292847,15.867246,18.334037,10.980454,17.796354,21.688379,11.175041,7.809131,13.66,22.008824,25.0,25.0,25.0,25.0,25.0,25.0,25.0,25.0,25.0,25.0,25.0,25.0,25.0,16.61875,25.0,25.0,25.0,25.0,20.997578,18.178881,21.442,23.752,21.235844,21.469861,16.75087,20.485929,19.789366,17.403404,19.043362,17.392302,20.736389,23.302562,17.447232,19.51138,17.139574,16.138888,18.957004
2026-01-06 08:00:00,28.169663,14.349852,14.348856,15.8,18.352886,10.986801,17.853309,21.688379,10.804346,7.971664,13.68,22.072942,25.0,25.0,25.0,25.0,25.0,25.0,25.0,25.0,25.0,25.0,25.0,25.0,25.0,16.55,25.0,25.0,25.0,25.0,20.948798,18.183459,21.404,23.724,21.226507,21.428063,16.7851,20.446156,19.789366,17.331568,19.132535,17.309371,20.734928,23.224339,17.46916,19.5,17.190489,16.166418,18.737021
2026-01-06 08:10:00,28.208988,14.598338,14.590465,15.8,18.4,9.499463,17.9,21.688379,11.086751,7.3,13.72,22.201177,25.0,25.0,25.0,25.0,25.0,25.0,25.0,25.0,25.0,25.0,25.0,25.0,25.0,16.4125,25.0,25.0,25.0,25.0,20.851238,18.47633,21.328,23.668,21.207832,21.344466,16.85356,20.257519,19.789366,17.33105,19.264575,17.090478,20.9,23.09139,17.299999,19.596358,17.206702,16.20815,18.699862
2026-01-06 08:20:00,28.228651,14.682795,14.685783,15.83561,18.360442,9.714738,17.770709,21.688379,11.246718,7.37843,13.74,22.265295,25.0,25.0,25.0,25.0,25.0,25.0,25.0,25.0,25.0,25.0,25.0,25.0,25.0,16.34375,25.0,25.0,25.0,25.0,20.802458,18.350025,21.29,23.64,21.198495,21.302667,16.887789,20.292787,19.789366,17.628153,19.349831,17.179432,21.019888,23.028304,17.158545,19.971149,16.930561,16.429386,19.00154
2026-01-06 08:30:00,28.248314,14.716136,14.724971,15.930226,18.271688,9.930013,17.641418,21.688379,11.436482,7.523165,13.76,22.329412,25.0,25.0,25.0,25.0,25.0,25.0,25.0,25.0,25.0,25.0,25.0,25.0,25.0,16.275,25.0,25.0,25.0,25.0,20.753678,18.117835,21.252,23.612,21.189157,21.260869,16.922019,20.360698,19.789366,17.925257,19.39067,17.346709,21.079636,23.000921,17.0,20.354306,16.563136,16.618322,19.515331
2026-01-06 08:40:00,28.28764,14.631821,14.60757,16.267355,18.1,9.512319,17.673723,21.688379,11.985302,7.679316,13.8,22.457648,25.0,25.0,25.0,25.0,25.0,25.0,25.0,25.0,25.0,25.0,25.0,25.0,25.0,16.1375,25.0,25.0,25.0,25.0,20.656118,17.870106,21.176,23.556,21.170483,21.177272,16.990479,20.443594,19.789366,17.807974,19.178157,17.537303,20.974352,23.241471,16.745728,20.464451,16.427512,16.475492,19.95374
2026-01-06 08:50:00,28.307303,15.038771,15.024601,16.234644,18.1,9.527868,17.747182,21.688379,12.429465,7.743573,13.861655,22.521765,25.0,25.0,25.0,25.0,25.0,25.0,25.0,25.0,25.0,25.0,25.0,25.0,25.0,16.044952,25.0,25.0,25.0,25.0,20.590453,18.02257,21.124847,23.518308,21.157913,21.121005,17.017786,20.629085,19.789366,17.752451,19.395275,17.548034,20.754502,23.217035,16.99722,20.344668,16.489874,16.240868,20.130228
2026-01-06 09:00:00,28.326966,15.540358,15.535761,16.170418,18.1,9.543416,17.800011,21.688379,12.659161,7.8,13.95,22.585883,25.0,25.0,25.0,25.0,25.0,25.0,25.0,25.0,25.0,25.0,25.0,25.0,25.0,16.0,25.0,25.0,25.0,25.0,20.558558,18.39514,21.1,23.5,21.151808,21.093675,17.058938,20.977198,19.789366,17.684148,19.797404,17.551258,20.6,23.148888,17.248712,20.224885,16.552236,15.964796,20.347559
2026-01-06 09:10:00,28.366292,15.669407,15.66335,16.087443,18.4,9.410775,17.731726,21.688379,12.162193,7.895592,14.1,22.714118,25.0,25.0,25.0,25.0,25.0,25.0,25.0,25.0,25.0,25.0,25.0,25.0,25.0,16.302139,25.0,25.0,25.0,25.0,21.210269,19.355273,22.799999,23.799999,22.20602,21.099909,18.721956,21.930738,19.789366,17.4,20.235854,17.453999,20.76736,22.846564,16.688097,20.253508,16.5,15.7,21.506416
2026-01-06 09:20:00,28.385955,15.907376,15.910921,16.021146,18.4,9.298727,17.791181,21.688379,12.319947,7.741909,14.2875,22.778236,25.0,25.0,25.0,25.0,25.0,25.0,25.0,25.0,25.0,25.0,25.0,25.0,25.0,16.654622,25.0,25.0,25.0,25.0,21.522472,20.005346,23.392235,23.933568,24.998361,21.067296,20.264582,22.14651,19.789366,17.479131,20.757933,17.334934,20.673735,22.992964,16.351875,20.188375,16.580766,15.743407,22.243897
2026-01-06 09:30:00,28.405618,16.240941,16.259237,15.987011,18.4,9.170998,17.9,21.688379,12.57354,7.588226,14.4,22.842354,25.0,25.0,25.0,25.0,25.0,25.0,25.0,25.0,25.0,25.0,25.0,25.0,25.0,17.197268,25.0,25.0,25.0,25.0,21.768007,20.879187,24.1,24.1,29.400236,21.034682,21.482242,22.223941,19.789366,17.677592,21.459175,17.263991,20.58011,23.224863,16.194701,20.123243,16.815396,15.881746,23.154372
2026-01-06 09:40:00,28.444943,16.700671,16.725114,16.17879,19.402266,8.959065,18.014635,21.688379,12.755321,8.1,14.338461,22.970589,25.0,25.0,25.0,25.0,25.0,25.0,25.0,25.0,25.0,25.0,25.0,25.0,25.0,18.69728,25.0,25.0,25.0,25.0,22.040801,23.946413,28.200001,24.9,35.808485,21.135717,22.158249,21.359591,19.789366,18.239905,22.732504,19.312534,20.766067,23.383673,17.348399,20.631524,18.103538,17.35872,25.751874
2026-01-06 09:50:00,28.464606,17.037425,17.049947,16.571155,20.078792,9.024327,18.454402,21.688379,12.970122,8.180868,14.297041,23.034706,25.0,25.0,25.0,25.0,25.0,25.0,25.0,25.0,25.0,25.0,25.0,25.0,25.0,19.370668,25.0,25.0,25.0,25.0,22.223054,25.942361,30.342523,25.731396,37.403636,21.151582,21.251473,20.734347,19.789366,19.976366,23.025798,20.972869,20.99723,23.634561,16.9524,20.85331,19.021563,18.217362,26.904026
2026-01-06 10:00:00,28.484269,17.471419,17.462817,17.204625,20.85395,9.21428,18.947311,21.688379,13.248614,8.2686,14.276922,23.098824,25.0,25.0,25.0,25.0,25.0,25.0,25.0,25.0,25.0,25.0,25.0,25.0,25.0,20.04487,25.0,25.0,25.0,25.0,22.476285,28.206594,32.299999,26.200001,38.606012,21.169601,20.344696,20.423175,19.789366,21.469635,23.312659,22.970174,21.254622,24.085045,16.5564,21.05358,20.008643,19.172126,28.282365
2026-01-06 10:10:00,28.523595,18.665889,18.618129,18.385353,22.507139,10.268424,19.158161,21.688379,13.711942,9.234548,14.438259,23.227059,25.0,25.0,25.0,25.0,25.0,25.0,25.0,25.0,25.0,25.0,25.0,25.0,25.0,21.551903,25.0,25.0,25.0,25.0,23.502123,33.092423,35.25,26.200001,40.626102,21.5,21.58135,20.516788,19.789366,21.654776,24.452388,26.97114,21.529713,25.568129,18.428147,21.4,21.680857,21.372669,33.904695
2026-01-06 10:20:00,28.543258,20.195495,20.083308,18.142676,23.70102,11.136904,19.440159,21.688379,14.893165,10.267207,14.646704,23.291177,25.0,25.0,25.0,25.0,25.0,25.0,25.0,25.0,25.0,25.0,25.0,25.0,25.0,22.294019,25.0,25.0,25.0,25.0,23.938841,33.646745,36.632728,26.200001,42.419553,21.915194,23.301436,20.663909,19.789366,21.99682,25.732601,26.408781,21.906675,27.38539,19.46844,21.4,22.72437,22.439165,36.118263
2026-01-06 10:30:00,28.562921,22.223768,22.061349,17.9,24.992525,12.097995,19.939916,21.688379,16.395896,11.272295,15.026805,23.355295,25.0,25.0,25.0,25.0,25.0,25.0,25.0,25.0,25.0,25.0,25.0,25.0,25.0,23.085335,25.0,25.0,25.0,25.0,24.326547,34.205948,38.200001,26.200001,44.611166,22.465503,24.370432,20.88255,19.789366,22.703811,26.473575,25.846422,22.453264,29.210657,20.660854,21.4,23.777191,23.527387,38.272011
2026-01-06 10:40:00,28.602247,25.540168,25.486185,20.587147,27.185772,13.611693,21.854099,21.688379,17.658192,12.147361,16.741727,23.48353,25.0,25.0,25.0,25.0,25.0,25.0,25.0,25.0,25.0,25.0,25.0,25.0,25.0,25.016327,25.0,25.0,25.0,25.0,24.982241,39.463916,43.099998,27.299999,48.770473,23.380514,24.207451,21.285722,19.789366,26.112106,26.092114,26.671477,23.521847,30.718162,23.825931,21.801315,25.503974,25.903705,43.315206
2026-01-06 10:50:00,28.62191,26.185849,26.189055,23.270846,27.677556,14.382897,23.751738,21.688379,20.05929,12.656569,18.068991,23.547648,25.0,25.0,25.0,25.0,25.0,25.0,25.0,25.0,25.0,25.0,25.0,25.0,25.0,25.837183,25.0,25.0,25.0,25.0,25.035987,40.22998,43.259178,30.545757,46.826816,24.024146,24.227638,21.468501,19.789366,25.574003,25.878725,29.785436,26.50663,31.553924,26.273722,22.983279,26.395895,27.089285,43.411842
2026-01-06 11:00:00,28.641573,26.63053,26.638995,26.352638,27.853704,15.308049,25.544142,21.688379,24.387639,12.892276,19.772213,23.611765,25.0,25.0,25.0,25.0,25.0,25.0,25.0,25.0,25.0,25.0,25.0,25.0,25.0,26.635096,25.0,25.0,25.0,25.0,25.090797,40.849605,43.400002,34.400002,44.883159,24.725043,24.297826,21.713178,19.789366,25.035901,25.781202,34.716545,30.986301,32.444333,29.457907,25.045136,27.151961,28.027401,43.499557
2026-01-06 11:10:00,28.680898,27.316983,27.196297,30.755429,27.748785,18.479029,27.1,21.688379,36.35716,12.79166,24.103098,23.740001,25.0,25.0,25.0,25.0,25.0,25.0,25.0,25.0,25.0,25.0,25.0,25.0,25.0,28.365153,25.0,25.0,25.0,25.0,25.911428,42.613584,44.5,36.799999,48.716439,25.969844,27.68171,23.339187,19.789366,28.528091,27.300522,40.679062,36.516008,34.355222,37.906725,28.768618,28.102049,29.047088,44.44755
2026-01-06 11:20:00,28.700561,28.541364,28.345479,30.466765,27.560126,20.017613,26.683329,21.688379,37.301033,12.797973,25.857661,23.804118,25.0,25.0,25.0,25.0,25.0,25.0,25.0,25.0,25.0,25.0,25.0,25.0,25.0,29.427758,25.0,25.0,25.0,25.0,26.27946,43.685972,46.460654,40.185973,43.229072,26.687688,26.988833,24.069978,19.789366,33.549253,28.225314,44.252364,40.381741,35.415262,41.73969,30.98808,28.217499,29.848975,45.14572
2026-01-06 11:30:00,28.720224,30.725195,30.50496,30.178101,27.180054,21.539955,26.266658,21.688379,38.114549,12.820011,27.166595,23.868236,25.0,25.0,25.0,25.0,25.0,25.0,25.0,25.0,25.0,25.0,25.0,25.0,25.0,30.532571,25.0,25.0,25.0,25.0,26.651645,44.475515,48.0,42.299999,37.741705,27.3221,26.295955,24.806817,19.789366,40.595216,29.250803,45.922374,44.174308,36.34202,45.167298,32.666788,28.333764,30.603677,45.719841
2026-01-06 11:40:00,28.75955,36.921822,36.88206,32.888423,25.489944,24.586607,26.902046,21.688379,42.103071,14.072481,28.639712,23.996471,25.0,25.0,25.0,25.0,25.0,25.0,25.0,25.0,25.0,25.0,25.0,25.0,25.0,32.526626,25.0,25.0,25.0,25.0,27.508792,45.055075,48.299999,33.799999,38.00999,28.120976,27.793869,26.48556,19.789366,52.632145,31.481424,45.238498,49.339719,37.520194,50.7433,34.024576,29.338238,31.425295,46.187848
2026-01-06 11:50:00,28.779213,40.075892,40.091581,33.52839,25.120537,25.602899,26.993498,21.688379,44.535421,15.043129,28.913705,24.060589,25.0,25.0,25.0,25.0,25.0,25.0,25.0,25.0,25.0,25.0,25.0,25.0,25.0,33.57446,25.0,25.0,25.0,25.0,27.873296,45.360796,47.6,32.797369,38.768803,28.258367,28.16847,27.645579,19.789366,52.629798,32.633271,44.821747,50.898512,39.811724,52.602417,34.784449,29.714253,32.241061,46.761277
2026-01-06 12:00:00,28.798876,41.474864,41.51015,34.19593,24.988907,26.002139,27.097599,21.688379,46.114833,16.102793,29.19023,24.124706,25.0,25.0,25.0,25.0,25.0,25.0,25.0,25.0,25.0,25.0,25.0,25.0,25.0,34.636917,25.0,25.0,25.0,25.0,28.193461,45.497926,46.900002,32.200001,40.249081,28.411943,28.593727,28.856595,19.789366,52.621452,34.011044,44.625903,51.654295,41.390217,53.713852,35.303939,30.180159,33.228627,47.51461
2026-01-06 12:10:00,28.838202,39.211637,38.933232,37.587285,26.131064,24.845254,29.613098,21.688379,46.889511,17.817332,30.745393,24.252942,25.0,25.0,25.0,25.0,25.0,25.0,25.0,25.0,25.0,25.0,25.0,25.0,25.0,36.73676,25.0,25.0,25.0,25.0,28.720457,45.294847,51.299999,31.4,44.104618,30.331421,31.725968,30.81599,19.789366,50.101517,38.605633,46.194932,51.938991,40.902055,54.519981,35.639065,33.07178,34.857177,48.767992
2026-01-06 12:20:00,28.857865,39.025528,39.001683,40.070691,26.539225,26.22728,31.386253,21.688379,46.257786,18.757649,31.227009,24.317059,25.0,25.0,25.0,25.0,25.0,25.0,25.0,25.0,25.0,25.0,25.0,25.0,25.0,37.621438,25.0,25.0,25.0,25.0,29.260403,45.3296,49.793,31.4,46.20398,30.781825,33.377238,29.95964,19.789366,45.576652,36.352516,46.901832,51.26132,40.912037,54.463593,36.077262,34.270361,34.900266,49.159014
2026-01-06 12:30:00,28.877528,38.967883,39.231219,41.311785,26.987343,28.707161,32.26101,21.688379,45.626061,19.639868,31.700001,24.381177,25.0,25.0,25.0,25.0,25.0,25.0,25.0,25.0,25.0,25.0,25.0,25.0,25.0,38.444453,25.0,25.0,25.0,25.0,29.721604,45.44927,46.900002,31.4,48.359814,31.051944,34.117773,28.923067,19.789366,42.531569,34.099399,47.203896,49.935738,40.945523,54.407205,36.727008,34.770138,34.941284,49.591731
2026-01-06 12:40:00,28.916854,43.672354,43.823877,40.038387,28.718822,31.173393,28.669751,21.688379,47.316272,20.999635,33.13734,24.509412,25.0,25.0,25.0,25.0,25.0,25.0,25.0,25.0,25.0,25.0,25.0,25.0,25.0,40.037521,25.0,25.0,25.0,25.0,30.012485,49.661652,43.400002,30.5,52.61501,31.310961,34.01006,28.682018,19.789366,45.039333,37.814596,47.117418,48.241917,41.619639,55.938646,38.144616,32.897997,35.589436,51.636002
2026-01-06 12:50:00,28.936516,45.436015,45.400981,41.091155,29.46626,29.871649,28.546022,21.688379,46.607469,22.009314,34.246977,24.57353,25.0,25.0,25.0,25.0,25.0,25.0,25.0,25.0,25.0,25.0,25.0,25.0,25.0,40.958774,25.0,25.0,25.0,25.0,30.241085,49.290005,47.040197,30.957692,54.742608,31.380849,34.967938,28.590806,19.789366,45.45361,37.765418,45.199859,48.60887,42.177895,56.531284,38.144394,33.391426,37.185088,51.536317
2026-01-06 13:00:00,28.956179,46.150864,46.025256,42.516702,30.198182,28.569906,28.429097,21.688379,45.898667,23.07433,35.300721,24.637648,25.0,25.0,25.0,25.0,25.0,25.0,25.0,25.0,25.0,25.0,25.0,25.0,25.0,41.981266,25.0,25.0,25.0,25.0,30.564825,48.918358,51.299999,31.9,56.870206,31.475301,36.94004,28.55374,19.789366,45.907162,37.716239,43.357368,49.473216,42.794916,56.773619,38.143604,34.348539,38.356431,51.206123
2026-01-06 13:10:00,28.995505,43.52217,43.295112,43.082088,31.794633,30.145269,26.917043,21.688379,47.058275,24.71992,36.496619,24.765883,25.0,25.0,25.0,25.0,25.0,25.0,25.0,25.0,25.0,25.0,25.0,25.0,25.0,44.338905,25.0,25.0,25.0,25.0,31.679343,51.128651,52.099998,33.299999,61.125402,37.011493,39.87002,29.268945,19.789366,50.935322,39.562443,47.75146,51.434025,43.758516,54.895487,37.655663,35.541933,34.591669,45.724335
2026-01-06 13:20:00,29.015168,39.264326,38.974972,42.931443,32.796259,30.661938,31.327364,21.688379,47.476518,25.904746,36.314056,24.83,25.0,25.0,25.0,25.0,25.0,25.0,25.0,25.0,25.0,25.0,25.0,25.0,25.0,45.569809,25.0,25.0,25.0,25.0,31.825523,49.754837,51.4,33.299999,63.989477,39.306254,41.63117,29.624016,19.789366,52.780686,38.964973,47.738285,51.084594,44.841101,55.037731,35.910983,36.177135,37.776889,46.34269
2026-01-06 13:30:00,29.034831,36.487112,36.177482,42.780797,33.670134,31.175256,35.737684,21.688379,47.644261,26.964398,36.131494,24.894118,25.0,25.0,25.0,25.0,25.0,25.0,25.0,25.0,25.0,25.0,25.0,25.0,25.0,46.630404,25.0,25.0,25.0,25.0,31.966914,48.381024,50.700001,33.299999,65.380598,40.263109,42.799999,30.050688,19.789366,53.524302,38.367504,47.692241,50.242095,46.067267,55.357013,34.517956,36.807584,40.991009,46.961045
2026-01-06 13:40:00,29.074157,44.690285,44.469368,44.194465,34.650822,32.707241,29.982042,21.688379,45.794401,28.069625,36.951709,25.022353,25.0,25.0,25.0,25.0,25.0,25.0,25.0,25.0,25.0,25.0,25.0,25.0,25.0,48.006256,25.0,25.0,25.0,25.0,32.854002,52.289258,51.25,31.6,63.421137,40.256293,43.430075,31.572387,19.789366,52.349429,39.478051,44.931228,48.171439,47.574939,55.975486,37.694039,37.968291,41.023378,43.751364
2026-01-06 13:50:00,29.09382,48.914253,48.912089,44.511358,35.789948,33.085797,35.311107,21.688379,45.371879,28.917129,37.397681,25.086471,25.0,25.0,25.0,25.0,25.0,25.0,25.0,25.0,25.0,25.0,25.0,25.0,25.0,49.559875,25.0,25.0,25.0,25.0,33.6701,53.084521,51.620192,32.95,61.135021,40.279445,42.770731,31.572753,19.789366,51.969403,39.483723,43.356037,46.610626,47.898992,54.653392,39.175368,38.128162,41.108968,44.0757
2026-01-06 14:00:00,29.113483,51.211281,51.21132,44.84149,36.853042,33.482098,40.640171,21.688379,45.068413,29.794045,37.599654,25.150589,25.0,25.0,25.0,25.0,25.0,25.0,25.0,25.0,25.0,25.0,25.0,25.0,25.0,51.290179,25.0,25.0,25.0,25.0,34.111191,53.363933,51.799999,34.299999,59.794728,40.357274,42.111386,31.573118,19.789366,51.821295,39.489425,42.065229,45.822873,48.23616,51.508233,40.540292,38.28706,41.325487,44.580361
2026-01-06 14:10:00,29.152809,51.88994,51.668295,46.610596,37.609542,35.425601,32.161495,21.688379,44.593324,31.042115,37.161951,25.278824,25.0,25.0,25.0,25.0,25.0,25.0,25.0,25.0,25.0,25.0,25.0,25.0,25.0,53.317918,25.0,25.0,25.0,25.0,33.698483,53.306299,50.700001,32.400002,65.096216,41.98104,46.908555,32.851208,19.789366,53.05109,44.205791,40.713318,47.456856,50.120394,44.12882,42.881886,39.399152,43.406296,44.907056
2026-01-06 14:20:00,29.172472,52.560304,52.58959,47.633351,38.224182,35.546079,30.905484,21.688379,43.927098,31.359724,37.814399,25.342942,25.0,25.0,25.0,25.0,25.0,25.0,25.0,25.0,25.0,25.0,25.0,25.0,25.0,54.418451,25.0,25.0,25.0,25.0,33.98534,53.899573,52.65,31.000681,60.98529,42.122336,50.137419,33.000605,19.789366,52.560298,40.027617,42.078817,47.296564,50.878902,44.720258,44.413778,38.574527,43.462889,44.101764
2026-01-06 14:30:00,29.192134,53.201552,53.312915,48.105771,39.028352,35.582526,30.487614,21.688379,42.860052,31.703144,38.561646,25.407059,25.0,25.0,25.0,25.0,25.0,25.0,25.0,25.0,25.0,25.0,25.0,25.0,25.0,55.300104,25.0,25.0,25.0,25.0,34.355925,54.492847,54.599998,30.299999,56.874364,42.16634,51.705724,33.164716,19.789366,51.536404,35.849443,45.164908,47.136272,51.345818,46.242934,45.15079,37.749902,43.479299,43.296473
2026-01-06 14:40:00,29.23146,53.779393,53.419256,46.834603,41.076422,32.825559,32.536581,21.688379,40.129301,33.594409,38.681397,25.535295,25.0,25.0,25.0,25.0,25.0,25.0,25.0,25.0,25.0,25.0,25.0,25.0,25.0,56.213689,25.0,25.0,25.0,25.0,34.476185,53.912755,51.0,31.9,59.968221,41.050414,48.803737,36.928288,19.789366,49.953892,37.652739,51.275364,47.585028,51.655575,51.013075,41.954443,38.990709,43.379147,48.381296
2026-01-06 14:50:00,29.251123,53.926658,53.838437,46.923593,41.701361,33.644437,34.023738,21.688379,40.03086,34.885532,37.505058,25.599412,25.0,25.0,25.0,25.0,25.0,25.0,25.0,25.0,25.0,25.0,25.0,25.0,25.0,56.341276,25.0,25.0,25.0,25.0,33.978414,54.602996,51.359615,31.9,59.397065,41.158401,50.891453,38.776925,19.789366,51.161338,37.843851,52.281666,47.48513,51.705388,49.442822,43.164774,41.368749,44.848501,48.136746
2026-01-06 15:00:00,29.270786,54.097102,54.535325,47.202859,42.384501,34.849839,35.825208,21.688379,39.96974,35.51564,36.328719,25.66353,25.0,25.0,25.0,25.0,25.0,25.0,25.0,25.0,25.0,25.0,25.0,25.0,25.0,56.474114,25.0,25.0,25.0,25.0,33.480642,55.293238,52.099998,31.9,58.299537,41.497731,52.979168,40.602257,19.789366,52.368783,38.054288,52.622132,47.367999,51.722176,47.872569,44.375105,42.999906,46.317855,47.892197
2026-01-06 15:10:00,29.310112,55.473829,55.477678,49.79912,45.531834,35.500018,39.981889,21.688379,39.848368,34.706103,37.105079,25.791765,25.0,25.0,25.0,25.0,25.0,25.0,25.0,25.0,25.0,25.0,25.0,25.0,25.0,57.7222,25.0,25.0,25.0,25.0,33.569734,50.934508,53.200001,33.299999,56.967944,44.688184,45.621733,44.190692,19.789366,50.910859,44.65752,48.25842,47.345705,49.175659,50.201847,40.08296,40.734733,45.94381,51.608786
2026-01-06 15:20:00,29.329775,55.377898,55.405625,50.026874,46.427418,35.413993,36.335496,21.688379,39.641336,34.525201,36.505864,25.855883,25.0,25.0,25.0,25.0,25.0,25.0,25.0,25.0,25.0,25.0,25.0,25.0,25.0,58.068381,25.0,25.0,25.0,25.0,33.747929,53.015851,52.77764,37.997368,56.379905,44.639008,46.246764,41.056419,19.789366,49.792807,43.047508,48.760618,47.196044,51.713471,50.263909,40.949944,40.994927,46.057136,50.551177
2026-01-06 15:30:00,29.349438,55.124817,55.198145,50.269446,46.765584,35.164798,32.689102,21.688379,39.50414,34.46045,35.519351,25.92,25.0,25.0,25.0,25.0,25.0,25.0,25.0,25.0,25.0,25.0,25.0,25.0,25.0,58.198309,25.0,25.0,25.0,25.0,34.054446,55.48152,51.5,41.700001,55.574382,44.507901,46.871795,37.63517,19.789366,48.297295,39.779123,49.262816,47.064192,54.251282,50.281892,41.816928,41.572263,46.40888,48.95267
2026-01-06 15:40:00,29.388764,54.249613,54.113354,56.40819,45.37795,33.818418,34.786246,21.688379,40.117133,36.938212,34.758772,26.048236,25.0,25.0,25.0,25.0,25.0,25.0,25.0,25.0,25.0,25.0,25.0,25.0,25.0,56.705903,25.0,25.0,25.0,25.0,34.754284,55.984063,42.5,39.0,49.063631,44.033976,37.673901,37.289399,19.789366,43.917397,35.121979,46.837615,48.529792,53.820032,43.200359,40.902363,42.650465,49.398135,48.010621
2026-01-06 15:50:00,29.408427,54.303633,54.202722,55.637622,45.679743,33.860111,33.608133,21.688379,40.076573,37.849385,34.853383,26.112353,25.0,25.0,25.0,25.0,25.0,25.0,25.0,25.0,25.0,25.0,25.0,25.0,25.0,57.637009,25.0,25.0,25.0,25.0,34.862394,56.324969,47.405406,40.450001,51.358841,44.292044,37.611093,38.608123,19.789366,39.857734,35.512905,47.356254,46.561269,50.427381,43.488331,39.633698,41.52596,46.651105,50.181237
2026-01-06 16:00:00,29.42809,54.357653,54.292091,54.475197,45.981537,33.983936,31.618123,21.688379,39.96652,38.216756,34.947994,26.176471,25.0,25.0,25.0,25.0,25.0,25.0,25.0,25.0,25.0,25.0,25.0,25.0,25.0,58.568114,25.0,25.0,25.0,25.0,34.974529,56.840496,54.5,41.900002,53.654052,44.550112,37.549346,39.926847,19.789366,37.657861,35.903831,47.874894,44.592745,47.385267,44.295338,38.845939,39.69112,43.904074,52.351853
2026-01-06 16:10:00,29.467415,53.730876,53.577999,53.794474,42.741884,34.758261,29.961075,21.688379,39.536901,37.669935,34.654495,26.304706,25.0,25.0,25.0,25.0,25.0,25.0,25.0,25.0,25.0,25.0,25.0,25.0,25.0,54.67966,25.0,25.0,25.0,25.0,35.880645,59.79709,58.099998,36.200001,52.655884,42.893239,34.318684,36.330235,19.789366,44.100266,35.864466,47.10698,47.162676,50.216422,47.961463,46.267687,38.314368,44.007044,51.621626
2026-01-06 16:20:00,29.487078,53.74059,53.648661,53.565494,43.810756,34.742558,30.522203,21.688379,43.331091,37.875987,34.286307,26.368824,25.0,25.0,25.0,25.0,25.0,25.0,25.0,25.0,25.0,25.0,25.0,25.0,25.0,55.698811,25.0,25.0,25.0,25.0,35.835879,59.912816,58.989674,37.159508,48.687764,41.331206,38.681071,36.682501,19.789366,46.498924,35.458991,47.612227,45.955932,49.156243,49.68062,46.335164,40.968282,44.434612,50.543067
2026-01-06 16:30:00,29.506741,53.772444,53.817483,53.271953,44.879629,34.694088,31.083331,21.688379,47.337151,38.237187,33.849935,26.432942,25.0,25.0,25.0,25.0,25.0,25.0,25.0,25.0,25.0,25.0,25.0,25.0,25.0,56.717961,25.0,25.0,25.0,25.0,35.791114,60.004432,59.700001,38.700001,44.182053,40.479794,47.662455,37.706566,19.789366,47.469313,35.086291,48.117473,44.749188,48.096063,50.424134,46.394314,43.622196,44.78569,49.859673
2026-01-06 16:40:00,29.546067,54.235004,54.219471,50.475012,42.185379,34.299422,30.138467,21.688379,47.584506,38.572725,33.30689,26.561177,25.0,25.0,25.0,25.0,25.0,25.0,25.0,25.0,25.0,25.0,25.0,25.0,25.0,54.423278,25.0,25.0,25.0,25.0,35.875387,60.395878,61.099998,39.799999,42.209594,41.215757,61.006226,43.350722,19.789366,44.506564,37.656636,43.229538,50.141168,49.76009,49.820853,46.936159,41.184938,42.176458,51.203992
2026-01-06 16:50:00,29.56573,54.192051,54.180289,50.727744,45.879103,34.564404,31.978836,21.688379,46.130722,38.742689,33.511698,26.625295,25.0,25.0,25.0,25.0,25.0,25.0,25.0,25.0,25.0,25.0,25.0,25.0,25.0,55.975794,25.0,25.0,25.0,25.0,35.402717,58.150623,55.349998,41.719354,44.532449,40.602209,58.810236,48.264644,19.789366,42.079525,38.957135,46.596012,50.849422,48.313298,48.819397,42.614277,41.355245,42.805451,51.911205
2026-01-06 17:00:00,29.585393,54.057909,54.058041,51.387768,49.572827,35.203321,33.819206,21.688379,44.285717,38.914996,33.716505,26.689412,25.0,25.0,25.0,25.0,25.0,25.0,25.0,25.0,25.0,25.0,25.0,25.0,25.0,57.528309,25.0,25.0,25.0,25.0,34.626345,53.106551,49.599998,43.0,47.715085,39.849219,53.212313,50.87055,19.789366,39.838616,40.552426,50.048417,51.080968,46.866506,47.326914,38.292394,41.805003,44.460016,52.347171
2026-01-06 17:10:00,29.624719,52.86033,52.975048,53.576982,49.063775,36.773861,27.869126,21.688379,43.734891,39.268263,33.068195,26.817647,25.0,25.0,25.0,25.0,25.0,25.0,25.0,25.0,25.0,25.0,25.0,25.0,25.0,54.568865,25.0,25.0,25.0,25.0,34.031971,43.308905,55.900002,40.0,49.037557,39.659946,36.339544,43.460877,19.789366,37.610973,46.536526,50.146084,43.303716,47.685032,44.68354,47.414842,43.366948,50.112968,52.561966
2026-01-06 17:20:00,29.644382,51.942189,52.071287,51.880274,45.660613,38.032727,26.735089,21.688379,44.662468,38.975404,32.992898,26.881765,25.0,25.0,25.0,25.0,25.0,25.0,25.0,25.0,25.0,25.0,25.0,25.0,25.0,53.114187,25.0,25.0,25.0,25.0,35.052321,45.368178,56.538552,39.681408,47.534888,40.267493,37.704134,39.001054,19.789366,37.22744,41.658783,50.961515,43.504333,47.118846,42.600769,42.137315,43.348589,49.29039,52.100619
2026-01-06 17:30:00,29.664045,50.969859,51.089318,50.183565,40.929012,38.681596,26.0,21.688379,46.252897,38.289374,32.918626,26.945883,25.0,25.0,25.0,25.0,25.0,25.0,25.0,25.0,25.0,25.0,25.0,25.0,25.0,51.67289,25.0,25.0,25.0,25.0,36.072671,49.793762,57.0,39.450001,45.570863,40.875039,41.06633,35.436523,19.789366,37.012911,35.625763,52.098069,44.120929,46.55266,41.017707,36.859788,43.28424,47.609318,51.639273
2026-01-06 17:40:00,29.70337,49.500246,49.633613,50.871712,37.795253,36.999313,25.019045,21.688379,47.637278,36.761655,32.335759,27.074118,25.0,25.0,25.0,25.0,25.0,25.0,25.0,25.0,25.0,25.0,25.0,25.0,25.0,48.814491,25.0,25.0,25.0,25.0,35.27361,57.278223,58.099998,38.900002,44.899379,40.218961,49.991494,32.120714,19.789366,36.808137,34.04446,52.804135,48.982278,49.699552,40.066581,37.271168,38.837745,45.16601,52.235491
2026-01-06 17:50:00,29.723033,48.779563,48.937929,50.779425,43.70517,38.324748,25.05133,21.688379,45.704579,37.040269,31.543291,27.138236,25.0,25.0,25.0,25.0,25.0,25.0,25.0,25.0,25.0,25.0,25.0,25.0,25.0,49.396868,25.0,25.0,25.0,25.0,34.63546,57.252547,58.250509,40.300001,44.446571,41.869761,44.043315,32.142087,19.789366,36.43842,35.430471,52.179667,49.023736,48.316432,39.414997,41.556288,40.426733,45.951161,53.146782
2026-01-06 18:00:00,29.742696,48.091644,48.243741,50.475008,49.615088,39.650184,25.151057,21.688379,43.061634,37.318882,30.513226,27.202353,25.0,25.0,25.0,25.0,25.0,25.0,25.0,25.0,25.0,25.0,25.0,25.0,25.0,49.979244,25.0,25.0,25.0,25.0,34.047545,57.22687,58.299999,41.700001,43.659035,45.428901,38.095135,32.212883,19.789366,36.189209,38.411235,50.39565,49.065105,46.020528,39.096629,45.498592,42.01572,46.736312,53.730498
2026-01-06 18:10:00,29.782022,46.855634,46.799882,45.701142,47.719156,39.067416,25.967545,21.688379,41.9717,35.640465,29.001711,27.330589,25.0,25.0,25.0,25.0,25.0,25.0,25.0,25.0,25.0,25.0,25.0,25.0,25.0,47.850854,25.0,25.0,25.0,25.0,33.451232,59.509076,57.0,30.799999,30.61274,51.507607,42.61153,33.388947,19.789366,36.877725,43.46308,41.454717,53.172763,44.205961,46.037855,38.57059,38.402569,41.794761,50.009126
2026-01-06 18:20:00,29.801685,46.10259,46.046922,44.884337,46.707193,39.423731,25.71818,21.688379,42.197967,35.035,29.523822,27.394706,25.0,25.0,25.0,25.0,25.0,25.0,25.0,25.0,25.0,25.0,25.0,25.0,25.0,45.692146,25.0,25.0,25.0,25.0,33.267716,59.320314,57.950001,27.170367,23.128665,49.719188,43.685777,34.078505,19.789366,38.20773,38.597143,45.915655,51.758435,43.963456,45.879514,34.328783,36.910848,39.437113,51.001471
2026-01-06 18:30:00,29.821348,45.373514,45.341501,44.211625,46.251583,39.780045,25.02415,21.688379,42.770599,34.390132,30.418316,27.458824,25.0,25.0,25.0,25.0,25.0,25.0,25.0,25.0,25.0,25.0,25.0,25.0,25.0,44.48554,25.0,25.0,25.0,25.0,33.197086,58.749379,58.900002,25.1,19.44792,46.941253,44.697918,34.398481,19.789366,40.222819,33.731205,50.376593,50.344106,43.717456,45.721172,32.332348,36.289552,37.133429,51.993816
2026-01-06 18:40:00,29.860674,44.273495,44.204406,42.365,46.803648,39.165718,21.975255,21.688379,44.449374,32.185005,31.195074,27.587059,25.0,25.0,25.0,25.0,25.0,25.0,25.0,25.0,25.0,25.0,25.0,25.0,25.0,46.657263,25.0,25.0,25.0,25.0,36.730304,54.730786,58.900002,23.799999,19.112088,45.152811,48.102198,32.919809,19.789366,43.518178,36.504284,45.020153,52.445104,41.69751,52.30922,33.460408,37.953313,32.604838,46.911911
2026-01-06 18:50:00,29.876405,43.342351,43.285554,42.773956,43.826732,39.237703,20.954903,21.688379,43.865178,31.598097,29.700923,27.651177,25.0,25.0,25.0,25.0,25.0,25.0,25.0,25.0,25.0,25.0,25.0,25.0,25.0,45.399664,25.0,25.0,25.0,25.0,37.254514,54.559372,58.050001,23.57626,19.367048,42.00701,45.063786,30.684713,19.789366,47.174998,36.902229,44.531958,51.248692,42.485656,53.534169,34.255236,37.037216,34.584784,47.7568
2026-01-06 19:00:00,29.9,42.172477,42.145453,43.399558,40.849816,39.396074,20.197348,21.688379,42.706262,31.162834,28.206771,27.715295,25.0,25.0,25.0,25.0,25.0,25.0,25.0,25.0,25.0,25.0,25.0,25.0,25.0,43.46648,25.0,25.0,25.0,25.0,37.428958,54.412586,57.200001,23.5,19.622008,38.466948,38.918297,28.514545,19.789366,50.275815,37.033992,44.379208,50.052281,43.273803,53.957385,34.773686,35.500178,36.56473,48.601689
2026-01-06 19:10:00,30.718922,39.647772,39.645847,43.783042,41.564984,39.684039,19.211497,21.688379,41.163242,30.493569,29.79365,27.84353,25.0,25.0,25.0,25.0,25.0,25.0,25.0,25.0,25.0,25.0,25.0,25.0,25.0,42.262727,25.0,25.0,25.0,25.0,37.280992,53.535004,58.599998,23.5,19.409942,35.627938,30.256045,27.199714,19.789366,52.017775,31.478581,50.979736,53.647381,42.79398,53.891458,34.984947,34.245767,34.788224,48.460406
2026-01-06 19:20:00,30.799125,38.528777,38.563333,43.599493,43.366391,37.211596,18.855012,21.688379,41.31576,29.873184,30.590379,27.907647,25.0,25.0,25.0,25.0,25.0,25.0,25.0,25.0,25.0,25.0,25.0,25.0,25.0,42.125923,25.0,25.0,25.0,25.0,36.882598,50.420083,57.631088,23.5,19.446469,34.546903,28.764285,26.814523,19.789366,49.06139,31.233557,47.014125,52.14638,41.453859,51.425014,35.741379,34.195054,35.30188,48.58703
2026-01-06 19:30:00,30.849523,37.421487,37.466808,43.007585,44.696403,34.563036,18.559039,21.688379,41.468278,29.058707,30.942259,27.971765,25.0,25.0,25.0,25.0,25.0,25.0,25.0,25.0,25.0,25.0,25.0,25.0,25.0,41.978172,25.0,25.0,25.0,25.0,36.227563,47.401514,55.900002,23.5,19.53738,33.617692,27.985149,26.519671,19.789366,44.181484,31.047424,43.048515,48.773628,39.970547,46.631483,37.333845,34.145209,35.815536,48.713654
2026-01-06 19:40:00,30.932349,34.997165,34.837865,35.897419,39.896228,34.354607,18.075461,21.688379,40.396716,27.255656,30.369748,28.1,25.0,25.0,25.0,25.0,25.0,25.0,25.0,25.0,25.0,25.0,25.0,25.0,25.0,39.208273,25.0,25.0,25.0,25.0,35.168668,46.680254,54.200001,23.799999,19.787748,32.025426,27.372993,26.060061,19.789366,40.389489,30.384742,44.229841,42.218143,39.200001,40.257251,41.946223,33.211288,34.613513,43.785227
2026-01-06 19:50:00,29.731323,32.956808,32.727652,34.646506,37.28639,33.576019,17.822084,21.688379,37.162826,26.1623,28.698499,28.127821,25.0,25.0,25.0,25.0,25.0,25.0,25.0,25.0,25.0,25.0,25.0,25.0,25.0,38.742005,25.0,25.0,25.0,25.0,35.1823,42.192434,53.080941,24.227593,19.907696,31.324662,30.27026,25.704854,19.789366,44.146273,29.935598,47.376161,45.407401,38.534088,39.453059,40.693058,32.94168,33.693875,41.569251
2026-01-06 20:00:00,27.788094,31.094484,30.913376,33.661363,34.66932,31.97665,17.6,21.688379,32.694133,24.835924,27.122981,28.150329,25.0,25.0,25.0,25.0,25.0,25.0,25.0,25.0,25.0,25.0,25.0,25.0,25.0,38.307936,25.0,25.0,25.0,25.0,35.195931,36.843104,51.799999,24.9,20.038116,30.713825,33.167528,25.184108,19.789366,47.903058,29.625508,49.731166,48.596659,37.74171,38.661126,38.371664,32.683234,33.227361,39.719185
2026-01-06 20:10:00,26.367113,29.347142,29.38905,31.337766,29.81985,27.820119,17.299999,21.688379,28.475136,21.041022,26.714314,28.200659,25.0,25.0,25.0,25.0,25.0,25.0,25.0,25.0,25.0,25.0,25.0,25.0,25.0,36.449643,25.0,25.0,25.0,25.0,34.110411,34.675192,49.0,26.5,20.385995,29.758265,30.491479,23.095155,19.789366,41.967039,29.461263,45.809244,36.045537,36.302323,32.962542,35.839432,31.908326,33.490577,37.179901
2026-01-06 20:20:00,25.950393,27.587249,27.678301,29.851776,28.4466,25.396328,17.299999,21.688379,27.271463,18.872194,26.106466,28.225823,25.0,25.0,25.0,25.0,25.0,25.0,25.0,25.0,25.0,25.0,25.0,25.0,25.0,35.279134,25.0,25.0,25.0,25.0,33.757457,33.892332,47.088479,26.411364,20.351339,29.26224,28.275944,21.59174,19.789366,39.855445,29.540017,43.280229,33.745262,35.749651,31.483607,35.173115,31.143016,32.963797,35.984681
2026-01-06 20:30:00,25.653401,25.735402,25.790333,28.427233,27.463181,23.835974,17.299999,21.688379,26.127397,17.004818,25.530116,28.250988,25.0,25.0,25.0,25.0,25.0,25.0,25.0,25.0,25.0,25.0,25.0,25.0,25.0,34.072818,25.0,25.0,25.0,25.0,33.398775,33.223424,44.900002,26.200001,20.257716,28.793696,26.689465,20.660398,19.789366,37.836577,29.618771,40.053206,32.395475,35.188272,30.344634,34.561374,30.187225,31.723029,34.790915
2026-01-06 20:40:00,25.269023,23.638416,23.616326,26.429847,26.141408,23.049273,17.246259,21.688379,22.754953,14.786407,25.200001,28.301317,25.0,25.0,25.0,25.0,25.0,25.0,25.0,25.0,25.0,25.0,25.0,25.0,25.0,32.000008,25.0,25.0,25.0,25.0,32.23401,32.04294,40.299999,25.700001,19.899311,28.01856,25.957353,20.36873,19.789366,32.89164,28.358724,29.963955,30.977838,33.653814,28.376367,32.830093,28.465367,28.908642,32.263383
2026-01-06 20:50:00,24.67739,22.941241,22.885575,25.301307,25.290127,23.039684,17.231731,21.688379,21.329474,14.434085,25.000247,28.326481,25.0,25.0,25.0,25.0,25.0,25.0,25.0,25.0,25.0,25.0,25.0,25.0,25.0,30.81332,25.0,25.0,25.0,25.0,31.848754,31.291465,39.178851,25.428526,19.936718,27.640652,26.233045,20.163799,19.789366,32.545639,27.797491,27.354952,30.339454,33.013002,27.87147,31.7107,27.473772,27.371019,31.319716
2026-01-06 21:00:00,24.179209,22.413715,22.354441,24.166743,24.42958,23.030185,17.217989,21.688379,20.211249,14.228634,24.726914,28.351646,25.0,25.0,25.0,25.0,25.0,25.0,25.0,25.0,25.0,25.0,25.0,25.0,25.0,29.67215,25.0,25.0,25.0,25.0,31.555324,30.504286,38.25,25.150001,19.974125,27.270305,26.508737,20.053187,19.789366,32.232639,27.255401,25.792202,29.780815,32.389575,27.427051,30.558289,26.689991,26.057941,30.63384
2026-01-06 21:10:00,24.0,21.689026,21.702424,22.129958,23.055229,22.533219,17.176137,21.688379,18.830106,14.0,23.513919,28.401975,25.0,25.0,25.0,25.0,25.0,25.0,25.0,25.0,25.0,25.0,25.0,25.0,25.0,27.873565,25.0,25.0,25.0,25.0,31.143664,29.107033,36.200001,24.6,19.855114,26.551799,24.465527,20.039433,19.789366,30.162071,26.151742,24.395728,28.916141,31.011102,26.299999,28.635327,25.950192,24.463221,29.860671
2026-01-06 21:20:00,23.777327,21.181721,21.199731,22.415336,22.488677,22.156437,17.128049,21.688379,18.794146,13.798369,22.848728,28.427139,25.0,25.0,25.0,25.0,25.0,25.0,25.0,25.0,25.0,25.0,25.0,25.0,25.0,27.357506,25.0,25.0,25.0,25.0,31.044382,28.77664,34.42635,24.430624,19.879346,26.305091,23.367748,20.187076,19.789366,28.621796,25.526856,23.485551,28.521882,30.293738,25.914329,27.813548,25.127941,23.628539,29.341619
2026-01-06 21:30:00,23.516735,20.801538,20.803762,22.700714,22.1,21.760132,17.1,21.688379,18.759566,13.61472,22.546653,28.452304,25.0,25.0,25.0,25.0,25.0,25.0,25.0,25.0,25.0,25.0,25.0,25.0,25.0,26.889882,25.0,25.0,25.0,25.0,30.934258,28.457311,32.400002,24.299999,19.953069,26.052226,22.331264,20.334719,19.789366,27.114152,24.971284,22.810572,28.102956,29.563312,25.484689,27.051518,24.179616,22.845097,28.783509
2026-01-06 21:40:00,23.200001,20.550232,20.531981,22.615377,21.755183,21.164963,17.1,21.688379,18.13277,13.451445,22.619006,28.502633,25.0,25.0,25.0,25.0,25.0,25.0,25.0,25.0,25.0,25.0,25.0,25.0,25.0,25.708493,25.0,25.0,25.0,25.0,30.187813,27.273754,29.1,24.1,20.493269,25.253363,20.674616,20.333717,19.789366,25.195459,24.248229,22.341759,27.004192,28.088518,23.629419,25.608652,22.945408,21.580539,27.777826
2026-01-06 21:50:00,23.207437,20.53524,20.522417,22.01655,21.643528,20.779366,17.1,21.688379,17.656625,13.407,22.215701,28.527797,25.0,25.0,25.0,25.0,25.0,25.0,25.0,25.0,25.0,25.0,25.0,25.0,25.0,25.172875,25.0,25.0,25.0,25.0,29.895582,26.9108,28.338006,23.800001,20.668449,24.685857,20.166201,20.266413,19.789366,24.526635,23.942988,22.547994,26.681904,27.498219,22.77899,25.299831,22.167634,21.05465,27.140086
2026-01-06 22:00:00,23.231355,20.520486,20.513043,21.172674,21.6,20.417201,17.1,21.688379,17.077384,13.390393,21.733482,28.552962,25.0,25.0,25.0,25.0,25.0,25.0,25.0,25.0,25.0,25.0,25.0,25.0,25.0,24.94357,25.0,25.0,25.0,25.0,29.721741,26.637392,27.799999,23.5,20.751704,24.271274,19.743421,20.200001,19.789366,24.06836,23.734268,22.823549,26.414688,27.004832,22.091881,25.190251,21.591402,20.585471,26.719766
2026-01-06 22:10:00,23.511213,20.315391,20.326302,20.6,21.6,19.941472,17.1,21.688379,15.791757,13.5,21.629292,28.603291,25.0,25.0,25.0,25.0,25.0,25.0,25.0,25.0,25.0,25.0,25.0,25.0,25.0,25.4,25.0,25.0,25.0,25.0,29.615246,26.24233,27.0,23.299999,20.777447,24.02217,18.951053,20.586291,19.789366,23.6,23.554726,22.927043,25.9,26.252321,21.239911,25.476068,21.177192,19.764388,26.513237
2026-01-06 22:20:00,23.455606,20.062534,20.063076,20.831544,21.426592,19.925119,17.009083,21.688379,15.366856,13.696544,21.502453,28.628456,25.0,25.0,25.0,25.0,25.0,25.0,25.0,25.0,25.0,25.0,25.0,25.0,25.0,25.53392,25.0,25.0,25.0,25.0,29.511478,26.080648,26.75,23.4,20.678933,23.762005,18.953162,20.497459,19.789366,23.6,23.441614,22.658766,25.703837,25.411488,20.901868,25.454766,21.265095,19.76355,25.860919
2026-01-06 22:30:00,23.4,19.848319,19.841648,21.063087,21.123157,19.920335,16.918166,21.688379,15.02051,13.828759,21.4,28.65362,25.0,25.0,25.0,25.0,25.0,25.0,25.0,25.0,25.0,25.0,25.0,25.0,25.0,25.676805,25.0,25.0,25.0,25.0,29.353281,25.920388,26.5,23.5,20.580419,23.479485,18.955272,20.408627,19.789366,23.6,23.299999,22.224322,25.485007,24.925693,20.647429,25.384698,21.352998,19.762717,24.967952
2026-01-06 22:40:00,23.4,19.742762,19.752158,20.942113,20.842757,20.238581,17.1,21.688379,14.440268,13.289295,21.356731,28.703949,25.0,25.0,25.0,25.0,25.0,25.0,25.0,25.0,25.0,25.0,25.0,25.0,25.0,26.299999,25.0,25.0,25.0,25.0,28.824828,25.538902,25.700001,23.0,20.633952,23.144785,18.441115,20.5,19.789366,23.385912,22.871862,21.905788,24.654488,25.031885,20.3491,24.325744,21.271006,19.576524,24.168042
2026-01-06 22:50:00,23.423432,19.652977,19.66213,20.591186,20.846754,20.183893,16.972568,21.688379,14.06117,13.480284,21.213031,28.729114,25.0,25.0,25.0,25.0,25.0,25.0,25.0,25.0,25.0,25.0,25.0,25.0,25.0,26.174374,25.0,25.0,25.0,25.0,28.721802,25.560219,25.481646,22.571876,20.709813,22.863285,18.343961,20.5,19.789366,23.242355,22.711751,21.667309,24.128898,25.235812,20.126144,24.16838,21.184724,19.547645,24.61227
2026-01-06 23:00:00,23.446864,19.539602,19.541989,20.323198,20.85988,20.025123,16.845135,21.688379,13.682092,13.671272,21.1,28.754278,25.0,25.0,25.0,25.0,25.0,25.0,25.0,25.0,25.0,25.0,25.0,25.0,25.0,26.048749,25.0,25.0,25.0,25.0,28.643799,25.622339,25.4,22.200001,20.778567,22.715768,18.256483,20.5,19.789366,23.172716,22.55858,21.547225,23.71585,25.375772,19.990181,24.05037,21.056535,19.520836,25.549305
2026-01-06 23:10:00,23.181448,19.292709,19.28709,20.6,21.054308,19.156631,17.1,21.688379,13.101968,13.040855,21.1,28.804607,25.0,25.0,25.0,25.0,25.0,25.0,25.0,25.0,25.0,25.0,25.0,25.0,25.0,26.359309,25.0,25.0,25.0,25.0,28.48889,25.969415,25.4,21.9,20.814525,23.168689,17.954487,20.154032,19.789366,23.194609,22.200001,21.977038,23.367019,24.030459,19.95369,23.785506,20.69975,19.4,27.046504
2026-01-06 23:20:00,22.870328,19.244391,19.246681,20.363392,21.197243,18.833574,17.1,21.688379,13.050572,12.962226,21.030783,28.829772,25.0,25.0,25.0,25.0,25.0,25.0,25.0,25.0,25.0,25.0,25.0,25.0,25.0,26.248044,25.0,25.0,25.0,25.0,28.39622,25.997487,25.293548,21.698077,20.812061,23.333659,17.699401,20.200727,19.789366,23.387094,22.004742,21.780138,23.520801,23.669876,19.803754,23.969795,20.558258,19.4,27.121755
2026-01-06 23:30:00,22.6,19.207572,19.213913,20.126783,21.268771,18.487332,17.1,21.688379,13.008756,12.9,20.848757,28.854936,25.0,25.0,25.0,25.0,25.0,25.0,25.0,25.0,25.0,25.0,25.0,25.0,25.0,26.0,25.0,25.0,25.0,25.0,28.299999,26.027817,25.1,21.6,20.809596,23.4,17.56553,20.247422,19.789366,23.561592,21.91627,21.547142,23.674584,23.396979,19.647278,24.154084,20.5,19.4,27.144204
2026-01-06 23:40:00,22.446205,19.133308,19.124244,20.395775,21.1,17.318098,16.799999,21.688379,12.854387,12.720907,20.227561,28.905265,25.0,25.0,25.0,25.0,25.0,25.0,25.0,25.0,25.0,25.0,25.0,25.0,25.0,25.529842,25.0,25.0,25.0,25.0,28.122236,27.37115,24.9,21.6,20.822742,23.352782,17.6,20.200001,19.789366,22.742152,22.0,21.5,23.5,22.956666,19.6,23.834397,20.541163,18.965254,26.238705
2026-01-06 23:50:00,22.25823,18.952034,18.940792,20.700194,20.747625,17.117878,16.832692,21.688379,12.668979,12.568522,19.82292,28.93043,25.0,25.0,25.0,25.0,25.0,25.0,25.0,25.0,25.0,25.0,25.0,25.0,25.0,25.408536,25.0,25.0,25.0,25.0,28.082491,27.163451,24.541304,21.6,20.811371,23.203007,17.6,20.222808,19.789366,22.057836,21.927883,21.346177,23.32161,22.52854,19.518056,23.644083,20.520581,18.954818,25.786409
2026-01-07 00:00:00,22.143717,18.696968,18.693549,20.9,20.5,17.049693,16.9,21.688379,12.462131,12.488347,19.448708,28.955595,25.0,25.0,25.0,25.0,25.0,25.0,25.0,25.0,25.0,25.0,25.0,25.0,25.0,25.291244,25.0,25.0,25.0,25.0,28.035898,26.756066,24.299999,21.6,20.799999,22.987161,17.6,20.245615,19.789366,21.700106,21.75151,21.200001,23.096848,22.292687,19.364863,23.555331,20.5,18.950159,25.326203
2026-01-07 00:10:00,22.140481,18.40776,18.409777,20.9318,20.5,17.100742,17.0,21.688379,12.232584,12.610539,18.978758,29.005924,25.0,25.0,25.0,25.0,25.0,25.0,25.0,25.0,25.0,25.0,25.0,25.0,25.0,24.889484,25.0,25.0,25.0,25.0,27.502403,26.231358,24.299999,21.6,20.816525,22.765401,17.246868,20.200001,19.789366,22.171275,21.295663,21.165451,22.696423,22.5,18.837441,23.710731,20.656085,18.946149,24.359409
2026-01-07 00:20:00,22.097653,18.721265,18.703786,20.958785,20.601481,17.294215,17.067308,21.688379,12.266292,12.285002,18.646951,29.031088,25.0,25.0,25.0,25.0,25.0,25.0,25.0,25.0,25.0,25.0,25.0,25.0,25.0,24.520137,25.0,25.0,25.0,25.0,26.320741,26.047266,24.4125,21.6,20.830888,22.803684,17.145944,20.174043,19.789366,21.870639,21.347831,21.081682,22.595831,22.49759,18.682734,23.396684,20.659259,19.102791,24.097729
2026-01-07 00:30:00,21.977113,19.16293,19.133899,20.988126,20.724606,17.450444,17.1,21.688379,12.3,11.959465,18.483169,29.056253,25.0,25.0,25.0,25.0,25.0,25.0,25.0,25.0,25.0,25.0,25.0,25.0,25.0,24.112104,25.0,25.0,25.0,25.0,25.105188,25.858143,24.6,21.6,20.851345,22.841968,17.03215,20.162114,19.789366,21.250673,21.4,20.94325,22.558919,22.495179,18.6,22.951185,20.660171,19.259434,24.000073
2026-01-07 00:40:00,21.253116,19.366856,19.361013,21.030966,20.753628,16.129628,17.1,21.688379,11.785243,12.05199,18.700001,29.106582,25.0,25.0,25.0,25.0,25.0,25.0,25.0,25.0,25.0,25.0,25.0,25.0,25.0,23.539221,25.0,25.0,25.0,25.0,24.5,25.269431,24.75,21.5,20.914188,22.63189,16.371384,20.375515,19.789366,20.3251,20.508325,20.700001,22.601695,23.383469,18.552741,22.740221,20.5,18.647274,24.11464
2026-01-07 00:50:00,21.100544,19.402828,19.39329,21.075156,20.770772,16.124377,17.118331,21.688379,11.708553,12.041292,18.944484,29.131746,25.0,25.0,25.0,25.0,25.0,25.0,25.0,25.0,25.0,25.0,25.0,25.0,25.0,23.04442,25.0,25.0,25.0,25.0,24.383336,24.758167,24.815435,21.432692,20.867522,22.607753,16.33521,20.287758,19.789366,20.026908,20.510146,20.556413,22.238587,23.173304,18.499997,22.382646,20.406626,18.681665,24.211733
2026-01-07 01:00:00,21.046572,19.429816,19.418606,21.1,20.799999,16.119118,17.136662,21.688379,11.628483,12.030594,19.086169,29.156911,25.0,25.0,25.0,25.0,25.0,25.0,25.0,25.0,25.0,25.0,25.0,25.0,25.0,22.782743,25.0,25.0,25.0,25.0,24.342763,24.326901,24.9,21.4,20.767002,22.6,16.299999,20.200001,19.789366,19.799999,20.516511,20.4,21.807478,22.790268,18.469536,22.146146,20.299999,18.718167,24.345189
2026-01-07 01:10:00,21.047657,19.485192,19.484968,20.946334,21.56695,14.300323,17.1,21.688379,10.920543,12.15412,18.935461,29.20724,25.0,25.0,25.0,25.0,25.0,25.0,25.0,25.0,25.0,25.0,25.0,25.0,25.0,22.87554,25.0,25.0,25.0,25.0,24.459652,24.011163,25.4,21.6,20.595794,22.736395,15.833267,20.332945,19.789366,19.475857,20.9,20.065631,21.718355,22.391695,18.882777,22.652146,20.035026,18.720643,24.721887
2026-01-07 01:20:00,21.048661,19.21369,19.227199,20.897103,22.000929,14.510044,17.1,21.688379,10.981157,12.01963,18.620969,29.232404,25.0,25.0,25.0,25.0,25.0,25.0,25.0,25.0,25.0,25.0,25.0,25.0,25.0,22.842063,25.0,25.0,25.0,25.0,24.363826,24.041337,24.703845,21.6,20.52307,22.782049,15.519734,20.349786,19.789366,19.392732,20.997034,20.035608,21.935164,22.298765,18.865482,22.97079,19.75289,18.614801,25.084357
2026-01-07 01:30:00,21.050688,18.717676,18.745812,20.83613,22.200001,14.987422,17.1,21.688379,11.074319,11.88514,18.4,29.257569,25.0,25.0,25.0,25.0,25.0,25.0,25.0,25.0,25.0,25.0,25.0,25.0,25.0,22.756758,25.0,25.0,25.0,25.0,24.170251,24.071511,23.799999,21.6,20.49253,22.799999,15.307112,20.366635,19.789366,19.334033,21.032698,20.004817,22.231305,22.265207,18.848187,23.142983,19.480578,18.336039,25.283324
2026-01-07 01:40:00,21.101854,18.197937,18.208209,20.33152,21.598632,15.954666,17.1,21.688379,11.132298,11.938546,18.509274,29.307898,25.0,25.0,25.0,25.0,25.0,25.0,25.0,25.0,25.0,25.0,25.0,25.0,25.0,22.5,25.0,25.0,25.0,25.0,23.898402,23.532663,23.5,21.6,20.5,22.673712,15.2,20.5,19.789366,19.252518,21.022981,19.565496,22.35288,23.265578,18.941979,23.174111,19.247809,17.378732,25.11589
2026-01-07 01:50:00,21.181562,17.882277,17.885015,20.284924,21.098008,15.943277,17.1,21.688379,11.078873,11.758114,18.368998,29.333063,25.0,25.0,25.0,25.0,25.0,25.0,25.0,25.0,25.0,25.0,25.0,25.0,25.0,22.236287,25.0,25.0,25.0,25.0,23.918389,23.323854,23.95,21.6,20.509356,22.591955,15.13833,20.523786,19.789366,19.273763,20.705133,19.253986,22.377135,23.107163,18.840448,22.667093,19.224216,17.167965,24.908297
2026-01-07 02:00:00,21.232925,17.636093,17.642279,20.270324,20.590952,15.903628,17.1,21.688379,10.950811,11.426418,18.228721,29.358227,25.0,25.0,25.0,25.0,25.0,25.0,25.0,25.0,25.0,25.0,25.0,25.0,25.0,21.905348,25.0,25.0,25.0,25.0,23.938376,23.223225,24.4,21.6,20.522829,22.500974,15.064292,20.531944,19.789366,19.32847,20.099118,19.1,22.4,22.757852,18.681332,22.160075,19.200001,17.092752,24.65097
2026-01-07 02:10:00,20.798596,17.423637,17.451472,20.299999,19.961644,13.896441,17.1,21.688379,10.642386,11.072518,18.250051,29.408556,25.0,25.0,25.0,25.0,25.0,25.0,25.0,25.0,25.0,25.0,25.0,25.0,25.0,21.325108,25.0,25.0,25.0,25.0,23.736203,23.198249,23.799999,21.9,20.551048,22.313925,14.846084,20.412306,19.789366,19.5,19.330369,19.1,22.489574,22.118184,18.575966,22.284383,18.9,17.253623,24.28748
2026-01-07 02:20:00,20.775617,17.663745,17.702119,20.407815,19.816692,13.705733,17.1,21.688379,10.414909,11.211893,17.989801,29.433721,25.0,25.0,25.0,25.0,25.0,25.0,25.0,25.0,25.0,25.0,25.0,25.0,25.0,21.207338,25.0,25.0,25.0,25.0,23.708945,23.110327,23.799999,21.9,20.561384,22.125448,14.500919,20.456153,19.789366,19.597438,19.371147,18.967636,22.28114,22.048114,18.437959,22.299732,18.760294,17.398385,23.690122
2026-01-07 02:30:00,20.753988,17.982583,18.016382,20.49417,19.700001,13.645802,17.1,21.688379,10.19639,11.351268,17.729551,29.458885,25.0,25.0,25.0,25.0,25.0,25.0,25.0,25.0,25.0,25.0,25.0,25.0,25.0,21.1,25.0,25.0,25.0,25.0,23.700001,22.903423,23.799999,21.9,20.57529,22.0,14.171158,20.5,19.789366,19.684693,19.455476,18.835272,21.9,21.978534,18.260739,22.314269,18.700001,17.51875,23.098749
2026-01-07 02:40:00,20.537704,18.099284,18.104759,20.299999,19.452946,13.8,17.1,21.688379,9.92904,10.499139,18.200001,29.509214,25.0,25.0,25.0,25.0,25.0,25.0,25.0,25.0,25.0,25.0,25.0,25.0,25.0,20.733758,25.0,25.0,25.0,25.0,23.742901,21.958524,23.799999,21.9,20.733392,21.970393,13.990068,20.46095,19.789366,19.799999,19.582431,18.922698,21.499576,21.374742,18.0,22.4,18.700001,17.6,22.749812
2026-01-07 02:50:00,20.768852,18.26756,18.265492,20.45,19.283092,14.094386,17.017548,21.688379,9.906871,10.664883,17.967855,29.534379,25.0,25.0,25.0,25.0,25.0,25.0,25.0,25.0,25.0,25.0,25.0,25.0,25.0,20.779733,25.0,25.0,25.0,25.0,23.731194,21.830459,23.789538,21.914384,20.728058,21.983189,14.166437,20.433229,19.789366,19.799999,19.561288,18.824799,21.404611,21.265669,18.047627,22.59089,18.594374,17.513308,22.616567
2026-01-07 03:00:00,21.0,18.373364,18.374069,20.6,19.200001,14.374241,16.887598,21.688379,9.9,10.890275,17.492855,29.559543,25.0,25.0,25.0,25.0,25.0,25.0,25.0,25.0,25.0,25.0,25.0,25.0,25.0,20.825709,25.0,25.0,25.0,25.0,23.700001,21.739009,23.767999,21.944,20.722724,22.0,14.4,20.419521,19.789366,19.799999,19.540145,18.6,21.29612,21.152462,18.095255,22.933244,18.352559,17.303512,22.562284
2026-01-07 03:10:00,20.95867,18.061907,18.047346,20.299999,19.200001,14.497436,16.799999,21.688379,10.301997,10.981203,16.799999,29.609872,25.0,25.0,25.0,25.0,25.0,25.0,25.0,25.0,25.0,25.0,25.0,25.0,25.0,20.682971,25.0,25.0,25.0,25.0,23.587501,21.552109,23.735999,21.988,20.761365,22.005879,14.48451,20.453991,19.789366,19.934117,20.1,18.131395,20.388047,20.389172,17.799999,23.747482,17.853412,16.781173,23.753375
2026-01-07 03:20:00,20.744091,17.751185,17.722351,20.188408,19.02232,13.974917,16.875425,21.688379,10.196661,10.70345,16.401225,29.635037,25.0,25.0,25.0,25.0,25.0,25.0,25.0,25.0,25.0,25.0,25.0,25.0,25.0,20.611602,25.0,25.0,25.0,25.0,23.531251,21.637641,23.719999,22.01,20.680983,22.008818,14.526766,20.48405,19.789366,19.812125,19.422202,17.892676,20.53884,20.7689,17.632715,23.787939,17.656098,16.422775,23.789487
2026-01-07 03:30:00,20.5614,17.442786,17.413065,20.1,18.844639,13.452397,16.95085,21.688379,10.091325,10.425696,16.129033,29.660201,25.0,25.0,25.0,25.0,25.0,25.0,25.0,25.0,25.0,25.0,25.0,25.0,25.0,20.540233,25.0,25.0,25.0,25.0,23.475001,21.853213,23.703999,22.032,20.495112,22.011757,14.569021,20.5,19.789366,19.622463,18.306736,17.684564,20.689633,21.148627,17.534956,23.799999,17.44267,16.247567,23.799999
2026-01-07 03:40:00,20.570292,17.139637,17.140103,19.975099,18.9,14.047683,16.799999,21.688379,10.26243,10.429697,15.959767,29.710531,25.0,25.0,25.0,25.0,25.0,25.0,25.0,25.0,25.0,25.0,25.0,25.0,25.0,20.397495,25.0,25.0,25.0,25.0,23.362501,22.475433,23.671999,22.076,20.098667,22.017636,14.653532,20.238252,19.789366,19.5,17.447724,17.399874,19.872033,20.830646,17.5,23.589397,16.7482,16.749198,23.229089
2026-01-07 03:50:00,20.497465,17.128151,17.132093,19.872224,18.776042,13.919681,16.859432,21.688379,10.035637,10.296769,15.832917,29.735695,25.0,25.0,25.0,25.0,25.0,25.0,25.0,25.0,25.0,25.0,25.0,25.0,25.0,20.326126,25.0,25.0,25.0,25.0,23.306251,22.712497,23.655999,22.098,20.015244,22.020575,14.695787,20.239665,19.789366,19.5,17.422912,17.204018,19.604551,20.839154,17.5,23.528723,16.434275,16.624599,23.157063
2026-01-07 04:00:00,20.330865,17.124776,17.129764,19.7479,18.652085,13.674002,16.918864,21.688379,9.730123,10.028598,15.7,29.76086,25.0,25.0,25.0,25.0,25.0,25.0,25.0,25.0,25.0,25.0,25.0,25.0,25.0,20.254757,25.0,25.0,25.0,25.0,23.250001,22.809014,23.639999,22.12,19.92663,22.023515,14.738043,20.244564,19.789366,19.5,17.4,17.108185,19.5,20.858748,17.5,23.5,16.299999,16.5,23.080675
2026-01-07 04:10:00,19.987823,17.212701,17.203974,19.5,19.010675,13.376945,16.799999,21.688379,9.611458,9.653462,15.5,29.811189,25.0,25.0,25.0,25.0,25.0,25.0,25.0,25.0,25.0,25.0,25.0,25.0,25.0,20.112019,25.0,25.0,25.0,25.0,23.137501,22.594837,23.607999,22.164,19.360905,22.029393,14.822554,20.452461,19.789366,19.382207,17.143926,17.924446,19.5,20.9,17.5,23.489757,16.558312,16.5,22.113764
2026-01-07 04:20:00,20.153574,17.24593,17.24216,19.392973,18.784582,13.086198,16.799999,21.688379,9.452808,9.122733,15.5,29.836353,25.0,25.0,25.0,25.0,25.0,25.0,25.0,25.0,25.0,25.0,25.0,25.0,25.0,20.04065,25.0,25.0,25.0,25.0,23.081251,22.375598,23.591999,22.186,19.521438,22.032332,14.864809,20.307146,19.789366,19.42309,17.329343,17.892814,19.508737,20.817719,17.5,23.348742,16.791567,16.437115,22.119857
2026-01-07 04:30:00,20.5,17.283806,17.287841,19.33102,18.433284,12.925662,16.799999,21.688379,9.355476,8.47846,15.5,29.861518,25.0,25.0,25.0,25.0,25.0,25.0,25.0,25.0,25.0,25.0,25.0,25.0,25.0,19.969282,25.0,25.0,25.0,25.0,23.025001,22.252667,23.575999,22.208,19.681971,22.035272,14.907065,20.161831,19.789366,19.478313,17.758512,17.792841,19.53781,20.610169,17.5,23.079247,16.989723,16.27397,22.1394
2026-01-07 04:40:00,21.038384,17.441781,17.44092,19.299999,18.206892,13.788285,16.873451,21.688379,9.579073,7.714417,14.982228,29.911847,25.0,25.0,25.0,25.0,25.0,25.0,25.0,25.0,25.0,25.0,25.0,25.0,25.0,19.826544,25.0,25.0,25.0,25.0,22.912501,22.930014,23.543999,22.252,19.638535,22.04115,14.991575,20.200001,19.789366,19.5,18.67688,16.80439,20.053174,20.009233,17.535039,22.702643,17.131521,15.747065,22.361655
2026-01-07 04:50:00,21.22563,17.50305,17.503055,19.308175,18.479582,14.153403,16.836725,21.688379,9.836612,7.89056,14.858601,29.937011,25.0,25.0,25.0,25.0,25.0,25.0,25.0,25.0,25.0,25.0,25.0,25.0,25.0,19.755175,25.0,25.0,25.0,25.0,22.856251,22.622182,23.527999,22.274,19.668505,22.04409,15.033831,20.156253,19.789366,19.658747,18.752877,16.51162,20.050462,19.485517,17.51752,22.546397,17.130522,15.710995,22.032112
2026-01-07 05:00:00,21.299999,17.583067,17.584795,19.331423,18.752271,14.306574,16.799999,21.688379,9.986946,8.081845,14.813734,29.962176,25.0,25.0,25.0,25.0,25.0,25.0,25.0,25.0,25.0,25.0,25.0,25.0,25.0,19.683806,25.0,25.0,25.0,25.0,22.800001,22.142979,23.512,22.296,19.745174,22.047029,15.076086,20.112506,19.789366,19.799999,18.819757,16.4,20.04775,19.014527,17.5,22.428781,17.129523,15.7,21.554442
2026-01-07 05:10:00,21.041961,18.214753,18.198535,19.445149,18.566248,13.106717,16.799999,21.688379,9.660015,8.1,14.854335,30.012505,25.0,25.0,25.0,25.0,25.0,25.0,25.0,25.0,25.0,25.0,25.0,25.0,25.0,19.541068,25.0,25.0,25.0,25.0,22.6875,21.832308,23.48,22.34,19.979438,22.052908,15.160597,20.416313,19.789366,19.799999,19.172413,16.550582,20.350468,18.604746,17.5,22.296055,17.216581,15.960323,21.310166
2026-01-07 05:20:00,21.010268,18.433318,18.425854,19.78834,18.453123,12.673697,16.799999,21.688379,9.440464,8.05222,14.696399,30.037669,25.0,25.0,25.0,25.0,25.0,25.0,25.0,25.0,25.0,25.0,25.0,25.0,25.0,19.469699,25.0,25.0,25.0,25.0,22.63125,21.854269,23.464,22.362,19.995201,22.055847,15.202852,20.44335,19.789366,19.844417,18.71002,16.988679,20.349793,18.644328,17.401942,22.076269,17.158291,15.888308,21.217257
2026-01-07 05:30:00,21.0,18.588052,18.588333,20.052764,18.4,12.5,16.799999,21.688379,9.333907,7.929423,14.538462,30.062834,25.0,25.0,25.0,25.0,25.0,25.0,25.0,25.0,25.0,25.0,25.0,25.0,25.0,19.39833,25.0,25.0,25.0,25.0,22.575,21.920853,23.448,22.384,20.0,22.058786,15.245108,20.451789,19.789366,19.888835,18.247628,17.323459,20.347453,18.774022,17.303884,21.9,17.1,15.775258,21.112329
2026-01-07 05:40:00,21.0,18.761409,18.76484,19.749051,18.797213,13.019271,16.753283,21.688379,9.420043,7.547386,14.631676,30.113163,25.0,25.0,25.0,25.0,25.0,25.0,25.0,25.0,25.0,25.0,25.0,25.0,25.0,19.255592,25.0,25.0,25.0,25.0,22.4625,22.397259,23.416,22.428,20.0,22.064665,15.329619,20.410827,19.789366,19.799999,19.426044,17.16972,20.24914,20.640989,17.449638,21.855042,17.232187,15.7,20.693811
2026-01-07 05:50:00,20.942629,18.874687,18.879846,19.607447,19.036833,12.900517,16.61041,21.688379,9.416278,7.78903,14.615723,30.138328,25.0,25.0,25.0,25.0,25.0,25.0,25.0,25.0,25.0,25.0,25.0,25.0,25.0,19.184223,25.0,25.0,25.0,25.0,22.40625,22.360178,23.4,22.45,19.98495,22.067604,15.371874,20.36109,19.789366,19.886446,19.556937,17.114354,19.995993,21.201641,17.3487,22.027522,17.17554,15.546453,20.554632
2026-01-07 06:00:00,20.807407,18.982667,18.989734,19.546311,19.153037,12.781762,16.5,21.688379,9.403528,8.1,14.574933,30.163492,25.0,25.0,25.0,25.0,25.0,25.0,25.0,25.0,25.0,25.0,25.0,25.0,25.0,19.112854,25.0,25.0,25.0,25.0,22.35,22.26779,23.384,22.472,19.969899,22.070544,15.414129,20.308099,19.789366,19.972893,19.598807,17.04247,19.624111,21.416114,17.247762,22.200001,17.053707,15.3693,20.5
2026-01-07 06:10:00,20.5,19.128745,19.139726,19.731782,19.158615,13.582857,16.5,21.688379,9.1,8.199141,14.450526,30.213821,25.0,25.0,25.0,25.0,25.0,25.0,25.0,25.0,25.0,25.0,25.0,25.0,25.0,18.970116,25.0,25.0,25.0,25.0,22.2375,22.012319,23.352,22.516,20.0,22.076422,15.49864,20.25645,19.789366,19.943882,18.599177,16.4,19.167762,20.9,17.5,21.816526,16.847179,15.235017,20.5
2026-01-07 06:20:00,20.474872,19.088995,19.093483,19.747874,19.314571,14.102724,16.538865,21.688379,9.16413,8.191563,14.675263,30.238986,25.0,25.0,25.0,25.0,25.0,25.0,25.0,25.0,25.0,25.0,25.0,25.0,25.0,18.898747,25.0,25.0,25.0,25.0,22.18125,22.01937,23.336,22.538,19.952706,22.079362,15.540896,20.194378,19.789366,19.739143,18.086584,16.523836,19.133997,20.949172,17.374947,21.634707,16.765994,15.237664,20.615845
2026-01-07 06:30:00,20.467093,19.049245,19.04724,19.752884,19.5,14.352164,16.621506,21.688379,9.303565,8.169644,14.9,30.26415,25.0,25.0,25.0,25.0,25.0,25.0,25.0,25.0,25.0,25.0,25.0,25.0,25.0,18.827378,25.0,25.0,25.0,25.0,22.125,22.040095,23.32,22.56,19.901166,22.082301,15.583151,20.157621,19.789366,19.557712,17.858699,16.647672,19.106643,20.998345,17.166576,21.513808,16.73265,15.245776,20.73169
2026-01-07 06:40:00,20.561043,19.087072,19.086487,19.419188,19.546507,12.94215,16.756803,21.688379,9.547973,8.052237,14.7,30.314479,25.0,25.0,25.0,25.0,25.0,25.0,25.0,25.0,25.0,25.0,25.0,25.0,25.0,18.684641,25.0,25.0,25.0,25.0,22.0125,22.161787,23.288,22.604,19.89606,22.088179,15.667662,20.200001,19.789366,19.770603,18.079372,16.185458,19.0,20.17822,17.0,21.428062,16.908996,15.308428,20.501293
2026-01-07 06:50:00,20.445541,19.058613,19.063406,19.415435,19.38161,12.580238,16.667097,21.688379,9.468292,7.723763,14.7,30.339644,25.0,25.0,25.0,25.0,25.0,25.0,25.0,25.0,25.0,25.0,25.0,25.0,25.0,18.613272,25.0,25.0,25.0,25.0,21.95625,22.108377,23.272,22.626,19.92591,22.091119,15.709917,20.100199,19.789366,19.792912,18.158075,16.111122,18.81941,20.273886,17.0,21.335993,16.715154,15.367673,20.209566
2026-01-07 07:00:00,20.190755,19.030154,19.040326,19.414368,19.054701,12.415196,16.546485,21.688379,9.35354,7.475012,14.7,30.364808,25.0,25.0,25.0,25.0,25.0,25.0,25.0,25.0,25.0,25.0,25.0,25.0,25.0,18.541903,25.0,25.0,25.0,25.0,21.9,21.966551,23.256,22.648,19.985787,22.094058,15.752173,20.000398,19.789366,19.799999,18.24738,16.086069,18.700001,20.525623,17.0,21.25688,16.5,15.4,20.0
2026-01-07 07:10:00,19.723595,19.208087,19.21181,19.5,18.620263,12.358676,16.5,21.688379,9.296178,7.5,14.4,30.415137,25.0,25.0,25.0,25.0,25.0,25.0,25.0,25.0,25.0,25.0,25.0,25.0,25.0,18.399165,25.0,25.0,25.0,25.0,21.7875,21.462484,23.224,22.692,20.068152,22.099937,15.836684,20.200001,19.789366,19.776757,18.641821,16.4,19.035591,21.386935,17.0,21.208734,16.473902,15.283282,19.952196
2026-01-07 07:20:00,19.340633,19.319676,19.323354,19.5,18.732672,12.402408,16.476228,21.688379,9.309963,7.584436,14.65,30.440302,25.0,25.0,25.0,25.0,25.0,25.0,25.0,25.0,25.0,25.0,25.0,25.0,25.0,18.327796,25.0,25.0,25.0,25.0,21.73125,21.342058,23.208,22.714,20.188553,22.102876,15.878939,20.251964,19.789366,19.750192,18.992708,16.602825,19.45805,21.026424,17.0,21.27915,16.486951,15.295,19.976098
2026-01-07 07:30:00,19.141709,19.42883,19.434395,19.5,18.845081,12.44614,16.465669,21.688379,9.349867,7.651089,14.9,30.465467,25.0,25.0,25.0,25.0,25.0,25.0,25.0,25.0,25.0,25.0,25.0,25.0,25.0,18.256427,25.0,25.0,25.0,25.0,21.675,21.298347,23.192,22.736,20.26459,22.105815,15.921194,20.271184,19.789366,19.699554,19.457951,16.700001,19.712121,20.298356,17.0,21.349565,16.5,15.306718,20.0
2026-01-07 07:40:00,19.30778,19.593191,19.603114,19.299999,18.533186,12.310817,16.5,21.688379,9.564605,7.5,14.9,30.515796,25.0,25.0,25.0,25.0,25.0,25.0,25.0,25.0,25.0,25.0,25.0,25.0,25.0,18.113689,25.0,25.0,25.0,25.0,21.5625,21.505116,23.16,22.78,20.157425,22.111694,16.005705,20.200001,19.789366,19.347713,20.568096,16.232118,19.677752,19.276677,16.929525,20.691237,16.299999,15.2,19.490414
2026-01-07 07:50:00,19.262016,19.61582,19.610592,19.299999,18.381317,12.234793,16.5,21.688379,9.535505,7.467223,14.818501,30.54096,25.0,25.0,25.0,25.0,25.0,25.0,25.0,25.0,25.0,25.0,25.0,25.0,25.0,18.04232,25.0,25.0,25.0,25.0,21.50625,21.478949,23.144,22.802,20.072132,22.114633,16.047961,20.30428,19.789366,19.034023,20.592863,15.886632,19.381305,18.791292,16.883174,20.496235,16.10559,15.035898,19.438047
2026-01-07 08:00:00,19.136919,19.623267,19.612807,19.299999,18.233085,12.2,16.5,21.688379,9.506404,7.43094,14.650505,30.566125,25.0,25.0,25.0,25.0,25.0,25.0,25.0,25.0,25.0,25.0,25.0,25.0,25.0,17.970951,25.0,25.0,25.0,25.0,21.45,21.407739,23.128,22.824,20.028274,22.117573,16.090216,20.448818,19.789366,18.806329,20.6,15.550834,19.113046,18.509112,16.828692,20.366729,15.959532,14.842751,19.421448
2026-01-07 08:10:00,18.631898,19.597455,19.596571,19.299999,17.94829,12.5,16.5,21.688379,9.569826,7.147028,14.4,30.616454,25.0,25.0,25.0,25.0,25.0,25.0,25.0,25.0,25.0,25.0,25.0,25.0,25.0,17.828213,25.0,25.0,25.0,25.0,21.3375,21.126023,23.096,22.868,20.030521,22.123451,16.174727,20.511614,19.789366,18.706754,20.431592,15.127983,19.200001,18.381716,16.700001,20.228292,15.895236,14.646389,19.436378
2026-01-07 08:20:00,18.715949,19.549313,19.550647,19.255461,18.152764,12.351937,16.466132,21.688379,9.318705,7.18358,14.433369,30.641618,25.0,25.0,25.0,25.0,25.0,25.0,25.0,25.0,25.0,25.0,25.0,25.0,25.0,17.756844,25.0,25.0,25.0,25.0,21.28125,20.853509,23.08,22.89,20.065453,22.126391,16.216982,20.543011,19.789366,18.555569,20.609408,15.183957,19.151894,18.309591,16.515659,20.002517,15.884576,14.543448,19.668902
2026-01-07 08:30:00,18.799999,19.467854,19.465481,19.160017,18.357238,12.16141,16.432263,21.688379,9.02902,7.25732,14.502069,30.666783,25.0,25.0,25.0,25.0,25.0,25.0,25.0,25.0,25.0,25.0,25.0,25.0,25.0,17.685475,25.0,25.0,25.0,25.0,21.225,20.615579,23.064,22.912,20.145474,22.12933,16.259238,20.574409,19.789366,18.401941,20.787223,15.333486,19.036181,18.218956,16.4,19.854941,15.872922,14.452513,19.888664
2026-01-07 08:40:00,18.799999,19.280029,19.276496,19.0,18.1,12.100691,16.5,21.688379,8.979952,7.36047,14.604139,30.717112,25.0,25.0,25.0,25.0,25.0,25.0,25.0,25.0,25.0,25.0,25.0,25.0,25.0,17.542738,25.0,25.0,25.0,25.0,21.1125,20.44493,23.032,22.956,20.337446,22.135208,16.343748,20.637205,19.789366,18.295936,20.417545,15.878675,18.754122,17.9,16.4,20.237334,15.745922,14.327254,19.8824
2026-01-07 08:50:00,18.808903,19.280676,19.27831,19.0,17.819304,11.845036,16.5,21.688379,8.832209,7.146718,14.526947,30.742276,25.0,25.0,25.0,25.0,25.0,25.0,25.0,25.0,25.0,25.0,25.0,25.0,25.0,17.446664,25.0,25.0,25.0,25.0,21.036779,20.465234,23.010462,22.973886,20.48268,22.137522,16.377792,20.679471,19.789366,18.374226,20.637865,15.801879,18.551516,17.906289,16.55,20.284654,15.712426,14.205232,20.049825
2026-01-07 09:00:00,18.838304,19.282957,19.284542,19.0,17.6,11.634603,16.5,21.688379,8.718431,6.932966,14.358283,30.767441,25.0,25.0,25.0,25.0,25.0,25.0,25.0,25.0,25.0,25.0,25.0,25.0,25.0,17.4,25.0,25.0,25.0,25.0,21.0,20.523034,23.0,23.0,20.63545,22.141087,16.428259,20.700001,19.789366,18.542116,20.858185,15.614255,18.450923,17.927009,16.700001,20.299999,15.7,14.137967,20.408099
2026-01-07 09:10:00,19.305732,19.493921,19.489767,18.954735,17.504955,12.100745,16.749921,21.688379,9.217069,6.955339,14.058091,30.81777,25.0,25.0,25.0,25.0,25.0,25.0,25.0,25.0,25.0,25.0,25.0,25.0,25.0,17.832899,25.0,25.0,25.0,25.0,21.197397,20.807432,24.4,23.5,20.865418,22.737798,17.725658,20.700001,19.789366,18.824182,20.688019,15.131095,18.693544,18.246816,16.51376,20.259892,15.884784,14.146901,21.006097
2026-01-07 09:20:00,19.457627,19.633103,19.622798,18.811508,17.718311,12.101982,16.730582,21.688379,9.079809,7.13679,13.778978,30.842935,25.0,25.0,25.0,25.0,25.0,25.0,25.0,25.0,25.0,25.0,25.0,25.0,25.0,18.201525,25.0,25.0,25.0,25.0,21.152092,21.242332,24.955126,23.896429,20.787843,22.926998,18.09046,20.780759,19.789366,18.884488,20.961477,15.189239,18.920927,18.493334,16.804506,20.680135,16.082199,14.267573,21.904193
2026-01-07 09:30:00,19.566711,19.804046,19.790326,18.700001,18.145797,12.103193,16.711243,21.688379,8.942549,7.3,13.627568,30.868099,25.0,25.0,25.0,25.0,25.0,25.0,25.0,25.0,25.0,25.0,25.0,25.0,25.0,18.708054,25.0,25.0,25.0,25.0,21.106786,22.034241,25.5,24.1,20.710267,23.123283,18.448648,20.941995,19.789366,18.928023,21.570458,15.371734,19.112516,18.833128,17.095253,21.518758,16.404305,14.564287,23.158479
2026-01-07 09:40:00,19.700001,20.263358,20.28841,19.290571,18.731845,12.170105,16.799999,21.688379,9.891642,7.0,13.684866,30.918428,25.0,25.0,25.0,25.0,25.0,25.0,25.0,25.0,25.0,25.0,25.0,25.0,25.0,20.12807,25.0,25.0,25.0,25.0,21.705977,24.882598,26.799999,24.1,20.846575,23.827351,19.642434,21.160738,19.789366,19.0,22.720914,17.070671,19.24094,19.925716,16.502536,22.654905,17.621204,15.505141,25.192653
2026-01-07 09:50:00,19.803107,20.602998,20.635381,19.539701,19.03221,12.034507,16.920727,21.688379,10.487605,7.010748,13.790255,30.943593,25.0,25.0,25.0,25.0,25.0,25.0,25.0,25.0,25.0,25.0,25.0,25.0,25.0,20.854473,25.0,25.0,25.0,25.0,21.755476,25.462753,27.087788,23.789424,20.842288,23.938018,20.618596,21.136876,19.789366,19.241601,23.262812,18.506544,19.65562,20.985725,17.173068,22.966872,18.490263,16.46566,27.011956
2026-01-07 10:00:00,19.950428,20.969516,20.996564,19.846667,19.346797,11.733511,17.131598,21.688379,11.020512,7.047918,13.861684,30.968757,25.0,25.0,25.0,25.0,25.0,25.0,25.0,25.0,25.0,25.0,25.0,25.0,25.0,21.624788,25.0,25.0,25.0,25.0,21.799999,26.050761,27.4,23.150001,20.82795,24.043956,21.945417,21.080375,19.789366,19.73222,23.847137,20.255378,20.579249,22.219775,18.259888,23.253896,19.439061,17.731589,29.271705
2026-01-07 10:10:00,20.485851,21.57312,21.571837,21.371841,20.045254,11.170674,17.879947,21.688379,11.65706,8.536742,13.802411,31.019086,25.0,25.0,25.0,25.0,25.0,25.0,25.0,25.0,25.0,25.0,25.0,25.0,25.0,23.400923,25.0,25.0,25.0,25.0,22.061663,29.121771,29.5,22.200001,20.553406,24.585181,25.722232,20.949908,19.789366,21.038125,25.394847,23.721132,24.126178,24.099922,19.058924,24.042632,21.109182,20.28488,33.72148
2026-01-07 10:20:00,20.751023,21.928938,21.921379,22.048971,20.574582,11.71302,17.927306,21.688379,12.512074,9.653987,14.238325,31.044251,25.0,25.0,25.0,25.0,25.0,25.0,25.0,25.0,25.0,25.0,25.0,25.0,25.0,24.269841,25.0,25.0,25.0,25.0,22.227231,32.333385,30.507052,21.652586,20.641264,25.150947,26.442996,20.792965,19.789366,23.313323,26.125754,26.418613,26.913566,25.289335,19.920231,24.525087,21.849219,21.444503,36.4758
2026-01-07 10:30:00,21.0,22.429334,22.423809,22.874228,21.230171,12.914059,17.974799,21.688379,13.889444,10.698356,15.350621,31.069415,25.0,25.0,25.0,25.0,25.0,25.0,25.0,25.0,25.0,25.0,25.0,25.0,25.0,25.152626,25.0,25.0,25.0,25.0,22.468737,35.896271,31.4,21.4,20.892092,25.927813,26.966066,20.700001,19.789366,26.189177,26.867872,29.364763,30.066989,26.517363,21.385367,25.108512,22.629845,22.566359,38.965258
2026-01-07 10:40:00,21.424122,25.0468,25.185153,26.498314,22.766889,15.143282,18.751673,21.688379,17.64796,11.869433,18.715829,31.119744,25.0,25.0,25.0,25.0,25.0,25.0,25.0,25.0,25.0,25.0,25.0,25.0,25.0,27.038789,25.0,25.0,25.0,25.0,23.791131,40.348817,32.749999,21.6,22.144637,27.643964,27.903806,21.133161,19.789366,29.355979,28.508498,34.116179,35.592555,28.628356,27.836566,26.743663,24.694448,24.817658,42.064932
2026-01-07 10:50:00,21.383854,27.946321,28.297645,28.367202,23.151382,15.795307,19.603411,21.688379,19.470955,12.591459,19.405948,31.144909,25.0,25.0,25.0,25.0,25.0,25.0,25.0,25.0,25.0,25.0,25.0,25.0,25.0,28.104782,25.0,25.0,25.0,25.0,24.600824,41.235035,33.658653,21.6,23.55961,28.346179,28.699813,21.397107,19.789366,29.407227,29.917614,35.302291,36.596705,30.425058,31.70901,27.535931,25.180684,26.029035,42.901306
2026-01-07 11:00:00,21.343585,30.21567,30.552372,30.377577,23.548289,16.565567,21.093779,21.688379,21.640668,12.932065,19.884317,31.170073,25.0,25.0,25.0,25.0,25.0,25.0,25.0,25.0,25.0,25.0,25.0,25.0,25.0,29.347534,25.0,25.0,25.0,25.0,25.200832,41.892502,34.099998,21.6,25.63101,29.0,29.926222,21.757468,19.789366,29.458168,31.075887,36.554668,37.613686,32.231757,35.608802,28.324581,25.664821,27.166514,43.679078
2026-01-07 11:10:00,22.205779,31.185226,31.226769,35.168907,25.353635,22.151306,28.315476,21.688379,29.345679,12.615873,20.61321,31.220403,25.0,25.0,25.0,25.0,25.0,25.0,25.0,25.0,25.0,25.0,25.0,25.0,25.0,32.757676,25.0,25.0,25.0,25.0,25.646094,43.112804,34.099998,21.6,30.70894,30.303366,35.119343,23.324562,19.789366,31.939405,31.872861,42.864418,43.577638,34.384845,42.227123,29.931696,27.684943,28.956179,45.923608
2026-01-07 11:20:00,22.779874,30.77597,30.79567,36.587954,26.14291,24.86746,34.898985,21.688379,36.248714,12.30617,21.56668,31.245567,25.0,25.0,25.0,25.0,25.0,25.0,25.0,25.0,25.0,25.0,25.0,25.0,25.0,34.233293,25.0,25.0,25.0,25.0,26.264461,44.247444,36.0,21.725507,30.246775,31.227639,35.978139,23.537449,19.789366,37.914019,32.702516,44.402201,44.020597,35.39606,44.160375,30.37775,28.17237,30.061457,45.671456
2026-01-07 11:30:00,23.460559,30.043984,30.043683,37.128963,26.944883,26.325509,38.446139,21.688379,39.945792,12.135126,23.163301,31.270732,25.0,25.0,25.0,25.0,25.0,25.0,25.0,25.0,25.0,25.0,25.0,25.0,25.0,35.68427,25.0,25.0,25.0,25.0,27.048115,45.427367,37.900002,21.945042,29.381083,32.104671,36.782282,23.607377,19.789366,44.763035,33.458474,44.962772,44.299037,36.340208,45.29184,30.817991,28.646642,30.896187,45.419303
2026-01-07 11:40:00,25.087068,29.322862,29.355129,36.539391,28.866691,26.770857,31.448331,21.688379,39.363499,13.432241,28.271263,31.321061,25.0,25.0,25.0,25.0,25.0,25.0,25.0,25.0,25.0,25.0,25.0,25.0,25.0,38.879017,25.0,25.0,25.0,25.0,28.10415,46.830391,34.900002,22.147701,28.405838,33.185992,40.358334,21.667292,19.789366,49.224931,34.023482,44.698522,44.795933,38.006829,46.154197,32.331087,30.415438,31.54392,46.509718
2026-01-07 11:50:00,26.008957,28.632656,28.637261,36.448844,29.904892,28.008891,29.286023,21.688379,39.747304,14.107002,30.406349,31.346225,25.0,25.0,25.0,25.0,25.0,25.0,25.0,25.0,25.0,25.0,25.0,25.0,25.0,40.901696,25.0,25.0,25.0,25.0,28.705294,46.910329,34.098305,22.320034,29.55155,33.557716,40.964491,22.223795,19.789366,49.975381,35.03425,45.237738,44.848,37.897171,49.937054,32.929772,30.617457,31.935346,49.469904
2026-01-07 12:00:00,26.578115,28.254481,28.232202,36.41855,30.374108,29.18067,28.238828,21.688379,40.738433,14.870649,31.298783,31.37139,25.0,25.0,25.0,25.0,25.0,25.0,25.0,25.0,25.0,25.0,25.0,25.0,25.0,41.86428,25.0,25.0,25.0,25.0,29.246008,46.984197,33.799999,22.531295,31.621711,33.704899,41.433698,23.558568,19.789366,50.565484,36.108118,45.776953,44.906603,37.787512,53.465998,33.176113,30.820684,32.405412,51.695757
2026-01-07 12:10:00,26.833633,29.481029,29.478716,41.737991,30.164349,29.509792,27.858058,21.688379,43.880942,16.97331,31.103869,31.421719,25.0,25.0,25.0,25.0,25.0,25.0,25.0,25.0,25.0,25.0,25.0,25.0,25.0,41.054339,25.0,25.0,25.0,25.0,29.967267,47.603981,42.599998,22.954732,33.722461,33.542332,42.509063,26.779988,19.789366,51.987579,36.829279,45.039053,48.861597,39.354058,53.956962,33.078574,32.678753,33.713166,50.583116
2026-01-07 12:20:00,26.963301,30.377409,30.369808,41.910978,29.378439,29.771352,27.847208,21.688379,43.06968,18.046911,31.651615,31.446883,25.0,25.0,25.0,25.0,25.0,25.0,25.0,25.0,25.0,25.0,25.0,25.0,25.0,42.110084,25.0,25.0,25.0,25.0,29.638985,48.140955,40.383519,23.128001,38.016826,33.738347,43.046745,27.600955,19.789366,51.410249,36.831675,44.923666,50.594095,39.373307,53.379567,33.216463,32.561001,34.754072,49.392203
2026-01-07 12:30:00,27.151668,31.362911,31.364026,42.075158,28.745205,30.163219,27.844056,21.688379,41.942378,19.030239,33.078499,31.472048,25.0,25.0,25.0,25.0,25.0,25.0,25.0,25.0,25.0,25.0,25.0,25.0,25.0,43.871244,25.0,25.0,25.0,25.0,29.310703,48.833258,35.799999,23.342783,41.016907,34.153406,43.584427,27.903173,19.789366,50.620062,36.834079,44.852066,51.758601,39.392758,52.338272,33.593226,32.443248,35.665522,48.543526
2026-01-07 12:40:00,28.769448,33.088539,33.217181,44.357166,30.14977,31.804799,28.806674,21.688379,41.447911,20.554996,37.763407,31.522377,25.0,25.0,25.0,25.0,25.0,25.0,25.0,25.0,25.0,25.0,25.0,25.0,25.0,45.283985,25.0,25.0,25.0,25.0,29.738166,50.401199,28.9,24.494131,39.957326,34.824346,44.659792,23.507717,19.789366,50.293072,39.412029,44.757609,52.680618,43.457903,51.287437,35.111161,33.399439,36.47708,48.286595
2026-01-07 12:50:00,28.88614,32.630929,32.721946,46.317089,31.008318,32.566163,28.469394,21.688379,40.73917,21.400449,39.339124,31.547541,25.0,25.0,25.0,25.0,25.0,25.0,25.0,25.0,25.0,25.0,25.0,25.0,25.0,46.157028,25.0,25.0,25.0,25.0,29.737359,50.759569,28.648784,25.05902,38.192505,35.247877,45.197474,22.503899,19.789366,50.669872,39.700808,44.94643,48.973949,45.006347,49.959169,35.291337,34.236502,36.775247,46.919894
2026-01-07 13:00:00,28.921865,31.79747,31.825174,47.351595,31.860056,32.894349,28.132113,21.688379,40.294402,22.422664,39.959459,31.572706,25.0,25.0,25.0,25.0,25.0,25.0,25.0,25.0,25.0,25.0,25.0,25.0,25.0,46.56919,25.0,25.0,25.0,25.0,29.734491,51.150392,28.4,25.306733,36.135336,35.449236,45.735156,22.142985,19.789366,51.046672,39.793279,45.458252,43.422451,45.636734,49.159245,35.475169,35.342003,37.141088,45.11534
2026-01-07 13:10:00,28.820878,30.931887,30.909404,45.078396,33.224759,31.880615,29.77018,21.688379,42.43561,25.654383,38.731364,31.623035,25.0,25.0,25.0,25.0,25.0,25.0,25.0,25.0,25.0,25.0,25.0,25.0,25.0,45.163718,25.0,25.0,25.0,25.0,29.003321,53.743552,22.700001,24.6,34.2335,34.796964,46.810521,23.969425,19.789366,50.795051,39.72967,47.447313,40.248145,41.75693,51.136723,37.270289,37.997515,39.366677,43.999424
2026-01-07 13:20:00,28.389476,31.294567,31.280643,46.280522,34.380078,31.237233,30.275175,21.688379,42.423644,27.126959,38.241149,31.6482,25.0,25.0,25.0,25.0,25.0,25.0,25.0,25.0,25.0,25.0,25.0,25.0,25.0,45.59678,25.0,25.0,25.0,25.0,29.526855,55.210235,22.889241,24.806359,35.534925,35.164938,47.348203,23.761557,19.789366,50.970294,40.033813,46.707672,44.193348,42.572715,50.528456,38.367725,37.790222,37.825304,46.418793
2026-01-07 13:30:00,28.033487,31.71349,31.732392,48.795028,35.108737,30.930803,30.858046,21.688379,42.383868,28.577439,38.038936,31.673364,25.0,25.0,25.0,25.0,25.0,25.0,25.0,25.0,25.0,25.0,25.0,25.0,25.0,46.573104,25.0,25.0,25.0,25.0,30.111602,55.882926,23.5,25.344343,37.554833,36.100388,47.885885,23.315385,19.789366,51.145536,40.626465,45.96803,49.655066,43.388501,49.103488,39.247847,37.582928,36.283932,49.828459
2026-01-07 13:40:00,28.269355,31.78515,31.84068,52.712306,35.291269,31.4796,34.272556,21.688379,41.689815,31.627686,39.601181,31.723693,25.0,25.0,25.0,25.0,25.0,25.0,25.0,25.0,25.0,25.0,25.0,25.0,25.0,48.490975,25.0,25.0,25.0,25.0,30.187024,55.270263,30.9,27.116283,38.852006,38.890302,48.961249,22.563705,19.789366,51.068111,41.375328,46.695558,52.017019,42.709448,45.929594,40.061153,37.639954,39.126018,51.404923
2026-01-07 13:50:00,28.519403,31.859803,31.897821,54.187456,35.905257,32.915568,35.645484,21.688379,41.776758,33.301581,39.71591,31.748858,25.0,25.0,25.0,25.0,25.0,25.0,25.0,25.0,25.0,25.0,25.0,25.0,25.0,49.848139,25.0,25.0,25.0,25.0,30.570763,55.554116,29.65,27.172094,37.369029,39.572558,49.685052,22.536162,19.789366,50.945894,42.120508,43.073942,51.245082,42.278412,46.971873,39.611033,39.257549,39.526446,51.139087
2026-01-07 14:00:00,28.849155,32.014853,31.992156,54.786105,36.999087,34.196291,36.212989,21.688379,42.009906,34.51071,39.751087,31.774022,25.0,25.0,25.0,25.0,25.0,25.0,25.0,25.0,25.0,25.0,25.0,25.0,25.0,50.572982,25.0,25.0,25.0,25.0,30.89649,56.114522,28.4,27.228883,34.96312,40.148563,50.036614,22.528081,19.789366,50.866813,42.983551,39.452326,50.057508,42.073109,48.014152,39.160914,40.825251,39.876184,50.296087
2026-01-07 14:10:00,29.489644,35.074342,35.059301,53.804164,38.94296,34.478855,36.167077,21.688379,42.874078,35.447452,39.143412,31.824351,25.0,25.0,25.0,25.0,25.0,25.0,25.0,25.0,25.0,25.0,25.0,25.0,25.0,50.649954,25.0,25.0,25.0,25.0,30.834586,56.850252,28.95,30.249953,33.189202,41.487493,39.753001,22.806518,19.789366,51.821578,44.24855,48.240749,49.316119,44.668559,47.917196,39.951792,36.638372,41.198666,41.704428
2026-01-07 14:20:00,29.7629,35.031941,35.216675,54.408114,40.702857,34.290991,36.23622,21.688379,44.919207,35.418328,39.448264,31.849516,25.0,25.0,25.0,25.0,25.0,25.0,25.0,25.0,25.0,25.0,25.0,25.0,25.0,50.945553,25.0,25.0,25.0,25.0,31.233174,57.205137,29.186408,31.11043,33.368334,42.238481,42.449288,23.153349,19.789366,51.643095,44.570932,47.423126,48.160474,45.120408,47.959788,41.056961,36.700411,39.222175,45.188464
2026-01-07 14:30:00,30.076195,34.989539,35.381354,56.009745,41.835082,33.900002,36.305362,21.688379,46.405421,35.389203,39.753116,31.87468,25.0,25.0,25.0,25.0,25.0,25.0,25.0,25.0,25.0,25.0,25.0,25.0,25.0,51.184841,25.0,25.0,25.0,25.0,31.631762,57.634708,29.5,31.894654,33.547465,43.08467,45.145574,23.762322,19.789366,51.090551,44.796632,46.605504,46.653154,45.55107,48.084431,42.437492,36.901367,37.245684,48.6725
2026-01-07 14:40:00,31.220308,43.655556,44.647044,61.670352,42.110777,33.299999,36.033188,21.688379,46.363663,36.77282,36.237287,31.925009,25.0,25.0,25.0,25.0,25.0,25.0,25.0,25.0,25.0,25.0,25.0,25.0,25.0,50.66039,25.0,25.0,25.0,25.0,31.533124,59.270139,31.700001,33.923356,30.869023,45.194768,44.238101,26.236247,19.789366,46.489024,45.104472,49.274186,44.675987,47.530261,48.798042,44.219774,39.433741,45.372784,46.153494
2026-01-07 14:50:00,30.629785,48.159785,48.435943,60.427523,42.041582,33.270467,35.914029,21.688379,44.743422,36.723239,37.615003,31.950174,25.0,25.0,25.0,25.0,25.0,25.0,25.0,25.0,25.0,25.0,25.0,25.0,25.0,51.417639,25.0,25.0,25.0,25.0,31.361997,58.093247,30.85,34.585667,30.884333,45.121114,44.326331,26.855922,19.789366,49.449564,42.736195,49.148986,45.317996,46.576521,48.768152,44.18202,38.588798,46.609172,47.854274
2026-01-07 15:00:00,30.039262,50.511207,50.417564,57.304384,41.972388,33.250309,35.863543,21.688379,42.39161,36.571362,38.992719,31.975339,25.0,25.0,25.0,25.0,25.0,25.0,25.0,25.0,25.0,25.0,25.0,25.0,25.0,52.174887,25.0,25.0,25.0,25.0,31.248013,54.956709,30.0,35.467409,30.938419,44.902108,44.414561,27.083168,19.789366,52.410104,40.367917,48.790544,45.960004,45.622782,48.665056,44.144267,37.743855,47.022202,49.555055
2026-01-07 15:10:00,30.521151,51.045619,51.120091,48.38966,47.274028,33.200618,37.036891,21.688379,41.089953,35.402991,35.285828,32.025668,25.0,25.0,25.0,25.0,25.0,25.0,25.0,25.0,25.0,25.0,25.0,25.0,25.0,51.599998,25.0,25.0,25.0,25.0,31.548992,43.635794,31.1,48.347042,37.446153,43.522282,44.145258,26.978269,19.789366,46.641722,41.398918,46.973791,43.605629,46.533218,44.85788,46.123289,38.455651,46.577419,49.526662
2026-01-07 15:20:00,30.828277,48.210072,48.313417,46.241605,42.887985,33.175773,38.059515,21.688379,42.587235,35.613482,35.455245,32.050832,25.0,25.0,25.0,25.0,25.0,25.0,25.0,25.0,25.0,25.0,25.0,25.0,25.0,51.355288,25.0,25.0,25.0,25.0,31.723871,49.671071,34.95451,48.370341,42.32014,48.465738,44.367774,26.603305,19.789366,46.970638,40.71542,47.487623,43.59048,48.169637,45.852922,42.96123,41.133333,46.531973,47.376284
2026-01-07 15:30:00,31.015771,45.374525,45.506743,44.830871,36.572936,33.150927,39.007167,21.688379,44.084517,35.823972,35.72562,32.075997,25.0,25.0,25.0,25.0,25.0,25.0,25.0,25.0,25.0,25.0,25.0,25.0,25.0,51.175701,25.0,25.0,25.0,25.0,31.911489,55.706348,39.599998,48.37688,44.774693,56.281829,44.59029,25.743951,19.789366,47.299553,40.031922,48.001454,43.575285,50.019862,47.217299,39.79917,43.29249,46.481918,45.251191
2026-01-07 15:40:00,31.083269,45.860909,45.708735,43.139242,33.4188,33.101237,39.899904,21.688379,41.884805,35.650431,35.915137,32.126326,25.0,25.0,25.0,25.0,25.0,25.0,25.0,25.0,25.0,25.0,25.0,25.0,25.0,50.990297,25.0,25.0,25.0,25.0,32.302277,55.561617,42.299999,47.073229,34.240164,61.603668,42.583396,22.291494,19.789366,43.718317,42.17271,47.651539,39.985413,51.495132,47.785909,41.912598,42.596329,44.705312,48.455039
2026-01-07 15:50:00,30.885872,46.577445,46.393015,45.046049,33.215676,32.932927,39.871749,21.688379,41.99764,36.484854,35.017968,32.15149,25.0,25.0,25.0,25.0,25.0,25.0,25.0,25.0,25.0,25.0,25.0,25.0,25.0,51.60247,25.0,25.0,25.0,25.0,32.005795,50.393316,44.71178,47.094184,30.715422,60.861894,46.286617,22.607863,19.789366,44.860746,44.883797,45.136305,41.629839,51.06711,47.353479,43.367543,41.318328,45.469446,52.390966
2026-01-07 16:00:00,30.688474,47.901349,47.915758,47.75333,33.065991,32.799999,39.808875,21.688379,42.363983,37.319276,33.785377,32.176655,25.0,25.0,25.0,25.0,25.0,25.0,25.0,25.0,25.0,25.0,25.0,25.0,25.0,52.214644,25.0,25.0,25.0,25.0,31.709312,45.352385,46.900002,47.167932,29.329673,58.912975,49.989838,23.370581,19.789366,46.003175,46.51752,42.902782,44.205994,49.881666,46.92105,44.41115,40.452637,46.783138,54.738881
2026-01-07 16:10:00,30.946474,53.175224,53.542666,49.039388,32.627517,36.523451,39.689049,21.688379,47.099998,36.648809,33.267761,32.226984,25.0,25.0,25.0,25.0,25.0,25.0,25.0,25.0,25.0,25.0,25.0,25.0,25.0,51.445564,25.0,25.0,25.0,25.0,32.921857,52.59322,48.799999,53.713496,30.629422,52.286866,44.505408,25.244555,19.789366,45.264799,41.365823,46.542168,45.910006,44.794853,48.280417,45.025699,43.28115,47.935688,47.579621
2026-01-07 16:20:00,31.179336,54.771061,55.048697,47.752102,33.276382,36.656654,40.19953,21.688379,45.355986,37.501735,33.500155,32.252148,25.0,25.0,25.0,25.0,25.0,25.0,25.0,25.0,25.0,25.0,25.0,25.0,25.0,51.623496,25.0,25.0,25.0,25.0,32.724256,56.833132,46.161963,50.610443,30.592898,50.110622,41.988071,27.633372,19.789366,45.523831,42.755528,49.127922,46.908472,47.408983,45.876491,45.352644,42.731964,48.900909,48.831717
2026-01-07 16:30:00,31.304369,55.382678,55.60928,46.464817,35.057438,36.695693,40.71001,21.688379,43.611973,38.675669,34.101091,32.277313,25.0,25.0,25.0,25.0,25.0,25.0,25.0,25.0,25.0,25.0,25.0,25.0,25.0,51.801429,25.0,25.0,25.0,25.0,32.526654,59.256078,42.5,45.433335,30.556374,47.548485,40.220869,30.608326,19.789366,46.112186,45.329105,50.619077,47.523976,50.023114,43.472565,45.499689,42.182779,49.405975,51.520164
2026-01-07 16:40:00,30.714409,50.995395,50.94367,48.562977,42.385499,35.70187,39.902069,21.688379,49.070452,39.172126,36.016624,32.327642,25.0,25.0,25.0,25.0,25.0,25.0,25.0,25.0,25.0,25.0,25.0,25.0,25.0,48.852895,25.0,25.0,25.0,25.0,33.500432,59.991382,40.900002,41.27878,30.727617,32.463747,38.710185,34.752865,19.789366,47.296006,48.134066,50.936833,47.7862,49.061607,45.986689,41.968861,43.967517,44.67037,56.054237
2026-01-07 16:50:00,30.253872,47.534815,47.48989,47.072124,49.018022,36.001466,39.393732,21.688379,48.571499,38.922178,35.313331,32.352807,25.0,25.0,25.0,25.0,25.0,25.0,25.0,25.0,25.0,25.0,25.0,25.0,25.0,49.3196,25.0,25.0,25.0,25.0,33.140925,59.692163,41.450001,43.95002,31.325627,30.109728,41.994305,34.665675,19.789366,46.156712,48.185463,50.852724,48.192346,48.744338,43.161727,42.382388,43.673771,45.143417,53.557764
2026-01-07 17:00:00,29.906371,44.314641,44.331372,44.122574,52.582718,36.546721,39.152318,21.688379,48.072546,38.672229,33.730674,32.377971,25.0,25.0,25.0,25.0,25.0,25.0,25.0,25.0,25.0,25.0,25.0,25.0,25.0,49.786305,25.0,25.0,25.0,25.0,32.781418,59.392944,42.0,47.508144,31.856344,28.510683,47.886816,34.385435,19.789366,45.017419,48.200199,50.613635,48.914574,48.620053,40.336766,43.450145,43.380026,46.178793,51.061292
2026-01-07 17:10:00,29.700001,40.920437,40.937744,40.226393,52.515474,37.111759,39.68309,21.688379,50.711955,39.118195,30.639852,32.4283,25.0,25.0,25.0,25.0,25.0,25.0,25.0,25.0,25.0,25.0,25.0,25.0,25.0,48.220194,25.0,25.0,25.0,25.0,34.748189,62.005137,41.400002,48.827507,31.925551,25.836958,53.745584,31.132644,19.789366,46.706962,46.22324,49.446356,51.262793,49.438682,42.345717,46.834018,45.220817,48.031412,53.945712
2026-01-07 17:20:00,30.002372,39.983676,39.859323,44.78522,47.039708,36.549715,40.887403,21.688379,52.01351,39.041889,30.22514,32.453465,25.0,25.0,25.0,25.0,25.0,25.0,25.0,25.0,25.0,25.0,25.0,25.0,25.0,47.160612,25.0,25.0,25.0,25.0,34.049613,61.628142,41.057536,46.179609,33.18238,23.999045,50.037459,28.589708,19.789366,48.643906,44.387888,49.170846,50.616659,49.247426,45.653129,45.388348,44.996962,47.22351,50.33743
2026-01-07 17:30:00,30.304743,39.253326,39.077679,49.344048,39.50788,35.987671,41.752993,21.688379,52.585154,38.819469,29.918098,32.478629,25.0,25.0,25.0,25.0,25.0,25.0,25.0,25.0,25.0,25.0,25.0,25.0,25.0,46.495213,25.0,25.0,25.0,25.0,33.351037,60.759228,40.900002,41.515508,34.379612,23.1,46.329334,27.290165,19.789366,50.036725,43.392787,48.838736,49.970524,48.736743,47.862896,43.942678,44.351244,46.415608,46.729147
2026-01-07 17:40:00,29.9,38.005222,38.08259,41.509398,36.200001,37.0414,41.217392,21.688379,51.459369,37.574862,29.220098,32.528958,25.0,25.0,25.0,25.0,25.0,25.0,25.0,25.0,25.0,25.0,25.0,25.0,25.0,46.248818,25.0,25.0,25.0,25.0,34.356432,58.925597,42.0,37.12116,34.199026,24.145674,52.061277,27.729554,19.789366,50.425969,46.000852,44.464316,51.841387,46.87851,47.913417,46.761303,40.943085,47.492624,50.321431
2026-01-07 17:50:00,30.077118,36.855265,36.938287,40.484293,36.176572,36.768883,41.750538,21.688379,51.924508,37.342917,29.005561,32.554123,25.0,25.0,25.0,25.0,25.0,25.0,25.0,25.0,25.0,25.0,25.0,25.0,25.0,46.253638,25.0,25.0,25.0,25.0,34.256212,55.521205,42.975071,37.322333,37.161121,25.192643,51.967411,27.131818,19.789366,46.886252,44.112943,47.446211,50.839225,47.442517,46.189754,44.005114,40.820552,45.731135,49.831608
2026-01-07 18:00:00,30.254236,35.732729,35.768189,39.683621,36.169951,36.150663,42.283684,21.688379,52.644131,37.130757,28.803161,32.579287,25.0,25.0,25.0,25.0,25.0,25.0,25.0,25.0,25.0,25.0,25.0,25.0,25.0,46.258458,25.0,25.0,25.0,25.0,34.155992,51.321623,44.15,37.920194,41.877676,26.41696,51.689263,26.534082,19.789366,40.599197,42.225034,51.361492,49.837063,48.006524,44.466091,41.125816,40.767875,43.969646,49.341785
2026-01-07 18:10:00,29.653173,34.587998,34.688617,37.523525,36.525328,34.911688,37.668012,21.688379,53.10157,36.34706,28.258457,32.629616,25.0,25.0,25.0,25.0,25.0,25.0,25.0,25.0,25.0,25.0,25.0,25.0,25.0,46.00735,25.0,25.0,25.0,25.0,35.329992,47.202227,46.299999,41.674402,45.160578,28.245682,49.97372,28.028556,19.789366,34.530107,44.502014,52.72714,51.444232,46.138258,46.552705,40.983501,40.729386,45.114959,50.836106
2026-01-07 18:20:00,30.064701,35.635401,35.813948,37.436001,36.923607,35.705657,37.438067,21.688379,52.761254,36.110566,27.992498,32.654781,25.0,25.0,25.0,25.0,25.0,25.0,25.0,25.0,25.0,25.0,25.0,25.0,25.0,45.017722,25.0,25.0,25.0,25.0,34.468568,43.971087,42.858673,40.93974,45.837751,28.552734,49.794009,29.486558,19.789366,36.652863,43.879118,51.545351,52.019847,45.738134,49.798604,43.978916,40.075702,44.812378,50.649618
2026-01-07 18:30:00,30.47623,37.719921,37.973493,37.352618,37.714824,36.895739,37.252132,21.688379,52.204988,35.871694,27.674166,32.679945,25.0,25.0,25.0,25.0,25.0,25.0,25.0,25.0,25.0,25.0,25.0,25.0,25.0,43.854575,25.0,25.0,25.0,25.0,33.607144,42.317963,36.799999,40.205078,46.076299,28.894473,49.73692,30.290694,19.789366,41.165189,42.310686,50.363562,52.250269,45.296412,51.88927,46.974331,39.455061,44.074824,50.205658
2026-01-07 18:40:00,29.655941,40.521654,40.583469,36.27529,45.295611,37.578031,36.435501,21.688379,51.785365,35.05187,26.530304,32.730275,25.0,25.0,25.0,25.0,25.0,25.0,25.0,25.0,25.0,25.0,25.0,25.0,25.0,43.276371,25.0,25.0,25.0,25.0,34.140477,50.793212,31.1,49.044718,38.163681,33.179661,51.477585,28.676366,19.789366,48.545577,37.799892,52.707297,51.791393,41.833473,51.547881,44.064681,40.00035,42.191005,49.161411
2026-01-07 18:50:00,29.658249,40.724644,40.748297,34.432361,45.008612,36.780303,39.624059,21.688379,51.510948,34.362525,25.980267,32.755439,25.0,25.0,25.0,25.0,25.0,25.0,25.0,25.0,25.0,25.0,25.0,25.0,25.0,42.457684,25.0,25.0,25.0,25.0,33.873764,50.683398,31.35,54.331627,40.905099,37.82368,49.347497,27.252614,19.789366,49.968561,38.30611,50.441137,51.527214,42.198118,50.468149,42.166856,38.065182,42.424983,47.864332
2026-01-07 19:00:00,29.660557,40.786812,40.79823,33.210035,44.721613,35.687171,42.812617,21.688379,51.035854,33.592184,25.625736,32.780604,25.0,25.0,25.0,25.0,25.0,25.0,25.0,25.0,25.0,25.0,25.0,25.0,25.0,41.42653,25.0,25.0,25.0,25.0,33.114649,50.573584,31.6,56.80088,43.646517,40.479011,45.236881,26.1,19.789366,50.463466,38.812328,48.174977,51.405353,42.562763,48.092297,39.7471,36.130014,42.65896,47.087725
2026-01-07 19:10:00,29.088431,35.464128,35.430791,36.53777,46.144779,35.232729,39.688313,21.688379,42.408319,32.373174,25.400386,32.830933,25.0,25.0,25.0,25.0,25.0,25.0,25.0,25.0,25.0,25.0,25.0,25.0,25.0,40.082497,25.0,25.0,25.0,25.0,29.384146,52.252084,30.0,54.741815,35.304165,38.885704,40.187478,25.364526,19.789366,46.705641,38.804714,49.939363,54.455351,40.836009,39.272,32.311057,37.070637,40.961535,47.570007
2026-01-07 19:20:00,29.107572,34.986554,34.971034,36.872802,48.374957,35.138114,37.676475,21.688379,41.778543,31.792232,25.030588,32.856097,25.0,25.0,25.0,25.0,25.0,25.0,25.0,25.0,25.0,25.0,25.0,25.0,25.0,39.492914,25.0,25.0,25.0,25.0,28.812565,47.538563,28.974855,56.0698,32.495214,37.935738,38.630464,24.563173,19.789366,47.522635,38.763655,50.089433,54.008357,39.908335,36.748311,34.301783,36.606369,40.003696,45.755888
2026-01-07 19:30:00,29.167788,34.541097,34.542165,36.978754,49.814715,35.028047,35.061818,21.688379,41.196001,31.137643,24.730232,32.881262,25.0,25.0,25.0,25.0,25.0,25.0,25.0,25.0,25.0,25.0,25.0,25.0,25.0,38.91571,25.0,25.0,25.0,25.0,28.414898,40.558008,27.9,57.397785,30.474727,37.49251,38.030928,23.459159,19.789366,48.550799,38.644416,50.136065,52.882687,39.263085,35.794133,38.029213,35.600429,39.054098,43.941769
2026-01-07 19:40:00,29.739468,31.504337,31.527437,35.425308,44.144302,33.65909,26.341456,21.688379,36.902319,29.169944,24.647104,32.931591,25.0,25.0,25.0,25.0,25.0,25.0,25.0,25.0,25.0,25.0,25.0,25.0,25.0,37.677191,25.0,25.0,25.0,25.0,27.700001,36.714411,26.0,57.068789,28.063668,39.477242,38.365204,21.103739,19.789366,48.845365,37.136722,43.563701,49.643596,38.804673,43.63807,42.223614,33.855973,37.409483,45.25904
2026-01-07 19:50:00,28.782436,30.4143,30.373291,34.865472,40.333946,32.336229,24.497143,21.688379,34.946757,27.913101,24.782678,32.956755,25.0,25.0,25.0,25.0,25.0,25.0,25.0,25.0,25.0,25.0,25.0,25.0,25.0,37.248763,25.0,25.0,25.0,25.0,27.591828,35.413043,25.106449,55.521963,26.777918,38.690932,37.313278,21.023475,19.789366,47.626569,36.178148,44.803646,48.592704,38.646136,43.879415,41.715795,32.77234,36.207213,43.625549
2026-01-07 20:00:00,27.477595,29.423285,29.332743,34.190772,36.472408,30.673881,23.22688,21.688379,33.000078,26.433743,25.135425,32.98192,25.0,25.0,25.0,25.0,25.0,25.0,25.0,25.0,25.0,25.0,25.0,25.0,25.0,36.807291,25.0,25.0,25.0,25.0,27.5,34.899824,24.299999,51.874985,26.199207,36.757461,35.061282,21.0,19.789366,45.371615,35.338389,46.043591,47.42163,38.442555,43.94971,40.542357,31.726821,34.917755,40.5042
2026-01-07 20:10:00,26.945752,27.340865,27.315299,30.326857,30.523892,27.559207,21.357751,21.688379,28.780768,22.806554,26.288001,33.032249,25.0,25.0,25.0,25.0,25.0,25.0,25.0,25.0,25.0,25.0,25.0,25.0,25.0,35.398125,25.0,25.0,25.0,25.0,27.200001,34.917287,23.0,37.956662,26.718399,31.662246,31.297401,21.0,19.789366,42.92061,34.398336,45.474269,42.000385,36.599975,43.508756,38.045202,30.193024,32.803558,36.778379
2026-01-07 20:20:00,26.218276,26.279134,26.288462,29.65134,28.721677,26.305644,20.273977,21.688379,27.254537,20.547904,25.518986,32.236311,25.0,25.0,25.0,25.0,25.0,25.0,25.0,25.0,25.0,25.0,25.0,25.0,25.0,34.867655,25.0,25.0,25.0,25.0,27.332676,33.987319,22.247641,33.749643,26.525934,34.193204,29.041575,21.0,19.789366,41.051686,33.913339,44.058395,39.698536,35.956396,43.217645,36.310946,29.723324,31.30091,35.520844
2026-01-07 20:30:00,25.315729,25.219689,25.254064,29.108336,27.510094,25.011965,19.420397,21.688379,25.714295,18.599808,23.864375,30.507759,25.0,25.0,25.0,25.0,25.0,25.0,25.0,25.0,25.0,25.0,25.0,25.0,25.0,34.341401,25.0,25.0,25.0,25.0,27.465352,32.456811,21.9,31.066372,26.157288,36.724161,27.423463,21.0,19.789366,39.60649,33.34523,41.822194,38.328014,35.329691,42.756101,34.560244,29.271664,29.902232,34.359007
2026-01-07 20:40:00,24.14863,23.153966,23.180361,27.74248,26.19518,21.472539,18.627752,21.688379,21.33117,16.461497,21.056155,27.488769,25.0,25.0,25.0,25.0,25.0,25.0,25.0,25.0,25.0,25.0,25.0,25.0,25.0,32.977226,25.0,25.0,25.0,25.0,26.477861,31.278082,21.9,28.531127,25.714204,30.903624,26.305466,21.154428,19.789366,38.655394,31.579299,38.413245,37.555971,33.678832,39.085433,31.977348,27.976476,28.264265,31.659165
2026-01-07 20:50:00,24.14863,22.300691,22.299382,26.839328,25.845295,20.583606,18.406606,21.688379,19.949534,15.900353,20.000231,27.488769,25.0,25.0,25.0,25.0,25.0,25.0,25.0,25.0,25.0,25.0,25.0,25.0,25.0,32.233032,25.0,25.0,25.0,25.0,26.567811,30.733994,21.65,25.5617,25.115268,29.632023,25.718494,21.265158,19.789366,37.694518,30.644873,35.71739,38.727877,32.91176,35.645056,31.738814,27.400187,27.506209,30.425051
2026-01-07 21:00:00,24.14863,21.678422,21.660588,25.845239,25.526522,20.063349,18.195576,21.688379,19.047813,15.672339,19.211991,27.488769,25.0,25.0,25.0,25.0,25.0,25.0,25.0,25.0,25.0,25.0,25.0,25.0,25.0,31.48516,25.0,25.0,25.0,25.0,26.657761,30.258912,21.4,22.926494,24.368725,28.601811,25.14408,21.353847,19.789366,36.199918,29.681388,32.631612,39.899783,32.146954,32.175681,31.513371,26.883954,26.670076,29.440297
2026-01-07 21:10:00,24.14863,21.029486,21.020593,23.906454,24.65415,19.618395,17.552458,21.688379,18.17043,15.639675,18.265324,27.488769,25.0,25.0,25.0,25.0,25.0,25.0,25.0,25.0,25.0,25.0,25.0,25.0,25.0,30.095926,25.0,25.0,25.0,25.0,26.1,29.54402,21.4,21.324187,23.381105,26.299999,24.111932,21.423012,19.789366,31.089965,27.700937,27.089304,35.354729,30.514654,28.393199,29.884194,26.025176,24.244314,28.254851
2026-01-07 21:20:00,24.14863,20.729978,20.728095,23.214354,24.425511,19.304761,17.524022,21.688379,17.897749,15.459993,17.845511,27.488769,25.0,25.0,25.0,25.0,25.0,25.0,25.0,25.0,25.0,25.0,25.0,25.0,25.0,29.089116,25.0,25.0,25.0,25.0,25.903832,29.393931,21.4,21.453562,22.95125,25.750978,23.826724,21.231084,19.789366,29.224673,26.691208,25.028164,33.14055,29.644458,27.29936,29.089537,25.274449,23.335425,27.922103
2026-01-07 21:30:00,24.14863,20.506623,20.506861,22.681935,24.257103,18.958765,17.496998,21.688379,17.621107,15.30573,17.463628,27.488769,25.0,25.0,25.0,25.0,25.0,25.0,25.0,25.0,25.0,25.0,25.0,25.0,25.0,28.096438,25.0,25.0,25.0,25.0,25.716005,29.273971,21.4,21.6,22.615134,25.291879,23.550111,21.0,19.789366,27.641513,25.779131,23.646938,30.960042,28.761621,26.343621,28.367356,24.362907,22.4848,27.631381
2026-01-07 21:40:00,24.14863,20.283119,20.275012,21.96076,24.0,18.323913,17.172116,21.688379,16.685436,15.4,16.799999,27.488769,25.0,25.0,25.0,25.0,25.0,25.0,25.0,25.0,25.0,25.0,25.0,25.0,25.0,26.775411,25.0,25.0,25.0,25.0,25.248996,29.009263,21.4,21.621302,22.21391,24.234911,22.651842,20.947925,19.789366,24.921741,24.412976,22.387558,26.669451,27.039378,24.188238,27.221657,22.634874,20.618755,26.959926
2026-01-07 21:50:00,24.14863,20.148124,20.16781,21.914645,23.607038,17.965868,17.181799,21.688379,16.489666,15.660371,16.608703,27.488769,25.0,25.0,25.0,25.0,25.0,25.0,25.0,25.0,25.0,25.0,25.0,25.0,25.0,26.436985,25.0,25.0,25.0,25.0,24.987816,28.834453,21.4,21.810005,22.049123,24.216986,22.150913,20.820452,19.789366,24.254764,23.929936,22.322567,25.612852,26.41451,23.974976,27.08049,22.241479,20.286484,26.650714
2026-01-07 22:00:00,24.14863,20.084872,20.121643,21.869204,23.024982,17.601064,17.191482,21.688379,16.346726,15.856956,16.473484,27.488769,25.0,25.0,25.0,25.0,25.0,25.0,25.0,25.0,25.0,25.0,25.0,25.0,25.0,26.168074,25.0,25.0,25.0,25.0,24.725025,28.594002,21.4,21.981196,21.935514,24.200001,21.693378,20.668505,19.789366,23.799999,23.56366,22.265292,24.795019,25.918569,23.787642,26.947709,21.904644,20.031225,26.353046
2026-01-07 22:10:00,24.14863,20.486785,20.497035,21.265418,21.934548,16.920962,17.125395,21.688379,16.1,15.553626,16.299999,27.488769,25.0,25.0,25.0,25.0,25.0,25.0,25.0,25.0,25.0,25.0,25.0,25.0,25.0,25.658045,25.0,25.0,25.0,25.0,24.247339,27.641055,21.4,21.644987,21.833014,23.901181,21.045882,20.558989,19.789366,23.205812,23.081916,21.890578,23.309632,25.200001,22.89549,26.190629,21.044372,19.474537,25.771595
2026-01-07 22:20:00,24.14863,20.440683,20.441201,20.928194,21.907746,16.613621,17.131763,21.688379,15.903314,15.367292,16.4,27.488769,25.0,25.0,25.0,25.0,25.0,25.0,25.0,25.0,25.0,25.0,25.0,25.0,25.0,25.204006,25.0,25.0,25.0,25.0,23.935832,27.312542,21.4,21.550971,21.866507,23.673238,20.968442,20.610597,19.789366,22.96828,23.042932,21.858012,22.929446,25.3,22.565886,25.986953,21.010096,19.51507,25.231313
2026-01-07 22:30:00,24.14863,20.317877,20.300625,20.648657,21.9,16.267418,17.138131,21.688379,15.679706,15.277739,16.5,27.488769,25.0,25.0,25.0,25.0,25.0,25.0,25.0,25.0,25.0,25.0,25.0,25.0,25.0,24.894942,25.0,25.0,25.0,25.0,23.652212,26.969937,21.4,21.515618,21.9,23.557724,20.9,20.662205,19.789366,22.717589,23.003695,21.823575,22.68129,25.4,22.299999,25.772778,21.0,19.555603,24.652153
2026-01-07 22:40:00,24.14863,19.875591,19.896472,20.340757,22.108341,15.160354,16.994107,21.688379,15.288606,15.275303,16.299999,27.488769,25.0,25.0,25.0,25.0,25.0,25.0,25.0,25.0,25.0,25.0,25.0,25.0,25.0,24.790942,25.0,25.0,25.0,25.0,23.310351,25.826032,21.4,21.716618,21.9,24.118399,20.6,20.644491,19.789366,21.975528,22.486486,21.042231,22.4,24.830662,21.904149,24.800926,21.1,19.183821,23.90741
2026-01-07 22:50:00,24.14863,19.690451,19.685887,20.216753,22.387962,14.925217,16.931024,21.688379,14.655653,15.290176,16.276877,27.488769,25.0,25.0,25.0,25.0,25.0,25.0,25.0,25.0,25.0,25.0,25.0,25.0,25.0,24.873594,25.0,25.0,25.0,25.0,23.461195,25.311625,21.4,21.987255,21.9,23.327566,20.385303,20.612994,19.789366,21.610389,22.017787,20.831003,22.236139,23.868911,21.738974,24.377008,21.1,19.186339,23.462098
2026-01-07 23:00:00,24.14863,19.613033,19.591796,20.131677,22.559726,14.744348,16.848211,21.688379,14.242912,15.30505,16.251593,27.488769,25.0,25.0,25.0,25.0,25.0,25.0,25.0,25.0,25.0,25.0,25.0,25.0,25.0,25.027886,25.0,25.0,25.0,25.0,23.649018,25.091937,21.4,22.153678,21.9,22.153011,20.176558,20.59186,19.789366,21.334329,21.765774,20.752197,22.1,22.761745,21.6277,24.043237,21.1,19.188857,23.254133
2026-01-07 23:10:00,24.14863,19.65711,19.652223,20.054586,22.287248,14.388376,16.320257,21.688379,14.348929,14.403188,15.7,27.488769,25.0,25.0,25.0,25.0,25.0,25.0,25.0,25.0,25.0,25.0,25.0,25.0,25.0,25.200001,25.0,25.0,25.0,25.0,23.700001,25.27386,21.4,21.9,21.9,21.5,19.90514,20.700001,19.789366,21.064532,21.9,21.15474,21.955199,21.783673,21.534864,23.638442,20.846105,18.928819,23.427113
2026-01-07 23:20:00,24.14863,19.719184,19.727841,20.058763,22.156784,14.288064,16.292608,21.688379,14.087426,14.601594,15.85,27.488769,25.0,25.0,25.0,25.0,25.0,25.0,25.0,25.0,25.0,25.0,25.0,25.0,25.0,25.144739,25.0,25.0,25.0,25.0,23.890059,25.173476,21.4,22.007027,21.9,21.5,20.173889,20.700001,19.789366,20.865959,22.117225,21.667789,21.940245,21.657403,21.389506,23.669221,20.877318,19.040689,23.297846
2026-01-07 23:30:00,24.14863,19.757918,19.773228,20.062939,22.1,14.219996,16.284339,21.688379,13.825923,14.8,16.0,27.488769,25.0,25.0,25.0,25.0,25.0,25.0,25.0,25.0,25.0,25.0,25.0,25.0,25.0,24.984125,25.0,25.0,25.0,25.0,24.043048,24.94887,21.4,22.127532,21.9,21.5,20.442637,20.700001,19.789366,20.647506,22.258874,21.977613,21.935502,21.545362,21.200001,23.700001,20.969959,19.312589,23.041411
2026-01-07 23:40:00,24.14863,19.220375,19.212138,20.05236,22.126766,14.140156,16.449107,21.688379,14.013428,14.8,16.0,27.488769,25.0,25.0,25.0,25.0,25.0,25.0,25.0,25.0,25.0,25.0,25.0,25.0,25.0,24.1,25.0,25.0,25.0,25.0,23.947185,24.518175,21.4,22.14427,21.9,21.339134,20.347076,20.741821,19.789366,20.267154,21.700001,21.925349,22.114534,21.069275,20.952673,23.451977,21.547066,20.0,22.700001
2026-01-07 23:50:00,24.14863,19.179337,19.184216,20.192221,22.019478,13.850617,16.367491,21.688379,13.789749,14.688753,15.854167,27.488769,25.0,25.0,25.0,25.0,25.0,25.0,25.0,25.0,25.0,25.0,25.0,25.0,25.0,24.1,25.0,25.0,25.0,25.0,23.730578,24.465416,21.4,22.129691,21.9,21.359242,20.293117,20.823857,19.789366,20.088749,21.713192,21.683991,22.36923,20.876693,20.685397,23.245587,21.545015,20.077291,22.473947
