Date,shape_irrad_1,shape_irrad_2,shape_irrad_3,shape_irrad_4,shape_irrad_5,shape_irrad_6,shape_irrad_7,shape_irrad_8,shape_irrad_9,shape_irrad_10,shape_irrad_11,shape_irrad_12,shape_irrad_14,shape_irrad_16,shape_irrad_17,shape_irrad_18,shape_irrad_19,shape_irrad_20,shape_irrad_21,shape_irrad_22,shape_irrad_23,shape_irrad_24,shape_irrad_25,shape_irrad_26,shape_irrad_27,shape_irrad_28,shape_irrad_29,shape_irrad_30,shape_irrad_31,shape_irrad_32,shape_irrad_33,shape_irrad_34,shape_irrad_35,shape_irrad_36,shape_irrad_37,shape_irrad_38,shape_irrad_39,shape_irrad_40,shape_irrad_41,shape_irrad_42,shape_irrad_43,shape_irrad_44,shape_irrad_45,shape_irrad_46,shape_irrad_47,shape_irrad_48,shape_irrad_49,shape_irrad_50,shape_irrad_51
2026-01-01 00:00:00,0.0,0.0,0.0,0.0,0.0,0.0,0.000586,0.0,0.0,0.0,0.0,0.0,0.0,0.0,0.0044,0.0,0.0008,0.000605,0.0,0.000605,0.002064,0.0009,0.0008,0.000104,0.0,0.0,0.00097,0.001085,0.0,0.0,0.0,0.0,0.0,0.0,0.0,0.0,0.0,0.0,0.0,0.0,0.0,0.0,0.0,0.0,0.0,0.0,0.0,0.0,0.0
2026-01-01 00:10:00,0.0,0.0,0.0,0.0,0.0,0.0,0.001573,0.0,0.0,0.0,0.0,0.0,0.0,0.0,0.004592,0.0,0.0008,0.0004,0.0,0.0004,0.000779,0.0009,0.0008,0.0,0.0,0.0,0.001037,0.0008,0.0,8.4e-05,0.0,0.0,0.0,0.0,0.0,0.0,0.000138,0.0,0.0,0.0,0.0,0.0,0.0,0.0,0.0,0.0,0.0,0.0,0.0
2026-01-01 00:20:00,0.0,0.0,0.0,0.0,0.0,0.0,0.001314,0.0,0.0,0.0,0.0,0.0,0.0,0.0,0.00457,0.000128,0.0008,0.000518,0.0,0.000518,0.001475,0.00093,0.0008,2.4e-05,0.0,0.0,0.001063,0.0008,0.0,4.2e-05,0.0,0.0,0.0,0.0,0.0,0.0,9.2e-05,0.0,0.0,0.0,0.0,0.0,0.0,0.0,0.0,0.0,0.0,0.0,0.0
2026-01-01 00:30:00,0.0,0.0,0.0,0.0,0.0,0.0,0.001055,0.0,0.0,0.0,0.0,0.0,0.0,0.0,0.004536,0.000257,0.0008,0.000637,0.0,0.000637,0.00217,0.00096,0.0008,4.8e-05,0.0,0.0,0.001082,0.0008,0.0,0.0,0.0,0.0,0.0,0.0,0.0,0.0,3.2e-05,0.0,0.0,0.0,0.0,0.0,0.0,0.0,0.0,0.0,0.0,0.0,0.0
2026-01-01 00:40:00,0.0,0.0,0.0,0.0,0.0,0.0,0.00142,0.0,0.0,0.0,0.0,0.0,0.0,0.0,0.004515,0.000203,0.0008,0.0004,0.0,0.0004,0.000438,0.0009,0.0008,0.0,0.0,0.0,0.001102,0.00099,0.0,0.0,0.0,0.0,0.0,0.0,0.0,0.0,9e-06,0.0,0.0,0.0,0.0,0.0,0.0,0.0,0.0,0.0,0.0,0.0,0.0
2026-01-01 00:50:00,0.0,0.0,0.0,0.0,0.0,0.0,0.001186,0.0,0.0,0.0,0.0,0.000275,0.0,0.0,0.004484,0.00053,0.0008,0.000575,0.0,0.000575,0.000113,0.0009,0.0008,0.0,0.0,0.0,0.001098,0.000968,0.0,0.0,0.0,0.0,0.0,0.0,0.0,0.0,2e-06,0.0,0.0,0.0,0.0,0.0,0.0,0.0,0.0,0.0,0.0,0.0,0.0
2026-01-01 01:00:00,0.0,0.0,0.0,0.0,0.0,0.0,0.000817,0.0,0.0,0.0,0.0,0.000549,0.0,0.0,0.004463,0.000857,0.0008,0.00075,0.0,0.00075,0.0,0.0009,0.0008,0.0,0.0,0.0,0.001094,0.000946,0.0,0.0,0.0,0.0,0.0,0.0,0.0,0.0,0.0,0.0,0.0,0.0,0.0,0.0,0.0,0.0,0.0,0.0,0.0,0.0,0.0
2026-01-01 01:10:00,0.0,0.0,0.0,0.0,0.0,0.0,0.000571,0.0,0.0,0.0,0.0,0.0,0.0,0.0,0.004464,0.0,0.0008,0.000638,0.0,0.000638,0.002041,0.0009,0.0008,7.9e-05,0.0,0.0,0.00115,0.001122,0.0,0.0,0.0,0.0,0.0,0.0,0.0,0.0,0.0003,0.0,0.0,0.0,0.0,0.0,0.0,0.0,0.0,0.0,0.0,0.0,0.0
2026-01-01 01:20:00,0.0,0.0,0.0,0.0,0.0,0.0,0.000452,0.0,0.0,0.0,0.0,0.0,0.0,0.0,0.004367,0.000343,0.0008,0.000588,0.0,0.000588,0.001174,0.0009,0.0008,6.8e-05,0.0,0.0,0.00115,0.001082,0.0,0.0,0.0,0.0,0.0,0.0,0.0,0.0,0.00015,0.0,0.0,0.0,0.0,0.0,0.0,0.0,0.0,0.0,0.0,0.0,0.0
2026-01-01 01:30:00,0.0,0.0,0.0,0.0,0.0,0.0,0.000324,0.0,0.0,0.0,0.0,0.0,0.0,0.0,0.004271,0.000685,0.0008,0.00054,0.0,0.00054,0.000307,0.0009,0.0008,5.5e-05,0.0,0.0,0.00115,0.001019,0.0,0.0,0.0,0.0,0.0,0.0,0.0,0.0,0.0,0.0,0.0,0.0,0.0,0.0,0.0,0.0,0.0,0.0,0.0,0.0,0.0
2026-01-01 01:40:00,0.0,0.0,0.0,0.0,0.0,0.0,0.0,0.0,0.0,0.0,0.0,0.0,0.0,0.0,0.004327,0.0,0.0008,0.000449,0.0,0.000449,0.001907,0.0009,0.001337,5.3e-05,0.0,0.0,0.01221,0.000975,0.0,2.4e-05,0.0,0.0,0.0,0.0,0.0,0.0,0.0,0.0,0.0,0.0,0.0,0.0,0.0,0.0,0.0,0.0,0.0,0.0,0.0
2026-01-01 01:50:00,0.0,0.0,0.0,0.0,0.0,0.0,0.0,0.0,0.0,0.0,0.0,0.0,0.0,0.0,0.004331,6.6e-05,0.0008,0.000445,0.0,0.000445,0.001772,0.000942,0.001788,2.5e-05,0.0,0.0,0.01774,0.001003,0.0,3.3e-05,0.0,0.0,0.0,0.0,0.0,0.0,4.6e-05,0.0,0.0,0.0,0.0,0.0,0.0,0.0,0.0,0.0,0.0,0.0,0.0
2026-01-01 02:00:00,0.0,0.0,0.0,0.0,0.0,0.0,0.0,0.0,0.0,0.0,0.0,0.0,0.0,0.0,0.004332,0.00017,0.0008,0.000442,0.0,0.000442,0.001407,0.000984,0.002024,0.0,0.0,0.0,0.02327,0.001067,0.0,4.2e-05,0.0,0.0,0.0,0.0,0.0,0.0,9.1e-05,0.0,0.0,0.0,0.0,0.0,0.0,0.0,0.0,0.0,0.0,0.0,0.0
2026-01-01 02:10:00,0.0,0.0,0.0,0.0,0.0,0.0,0.0,0.0,0.0,0.0,0.0,0.0,0.0,0.0,0.004296,0.00024,0.0008,0.0004,0.0,0.0004,0.0,0.0009,0.0008,0.0,0.0,0.0,0.03433,0.0012,0.0,6.3e-05,0.0,0.0,0.0,0.0,0.0,0.0,0.0,0.0,0.0,0.0,0.0,0.0,0.0,0.0,0.0,0.0,0.0,0.0,0.0
2026-01-01 02:20:00,0.0,0.0,0.0,0.0,0.0,0.0,0.0,0.0,0.0,0.0,0.0,0.0,0.0,0.0,0.004374,0.000415,0.0008,0.000548,0.0,0.000548,5.2e-05,0.0009,0.000923,0.0,0.0,0.0,0.03986,0.001036,0.0,4.6e-05,0.0,0.0,0.0,0.0,0.0,0.0,6.1e-05,0.0,0.0,0.0,0.0,0.0,0.0,0.0,0.0,0.0,0.0,0.0,0.0
2026-01-01 02:30:00,0.0,0.0,0.0,0.0,0.0,0.0,0.0,0.0,0.0,0.0,0.0,0.0,0.0,0.0,0.004453,0.000545,0.0008,0.000696,0.0,0.000696,0.000185,0.0009,0.001046,0.0,0.0,0.0,0.04539,0.00086,0.0,2.4e-05,0.0,0.0,0.0,0.0,0.0,0.0,0.000123,0.0,0.0,0.0,0.0,0.0,0.0,0.0,0.0,0.0,0.0,0.0,0.0
2026-01-01 02:40:00,0.00013,0.0,0.0,0.0,0.0,0.0,0.0,0.0,0.0,0.0,0.0,0.0,0.0,0.0,0.004163,0.0,0.0008,0.000694,0.0,0.000694,0.000571,0.0009,0.0008,0.0,0.0,0.0,0.05645,0.000847,0.0,1.7e-05,0.0,0.0,0.0,0.0,0.0,0.0,0.0,0.0,0.0,0.0,0.0,0.0,0.0,0.0,0.0,0.0,0.0,0.0,0.0
2026-01-01 02:50:00,6.5e-05,0.0,0.0,0.0,2.9e-05,0.0,0.0,0.0,0.0,0.0,0.0,0.0,0.000447,0.0,0.004296,0.0,0.0008,0.000707,0.0,0.000707,0.000479,0.0009,0.0008,0.0,0.0,0.0,0.06198,0.000958,0.0,6e-06,0.0,0.0,0.0,0.001408,0.0,0.0,0.0,0.0,0.0,0.0,0.0,0.0,0.0,0.0,0.0,0.0,0.0,0.0,0.0
2026-01-01 03:00:00,0.0,0.0,0.0,0.0,0.000101,0.0,0.0,0.0,0.0,0.0,0.0,0.0,0.000894,0.0,0.004534,0.0,0.0008,0.00075,0.0,0.00075,0.000387,0.0009,0.0008,0.0,0.0,0.0,0.06751,0.0012,0.0,0.0,0.0,0.0,0.0,0.004308,0.0,0.0,0.0,0.0,0.0,0.0,0.0,0.0,0.0,0.0,0.0,0.0,0.0,0.0,0.0
2026-01-01 03:10:00,0.0,0.0,0.0,0.0,0.000312,0.0,0.0,0.0,0.0,0.0,0.0,0.000147,0.0,0.0,0.004771,0.000383,0.00105,0.001171,0.0,0.001171,0.000711,0.00152,0.000983,0.000508,0.000405,0.000502,0.07857,0.001619,0.000811,0.000746,0.0,0.0,0.0,0.008615,0.0,0.0,0.02257,0.0,0.0,0.0,0.0,0.0,0.0,0.0,0.0,0.0,0.0,0.0,0.0
2026-01-01 03:20:00,0.0,0.0,0.0,0.0,0.000156,0.0,0.0,0.0,0.0,0.0,0.0,7.3e-05,0.000756,0.0,0.00489,0.000575,0.001174,0.001382,0.0,0.001382,0.000872,0.00183,0.001075,0.000763,0.000607,0.000753,0.0841,0.001829,0.001216,0.001118,0.0,0.0,0.0,0.010769,0.0,0.0,0.033855,0.0,0.0,0.0,0.0,0.0,0.0,0.0,0.0,0.0,0.0,0.0,0.0
2026-01-01 03:30:00,0.0,0.0,0.0,0.0,0.0,0.0,0.0,0.0,0.0,0.0,0.0,0.0,0.001513,0.0,0.005008,0.000767,0.001299,0.001592,0.0,0.001592,0.001034,0.00214,0.001166,0.001017,0.00081,0.001004,0.08963,0.002039,0.001622,0.001491,0.0,0.0,0.0,0.012923,0.0,0.0,0.04514,0.0,0.0,0.0,0.0,0.0,0.0,0.0,0.0,0.0,0.0,0.0,0.0
2026-01-01 03:40:00,0.0,0.0,0.0,0.0,0.0,0.0,0.000545,0.0,0.0,0.0,0.0,0.0,0.0,0.0,0.005245,0.00115,0.001549,0.002013,0.0,0.002013,0.001358,0.002761,0.00135,0.001525,0.001215,0.001506,0.10069,0.002458,0.002432,0.002237,0.0,0.0,0.0,0.01723,0.0,0.0,0.067711,0.0,0.0,0.0,0.0,0.0,0.0,0.0,0.0,0.0,0.0,0.0,0.0
2026-01-01 03:50:00,0.0,0.0,0.0,0.0,0.0,0.0,0.000974,0.0,0.0,0.0,0.0,0.0,0.000257,0.0,0.005364,0.001342,0.001674,0.002224,0.0,0.002224,0.00152,0.003071,0.001441,0.00178,0.001417,0.001757,0.10622,0.002668,0.002838,0.002609,0.0,0.0,0.0,0.019384,0.0,0.0,0.078996,0.0,0.0,0.0,0.0,0.0,0.0,0.0,0.0,0.0,0.0,0.0,0.0
2026-01-01 04:00:00,0.0,0.0,0.0,0.0,0.0,0.0,0.001194,0.0,0.0,0.0,0.0,0.0,0.000514,0.0,0.005482,0.001534,0.001798,0.002434,0.0,0.002434,0.001681,0.003381,0.001533,0.002034,0.00162,0.002008,0.11175,0.002878,0.003243,0.002982,0.0,0.0,0.0,0.021538,0.0,0.0,0.090281,0.0,0.0,0.0,0.0,0.0,0.0,0.0,0.0,0.0,0.0,0.0,0.0
2026-01-01 04:10:00,0.0,0.0,0.0,0.0,0.0,0.0,0.000755,0.0,0.0,0.0,0.0,0.0,0.0,0.0,0.005719,0.001917,0.002048,0.002855,0.0,0.002855,0.002005,0.004001,0.001716,0.002542,0.002025,0.00251,0.12281,0.003297,0.004054,0.003728,0.0,0.0,0.0,0.025846,0.0,0.0,0.112851,0.0,0.0,0.0,0.0,0.0,0.0,0.0,0.0,0.0,0.0,0.0,0.0
2026-01-01 04:20:00,0.0,0.0,0.0,0.0,0.0,0.0,0.000689,0.0,0.0,0.0,0.0,0.0,0.0,0.0,0.005838,0.002109,0.002173,0.003066,0.0,0.003066,0.002167,0.004311,0.001808,0.002797,0.002227,0.002761,0.12834,0.003507,0.00446,0.004101,0.0,0.0,0.0,0.027999,0.0,0.0,0.124136,0.0,0.0,0.0,0.0,0.0,0.0,0.0,0.0,0.0,0.0,0.0,0.0
2026-01-01 04:30:00,0.0,0.0,0.0,0.0,0.0,0.0,0.00062,0.0,0.0,0.0,0.0,0.0,0.0,0.0,0.005956,0.002301,0.002298,0.003277,0.0,0.003277,0.002328,0.004621,0.001899,0.003051,0.002429,0.003013,0.13387,0.003717,0.004865,0.004473,0.0,0.0,0.0,0.030153,0.0,0.0,0.135421,0.0,0.0,0.0,0.0,0.0,0.0,0.0,0.0,0.0,0.0,0.0,0.0
2026-01-01 04:40:00,0.0,0.0,0.0,0.0,0.0,0.0,0.0,0.0,0.0,0.0,0.0,0.0,0.000474,0.0,0.006193,0.002684,0.002547,0.003698,0.0,0.003698,0.002652,0.005242,0.002083,0.003559,0.002834,0.003515,0.14493,0.004136,0.005676,0.005219,0.0,0.0,0.0,0.034461,0.0,0.0,0.157991,0.0,0.0,0.0,0.0,0.0,0.0,0.0,0.0,0.0,0.0,0.0,0.0
2026-01-01 04:50:00,0.0,0.0,0.0,0.0,0.0,0.0,0.0,0.0,0.0,0.0,0.0,0.0,0.000359,0.0,0.006312,0.002876,0.002672,0.003908,0.0,0.003908,0.002814,0.005552,0.002174,0.003814,0.003037,0.003766,0.15046,0.004346,0.006081,0.005592,0.0,0.0,0.0,0.036615,0.0,0.0,0.169277,0.0,0.0,0.0,0.0,0.0,0.0,0.0,0.0,0.0,0.0,0.0,0.0
2026-01-01 05:00:00,0.0,0.0,0.0,0.0,0.0,0.0,0.0,0.0,0.0,0.0,0.0,0.0,0.000164,0.0,0.00643,0.003068,0.002797,0.004119,0.0,0.004119,0.002975,0.005862,0.002266,0.004068,0.003239,0.004017,0.15599,0.004556,0.006487,0.005964,0.0,0.0,0.0,0.038768,0.0,0.0,0.180562,0.0,0.0,0.0,0.0,0.0,0.0,0.0,0.0,0.0,0.0,0.0,0.0
2026-01-01 05:10:00,0.0,0.0,0.0,0.0,0.0,0.0,0.0,0.0,0.0,0.0,0.0,0.0,0.0,0.0,0.006667,0.003451,0.003046,0.00454,0.0,0.00454,0.003299,0.006482,0.002449,0.004576,0.003644,0.004519,0.16705,0.004975,0.007297,0.00671,0.0,0.0,0.0,0.043076,0.0,0.0,0.203132,0.0,0.0,0.0,0.0,0.0,0.0,0.0,0.0,0.0,0.0,0.0,0.0
2026-01-01 05:20:00,0.0,0.0,0.0,0.0,0.0,0.0,0.0,0.0,0.0,0.0,0.0,0.0,0.0,0.0,0.006786,0.003643,0.003171,0.00475,0.0,0.00475,0.003461,0.006792,0.002541,0.004831,0.003847,0.00477,0.17258,0.005185,0.007703,0.007083,0.0,0.0,0.0,0.04523,0.0,0.0,0.214417,0.0,0.0,0.0,0.0,0.0,0.0,0.0,0.0,0.0,0.0,0.0,0.0
2026-01-01 05:30:00,0.0,0.0,0.0,0.0,0.0,0.0,0.0,0.0,0.0,0.0,0.0,0.0,0.0,0.0,0.006904,0.003835,0.003296,0.004961,0.0,0.004961,0.003622,0.007102,0.002632,0.005085,0.004049,0.005021,0.17811,0.005395,0.008108,0.007456,0.0,0.0,0.0,0.047384,0.0,0.0,0.225702,0.0,0.0,0.0,0.0,0.0,0.0,0.0,0.0,0.0,0.0,0.0,0.0
2026-01-01 05:40:00,0.00019,0.0,0.0,0.0,0.0,0.0,0.0,0.0,0.000105,0.0,0.0,0.000493,0.0,0.0,0.007141,0.004218,0.003546,0.005382,0.0,0.005382,0.003946,0.007723,0.002816,0.005593,0.004454,0.005523,0.18917,0.005814,0.008919,0.008201,0.0,0.0,0.0,0.051691,0.0,0.0,0.248272,0.0,0.0,0.0,0.0,0.0,0.0,0.0,0.0,0.0,0.0,0.0,0.0
2026-01-01 05:50:00,0.000222,0.0,0.0,0.0,0.0,0.0,0.0,0.0,5.3e-05,8.1e-05,0.0,0.000246,0.0,0.0,0.00726,0.00441,0.00367,0.005592,0.0,0.005592,0.004108,0.008033,0.002907,0.005847,0.004656,0.005774,0.1947,0.006024,0.009325,0.008574,0.0,0.0,0.0,0.053845,0.0,0.0,0.259557,0.0,0.0,0.0,0.0,0.0,0.0,0.0,0.0,0.0,0.0,0.0,0.0
2026-01-01 06:00:00,0.000233,0.0,0.0,0.0,0.0,0.0,0.0,0.0,0.0,0.000163,0.0,0.0,0.0,0.0,0.007378,0.004602,0.003795,0.005803,0.0,0.005803,0.004269,0.008343,0.002999,0.006102,0.004859,0.006025,0.20023,0.006234,0.00973,0.008947,0.0,0.0,0.0,0.055999,0.0,0.0,0.270843,0.0,0.0,0.0,0.0,0.0,0.0,0.0,0.0,0.0,0.0,0.0,0.0
2026-01-01 06:10:00,0.000108,0.0,0.0,0.0,0.0,0.0,0.000499,0.0,0.0,0.0,0.0,0.0,0.0,0.0,0.007615,0.004985,0.004045,0.006224,0.0,0.006224,0.004593,0.008963,0.003182,0.00661,0.005264,0.006527,0.21129,0.006653,0.010541,0.009692,0.0,0.0,0.0,0.060306,0.0,0.0,0.293413,0.0,0.0,0.0,0.0,0.0,0.0,0.0,0.0,0.0,0.0,0.0,0.0
2026-01-01 06:20:00,3.4e-05,0.0,0.0,0.0,0.0,0.0,0.000465,0.0,0.0,0.0,0.0,0.0,0.0,0.0,0.007734,0.005177,0.00417,0.006435,0.0,0.006435,0.004755,0.009273,0.003274,0.006864,0.005466,0.006778,0.21682,0.006863,0.010946,0.010065,0.0,0.0,0.0,0.06246,0.0,0.0,0.304698,0.0,0.0,0.0,0.0,0.0,0.0,0.0,0.0,0.0,0.0,0.0,0.0
2026-01-01 06:30:00,0.0,0.0,0.0,0.0,0.0,0.0,0.000432,0.0,0.0,0.0,0.0,0.0,0.0,0.0,0.007852,0.005369,0.004294,0.006645,0.0,0.006645,0.004916,0.009583,0.003365,0.007119,0.005669,0.007029,0.22235,0.007073,0.011352,0.010438,0.0,0.0,0.0,0.064614,0.0,0.0,0.315983,0.0,0.0,0.0,0.0,0.0,0.0,0.0,0.0,0.0,0.0,0.0,0.0
2026-01-01 06:40:00,0.0,0.0,0.0,0.0,0.0,0.0,0.000666,0.0,0.0,6.2e-05,0.0,0.0,0.0,0.0,0.008089,0.005752,0.004544,0.007066,0.0,0.007066,0.00524,0.010203,0.003548,0.007627,0.006074,0.007531,0.23341,0.007492,0.012162,0.011183,0.0,0.0,0.0,0.068922,0.0,0.0,0.338553,0.0,0.0,0.0,0.0,0.0,0.0,0.0,0.0,0.0,0.0,0.0,0.0
2026-01-01 06:50:00,0.000261,0.0,0.0,0.0,0.0,0.0,0.000333,0.0,0.0,3.1e-05,0.0,0.0,0.0,0.0,0.008208,0.005944,0.004669,0.007277,0.0,0.007277,0.005402,0.010514,0.00364,0.007881,0.006276,0.007782,0.23894,0.007702,0.012568,0.011556,0.0,0.0,0.0,0.071075,0.0,0.0,0.349838,0.0,0.0,0.0,0.0,0.0,0.0,0.0,0.0,0.0,0.0,0.0,0.0
2026-01-01 07:00:00,0.000703,0.0,0.0,0.0,0.0,0.0,0.0,0.0,0.0,0.0,0.0,0.0,0.0,0.0,0.008326,0.006136,0.004794,0.007487,0.0,0.007487,0.005563,0.010824,0.003732,0.008136,0.006479,0.008033,0.24447,0.007912,0.012973,0.011929,0.0,0.0,0.0,0.073229,0.0,0.0,0.361123,0.0,0.0,0.0,0.0,0.0,0.0,0.0,0.0,0.0,0.0,0.0,0.0
2026-01-01 07:10:00,0.001071,0.0,0.0,0.0,0.0,0.0,0.0,0.0,0.0,0.0,0.0,0.0,0.0,0.0,0.008563,0.006519,0.005043,0.007908,0.0,0.007908,0.005887,0.011444,0.003915,0.008644,0.006883,0.008535,0.255531,0.008331,0.013784,0.012674,0.0,0.0,0.0,0.077537,0.0,0.0,0.383694,0.0,0.0,0.0,0.0,0.0,0.0,0.0,0.0,0.0,0.0,0.0,0.0
2026-01-01 07:20:00,0.000897,0.0,0.0,0.0,0.0,0.0,0.0,0.0,0.0,0.0,0.0,0.0,0.0,0.0,0.008682,0.006711,0.005168,0.008119,0.0,0.008119,0.006049,0.011754,0.004007,0.008898,0.007086,0.008786,0.261061,0.008541,0.01419,0.013047,0.0,0.0,0.0,0.079691,0.0,0.0,0.394979,0.0,0.0,0.0,0.0,0.0,0.0,0.0,0.0,0.0,0.0,0.0,0.0
2026-01-01 07:30:00,0.000679,0.0,0.0,0.0,0.0,0.0,0.0,0.0,0.0,0.0,0.0,0.0,0.0,0.0,0.0088,0.006903,0.005293,0.00833,0.0,0.00833,0.00621,0.012064,0.004098,0.009153,0.007288,0.009038,0.266591,0.008751,0.014595,0.01342,0.0,0.0,0.0,0.081844,0.0,0.0,0.406264,0.0,0.0,0.0,0.0,0.0,0.0,0.0,0.0,0.0,0.0,0.0,0.0
2026-01-01 07:40:00,0.00062,0.0,0.0,0.0,0.0,0.0,0.0,0.0,0.0,0.0,0.0,0.0,0.0,0.0,0.009037,0.007286,0.005542,0.008751,0.0,0.008751,0.006534,0.012684,0.004281,0.009661,0.007693,0.00954,0.277651,0.00917,0.015406,0.014165,0.0,0.0,0.0,0.086152,0.0,0.0,0.428834,0.0,0.0,0.0,0.0,0.0,0.0,0.0,0.0,0.0,0.0,0.0,0.0
2026-01-01 07:50:00,0.000486,0.0,0.0,0.0,0.0,0.0,0.0,0.0,0.0,0.0,0.0,0.0,0.0,0.0,0.009156,0.007478,0.005667,0.008961,0.0,0.008961,0.006696,0.012994,0.004373,0.009915,0.007896,0.009791,0.283181,0.00938,0.015811,0.014538,0.0,0.0,0.0,0.088306,0.0,0.0,0.440119,0.0,0.0,0.0,0.0,0.0,0.0,0.0,0.0,0.0,0.0,0.0,0.0
2026-01-01 08:00:00,0.000366,0.0,0.0,0.0,0.0,0.0,0.0,0.0,0.0,0.0,0.0,0.0,0.0,0.0,0.009274,0.00767,0.005792,0.009172,0.0,0.009172,0.006858,0.013305,0.004465,0.01017,0.008098,0.010042,0.288711,0.00959,0.016217,0.014911,0.0,0.0,0.0,0.09046,0.0,0.0,0.451404,0.0,0.0,0.0,0.0,0.0,0.0,0.0,0.0,0.0,0.0,0.0,0.0
2026-01-01 08:10:00,0.000331,0.0,0.0,0.0,0.0,0.0,0.0,0.0,0.0,0.0,0.0,0.0,0.0,0.0,0.009511,0.008053,0.006042,0.009593,0.0,0.009593,0.007181,0.013925,0.004648,0.010678,0.008503,0.010544,0.299771,0.010009,0.017027,0.015657,0.0,0.0,0.00099,0.094767,0.0,0.0,0.473974,0.0,0.0,0.0,0.0,0.0,0.0,0.0,0.0,0.0,0.0,0.0,0.0
2026-01-01 08:20:00,0.000325,0.0,0.0,0.0,0.0,0.0,0.0,0.0,0.0,0.0,0.0,0.0,0.0,0.0,0.00963,0.008245,0.006166,0.009803,0.0,0.009803,0.007343,0.014235,0.004739,0.010932,0.008706,0.010795,0.305301,0.010219,0.017433,0.016029,0.0,1.1e-05,0.002752,0.096921,0.0,0.0,0.48526,0.001218,0.0,0.0,0.0,0.0,0.0,0.0,0.0,0.0,0.0,0.0,0.0
2026-01-01 08:30:00,0.000318,0.0,0.0,0.0,0.0,0.0,0.0,0.0,0.0,0.0,0.0,0.0,0.0,0.0,0.009748,0.008436,0.006291,0.010014,0.0,0.010014,0.007505,0.014545,0.004831,0.011186,0.008908,0.011046,0.310831,0.010429,0.017838,0.016402,0.0,4.9e-05,0.006828,0.099075,0.0,0.0,0.496545,0.004566,0.0,0.0,0.0,0.0,0.0,0.0,0.0,0.0,0.0,0.0,0.0
2026-01-01 08:40:00,5.3e-05,0.0,0.0,0.0,0.0,0.0,0.0,0.0,0.0,0.0,0.0,0.0,0.0,0.0,0.009985,0.00882,0.006541,0.010435,0.0,0.010435,0.007828,0.015165,0.005014,0.011695,0.009313,0.011548,0.321891,0.010848,0.018649,0.017148,0.0,0.001268,0.047835,0.103382,0.0,0.0,0.519115,0.018394,0.0,0.0,0.0,0.0,0.0,0.0,0.0,0.0,0.0,0.0,0.000542
2026-01-01 08:50:00,1.3e-05,0.0,0.0,0.0,3.1e-05,0.0,0.0,0.0,0.0,0.0,0.0,0.0,0.0,0.0,0.010079,0.008972,0.006639,0.010602,0.0,0.010602,0.007956,0.015583,0.005086,0.011896,0.009475,0.011747,0.327421,0.011014,0.018973,0.017445,0.0,0.003979,0.08673,0.1051,0.0,0.0,0.5304,0.024128,0.0,0.0,0.0,0.0,0.0,0.0,0.0,0.0,0.0,0.0,0.003537
2026-01-01 09:00:00,0.0,0.0,0.0,0.0,0.000131,0.0,0.0,0.0,0.0,0.0,0.0,0.0,0.0,0.0,0.010222,0.009203,0.00679,0.010856,0.0,0.010856,0.008152,0.015785,0.005198,0.012203,0.009718,0.01205,0.332951,0.011268,0.01946,0.017893,0.0,0.009473,0.136801,0.10769,0.0,0.0,0.541685,0.031696,0.0,0.0,0.0,0.0,0.0,0.0,0.0,0.0,0.0,0.0,0.011401
2026-01-01 09:10:00,7.7e-05,0.005432,0.005432,0.0,0.001158,0.0,0.000185,0.0,0.0,0.0,0.0,0.0,0.0,0.0,0.026546,0.020657,0.02158,0.023793,0.0,0.023793,0.023103,0.012579,0.027042,0.034797,0.017781,0.029824,0.344011,0.027884,0.037481,0.034748,0.0,0.029352,0.239075,0.21499,0.0,0.0,0.564255,0.087197,0.0,0.002267,0.006006,0.008524,0.000383,0.000551,0.0,0.002451,0.005778,0.0059,0.05719
2026-01-01 09:20:00,0.000639,0.013016,0.013102,0.001586,0.002479,0.0,0.000957,0.0,0.0,0.0,0.0,0.0,0.0,0.0,0.038141,0.030488,0.032159,0.03333,0.0,0.03333,0.032676,0.018942,0.028658,0.059667,0.021386,0.045109,0.349541,0.038621,0.053292,0.041642,0.0,0.037696,0.295608,0.28609,0.0,0.0,0.57554,0.131306,0.0,0.007382,0.01188,0.013665,0.003026,0.006487,0.001549,0.006795,0.010945,0.01237,0.109348
2026-01-01 09:30:00,0.002157,0.026289,0.026547,0.00545,0.005532,0.0,0.002581,0.0,0.0,0.0,0.0,0.0,0.0,0.0,0.0526,0.043733,0.04528,0.045369,0.0,0.045369,0.044428,0.03266,0.029153,0.093027,0.026271,0.064293,0.355071,0.050735,0.074644,0.049587,0.0,0.049062,0.356055,0.34881,0.0,0.0,0.586825,0.173738,0.0,0.017281,0.020178,0.0215,0.008398,0.021511,0.005764,0.014505,0.019101,0.02169,0.180164
2026-01-01 09:40:00,0.011126,0.072245,0.072739,0.015312,0.122366,0.004928,0.006902,0.003531,0.00305,0.000391,0.0,0.0,0.0,0.0,0.089895,0.078302,0.078304,0.076218,0.0,0.076218,0.077113,0.056085,0.018623,0.158359,0.062069,0.104867,0.366131,0.076663,0.12933,0.080793,0.0,0.148623,0.487515,0.41742,0.0,0.00031,0.609396,0.222092,0.0,0.047161,0.041664,0.081812,0.018868,0.077819,0.02244,0.036171,0.054213,0.044171,0.318646
2026-01-01 09:50:00,0.021528,0.088982,0.089734,0.022108,0.173255,0.011365,0.009827,0.009546,0.008003,0.000974,0.0,0.002419,0.001747,0.0,0.112873,0.099418,0.100101,0.094051,0.0,0.094051,0.096605,0.061763,0.022034,0.193526,0.078039,0.128206,0.371661,0.08989,0.160063,0.094557,0.0,0.17398,0.558004,0.44948,0.0,0.000573,0.620681,0.153505,0.0,0.099886,0.062582,0.139736,0.023613,0.109127,0.050126,0.052017,0.082984,0.07487,0.386749
2026-01-01 10:00:00,0.035487,0.101344,0.101988,0.030236,0.212928,0.023115,0.013952,0.020194,0.018607,0.001987,0.0,0.0074,0.006299,0.0,0.138617,0.12348,0.124817,0.114522,0.0,0.114522,0.11859,0.067763,0.032781,0.230371,0.096155,0.15276,0.377191,0.105027,0.193131,0.113347,0.0,0.199679,0.629831,0.48603,0.0,0.00098,0.631966,0.084918,0.0,0.171356,0.087542,0.17151,0.027865,0.142712,0.094864,0.070467,0.111217,0.10577,0.457754
2026-01-01 10:10:00,0.061445,0.11617,0.115683,0.049406,0.259887,0.075578,0.031325,0.050999,0.093062,0.005169,0.0,0.014801,0.021273,0.0,0.195518,0.179869,0.177258,0.166702,0.0,0.166702,0.169931,0.099209,0.136204,0.308173,0.15643,0.201721,0.388251,0.149217,0.265072,0.262205,0.0,0.306042,0.770812,0.60299,0.0,0.00272,0.654536,0.192398,0.0,0.264815,0.127953,0.110761,0.034823,0.21597,0.194591,0.108175,0.144049,0.128818,0.620219
2026-01-01 10:20:00,0.077746,0.129866,0.129582,0.062338,0.253316,0.116173,0.037119,0.082149,0.146969,0.020418,0.0,0.018501,0.050677,0.0,0.225781,0.208048,0.206139,0.194653,0.0,0.194653,0.199194,0.096291,0.155189,0.34496,0.199763,0.227918,0.393781,0.166559,0.309019,0.34477,0.0,0.404387,0.845486,0.671764,0.0,0.004022,0.665821,0.235605,0.0,0.201732,0.147092,0.175503,0.041784,0.216628,0.262502,0.132893,0.156429,0.134846,0.706266
2026-01-01 10:30:00,0.092591,0.149427,0.149692,0.078733,0.246746,0.167898,0.040016,0.110993,0.209318,0.046644,0.0,0.022201,0.093075,0.0,0.256723,0.236933,0.236062,0.222479,0.0,0.222479,0.228891,0.093374,0.172925,0.381374,0.242805,0.254416,0.399311,0.183497,0.329687,0.382402,0.0,0.457634,0.879025,0.74135,0.0,0.00557,0.677106,0.263481,0.0,0.138649,0.159251,0.319036,0.054329,0.217284,0.333096,0.154278,0.17327,0.142775,0.782516
2026-01-01 10:40:00,0.111172,0.205566,0.203403,0.126128,0.26272,0.296649,0.041122,0.134239,0.335833,0.082428,0.0,0.029601,0.153021,0.0,0.318527,0.298863,0.295887,0.273804,0.0,0.273804,0.283075,0.159791,0.244774,0.456225,0.301648,0.305496,0.410371,0.223743,0.267381,0.317997,0.0,0.298127,0.6439,0.86343,0.0,0.00885,0.699677,0.284786,0.0,0.282476,0.166759,0.586384,0.13751,0.272923,0.447742,0.176764,0.367287,0.402494,0.887378
2026-01-01 10:50:00,0.107312,0.211242,0.210951,0.141952,0.254796,0.354045,0.040825,0.126163,0.398276,0.079671,0.0,0.033382,0.223062,0.0,0.349563,0.330414,0.326729,0.30591,0.0,0.30591,0.313204,0.173429,0.268612,0.493242,0.33046,0.331176,0.415901,0.250275,0.276395,0.400964,0.0,0.382874,0.675295,0.890406,0.0,0.012558,0.710962,0.279255,0.0,0.287434,0.162784,0.73209,0.150989,0.235811,0.525721,0.195824,0.426595,0.434662,0.905014
2026-01-01 11:00:00,0.103452,0.213038,0.213443,0.157789,0.239532,0.411854,0.040528,0.118087,0.460558,0.073357,0.0,0.037002,0.310189,0.0,0.381415,0.362698,0.35774,0.340374,0.0,0.340374,0.34517,0.178447,0.292264,0.529866,0.357507,0.357878,0.421431,0.276854,0.304277,0.514126,0.0,0.547043,0.753339,0.91027,0.0,0.01564,0.722247,0.268371,0.0,0.292567,0.153662,0.838375,0.165247,0.198699,0.61007,0.221066,0.45312,0.452261,0.919061
2026-01-01 11:10:00,0.137102,0.181748,0.181735,0.205342,0.220875,0.544235,0.052477,0.249291,0.585852,0.060319,0.0,0.043298,0.441598,0.0,0.449604,0.430228,0.418809,0.406917,0.0,0.406917,0.412765,0.178799,0.36173,0.601781,0.404058,0.417119,0.432491,0.317353,0.534881,0.560318,0.0,0.75096,0.967341,0.94418,0.0,0.017226,0.744817,0.254215,0.0,0.855911,0.134691,0.923621,0.289404,0.434812,0.762437,0.284509,0.459374,0.470739,0.954229
2026-01-01 11:20:00,0.177027,0.261473,0.261209,0.224176,0.199248,0.59543,0.054405,0.484084,0.632277,0.060448,0.0,0.04595,0.506158,0.0,0.479695,0.461669,0.44971,0.438783,0.0,0.438783,0.444826,0.185359,0.395608,0.632186,0.421846,0.443458,0.438021,0.34759,0.467756,0.576429,0.0,0.749245,0.978468,0.965247,0.0,0.023035,0.756102,0.342859,0.0,0.887807,0.136591,0.948289,0.315782,0.549664,0.7328,0.390735,0.475767,0.493803,0.965603
2026-01-01 11:30:00,0.200567,0.341198,0.340683,0.246755,0.177329,0.616361,0.055965,0.686535,0.665603,0.060873,0.0,0.047179,0.556595,0.0,0.508537,0.491456,0.480618,0.469483,0.0,0.469483,0.475562,0.20392,0.422968,0.660546,0.441024,0.469918,0.443551,0.377521,0.400632,0.59305,0.0,0.747531,0.986144,0.97521,0.0,0.031938,0.767387,0.459355,0.0,0.907602,0.139866,0.967135,0.325128,0.611607,0.703163,0.528521,0.505199,0.52619,0.976218
2026-01-01 11:40:00,0.183263,0.276621,0.273793,0.35591,0.157736,0.15186,0.06016,0.751839,0.702203,0.068044,0.0,0.04736,0.610396,0.0,0.566536,0.546595,0.541736,0.527341,0.0,0.527341,0.533258,0.310078,0.454994,0.715657,0.505178,0.530225,0.454611,0.41658,0.463541,0.645864,0.0,0.813927,1.005451,0.90128,0.0,0.04194,0.789957,0.500149,0.0,0.943969,0.14276,0.996634,0.261574,0.63098,0.940282,0.69622,0.567502,0.589607,1.002619
2026-01-01 11:50:00,0.174971,0.221516,0.219906,0.269645,0.144016,0.079012,0.062642,0.753094,0.717589,0.069606,0.0,0.047557,0.631754,0.0,0.596547,0.577285,0.571563,0.556524,0.0,0.556524,0.564288,0.362506,0.473349,0.742938,0.522239,0.55759,0.460141,0.437429,0.556234,0.672271,0.0,0.838701,1.008115,0.719036,0.0,0.041843,0.801242,0.463219,0.0,0.955386,0.149801,0.838029,0.271885,0.650308,0.954118,0.902656,0.502166,0.504654,1.001819
2026-01-01 12:00:00,0.171362,0.177108,0.17703,0.18338,0.13171,0.05456,0.063797,0.754256,0.729227,0.071203,0.0,0.047901,0.651938,0.0,0.625602,0.607459,0.600363,0.586281,0.0,0.586281,0.594857,0.418187,0.496323,0.769658,0.541273,0.583666,0.465671,0.459102,0.658761,0.698679,0.0,0.848729,1.010892,0.58521,0.0,0.041746,0.812528,0.410943,0.0,0.965224,0.16464,0.679425,0.303424,0.674992,0.962336,1.025886,0.436829,0.4197,1.001019
2026-01-01 12:10:00,0.208589,0.148067,0.148193,0.192353,0.118414,0.699773,0.061557,0.769238,0.742369,0.079294,0.0,0.049578,0.695066,0.0,0.677066,0.659278,0.653987,0.64855,0.0,0.64855,0.64945,0.552039,0.574723,0.820649,0.657069,0.633909,0.476731,0.50426,0.750708,0.751493,0.0,0.625188,1.037682,0.65211,0.0,0.042628,0.835098,0.386379,0.0,0.985184,0.222302,0.905995,0.54353,0.721746,0.975697,1.021903,0.701229,0.626942,1.030643
2026-01-01 12:20:00,0.224847,0.164672,0.164688,0.2053,0.099692,0.707515,0.055391,0.772743,0.744898,0.075846,0.0,0.051485,0.712816,0.0,0.700886,0.687313,0.684195,0.675664,0.0,0.675664,0.675889,0.412943,0.556654,0.844236,0.688746,0.653161,0.482261,0.522225,0.779549,0.7779,0.0,0.767684,1.0416,0.731035,0.0,0.041802,0.846383,0.571889,0.0,0.994674,0.237561,0.923147,0.561697,0.747098,0.985935,1.027083,0.671653,0.624109,1.035363
2026-01-01 12:30:00,0.242992,0.187538,0.187506,0.213442,0.08801,0.710827,0.050741,0.77401,0.747328,0.072398,0.0,0.053193,0.727891,0.0,0.724001,0.714676,0.713506,0.701431,0.0,0.701431,0.701845,0.273847,0.522748,0.866631,0.705593,0.671762,0.487791,0.538679,0.803546,0.804307,0.0,0.91018,1.045222,0.77748,0.0,0.040976,0.857668,0.817202,0.0,1.00311,0.247542,0.940377,0.576261,0.772192,0.994023,1.032263,0.642077,0.616072,1.040267
2026-01-01 12:40:00,0.301533,0.197228,0.197346,0.190413,0.121955,0.713471,0.063669,0.772052,0.757938,0.074568,0.079325,0.054296,0.751285,0.0,0.769935,0.762078,0.761547,0.752694,0.0,0.752694,0.752781,0.32892,0.484353,0.90858,0.715654,0.715562,0.498851,0.570853,0.847824,0.857121,0.0,0.882047,1.062003,0.43,0.0,0.060371,0.880238,0.905419,0.0,1.016047,0.258661,1.178903,0.630423,0.817217,0.999661,0.981514,0.966717,0.577306,1.078916
2026-01-01 12:50:00,0.263849,0.275657,0.275909,0.217797,0.121635,0.711202,0.073562,0.777307,0.761847,0.074761,0.078991,0.055676,0.75831,0.0,0.791904,0.783444,0.783745,0.775043,0.0,0.775043,0.778003,0.365507,0.508433,0.932117,0.755148,0.733845,0.474645,0.596186,0.870919,0.883529,0.0,0.787115,1.066913,0.82025,0.0,0.060731,0.891523,0.867228,0.0,1.018652,0.325619,1.157502,0.659197,0.839697,1.006645,0.908523,0.680511,0.723403,1.101716
2026-01-01 13:00:00,0.226165,0.346188,0.346462,0.273467,0.121315,0.70765,0.080465,0.787396,0.764646,0.074821,0.078304,0.057398,0.763985,0.0,0.812457,0.804083,0.804624,0.795451,0.0,0.795451,0.801957,0.409728,0.532514,0.952817,0.80604,0.750767,0.450439,0.624978,0.893223,0.909936,0.0,0.642763,1.069939,1.2105,0.0,0.060834,0.902808,0.829037,0.0,1.021046,0.422434,1.0982,0.686531,0.86108,1.014093,0.801878,0.394304,0.8695,1.112318
2026-01-01 13:10:00,0.239268,0.299922,0.299466,0.353127,0.130418,0.705308,0.083698,0.799597,0.767718,0.072223,0.077294,0.059857,0.77399,0.0,0.848309,0.84563,0.842803,0.831846,0.0,0.831846,0.844025,0.521926,0.404072,0.979242,0.839988,0.783345,0.452339,0.675959,0.932158,0.96275,0.0,0.477133,1.072605,0.31674,0.0,0.050802,0.925379,0.89345,0.0,1.029512,0.497195,0.843164,0.731407,0.898491,1.021236,0.598462,0.612392,0.672103,1.092275
2026-01-01 13:20:00,0.247401,0.294174,0.294036,0.330376,0.11567,0.704062,0.089243,0.78627,0.766285,0.070947,0.077177,0.061556,0.778117,0.0,0.864452,0.86521,0.859234,0.8522,0.0,0.8522,0.863755,0.487573,0.393575,0.989852,0.854179,0.79723,0.46035,0.689842,0.945579,0.970443,0.0,0.393124,1.073544,0.460763,0.0,0.052486,0.936664,0.739765,0.0,1.030902,0.486736,0.818472,0.756932,0.91472,1.028719,0.534044,0.585619,0.710454,1.07992
2026-01-01 13:30:00,0.253886,0.292308,0.29229,0.286397,0.084627,0.703343,0.092924,0.772944,0.764422,0.069574,0.077139,0.063749,0.781581,0.0,0.880049,0.882057,0.875058,0.872099,0.0,0.872099,0.881399,0.440248,0.390325,0.999418,0.868768,0.810874,0.479102,0.702442,0.958105,0.977256,0.0,0.319925,1.074708,0.75728,0.0,0.054171,0.947949,0.58608,0.0,1.032192,0.459172,0.792705,0.782405,0.930218,1.040717,0.490728,0.558846,0.782137,1.074093
2026-01-01 13:40:00,0.2597,0.311235,0.311189,0.23211,0.035343,0.703071,0.09006,0.773302,0.763799,0.066108,0.077883,0.070262,0.786782,0.0,0.911497,0.906005,0.908074,0.905605,0.0,0.905605,0.909237,0.420163,0.488109,1.01719,0.906681,0.841312,0.553028,0.735863,0.987521,1.003832,0.0,0.219523,1.082737,1.19782,0.0,0.029726,0.970519,1.086646,0.0,1.03773,0.364259,0.387133,0.826945,0.961575,1.08433,0.445259,0.718329,0.862389,1.081184
2026-01-01 13:50:00,0.272583,0.296993,0.297014,0.235266,0.039474,0.701616,0.07831,0.790565,0.759865,0.064202,0.078255,0.064765,0.788605,0.0,0.923226,0.922249,0.920017,0.916931,0.0,0.916931,0.918818,0.425918,0.464859,1.025866,0.907091,0.856693,0.571756,0.752669,0.999684,1.016154,0.0,0.235047,1.08634,1.206328,0.0,0.03522,0.981804,0.722874,0.0,1.0383,0.370253,0.515946,0.848304,0.975916,1.105324,0.731979,0.752494,0.637728,1.082165
2026-01-01 14:00:00,0.299037,0.28275,0.282839,0.243399,0.050195,0.698481,0.067948,0.80751,0.756423,0.062136,0.078673,0.054314,0.790423,0.0,0.932561,0.93708,0.930467,0.926921,0.0,0.926921,0.92721,0.442029,0.441608,1.033875,0.907504,0.869406,0.593431,0.769645,1.010189,1.026541,0.0,0.273783,1.088829,1.20877,0.0,0.047837,0.993089,0.359103,0.0,1.038886,0.388829,0.772288,0.869072,0.988237,1.114477,1.0187,0.789299,0.413067,1.083252
2026-01-01 14:10:00,0.400235,0.289141,0.289001,0.268983,0.08487,0.690459,0.067064,0.491104,0.757573,0.057441,0.079866,0.042022,0.79557,0.0,0.945872,0.954395,0.950096,0.947253,0.0,0.947253,0.943704,0.514816,0.491914,1.047096,0.964488,0.88469,0.770272,0.804358,1.027162,1.040754,0.0,0.381467,1.090908,0.27746,0.0,0.074143,1.01566,0.909217,0.0,1.04605,0.544959,1.116755,0.909147,1.006164,0.862725,0.995143,1.03779,0.908293,1.102844
2026-01-01 14:20:00,0.404968,0.267458,0.267267,0.244746,0.131182,0.688949,0.073187,0.537059,0.764881,0.055088,0.081326,0.060752,0.796958,0.0,0.952784,0.962769,0.958363,0.960841,0.0,0.960841,0.953316,0.478651,0.577857,1.049405,0.932436,0.888346,0.731654,0.810599,1.030644,1.045187,0.0,0.610475,1.089183,0.329605,0.0,0.073533,1.026945,0.618873,0.0,1.049933,0.587907,1.149887,0.926343,1.013386,0.926013,1.053325,1.134816,1.113981,1.011322
2026-01-01 14:30:00,0.408344,0.245774,0.245533,0.204395,0.159585,0.688077,0.079335,0.621913,0.772612,0.052844,0.083511,0.079483,0.797475,0.0,0.957567,0.970022,0.965027,0.971102,0.0,0.971102,0.963074,0.442486,0.667427,1.050484,0.900383,0.891736,0.693036,0.812742,1.03339,1.049371,0.0,0.772223,1.087459,0.38175,0.0,0.072922,1.03823,0.328529,0.0,1.055395,0.603995,1.160313,0.942375,1.020807,0.989301,1.161686,1.174591,1.199798,0.9198
2026-01-01 14:40:00,0.417958,0.268437,0.268046,0.172221,0.142504,0.687214,0.079363,0.713609,0.77439,0.048897,0.088761,0.073556,0.796936,0.0,0.961036,0.980263,0.973883,0.978412,0.0,0.978412,0.980512,0.566207,0.726792,1.051069,0.9764,0.90247,0.797394,0.742176,1.039303,1.06049,0.0,0.651044,1.093828,0.22346,0.0,0.200748,1.0608,0.608742,0.0,1.088872,0.516794,1.10712,0.973056,1.040817,0.239379,1.281747,1.072009,1.199212,0.9372
2026-01-01 14:50:00,0.466457,0.23346,0.233197,0.152912,0.103065,0.685926,0.078862,0.798902,0.770506,0.04657,0.090304,0.073154,0.797206,0.0,0.961297,0.980498,0.979167,0.986148,0.0,0.986148,0.984641,0.558919,0.681254,1.04931,0.994142,0.906122,0.735912,0.753632,1.042881,1.058438,0.0,0.689937,1.114912,0.310545,0.0,0.609885,1.051599,0.964173,0.0,1.117776,0.749638,1.160897,1.00464,0.929799,0.480815,1.228565,1.130147,1.077413,1.023378
2026-01-01 15:00:00,0.507571,0.196397,0.196326,0.143883,0.055566,0.685107,0.07769,0.845177,0.766622,0.044549,0.091795,0.073031,0.797566,0.0,0.961377,0.980566,0.981633,0.990536,0.0,0.990536,0.986137,0.545148,0.635716,1.044946,1.000549,0.907564,0.67443,0.777934,1.044558,1.053844,0.0,0.72883,1.131485,0.39763,0.0,0.929197,1.022577,1.178473,0.0,1.133061,0.982481,1.214674,1.036325,0.818781,0.845731,1.100822,1.188284,0.956138,1.099425
2026-01-01 15:10:00,0.481973,0.193953,0.19396,0.176452,0.018733,0.686736,0.075083,0.817743,0.768374,0.042164,0.096301,0.074905,0.797701,0.0,0.960389,0.979868,0.975226,0.988802,0.0,0.988802,0.97657,0.529232,0.719403,1.033067,0.864502,0.895815,0.744667,0.817428,1.039313,1.045027,0.0,0.612694,1.129977,0.37834,0.0,0.305837,0.740591,0.379871,0.0,0.630082,0.7511,0.439038,1.067364,1.088117,1.06079,0.790958,0.795159,1.173339,1.103153
2026-01-01 15:20:00,0.443365,0.209618,0.20985,0.191633,0.013749,0.689541,0.076611,0.844931,0.762702,0.040353,0.099809,0.0773,0.798188,0.0,0.957223,0.978414,0.973437,0.982644,0.0,0.982644,0.973726,0.634539,0.765136,1.023423,0.932297,0.894799,0.798825,0.787133,1.035433,1.039943,0.0,0.52833,1.130245,0.304101,0.0,0.318219,0.762218,0.391268,0.0,0.898633,0.611815,0.767121,1.059562,1.032519,1.101556,0.830404,0.756707,1.198242,1.102548
2026-01-01 15:30:00,0.378261,0.225283,0.225741,0.198186,0.012113,0.695508,0.07873,0.872119,0.75703,0.039124,0.103896,0.079343,0.798577,0.0,0.950985,0.975558,0.971342,0.97136,0.0,0.97136,0.97069,0.739846,0.805845,1.01359,1.000091,0.893755,0.832048,0.749118,1.030319,1.034239,0.0,0.486284,1.131018,0.24398,0.0,0.358312,0.783844,0.42437,0.0,1.167183,0.546624,1.095205,1.05176,0.976921,1.11569,0.86985,0.744585,1.206239,1.101944
2026-01-01 15:40:00,0.196359,0.220718,0.220863,0.184904,0.019762,0.732146,0.07965,0.309944,0.764098,0.038599,0.11172,0.080331,0.793272,0.0,0.935531,0.965781,0.955744,0.950219,0.0,0.950219,0.957638,0.633067,0.860816,1.000857,0.986879,0.877696,0.840691,0.738384,1.015389,1.02063,0.0,0.546839,1.135128,0.28873,0.0,0.86137,0.620405,0.605855,0.0,0.75063,1.297668,0.677217,1.067829,1.078309,1.037662,0.656679,1.066627,0.834334,1.12663
2026-01-01 15:50:00,0.195169,0.243614,0.244005,0.171707,0.01632,0.762361,0.075824,0.411862,0.733671,0.037324,0.116103,0.079314,0.79587,0.0,0.931975,0.950417,0.955021,0.946792,0.0,0.946792,0.944099,0.60553,0.842932,0.990137,0.980498,0.865375,0.824523,0.707046,1.006143,1.010281,0.0,0.65723,0.951036,0.799933,0.0,0.608383,0.62828,0.796815,0.0,0.710173,1.284665,0.652244,1.063225,1.076825,1.023928,0.760946,0.969499,0.974643,1.137562
2026-01-01 16:00:00,0.194833,0.278191,0.278518,0.164382,0.009893,0.778089,0.071997,0.608016,0.699556,0.036202,0.120387,0.078296,0.799564,0.0,0.928119,0.935579,0.954275,0.945635,0.0,0.945635,0.929846,0.573074,0.822236,0.97603,0.972788,0.85409,0.800574,0.656604,0.996478,0.997481,0.0,0.731853,0.766945,1.27359,0.0,0.355397,0.645166,0.904906,0.0,0.69743,1.247366,0.630763,1.058621,1.071629,1.019228,0.865212,0.872371,1.114952,1.150351
2026-01-01 16:10:00,0.217895,0.298514,0.297975,0.201573,0.002723,0.628787,0.075556,0.8471,0.694995,0.035949,0.127589,0.078958,0.80133,0.0,0.903544,0.927087,0.921507,0.964611,0.0,0.964611,0.914149,0.282029,0.818645,0.940955,0.943678,0.842346,0.787379,0.583395,0.978929,0.96771,0.0,0.455816,0.954167,1.20142,0.0,0.790498,0.673531,0.37565,0.0,1.175646,1.056408,0.513603,1.08258,0.725083,1.083021,0.501697,1.122046,1.108359,1.198341
2026-01-01 16:20:00,0.178497,0.287533,0.287655,0.199805,0.012121,0.679328,0.073305,0.829212,0.712739,0.03524,0.130824,0.078399,0.802775,0.0,0.904231,0.92285,0.895833,0.950968,0.0,0.950968,0.925608,0.209835,0.799925,0.925718,0.806019,0.837099,0.780021,0.502286,0.969193,0.950383,0.0,0.308636,1.056841,1.185034,0.0,0.605241,0.777955,0.49485,0.0,1.142218,1.061522,0.532031,1.11608,0.861339,1.087843,0.697672,0.951867,1.106836,1.2151
2026-01-01 16:30:00,0.130467,0.259531,0.260942,0.194377,0.021519,0.729869,0.071054,0.811325,0.730482,0.034704,0.133978,0.07749,0.803525,0.0,0.904917,0.915832,0.882702,0.916132,0.0,0.916132,0.937067,0.183417,0.780866,0.910385,0.690488,0.83021,0.769304,0.455561,0.95888,0.932884,0.0,0.242394,1.103468,1.16648,0.0,0.419983,0.86181,0.61405,0.0,1.10879,1.073452,0.562155,1.136935,0.997594,1.089325,0.98212,0.679739,1.105093,1.221764
2026-01-01 16:40:00,0.118835,0.175039,0.175445,0.151928,0.008772,0.350416,0.076325,0.844259,0.700567,0.035537,0.140521,0.076817,0.802038,0.0,0.780315,0.416613,0.908141,0.81047,0.0,0.81047,0.768348,0.271389,0.776764,0.874436,0.920991,0.787775,0.694387,0.485565,0.937122,0.902015,0.0,0.272476,1.092188,1.00931,0.0,0.639074,0.60468,0.26373,0.0,1.139057,1.099661,0.584879,0.972408,0.990987,1.08722,1.128271,0.48782,1.08958,1.165906
2026-01-01 16:50:00,0.130487,0.174745,0.174824,0.136131,0.005686,0.425109,0.073979,0.759563,0.730724,0.035267,0.142524,0.075863,0.804546,0.0,0.548356,0.655372,0.889641,0.833187,0.0,0.833187,0.815043,0.48972,0.757521,0.855093,0.907881,0.760822,0.695951,0.477836,0.888492,0.88411,0.0,0.24243,1.089866,1.027688,0.0,0.593632,0.530682,0.11665,0.0,0.969532,1.107287,0.890326,0.972981,0.992876,1.094038,1.12177,0.662288,1.060018,0.749003
2026-01-01 17:00:00,0.142138,0.174451,0.174205,0.129742,0.004562,0.568016,0.069926,0.674868,0.760882,0.034748,0.143294,0.07453,0.807054,0.0,0.390588,0.894132,0.85474,0.855904,0.0,0.855904,0.861738,0.65032,0.719057,0.834101,0.890238,0.747981,0.697514,0.45508,0.800418,0.8638,0.0,0.199825,1.087438,1.065525,0.0,0.548191,0.502666,0.055094,0.0,0.800007,1.113755,1.176505,0.974973,0.994766,1.101114,1.107462,0.889048,1.022509,0.377254
2026-01-01 17:10:00,0.08231,0.104201,0.104108,0.155,0.00646,0.73923,0.06632,0.751014,0.656789,0.034113,0.143033,0.072243,0.802908,0.0,0.768615,0.791345,0.814599,0.836436,0.0,0.836436,0.565471,0.617826,0.637163,0.785066,0.883416,0.752842,0.594718,0.320124,0.585113,0.814045,0.0,0.179678,1.072823,1.12174,0.0,0.74269,0.536393,0.085456,0.0,1.086191,1.127098,1.13934,1.066952,0.969864,1.10141,1.081411,0.964672,0.9837,0.695765
2026-01-01 17:20:00,0.083821,0.170963,0.170798,0.173172,0.007785,0.728381,0.065234,0.5805,0.691408,0.032407,0.141719,0.0711,0.791535,0.0,0.541522,0.765578,0.797899,0.799804,0.0,0.799804,0.65786,0.426223,0.593439,0.754506,0.869383,0.749168,0.534924,0.378454,0.68495,0.790531,0.0,0.255866,1.072843,1.148598,0.0,0.925516,0.466087,0.126523,0.0,1.027055,1.097056,1.110118,0.858794,0.949701,1.112523,1.027323,0.962577,0.975964,0.518118
2026-01-01 17:30:00,0.086997,0.237725,0.237487,0.182199,0.008694,0.710269,0.064479,0.409985,0.726026,0.031128,0.140606,0.069957,0.782961,0.0,0.314428,0.744146,0.77913,0.757554,0.0,0.757554,0.750249,0.260153,0.554582,0.723309,0.83499,0.738313,0.474611,0.436784,0.784787,0.766019,0.0,0.40269,1.072862,1.16028,0.0,1.025066,0.395782,0.18929,0.0,0.967919,1.067013,1.069166,0.650636,0.915678,1.123377,0.989373,0.957302,0.966505,0.308967
2026-01-01 17:40:00,0.092016,0.21018,0.210088,0.172209,0.009149,0.695708,0.063578,0.505716,0.725462,0.031855,0.147097,0.06767,0.787215,0.0,0.579281,0.697272,0.713357,0.723338,0.0,0.723338,0.72622,0.299002,0.50115,0.67046,0.424119,0.67258,0.368518,0.34417,0.575529,0.707586,0.0,0.582326,1.043059,0.92531,0.0,1.009919,0.552812,0.333904,0.0,1.098121,1.111676,0.933378,1.121,0.670884,1.050499,1.049711,0.942137,0.6999,0.268037
2026-01-01 17:50:00,0.090512,0.200677,0.20058,0.148545,0.00947,0.695342,0.061734,0.637352,0.732274,0.03229,0.144335,0.067533,0.788748,0.0,0.618736,0.678104,0.672914,0.696916,0.0,0.696916,0.697179,0.208048,0.496095,0.643659,0.565852,0.48111,0.340055,0.299127,0.631921,0.679136,0.0,0.713572,1.034846,0.982858,0.0,0.984959,0.586383,0.202188,0.0,1.0907,1.072283,0.808116,0.824844,0.690675,1.077634,0.811319,0.858734,0.792274,0.278921
2026-01-01 18:00:00,0.085905,0.189901,0.189836,0.120248,0.009885,0.694978,0.059244,0.741043,0.739087,0.032774,0.139273,0.06739,0.789363,0.0,0.631874,0.658163,0.637854,0.667143,0.0,0.667143,0.659217,0.108705,0.490823,0.61582,0.707585,0.334755,0.329454,0.279429,0.688312,0.65111,0.0,0.779112,1.031768,1.09147,0.0,0.968592,0.598293,0.049461,0.0,1.068118,1.032891,0.665978,0.528688,0.710465,1.113116,0.572927,0.787133,0.884647,0.312408
2026-01-01 18:10:00,0.050385,0.140295,0.141472,0.099154,0.011102,0.682461,0.056377,0.77402,0.730348,0.033865,0.13392,0.062585,0.778022,0.0,0.555928,0.603141,0.598377,0.614575,0.0,0.614575,0.596052,0.098593,0.405669,0.554776,0.634881,0.364446,0.421047,0.31333,0.613225,0.595889,0.0,0.346906,1.04177,1.21654,0.0,1.055045,0.37926,0.022586,0.0,0.902465,1.063224,0.45287,1.026722,0.318969,1.125269,0.720327,0.813841,0.288609,0.578451
2026-01-01 18:20:00,0.038983,0.129047,0.13015,0.089556,0.011497,0.678806,0.054207,0.548115,0.722998,0.033864,0.129037,0.060214,0.770494,0.0,0.529825,0.578407,0.567012,0.578411,0.0,0.578411,0.563615,0.103943,0.420718,0.523564,0.609643,0.430566,0.41137,0.294674,0.579555,0.563434,0.0,0.414973,1.022172,1.006295,0.0,1.062159,0.402398,0.026506,0.0,0.698543,1.113565,0.682269,1.023969,0.351296,1.109883,0.920711,0.771747,0.336527,0.46546
2026-01-01 18:30:00,0.032008,0.119728,0.120625,0.085443,0.011958,0.674477,0.051419,0.287472,0.713791,0.033859,0.126405,0.058491,0.762559,0.0,0.50652,0.552678,0.531988,0.541336,0.0,0.541336,0.534856,0.119047,0.435766,0.4916,0.582844,0.507381,0.392848,0.253279,0.548057,0.529358,0.0,0.483039,0.95883,0.79605,0.0,1.064362,0.425536,0.037967,0.0,0.576813,1.146648,0.973751,1.015334,0.427185,1.05897,1.04432,0.711715,0.452904,0.35247
2026-01-01 18:40:00,0.026415,0.098078,0.098007,0.107111,0.014641,0.642517,0.044096,0.243263,0.693946,0.033567,0.143561,0.056979,0.748838,0.0,0.458162,0.488443,0.473375,0.483869,0.0,0.483869,0.494081,0.190239,0.406335,0.424832,0.488196,0.562713,0.370632,0.175974,0.489667,0.463284,0.0,0.371136,0.17935,1.09919,0.0,0.965704,0.286455,0.103269,0.0,1.07593,0.869993,1.061277,0.935442,0.597401,0.225339,0.214414,0.682735,0.746322,0.875731
2026-01-01 18:50:00,0.024832,0.101429,0.101401,0.096355,0.015494,0.62522,0.038641,0.433268,0.677701,0.032297,0.14963,0.055304,0.739429,0.0,0.423843,0.458519,0.438403,0.452903,0.0,0.452903,0.463699,0.250852,0.380624,0.391255,0.421447,0.536582,0.349761,0.118163,0.457902,0.430878,0.0,0.317484,0.570425,1.097009,0.0,0.961225,0.230162,0.104749,0.0,0.808554,0.886904,1.039589,0.96452,0.590306,0.230311,0.306549,0.466594,0.532724,0.70478
2026-01-01 19:00:00,0.023952,0.10478,0.104795,0.078851,0.016238,0.603395,0.031816,0.623274,0.65265,0.029496,0.15533,0.05202,0.727962,0.0,0.387317,0.427395,0.402325,0.421418,0.0,0.421418,0.428191,0.28275,0.351294,0.35748,0.366567,0.480215,0.323717,0.089065,0.424633,0.398285,0.0,0.262405,0.9615,1.09024,0.0,0.956527,0.183773,0.105175,0.0,0.541178,0.903816,0.975951,0.993598,0.57089,0.246566,0.398685,0.273879,0.319126,0.533828
2026-01-01 19:10:00,0.023365,0.075428,0.075328,0.06582,0.017783,0.520463,0.015015,0.470624,0.539906,0.020934,0.168656,0.022677,0.699208,0.0,0.326815,0.352551,0.336644,0.360297,0.0,0.360297,0.356291,0.227165,0.30418,0.28922,0.319754,0.383807,0.274414,0.168493,0.355213,0.330749,0.0,0.138663,0.94344,1.03276,0.0,0.498655,0.116229,0.078824,0.0,1.04725,0.534763,0.605946,0.972029,0.49215,0.47439,0.205886,0.534712,0.577803,0.929848
2026-01-01 19:20:00,0.025945,0.060292,0.060329,0.048646,0.017686,0.458742,0.007189,0.414622,0.477572,0.015913,0.168604,0.03312,0.681853,0.0,0.297419,0.323832,0.305026,0.325233,0.0,0.325233,0.322679,0.157338,0.275808,0.25699,0.229714,0.346475,0.215732,0.167572,0.322678,0.295126,0.0,0.068614,0.629995,0.682163,0.0,0.651704,0.095209,0.070657,0.0,0.847895,0.583781,0.793527,0.957326,0.453785,0.596452,0.588846,0.404946,0.540416,0.897982
2026-01-01 19:30:00,0.029693,0.049613,0.049694,0.03816,0.017434,0.386295,0.003028,0.372033,0.413492,0.011243,0.168425,0.043563,0.660933,0.0,0.268658,0.296539,0.274967,0.291276,0.0,0.291276,0.291129,0.091256,0.251508,0.225461,0.16789,0.312035,0.17414,0.164603,0.290685,0.260543,0.0,0.036477,0.33207,0.3096,0.0,0.804752,0.079002,0.062602,0.0,0.64854,0.632799,0.981108,0.93464,0.418027,0.708109,0.971805,0.275179,0.453454,0.800956
2026-01-01 19:40:00,0.031625,0.041365,0.041249,0.03891,0.016614,0.237631,0.001728,0.317265,0.288595,0.004646,0.163298,0.042639,0.601955,0.0,0.212922,0.235353,0.220575,0.236884,0.0,0.236884,0.234396,0.046204,0.224437,0.162647,0.182181,0.241624,0.164166,0.129067,0.225549,0.19999,0.0,0.039452,0.79617,0.2191,0.0,0.789351,0.0544,0.037793,0.0,0.948696,0.513938,0.416952,0.791588,0.357352,0.872945,0.936476,0.564661,0.264302,0.085934
2026-01-01 19:50:00,0.03144,0.032952,0.03295,0.039362,0.015036,0.167981,0.000934,0.193437,0.205583,0.003336,0.152372,0.040765,0.564584,0.0,0.183887,0.202047,0.193002,0.208442,0.0,0.208442,0.206147,0.03472,0.183698,0.133459,0.164125,0.208831,0.148336,0.116065,0.193783,0.169361,0.0,0.040251,0.758649,0.139869,0.0,0.766587,0.046097,0.022352,0.0,0.921644,0.649702,0.600784,0.825241,0.327306,0.871244,0.893729,0.447144,0.321567,0.078911
2026-01-01 20:00:00,0.030893,0.023767,0.023933,0.039574,0.012425,0.107626,0.000484,0.077121,0.12537,0.002345,0.133811,0.037245,0.518604,0.0,0.155552,0.169866,0.165616,0.179327,0.0,0.179327,0.178056,0.030492,0.136439,0.106761,0.133694,0.179067,0.12609,0.103566,0.162816,0.139546,0.0,0.040927,0.67428,0.08061,0.0,0.724819,0.04034,0.012213,0.0,0.858624,0.785466,0.784615,0.858894,0.297095,0.865237,0.841755,0.311588,0.378833,0.076918
2026-01-01 20:10:00,0.027474,0.012481,0.012577,0.030515,0.006926,0.019783,0.000361,0.036805,0.014881,0.000401,0.095003,0.026699,0.388176,0.0,0.104627,0.115911,0.112578,0.119961,0.0,0.119961,0.122512,0.031437,0.08929,0.061683,0.108523,0.129935,0.091139,0.073269,0.103617,0.084757,0.015033,0.042403,0.50993,0.05102,0.0,0.563591,0.034108,0.007172,0.0,0.720858,0.551427,0.703165,0.747752,0.235151,0.170484,0.770294,0.288635,0.237275,0.097831
2026-01-01 20:20:00,0.025222,0.009288,0.009236,0.02349,0.005243,0.009568,0.000144,0.023473,0.008603,0.000101,0.060924,0.019077,0.383871,0.0,0.083268,0.09192,0.088583,0.095559,0.0,0.095559,0.095358,0.030139,0.073081,0.047109,0.093976,0.108115,0.071136,0.059016,0.078709,0.062571,0.011269,0.043141,0.425735,0.04299,0.0,0.433459,0.030212,0.006138,0.0,0.656151,0.477579,0.530772,0.689819,0.203738,0.095724,0.695372,0.296015,0.254965,0.11152
2026-01-01 20:30:00,0.022478,0.006575,0.006434,0.016866,0.003879,0.00442,0.0,0.013823,0.005088,0.0,0.029496,0.011862,0.380987,0.0,0.064773,0.06992,0.067547,0.074038,0.0,0.074038,0.071053,0.026573,0.058809,0.036843,0.077519,0.087067,0.053788,0.046204,0.057552,0.045523,0.005152,0.043878,0.34533,0.03811,0.0,0.298357,0.02798,0.005198,0.0,0.590648,0.401084,0.376267,0.6292,0.173474,0.062223,0.59932,0.303394,0.272655,0.118107
2026-01-01 20:40:00,0.01526,0.000827,0.000871,0.009516,0.001493,0.0,0.0,0.001952,0.00016,0.0,0.000488,0.003192,0.373799,0.0,0.035082,0.030965,0.034974,0.037125,0.0,0.037125,0.034064,0.011831,0.03033,0.024865,0.037366,0.044256,0.032821,0.025776,0.02534,0.0248,0.000615,0.045354,0.20666,0.033725,0.0,0.114131,0.027374,0.002045,0.0,0.446283,0.126787,0.329044,0.497313,0.119516,0.041584,0.424627,0.185851,0.176397,0.020805
2026-01-01 20:50:00,0.010836,0.0002,0.000212,0.006532,0.000569,0.0,0.0,0.000478,3.6e-05,0.0,0.000108,0.000866,0.370204,0.0,0.023835,0.019479,0.020944,0.02293,0.0,0.02293,0.021709,0.007814,0.017245,0.018075,0.025333,0.031491,0.022127,0.015506,0.017661,0.017017,0.000395,0.046092,0.176007,0.031713,0.0,0.055058,0.025266,0.001494,0.0,0.373197,0.131025,0.2266,0.430856,0.094029,0.060331,0.345792,0.110455,0.113079,0.010918
2026-01-01 21:00:00,0.006594,0.0,0.0,0.003995,0.000119,0.0,0.0,0.0,0.0,0.0,0.0,0.0,0.36661,0.0,0.015727,0.011326,0.011144,0.012872,0.0,0.012872,0.012762,0.00506,0.008544,0.011729,0.016756,0.020899,0.013354,0.008159,0.011852,0.010902,0.000259,0.046829,0.151115,0.02934,0.0,0.025019,0.021108,0.001305,0.0,0.303829,0.135263,0.115136,0.362577,0.070528,0.079079,0.270295,0.063044,0.06936,0.00563
2026-01-01 21:10:00,0.000391,0.0,0.0,0.0,0.0,0.0,0.0,0.0,0.0,0.0,0.0,0.0,0.359422,0.0,0.006886,0.000924,0.002373,0.002527,0.0,0.002527,0.001832,0.001661,0.002171,0.002344,0.005827,0.00071,0.003101,0.002104,0.001707,0.002516,0.0,0.048305,0.09557,0.02056,0.0,0.012069,0.011253,0.002888,0.0,0.184774,0.041054,0.047486,0.21648,0.030605,0.055216,0.122053,0.043874,0.045308,0.0
2026-01-01 21:20:00,9e-05,0.0,0.0,0.0,0.0,0.0,0.0,0.0,0.0,0.0,0.0,0.0,0.355828,0.0,0.005532,0.000216,0.001189,0.001023,0.0,0.001023,0.000711,0.001093,0.001205,0.000602,0.001684,0.00016,0.001686,0.00142,0.000419,0.000662,0.0,0.049043,0.051131,0.015981,0.0,0.008786,0.007066,0.002812,0.0,0.121601,0.014049,0.031383,0.144284,0.022944,0.039448,0.05157,0.032705,0.033734,0.0
2026-01-01 21:30:00,0.0,0.0,0.0,0.0,0.0,0.0,0.0,0.0,0.0,0.0,0.0,0.0,0.352233,0.0,0.004866,0.0,0.0008,0.000524,0.0,0.000524,0.000356,0.0009,0.000883,0.0,0.0,0.0,0.001194,0.0012,0.0,0.0,0.0,0.04978,0.01811,0.01127,0.0,0.00622,0.003938,0.002584,0.0,0.069346,0.002393,0.019775,0.083949,0.017099,0.025729,0.01315,0.021521,0.022683,0.0
2026-01-01 21:40:00,0.0,0.0,0.0,0.0,0.0,0.0,0.0,0.0,0.0,0.0,0.0,0.0,0.345045,0.0,0.0044,0.0,0.0008,0.000702,0.0,0.000702,0.0008,0.0009,0.000923,0.0,0.0,0.0,0.00115,0.005915,0.0,0.0,0.00058,0.051256,0.0,0.0015,0.0,0.001529,0.00055,0.000966,0.0,0.009229,0.0,0.001906,0.007774,0.005131,0.011212,0.0,0.002263,0.002442,0.0
2026-01-01 21:50:00,0.0,0.0,0.0,0.0,0.0,0.0,0.0,0.0,0.0,0.0,0.0,0.0,0.341451,0.0,0.004408,0.0,0.0008,0.000579,0.0,0.000579,0.00066,0.0009,0.000861,3.1e-05,0.0,0.0,0.001115,0.008272,0.0,0.0,0.00029,0.051994,0.0,0.000365,0.0,0.000407,0.000728,0.000285,0.0,0.002246,0.0,0.000451,0.001832,0.001427,0.003858,0.0,0.000539,0.000582,0.0
2026-01-01 22:00:00,0.0,0.0,0.0,0.0,0.0,0.0,0.0,0.0,0.0,0.0,0.0,0.0,0.337856,0.0,0.004427,0.0,0.0008,0.000456,0.0,0.000456,0.00052,0.0009,0.0008,6.3e-05,0.0,0.0,0.001082,0.01063,0.0,0.0,0.0,0.052731,0.0,0.0,0.0,0.0,0.000906,0.0,0.0,0.0,0.0,0.0,0.0,0.0,0.000359,0.0,0.0,0.0,0.0
2026-01-01 22:10:00,0.0,0.0,0.0,0.0,0.0,0.0,0.0,0.0,0.0,0.0,0.0,0.0,0.330668,0.0,0.004469,0.0,0.0008,0.000456,0.0,0.000456,0.001054,0.0009,0.0008,0.0,0.0,0.0,0.001046,0.015345,0.0,2.3e-05,0.0,0.054207,0.0,0.00054,0.0,0.0,0.00055,0.0,0.0,0.0,0.0,0.0,0.0,0.0,0.0,0.0,0.0,0.0,0.0
2026-01-01 22:20:00,0.0,0.0,0.0,0.0,0.0,0.0,0.0,0.0,0.0,0.0,0.0,2e-06,0.327074,0.0,0.004532,0.0,0.0008,0.000477,0.0,0.000477,0.000782,0.0009,0.0008,0.0,0.0,0.0,0.001098,0.017702,0.0,1.2e-05,0.0,0.054945,0.0,0.00027,0.0,0.0,0.000581,0.0,0.0,0.0,0.0,0.0,0.0,0.0,0.0,0.0,0.0,0.0,0.0
2026-01-01 22:30:00,0.0,0.0,0.0,0.0,0.0,0.0,0.0,0.0,0.0,0.0,0.0,4e-06,0.32348,0.0,0.004573,0.0,0.0008,0.000518,0.0,0.000518,0.00051,0.0009,0.0008,0.0,0.0,0.0,0.00115,0.02006,0.0,0.0,0.0,0.055682,0.0,0.0,0.0,0.0,0.000611,0.0,0.0,0.0,0.0,0.0,0.0,0.0,0.0,0.0,0.0,0.0,0.0
2026-01-01 22:40:00,0.0,0.0,0.0,0.0,0.0,0.0,0.0,0.0,0.0,0.0,0.0,0.0,0.316291,0.0,0.0044,0.0,0.0008,0.000576,0.0,0.000576,0.002072,0.0009,0.000946,0.0,0.0,0.0,0.001034,0.024775,0.0,0.0,0.0,0.057158,0.0,0.0,0.0,0.0,0.000229,0.0,0.0,0.0,0.0,0.0,0.0,0.0,0.0,0.0,0.0,0.0,0.0
2026-01-01 22:50:00,0.0,0.0,0.0,0.0,0.0,0.0,0.0,0.0,0.0,0.0,7e-06,0.0,0.312697,0.0,0.004528,0.0,0.0008,0.000508,0.0,0.000508,0.001523,0.0009,0.000873,0.0,0.0,0.0,0.001047,0.027132,0.0,1.1e-05,0.0,0.057896,0.0,0.0,0.0,0.0,0.000416,0.0,0.0,0.0,0.0,0.0,0.0,0.0,0.0,0.0,0.0,0.0,0.0
2026-01-01 23:00:00,0.0,0.0,0.0,0.0,0.0,0.0,0.0,0.0,0.0,0.0,1.5e-05,0.0,0.309103,0.0,0.004656,0.0,0.0008,0.00044,0.0,0.00044,0.000705,0.0009,0.0008,0.0,0.0,0.0,0.001071,0.02949,0.0,2.1e-05,0.0,0.058634,0.0,0.0,0.0,0.0,0.000603,0.0,0.0,0.0,0.0,0.0,0.0,0.0,0.0,0.0,0.0,0.0,0.0
2026-01-01 23:10:00,0.0,0.0,0.0,0.0,0.0,0.0,0.0,0.0,0.0,0.0,0.0,0.0,0.301914,0.0,0.004528,0.000101,0.0008,0.000515,0.0,0.000515,0.000246,0.0009,0.0008,0.0,0.0,0.0,0.001098,0.034205,0.0,1.9e-05,0.0,0.060109,0.0,0.0,0.0,0.0,0.000168,0.0,0.0,0.0,0.0,0.0,0.0,0.0,0.0,0.0,0.0,0.0,0.0
2026-01-01 23:20:00,0.0,0.0,0.0,0.0,0.0,0.0,0.0,0.0,0.0,0.0,0.0,0.0,0.29832,0.0,0.004442,0.000267,0.0008,0.000457,0.0,0.000457,0.000353,0.000844,0.000883,3.7e-05,0.0,0.0,0.00113,0.036562,0.0,8e-06,0.0,0.060847,0.0,0.000105,0.0,0.0,0.000306,0.0,0.0,0.0,0.0,0.0,0.0,0.0,0.0,0.0,0.0,0.0,0.0
2026-01-01 23:30:00,0.0,0.0,0.0,0.0,0.0,0.0,0.0,0.0,0.0,0.0,0.0,0.0,0.294726,0.0,0.0044,0.000465,0.0008,0.0004,0.0,0.0004,0.000553,0.000789,0.000965,7.8e-05,0.0,0.0,0.00115,0.03892,0.0,0.0,0.0,0.061585,0.0,0.00021,0.0,0.0,0.000445,0.0,0.0,0.0,0.0,0.0,0.0,0.0,0.0,0.0,0.0,0.0,0.0
2026-01-01 23:40:00,0.0,0.0,0.0,0.0,0.0,0.0,0.0,0.0,0.0,0.0,0.0,0.0,0.287537,0.0,0.004497,0.000661,0.0008,0.000503,0.0,0.000503,0.000781,0.0009,0.0008,8.4e-05,0.0,0.0,0.00115,0.043635,0.0,0.0,0.0,0.06306,0.0,0.0,0.0,0.0,0.000399,0.0,0.0,0.0,0.0,0.0,0.0,0.0,0.0,0.0,0.0,0.0,0.0
2026-01-01 23:50:00,0.0,0.0,0.0,0.0,0.0,0.0,0.0,0.0,0.0,0.0,0.0,2.3e-05,0.283943,0.0,0.004611,0.00033,0.0008,0.000452,0.0,0.000452,0.000823,0.0009,0.0008,0.000123,0.0,0.0,0.001127,0.045992,0.0,0.0,0.0,0.063798,0.0,0.0,0.0,0.0,0.000387,0.0,0.0,0.0,0.0,0.0,0.0,0.0,0.0,0.0,0.0,0.0,0.0
2026-01-02 00:00:00,0.0,0.0,0.0,0.0,0.0,0.0,0.0,0.0,0.0,0.0,0.0,4.7e-05,0.280349,0.0,0.004678,0.0,0.0008,0.0004,0.0,0.0004,0.000872,0.0009,0.0008,0.000157,0.0,0.0,0.001104,0.04835,0.0,0.0,0.0,0.064536,0.0,0.0,0.0,0.0,0.000371,0.0,0.0,0.0,0.0,0.0,0.0,0.0,0.0,0.0,0.0,0.0,0.0
2026-01-02 00:10:00,0.0,0.0,0.0,0.0,0.0,0.0,0.0,0.0,0.0,0.0,0.0,0.0,0.273161,0.0,0.0044,0.000251,0.0008,0.000566,0.0,0.000566,0.002171,0.001092,0.0008,5.1e-05,0.0,0.0,0.00115,0.053065,0.0,0.0,0.0,0.066011,0.0,0.00033,0.0,0.0,0.0,0.0,0.0,0.0,0.0,0.0,0.0,0.0,0.0,0.0,0.0,0.0,0.0
2026-01-02 00:20:00,0.0,0.0,0.0,0.0,0.0,0.0,0.0,0.0,0.0,0.0,0.0,0.0,0.269566,0.0,0.004365,0.000126,0.0008,0.000577,0.0,0.000577,0.002252,0.000996,0.0008,1.5e-05,0.0,0.0,0.00115,0.055422,0.0,0.0,0.0,0.066749,0.0,0.000165,0.0,0.0,0.000206,0.0,0.0,0.0,0.0,0.0,0.0,0.0,0.0,0.0,0.0,0.0,0.0
2026-01-02 00:30:00,0.0,0.0,0.0,0.0,0.0,0.0,0.0,0.0,0.0,0.0,0.0,0.0,0.265972,0.0,0.004354,0.0,0.0008,0.000581,0.0,0.000581,0.002277,0.0009,0.0008,0.0,0.0,0.0,0.00115,0.05778,0.0,0.0,0.0,0.067487,0.0,0.0,0.0,0.0,0.000413,0.0,0.0,0.0,0.0,0.0,0.0,0.0,0.0,0.0,0.0,0.0,0.0
2026-01-02 00:40:00,0.0,0.0,0.0,0.0,0.0,0.0,0.000809,0.0,0.0,0.0,0.000406,0.0,0.258784,0.0,0.004642,0.0,0.0008,0.000566,0.0,0.000566,0.001509,0.0009,0.000864,0.0,0.0,0.0,0.000892,0.062495,0.0,0.0,0.0,0.068962,0.0,0.0,0.0,0.0,0.000262,0.0,0.0,0.0,0.0,0.0,0.0,0.0,0.0,0.0,0.0,0.0,0.0
2026-01-02 00:50:00,0.0,0.0,0.0,0.0,0.0,0.0,0.000607,0.0,0.0,0.0,0.000203,0.0,0.255189,0.0,0.00457,0.0,0.0008,0.000531,0.0,0.000531,0.000564,0.0009,0.000832,0.0,0.0,0.0,0.001021,0.064852,0.0,0.0,0.0,0.0697,0.0,4.5e-05,0.0,0.0,0.000396,0.0,0.0,0.0,0.0,0.0,0.0,0.0,0.0,0.0,0.0,0.0,0.0
2026-01-02 01:00:00,0.0,0.0,0.0,0.0,0.0,0.0,0.000294,0.0,0.0,0.0,0.0,0.0,0.251595,0.0,0.004462,0.0,0.0008,0.000505,0.0,0.000505,0.0,0.0009,0.0008,0.0,0.0,0.0,0.00115,0.06721,0.0,0.0,0.0,0.070438,0.0,9e-05,0.0,0.0,0.00055,0.0,0.0,0.0,0.0,0.0,0.0,0.0,0.0,0.0,0.0,0.0,0.0
2026-01-02 01:10:00,0.0,0.0,0.0,0.0,0.0,0.0,9e-05,0.0,0.0,0.0,0.0,0.0,0.244407,0.0,0.0044,0.000444,0.0008,0.000558,0.0,0.000558,0.000987,0.0009,0.0008,8.5e-05,0.0,0.0,0.000887,0.071925,0.0,0.0,0.0,0.071913,0.0,0.0,0.0,0.0,0.000576,0.0,0.0,0.0,0.0,0.0,0.0,0.0,0.0,0.0,0.0,0.0,0.0
2026-01-02 01:20:00,0.0,0.0,0.0,0.0,0.0,0.0,2.5e-05,0.0,0.0,0.0,0.0,0.0,0.240813,0.0,0.004508,0.000222,0.0008,0.000602,0.0,0.000602,0.001433,0.000816,0.0008,0.000193,0.0,0.0,0.000977,0.074282,0.0,1.2e-05,0.0,0.072651,0.0,0.000139,0.0,0.0,0.00036,0.0,0.0,0.0,0.0,0.0,0.0,0.0,0.0,0.0,0.0,0.0,0.0
2026-01-02 01:30:00,0.0,0.0,0.0,0.0,0.0,0.0,0.0,0.0,0.0,0.0,0.0,0.0,0.237218,0.0,0.004616,0.0,0.0008,0.000641,0.0,0.000641,0.001624,0.000732,0.0008,0.000257,0.0,0.0,0.001099,0.07664,0.0,2.4e-05,0.0,0.073389,0.0,0.00033,0.0,0.0,0.000144,0.0,0.0,0.0,0.0,0.0,0.0,0.0,0.0,0.0,0.0,0.0,0.0
2026-01-02 01:40:00,0.0,0.0,0.0,0.0,0.0,0.0,0.0,0.0,0.0,0.0,0.0,0.0,0.23003,0.0,0.0044,0.000249,0.0008,0.000676,0.0,0.000676,0.001151,0.0009,0.0008,0.0,0.0,0.0,0.00115,0.081355,0.0,0.0,0.0,0.074864,0.0,0.00041,0.0,0.0,0.000389,0.0,0.0,0.0,0.0,0.0,0.0,0.0,0.0,0.0,0.0,0.0,0.0
2026-01-02 01:50:00,0.0,0.0,0.0,0.0,0.0,0.0,0.0,0.0,0.0,0.0,0.0,0.0,0.226436,0.0,0.004336,0.000124,0.0008,0.00068,0.0,0.00068,0.000989,0.0009,0.0008,0.0,0.0,0.0,0.001125,0.083712,0.0,0.0,0.0,0.075602,0.0,0.000205,0.0,0.0,0.000313,0.0,0.0,0.0,0.0,0.0,0.0,0.0,0.0,0.0,0.0,0.0,0.0
2026-01-02 02:00:00,0.0,0.0,0.0,0.0,0.0,0.0,0.0,0.0,0.0,0.0,0.0,0.0,0.222841,0.0,0.004312,0.0,0.0008,0.000682,0.0,0.000682,0.000926,0.0009,0.0008,0.0,0.0,0.0,0.0011,0.08607,0.0,0.0,0.0,0.07634,0.0,0.0,0.0,0.0,0.000236,0.0,0.0,0.0,0.0,0.0,0.0,0.0,0.0,0.0,0.0,0.0,0.0
2026-01-02 02:10:00,0.0,0.0,0.0,0.0,0.0,0.0,0.0,0.0,0.0,0.0,0.0,0.0,0.215653,0.0,0.004613,0.000103,0.0008,0.000454,0.0,0.000454,0.00109,0.000839,0.0008,0.0,0.0,0.0,0.00115,0.090785,0.0,0.0,0.0,0.077815,0.0,0.0,0.0,0.0,0.000436,0.0,0.0,0.0,0.0,0.0,0.0,0.0,0.0,0.0,0.0,0.0,0.0
2026-01-02 02:20:00,0.0,0.0,0.0,0.0,0.0,0.0,0.0,0.0,0.0,0.0,0.0,0.0,0.212059,0.0,0.004507,5.1e-05,0.0008,0.000479,0.0,0.000479,0.000845,0.00087,0.000895,0.0001,0.0,0.0,0.001042,0.093142,0.0,0.0,0.0,0.078553,0.0,0.0,0.0,0.0,0.000418,0.0,0.0,0.0,0.0,0.0,0.0,0.0,0.0,0.0,0.0,0.0,0.0
2026-01-02 02:30:00,0.0,0.0,0.0,0.0,0.0,0.0,0.0,0.0,0.0,0.0,0.0,0.0,0.208465,0.0,0.0044,0.0,0.0008,0.000534,0.0,0.000534,0.0006,0.0009,0.000989,0.000201,0.0,0.0,0.000933,0.0955,0.0,0.0,0.0,0.079291,0.0,0.0,0.0,0.0,0.000401,0.0,0.0,0.0,0.0,0.0,0.0,0.0,0.0,0.0,0.0,0.0,0.0
2026-01-02 02:40:00,0.0,0.0,0.0,0.0,0.0,0.0,0.0,0.0,0.0,2.6e-05,0.0,0.0,0.201276,0.0,0.0044,0.0,0.0008,0.000647,0.0,0.000647,0.000758,0.0009,0.0008,6e-05,0.0,0.0,0.00115,0.100215,0.0,0.0,0.0,0.080766,0.0,0.0,0.0,0.0,0.00055,0.0,0.0,0.0,0.0,0.0,0.0,0.0,0.0,0.0,0.0,0.0,0.0
2026-01-02 02:50:00,0.0,0.0,0.0,0.0,0.0,0.0,0.0,0.0,0.0,1.3e-05,0.0,0.0,0.197682,0.0,0.004489,0.0,0.0008,0.000582,0.0,0.000582,0.001413,0.0009,0.0008,1.7e-05,0.0,0.0,0.00115,0.102572,0.0,0.0,0.0,0.081504,0.001455,0.00128,0.0,0.0,0.000401,0.0,0.0,0.0,0.0,0.0,0.0,0.0,0.0,0.0,0.0,0.0,0.0
2026-01-02 03:00:00,0.0,0.0,0.0,0.0,0.0,0.0,0.0,0.0,0.0,0.0,0.0,0.0,0.194088,0.0,0.004674,0.0,0.0008,0.000516,0.0,0.000516,0.00215,0.0009,0.0008,0.0,0.0,0.0,0.00115,0.104929,0.0,0.0,0.0,0.082242,0.004452,0.003915,0.0,0.0,0.000252,0.0,0.0,0.0,0.0,0.0,0.0,0.0,0.0,0.0,0.0,0.0,0.0
2026-01-02 03:10:00,0.0,0.0,0.0,0.0,0.0,0.0,0.0,0.0,0.0,0.0,0.0,0.0,0.186899,0.0,0.004962,0.000153,0.001121,0.000823,0.0,0.000823,0.002449,0.001862,0.001538,0.000727,0.000572,0.000344,0.002026,0.109644,0.001283,0.001052,8.3e-05,0.083717,0.008903,0.00783,0.0,0.000381,0.000956,0.0,0.0,0.0,0.0,0.0,0.0,0.0,0.0,0.0,0.0,0.0,0.0
2026-01-02 03:20:00,0.0,0.0,0.0,0.0,0.0,0.0,0.0,0.0,0.0,0.0,0.0,0.0,0.183305,0.0,0.005106,0.00023,0.001282,0.000977,0.0,0.000977,0.002598,0.002343,0.001907,0.001091,0.000858,0.000516,0.002464,0.112002,0.001924,0.001578,0.000125,0.084455,0.011129,0.009788,0.0,0.000571,0.001308,0.0,0.0,0.0,0.0,0.0,0.0,0.0,0.0,0.0,0.0,0.0,0.0
2026-01-02 03:30:00,0.0,0.0,0.0,0.0,0.0,0.0,0.0,0.0,0.0,0.0,0.0,0.0,0.179711,0.0,0.00525,0.000306,0.001442,0.00113,0.0,0.00113,0.002748,0.002824,0.002276,0.001454,0.001144,0.000687,0.002902,0.114359,0.002566,0.002105,0.000166,0.085193,0.013355,0.011746,0.0,0.000762,0.00166,0.0,0.0,0.0,0.0,0.0,0.0,0.0,0.0,0.0,0.0,0.0,0.0
2026-01-02 03:40:00,0.0,0.0,0.0,0.0,0.0,0.0,0.0,0.0,0.0,0.0,0.0,0.0,0.172522,0.0,0.005537,0.000459,0.001764,0.001438,0.0,0.001438,0.003047,0.003785,0.003014,0.002181,0.001716,0.001031,0.003778,0.119074,0.003849,0.003157,0.000249,0.086668,0.017806,0.015661,0.0,0.001143,0.002364,0.0,0.0,0.0,0.0,0.0,0.0,0.0,0.0,0.0,0.0,0.0,0.0
2026-01-02 03:50:00,0.0,0.0,0.0,0.0,0.0,0.0,0.0,0.0,0.0,0.0,0.0,0.000324,0.168928,0.0,0.005681,0.000536,0.001924,0.001591,0.0,0.001591,0.003197,0.004266,0.003383,0.002545,0.002002,0.001203,0.004216,0.121432,0.00449,0.003683,0.000291,0.087406,0.020032,0.017618,0.0,0.001333,0.002716,0.0,0.0,0.0,0.0,0.0,0.0,0.0,0.0,0.0,0.0,0.0,0.0
2026-01-02 04:00:00,0.0,0.0,0.0,0.0,0.0,0.0,0.0,0.0,0.0,0.0,0.0,0.000648,0.165334,0.0,0.005825,0.000613,0.002085,0.001745,0.0,0.001745,0.003346,0.004747,0.003752,0.002908,0.002288,0.001375,0.004654,0.123789,0.005132,0.004209,0.000332,0.088144,0.022258,0.019576,0.0,0.001524,0.003068,0.0,0.0,0.0,0.0,0.0,0.0,0.0,0.0,0.0,0.0,0.0,0.0
2026-01-02 04:10:00,0.0,0.0,0.0,0.0,0.0,0.0,0.0,0.0,0.0,0.0,0.0,7e-05,0.158146,0.0,0.006112,0.000766,0.002406,0.002052,0.0,0.002052,0.003645,0.005709,0.00449,0.003636,0.002859,0.001719,0.00553,0.128504,0.006415,0.005261,0.000415,0.089619,0.02671,0.023491,0.0,0.001905,0.003772,0.0,0.0,0.0,0.0,0.0,0.0,0.0,0.0,0.0,0.0,0.0,0.0
2026-01-02 04:20:00,0.0,0.0,0.0,0.0,0.0,0.0,0.000146,0.0,0.0,0.0,0.0,1.7e-05,0.154551,0.0,0.006256,0.000842,0.002567,0.002206,0.0,0.002206,0.003795,0.00619,0.004859,0.003999,0.003145,0.00189,0.005968,0.130862,0.007056,0.005787,0.000457,0.090357,0.028935,0.025449,0.0,0.002095,0.004124,0.0,0.0,0.0,0.0,0.0,0.0,0.0,0.0,0.0,0.0,0.0,0.0
2026-01-02 04:30:00,0.0,0.0,0.0,0.0,0.0,0.0,0.000291,0.0,0.0,0.0,0.0,0.0,0.150957,0.0,0.0064,0.000919,0.002727,0.002359,0.0,0.002359,0.003944,0.006671,0.005228,0.004363,0.003431,0.002062,0.006406,0.133219,0.007698,0.006314,0.000498,0.091095,0.031161,0.027406,0.0,0.002285,0.004476,0.0,0.0,0.0,0.0,0.0,0.0,0.0,0.0,0.0,0.0,0.0,0.0
2026-01-02 04:40:00,0.0,0.0,0.0,0.0,0.0,0.0,0.000281,0.0,0.0,0.0,0.0,0.0,0.143769,0.0,0.006688,0.001072,0.003048,0.002666,0.0,0.002666,0.004244,0.007632,0.005966,0.00509,0.004003,0.002406,0.007282,0.137934,0.008981,0.007366,0.000581,0.09257,0.035613,0.031322,0.0,0.002666,0.00518,0.0,0.0,0.0,0.0,0.0,0.0,0.0,0.0,0.0,0.0,0.0,0.0
2026-01-02 04:50:00,0.0,0.0,0.0,0.0,0.0,0.0,0.000136,0.0,0.0,0.0,0.0,0.0,0.140174,0.0,0.006832,0.001149,0.003209,0.00282,0.0,0.00282,0.004393,0.008113,0.006335,0.005453,0.004289,0.002578,0.00772,0.140292,0.009622,0.007892,0.000623,0.093308,0.037839,0.033279,0.0,0.002857,0.005532,0.0,0.0,0.0,0.0,0.0,0.0,0.0,0.0,0.0,0.0,0.0,0.0
2026-01-02 05:00:00,0.0,0.0,0.0,0.0,0.0,0.0,0.0,0.0,0.0,0.0,0.0,0.0,0.13658,0.0,0.006975,0.001225,0.00337,0.002974,0.0,0.002974,0.004543,0.008594,0.006704,0.005817,0.004575,0.00275,0.008158,0.142649,0.010264,0.008418,0.000664,0.094046,0.040064,0.035237,0.0,0.003047,0.005884,0.0,0.0,0.0,0.0,0.0,0.0,0.0,0.0,0.0,0.0,0.0,0.0
2026-01-02 05:10:00,0.0,0.0,0.0,0.0,0.0,0.0,0.0,0.0,0.0,0.0,0.0,0.0,0.129392,0.0,0.007263,0.001378,0.003691,0.003281,0.0,0.003281,0.004842,0.009556,0.007442,0.006544,0.005147,0.003093,0.009034,0.147364,0.011547,0.00947,0.000747,0.095522,0.044516,0.039152,0.0,0.003428,0.006588,0.0,0.0,0.0,0.0,0.0,0.0,0.0,0.0,0.0,0.0,0.0,0.0
2026-01-02 05:20:00,0.0,0.0,0.0,0.0,0.0,0.0,0.0,0.0,0.0,0.0,0.0,0.0,0.125798,0.0,0.007407,0.001455,0.003851,0.003434,0.0,0.003434,0.004991,0.010037,0.007811,0.006908,0.005433,0.003265,0.009472,0.149722,0.012188,0.009997,0.000789,0.096259,0.046742,0.04111,0.0,0.003619,0.00694,0.0,0.0,0.0,0.0,0.0,0.0,0.0,0.0,0.0,0.0,0.0,0.0
2026-01-02 05:30:00,0.0,0.0,0.0,0.0,0.0,0.0,0.0,0.0,0.0,0.0,0.0,0.0,0.122203,0.0,0.007551,0.001531,0.004012,0.003588,0.0,0.003588,0.005141,0.010518,0.00818,0.007271,0.005719,0.003437,0.00991,0.152079,0.012829,0.010523,0.00083,0.096997,0.048968,0.043067,0.0,0.003809,0.007292,0.0,0.0,0.0,0.0,0.0,0.0,0.0,0.0,0.0,0.0,0.0,0.0
2026-01-02 05:40:00,0.0,0.0,0.0,0.0,0.0,0.0,0.000206,0.0,0.0,0.0,8e-05,0.0,0.115015,0.0,0.007838,0.001685,0.004333,0.003895,0.0,0.003895,0.00544,0.01148,0.008918,0.007998,0.006291,0.003781,0.010786,0.156794,0.014112,0.011575,0.000913,0.098473,0.053419,0.046982,0.0,0.00419,0.007996,0.0,0.0,0.0,0.0,0.0,0.0,0.0,0.0,0.0,0.0,0.0,0.0
2026-01-02 05:50:00,0.0,0.0,0.0,0.0,0.0,0.0,0.000103,0.0,0.0,0.0,4e-05,0.0,0.111421,0.0,0.007982,0.001761,0.004494,0.004049,0.0,0.004049,0.00559,0.011961,0.009287,0.008362,0.006577,0.003953,0.011224,0.159152,0.014754,0.012101,0.000955,0.09921,0.055645,0.04894,0.0,0.00438,0.008348,0.0,0.0,0.0,0.0,0.0,0.0,0.0,0.0,0.0,0.0,0.0,0.0
2026-01-02 06:00:00,0.0,0.0,0.0,0.0,0.0,0.0,0.0,0.0,0.0,0.0,0.0,0.0,0.107827,0.0,0.008126,0.001838,0.004654,0.004202,0.0,0.004202,0.005739,0.012441,0.009656,0.008725,0.006863,0.004125,0.011662,0.161509,0.015395,0.012627,0.000996,0.099948,0.057871,0.050898,0.0,0.004571,0.0087,0.0,0.0,0.0,0.0,0.0,0.0,0.0,0.0,0.0,0.0,0.0,0.0
2026-01-02 06:10:00,0.0,0.0,0.0,0.0,0.0,0.0,0.0,0.0,0.0,0.000132,0.0,0.0,0.100638,0.0,0.008414,0.001991,0.004976,0.00451,0.0,0.00451,0.006038,0.013403,0.010394,0.009453,0.007435,0.004468,0.012538,0.166224,0.016678,0.013679,0.001079,0.101424,0.062322,0.054813,0.0,0.004952,0.009404,0.0,0.0,0.0,0.0,0.0,0.0,0.0,0.0,0.0,0.0,0.0,0.0
2026-01-02 06:20:00,0.0,0.0,0.0,0.0,0.0,0.0,0.0,0.0,0.000418,6.6e-05,0.0,0.000368,0.097044,0.0,0.008557,0.002067,0.005136,0.004663,0.0,0.004663,0.006188,0.013884,0.010763,0.009816,0.007721,0.00464,0.012976,0.168582,0.01732,0.014206,0.001121,0.102161,0.064548,0.05677,0.0,0.005142,0.009756,0.0,0.0,0.0,0.0,0.0,0.0,0.0,0.0,0.0,0.0,0.0,0.0
2026-01-02 06:30:00,0.0,0.0,0.0,0.0,0.0,0.0,0.0,0.0,0.000837,0.0,0.0,0.000736,0.09345,0.0,0.008701,0.002144,0.005297,0.004817,0.0,0.004817,0.006337,0.014365,0.011132,0.01018,0.008007,0.004812,0.013414,0.170939,0.017961,0.014732,0.001162,0.102899,0.066774,0.058728,0.0,0.005333,0.010107,0.0,0.0,0.0,0.0,0.0,0.0,0.0,0.0,0.0,0.0,0.0,0.0
2026-01-02 06:40:00,0.0,0.0,0.0,0.0,0.0,0.0,0.0,0.0,0.0,0.0,0.0,0.000423,0.086261,0.0,0.008989,0.002297,0.005618,0.005124,0.0,0.005124,0.006637,0.015327,0.01187,0.010907,0.008578,0.005156,0.01429,0.175654,0.019244,0.015784,0.001245,0.104375,0.071226,0.062643,0.0,0.005714,0.010811,0.0,0.0,0.0,0.0,0.0,0.0,0.0,0.0,0.0,0.0,0.0,0.0
2026-01-02 06:50:00,0.0,0.0,0.0,0.0,0.0,0.0,4.3e-05,0.0,4.7e-05,0.0,0.0,0.000308,0.082667,0.0,0.009133,0.002374,0.005779,0.005278,0.0,0.005278,0.006786,0.015808,0.012239,0.01127,0.008864,0.005328,0.014728,0.178012,0.019886,0.01631,0.001287,0.105112,0.073451,0.064601,0.0,0.005904,0.011163,0.0,0.0,0.0,0.0,0.0,0.0,0.0,0.0,0.0,0.0,0.0,0.0
2026-01-02 07:00:00,0.0,0.0,0.0,0.0,0.0,0.0,8.7e-05,0.0,9.4e-05,0.0,0.0,0.000205,0.079073,0.0,0.009276,0.00245,0.005939,0.005431,0.0,0.005431,0.006936,0.016289,0.012608,0.011634,0.00915,0.005499,0.015165,0.180369,0.020527,0.016836,0.001328,0.10585,0.075677,0.066558,0.0,0.006094,0.011515,0.0,0.0,0.0,0.0,0.0,0.0,0.0,0.0,0.0,0.0,0.0,0.0
2026-01-02 07:10:00,0.0,0.0,0.0,0.0,0.0,0.0,0.0,0.0,0.0,0.000119,0.0,0.0,0.071884,0.0,0.009564,0.002603,0.00626,0.005739,0.0,0.005739,0.007235,0.01725,0.013346,0.012361,0.009722,0.005843,0.016041,0.185084,0.02181,0.017888,0.001411,0.107326,0.080129,0.070474,0.0,0.006475,0.012219,0.0,0.000177,0.0,0.0,0.0,0.0,0.0,0.0,0.0,0.0,0.0,0.0
2026-01-02 07:20:00,0.0,0.0,0.0,0.0,0.0,0.0,0.0,0.0,0.0,5.9e-05,0.0,0.0,0.06829,0.0,0.009708,0.00268,0.006421,0.005892,0.0,0.005892,0.007384,0.017731,0.013715,0.012725,0.010008,0.006015,0.016479,0.187442,0.022452,0.018415,0.001453,0.108063,0.082355,0.072431,0.0,0.006666,0.012571,0.0,0.000238,0.0,0.0,0.0,0.0,0.0,0.0,0.0,0.0,0.0,0.0
2026-01-02 07:30:00,0.0,0.0,0.0,0.0,0.0,0.0,0.0,0.0,0.0,0.0,0.0,0.0,0.064696,0.0,0.009852,0.002756,0.006581,0.006046,0.0,0.006046,0.007534,0.018212,0.014084,0.013088,0.010294,0.006187,0.016917,0.189799,0.023093,0.018941,0.001494,0.108801,0.08458,0.074389,0.0,0.006856,0.012923,0.0,0.000292,0.0,0.0,0.0,0.0,0.0,0.0,0.0,0.0,0.0,0.0
2026-01-02 07:40:00,0.0,0.0,0.0,0.0,0.0,0.0,0.0,0.0,0.0,0.0,0.0,0.0,0.057507,0.0,0.010139,0.00291,0.006903,0.006353,0.0,0.006353,0.007833,0.019174,0.014822,0.013815,0.010866,0.006531,0.017793,0.194514,0.024376,0.019993,0.001577,0.110277,0.089032,0.078304,0.0,0.007237,0.013627,0.0,0.000407,0.0,0.0,0.0,0.0,0.0,0.0,0.0,0.0,0.0,0.0
2026-01-02 07:50:00,0.0,0.0,0.0,0.0,0.0,0.0,1e-06,0.0,0.0,0.0,0.0,0.0,0.053913,0.0,0.010283,0.002986,0.007063,0.006507,0.0,0.006507,0.007983,0.019655,0.015191,0.014179,0.011152,0.006702,0.018231,0.196872,0.025017,0.020519,0.001619,0.111014,0.091258,0.080262,0.0,0.007428,0.013979,0.0,0.000451,0.0,0.0,0.0,0.0,0.0,0.0,0.0,0.0,0.0,0.0
2026-01-02 08:00:00,0.0,0.0,0.0,0.0,0.0,0.0,3e-06,0.0,0.0,0.0,0.0,0.0,0.050319,0.0,0.010427,0.003063,0.007224,0.00666,0.0,0.00666,0.008132,0.020136,0.01556,0.014542,0.011438,0.006874,0.018669,0.199229,0.025659,0.021045,0.00166,0.111752,0.093484,0.082219,0.0,0.007618,0.014331,0.0,0.000521,0.0,0.0,0.0,0.0,0.0,0.0,0.0,0.0,0.0,0.0
2026-01-02 08:10:00,0.0,0.0,0.0,0.0,0.0,0.0,0.0,0.0,0.0,0.0,0.0,0.00011,0.043131,0.0,0.010715,0.003216,0.007545,0.006967,0.0,0.006967,0.008431,0.021097,0.016298,0.01527,0.01201,0.007218,0.019545,0.203944,0.026942,0.022098,0.001743,0.113228,0.097935,0.086134,0.0,0.007999,0.015035,0.0,0.068705,0.0,0.0,0.0,0.0,0.0,0.0,0.0,0.0,0.0,0.0
2026-01-02 08:20:00,0.0,0.0,0.0,0.0,0.0,0.0,0.0,0.0,0.0,0.0,0.0,5.5e-05,0.039536,0.0,0.010858,0.003292,0.007706,0.007121,0.0,0.007121,0.008581,0.021578,0.016667,0.015633,0.012296,0.00739,0.019983,0.206301,0.027583,0.022624,0.001785,0.113966,0.100161,0.088092,0.0,0.008189,0.015387,0.000447,0.102797,0.0,0.0,0.0,0.0,0.0,0.0,0.0,0.0,0.0,0.0
2026-01-02 08:30:00,0.0,0.0,0.0,0.0,0.0,0.0,0.0,0.0,0.0,0.0,0.0,0.0,0.035942,0.0,0.011002,0.003369,0.007866,0.007275,0.0,0.007275,0.008731,0.022059,0.017036,0.015997,0.012582,0.007562,0.020421,0.208659,0.028225,0.02315,0.001826,0.114703,0.102387,0.09005,0.0,0.00838,0.015739,0.001841,0.136889,0.0,0.0,0.0,0.0,0.0,0.0,0.0,0.0,0.0,0.0
2026-01-02 08:40:00,0.0,0.0,0.0,0.0,0.0,0.0,9.2e-05,0.0,0.0,0.0,9e-05,0.0,0.028754,0.0,0.01129,0.003522,0.008187,0.007582,0.0,0.007582,0.00903,0.023021,0.017774,0.016724,0.013154,0.007905,0.021297,0.213374,0.029508,0.024202,0.001909,0.116179,0.106838,0.093965,0.0,0.008761,0.016443,0.014223,0.205073,0.0,0.0,0.0,0.0,0.0,0.0,0.0,0.0,0.0,0.0
2026-01-02 08:50:00,0.0,5.6e-05,5.2e-05,0.0,0.0,0.0,0.001355,0.0,0.0,0.0,0.000135,0.0,0.02516,0.0,0.011404,0.003582,0.008315,0.007703,0.0,0.007703,0.009148,0.023416,0.018069,0.017013,0.013382,0.008042,0.021646,0.215731,0.030024,0.024628,0.001942,0.116917,0.10862,0.095552,0.0,0.008915,0.01674,0.022499,0.239165,0.0,0.00062,0.0,0.0,0.0,0.0,0.0,0.0,0.0,0.002139
2026-01-02 09:00:00,0.0,0.000245,0.000229,0.0,0.0,0.0,0.00254,0.0,0.0,0.0,0.00018,0.0,0.021565,0.0,0.011578,0.003675,0.008509,0.007889,0.0,0.007889,0.009329,0.023983,0.018512,0.017451,0.013725,0.008249,0.022173,0.218089,0.030791,0.025254,0.001992,0.117654,0.11129,0.09788,0.0,0.009142,0.017147,0.030025,0.273257,0.0,0.002474,0.0,0.0,0.0,0.0,0.0,0.0,0.0,0.008904
2026-01-02 09:10:00,0.000611,0.00496,0.004674,0.000161,0.000918,0.0,0.000787,0.0,0.0,5e-05,0.000271,0.0,0.014377,0.0,0.025863,0.019456,0.02208,0.021373,0.0,0.021373,0.020668,0.032334,0.034692,0.036594,0.027782,0.020328,0.048581,0.222804,0.051019,0.038852,0.007009,0.11913,0.20213,0.146015,0.0,0.014282,0.02097,0.038851,0.341441,0.000402,0.014571,0.004102,0.000201,0.0,0.0,0.000797,0.001069,0.000999,0.076342
2026-01-02 09:20:00,0.002427,0.010561,0.010151,0.002707,0.001833,0.0,0.000949,0.000439,0.0,0.000215,0.000137,0.0,0.010783,0.0,0.037775,0.029935,0.031733,0.03057,0.0,0.03057,0.030171,0.035342,0.049988,0.059286,0.03827,0.027307,0.076252,0.225161,0.056152,0.038407,0.010133,0.119868,0.245893,0.1675,0.0,0.016128,0.021069,0.04158,0.373255,0.00226,0.025214,0.007106,0.005436,0.002281,0.000205,0.003579,0.003791,0.003783,0.135654
2026-01-02 09:30:00,0.005286,0.018082,0.017651,0.007982,0.003707,0.0,0.001476,0.00177,0.0,0.000344,3e-06,0.0,0.007188,0.0,0.05331,0.042944,0.043978,0.042005,0.0,0.042005,0.042697,0.036547,0.070867,0.090656,0.051032,0.035415,0.111933,0.227519,0.062079,0.037963,0.011611,0.120605,0.2984,0.19415,0.0,0.017949,0.021171,0.044549,0.409624,0.006555,0.039301,0.010906,0.015965,0.008601,0.000895,0.00966,0.009218,0.009426,0.20741
2026-01-02 09:40:00,0.009155,0.031754,0.031532,0.017153,0.041093,0.003533,0.008483,0.011262,0.00129,0.000334,0.000279,0.0,0.0,0.0,0.091305,0.078803,0.077215,0.072666,0.0,0.072666,0.07416,0.03523,0.121555,0.152596,0.079942,0.056864,0.1779,0.232234,0.10955,0.044816,0.011018,0.122081,0.49213,0.31926,0.0,0.022813,0.04169,0.057744,0.527299,0.021852,0.073173,0.020785,0.031828,0.035781,0.015846,0.030206,0.025655,0.026342,0.341243
2026-01-02 09:50:00,0.016391,0.030112,0.029967,0.03082,0.15138,0.009561,0.008506,0.019468,0.002957,0.000701,0.00048,0.000258,0.003571,0.0,0.114337,0.099706,0.097166,0.091411,0.0,0.091411,0.093101,0.041281,0.14722,0.184428,0.096364,0.066079,0.211453,0.234591,0.150363,0.060273,0.011273,0.146567,0.585649,0.382543,0.0,0.030226,0.058594,0.056685,0.586136,0.041866,0.091587,0.028988,0.040376,0.069028,0.02455,0.045215,0.036275,0.036584,0.419267
2026-01-02 10:00:00,0.024002,0.02847,0.028402,0.039504,0.241247,0.021589,0.008529,0.033144,0.006553,0.001639,0.000797,0.000881,0.012041,0.0,0.139607,0.122904,0.119761,0.112639,0.0,0.112639,0.114593,0.047333,0.170375,0.216761,0.115519,0.078634,0.245209,0.236949,0.196043,0.094918,0.012127,0.169787,0.6554,0.44792,0.0,0.037236,0.07391,0.055626,0.644973,0.063986,0.113952,0.040024,0.046939,0.088833,0.03526,0.061676,0.045795,0.046941,0.501885
2026-01-02 10:10:00,0.028763,0.036696,0.036329,0.039164,0.247655,0.076368,0.029527,0.113176,0.052866,0.004491,0.002764,0.002417,0.031728,0.0,0.193184,0.17592,0.172781,0.161446,0.0,0.161446,0.165145,0.037089,0.205179,0.282436,0.16787,0.183002,0.31268,0.241664,0.267004,0.287948,0.02907,0.169679,0.72236,0.58945,0.0,0.041112,0.088319,0.088442,0.762647,0.086086,0.187588,0.069859,0.05306,0.082523,0.069038,0.090334,0.056926,0.064565,0.667247
2026-01-02 10:20:00,0.030353,0.0431,0.042674,0.039713,0.227351,0.116364,0.03933,0.158877,0.120571,0.011572,0.00429,0.007851,0.066975,0.0,0.223364,0.204493,0.201122,0.188323,0.0,0.188323,0.191135,0.043153,0.171652,0.319149,0.194187,0.209383,0.346394,0.244021,0.304389,0.330883,0.041966,0.178438,0.774492,0.660936,0.0,0.044624,0.070471,0.139791,0.828984,0.094245,0.295726,0.089071,0.057527,0.140007,0.104423,0.104933,0.079097,0.079122,0.748749
2026-01-02 10:30:00,0.03227,0.050589,0.050211,0.041532,0.188947,0.166656,0.044059,0.21005,0.208432,0.026698,0.006184,0.016967,0.112227,0.0,0.254259,0.233901,0.230146,0.216483,0.0,0.216483,0.218569,0.057365,0.138124,0.356125,0.220855,0.232564,0.377672,0.246379,0.340989,0.36516,0.059188,0.20347,0.82347,0.72777,0.0,0.046513,0.046183,0.172926,0.880321,0.102786,0.364118,0.10988,0.065694,0.256821,0.165985,0.122563,0.100773,0.09564,0.819934
2026-01-02 10:40:00,0.044773,0.06509,0.064994,0.072031,0.144448,0.29544,0.04482,0.332823,0.328708,0.087592,0.010534,0.030297,0.162983,0.0,0.312668,0.292929,0.288087,0.274564,0.0,0.274564,0.280647,0.089059,0.320256,0.423543,0.275882,0.29174,0.42886,0.251094,0.4066,0.437738,0.109835,0.329146,0.87709,0.83825,0.0,0.03491,0.036358,0.145527,0.927098,0.129622,0.348473,0.149815,0.242891,0.423778,0.479291,0.184428,0.110842,0.123344,0.920843
2026-01-02 10:50:00,0.044386,0.072447,0.073564,0.177507,0.097364,0.361416,0.049371,0.3116,0.393297,0.084123,0.013217,0.033002,0.25309,0.0,0.344596,0.323393,0.31802,0.303203,0.0,0.303203,0.31167,0.071717,0.378596,0.456983,0.307855,0.333819,0.410256,0.265602,0.442999,0.469697,0.102673,0.51525,0.90554,0.865063,0.0,0.035122,0.047937,0.116049,0.928226,0.159035,0.311045,0.212983,0.241506,0.419892,0.365762,0.258102,0.12439,0.13267,0.945013
2026-01-02 11:00:00,0.043999,0.082188,0.085131,0.261165,0.064976,0.425708,0.053323,0.290376,0.458007,0.076335,0.015801,0.035434,0.368931,0.0,0.377209,0.354604,0.348954,0.333073,0.0,0.333073,0.342516,0.054375,0.425762,0.490465,0.340642,0.354639,0.391651,0.294632,0.478914,0.500911,0.086821,0.633265,0.93071,0.88886,0.0,0.03585,0.059515,0.099237,0.928973,0.196615,0.283771,0.253883,0.236941,0.406925,0.213887,0.364679,0.141562,0.142722,0.962771
2026-01-02 11:10:00,0.050272,0.132047,0.136985,0.203238,0.056632,0.542727,0.047592,0.320339,0.579117,0.061244,0.019602,0.043336,0.500224,0.0,0.440404,0.419264,0.414526,0.401302,0.0,0.401302,0.403274,0.095892,0.50504,0.558201,0.400989,0.243699,0.579327,0.372328,0.541387,0.567195,0.05744,0.360245,0.96512,0.95351,0.0,0.059688,0.046878,0.147868,0.930848,0.261374,0.402987,0.135366,0.166384,0.167577,0.156553,0.602962,0.165392,0.181604,0.99138
2026-01-02 11:20:00,0.059442,0.110792,0.112774,0.169068,0.04956,0.577288,0.052362,0.33532,0.622317,0.060571,0.023014,0.045415,0.546105,0.0,0.471857,0.450174,0.44711,0.43095,0.0,0.43095,0.433729,0.117033,0.537407,0.590549,0.430367,0.286988,0.613276,0.399381,0.571473,0.596253,0.058469,0.340915,0.960695,0.855388,0.0,0.072104,0.052044,0.182415,0.931785,0.662173,0.378143,0.144846,0.209409,0.352518,0.166298,0.506228,0.192153,0.20502,1.002269
2026-01-02 11:30:00,0.065234,0.089536,0.088563,0.137401,0.045844,0.605152,0.058482,0.350302,0.65206,0.060372,0.027398,0.046766,0.580852,0.0,0.502395,0.48079,0.478848,0.460212,0.0,0.460212,0.464663,0.135181,0.56774,0.621968,0.459811,0.364734,0.637971,0.426126,0.601031,0.624545,0.061817,0.326625,0.95627,0.65584,0.0,0.087144,0.06454,0.208054,0.932723,1.011761,0.353299,0.166727,0.252434,0.537459,0.187995,0.409494,0.237261,0.239289,1.012093
2026-01-02 11:40:00,0.064848,0.202593,0.202332,0.093345,0.047017,0.654648,0.060406,0.380264,0.68227,0.06869,0.036853,0.048257,0.626836,0.0,0.558996,0.54315,0.538289,0.525059,0.0,0.525059,0.529106,0.159049,0.629429,0.682679,0.520661,0.442252,0.683885,0.500195,0.659473,0.684358,0.105901,0.285461,0.99901,0.37,0.0,0.138997,0.095619,0.224233,0.934598,0.507635,0.762455,0.213112,0.21165,0.225846,0.228951,0.584163,0.417447,0.449029,1.031281
2026-01-02 11:50:00,0.073982,0.181994,0.186369,0.115033,0.04903,0.669838,0.064631,0.395246,0.697585,0.071027,0.038468,0.049394,0.656291,0.0,0.589292,0.570925,0.569825,0.556947,0.0,0.556947,0.560327,0.205334,0.662307,0.709528,0.546326,0.516015,0.716707,0.523233,0.689157,0.71331,0.104628,0.293627,0.93235,0.417229,0.0,0.151205,0.073489,0.230307,0.935535,0.262985,0.898812,0.301219,0.200604,0.472545,0.254959,0.759481,0.365167,0.406287,1.039099
2026-01-02 12:00:00,0.090438,0.161394,0.170407,0.165804,0.05312,0.681514,0.06764,0.410227,0.711655,0.072823,0.040028,0.05053,0.683478,0.0,0.618134,0.597947,0.601032,0.587088,0.0,0.587088,0.590367,0.258163,0.693347,0.733938,0.571573,0.556351,0.750383,0.537264,0.716959,0.741194,0.10073,0.301794,0.86569,0.54752,0.0,0.162368,0.051358,0.232769,0.936472,0.156063,0.970117,0.478631,0.196482,0.719243,0.280873,0.904647,0.312887,0.363545,1.045526
2026-01-02 12:10:00,0.106999,0.261998,0.263593,0.278618,0.073224,0.699284,0.059436,0.44019,0.733799,0.075742,0.047752,0.052017,0.718018,0.0,0.665409,0.654065,0.658212,0.639707,0.0,0.639707,0.646166,0.298693,0.74333,0.776402,0.628644,0.550447,0.800716,0.548665,0.762891,0.793163,0.070644,0.269795,1.02947,1.09628,0.0,0.196579,0.094176,0.199491,0.938347,0.293531,1.003028,1.216549,0.305018,0.589692,0.321295,0.989906,0.472602,0.5795,1.054774
2026-01-02 12:20:00,0.133423,0.236338,0.236843,0.253558,0.084931,0.705866,0.059723,0.603437,0.741092,0.07367,0.04389,0.052621,0.7328,0.0,0.691714,0.682004,0.684183,0.665653,0.0,0.665653,0.674081,0.36746,0.770942,0.79733,0.655097,0.582278,0.828771,0.499843,0.777835,0.807816,0.056546,0.408122,1.040675,1.145578,0.0,0.201583,0.084145,0.245652,0.939285,0.34051,1.012202,0.954692,0.29126,0.680476,0.345676,0.986429,0.541694,0.604102,1.060051
2026-01-02 12:30:00,0.164525,0.210678,0.210094,0.228498,0.100224,0.709828,0.060313,0.752766,0.746397,0.071599,0.040029,0.053291,0.746117,0.0,0.717801,0.708625,0.708712,0.691185,0.0,0.691185,0.700362,0.450958,0.797212,0.817512,0.679766,0.634073,0.852927,0.45102,0.793491,0.822396,0.05045,0.562717,1.04409,1.16098,0.0,0.206864,0.074115,0.291814,0.940222,0.401788,1.015649,0.692835,0.277502,0.771261,0.375045,0.982952,0.601368,0.625593,1.064998
2026-01-02 12:40:00,0.195137,0.347104,0.346802,0.311659,0.159945,0.712489,0.061189,0.763879,0.753024,0.074634,0.048002,0.055593,0.769422,0.0,0.763656,0.755531,0.754812,0.740728,0.0,0.740728,0.745014,0.535579,0.838903,0.854603,0.723721,0.672614,0.882326,0.554603,0.850065,0.873194,0.078653,0.582771,1.04177,0.817785,0.0,0.258867,0.085766,0.206221,0.942097,1.046019,0.947693,0.808437,0.301674,0.571422,0.457738,0.985195,0.693928,0.718008,1.072323
2026-01-02 12:50:00,0.26452,0.311962,0.31348,0.448608,0.154282,0.712405,0.061628,0.767415,0.757408,0.075117,0.049218,0.056372,0.775621,0.0,0.786418,0.780409,0.776754,0.758921,0.0,0.758921,0.767103,0.438562,0.859407,0.873528,0.744016,0.688131,0.899903,0.531105,0.873732,0.894246,0.098621,0.670729,1.042921,0.612808,0.0,0.295245,0.088146,0.209448,0.943034,0.970995,0.835896,0.744013,0.296833,0.486257,0.568884,1.002998,0.580962,0.659363,1.076115
2026-01-02 13:00:00,0.314374,0.26696,0.268438,0.53839,0.144145,0.712167,0.062066,0.770645,0.760307,0.07528,0.050504,0.057244,0.77904,0.0,0.808226,0.803563,0.797859,0.776932,0.0,0.776932,0.789003,0.273416,0.879763,0.892242,0.763855,0.703197,0.918692,0.481235,0.894003,0.913086,0.125105,0.799979,1.04593,0.47459,0.0,0.334606,0.091057,0.212676,0.943972,0.791418,0.762625,0.67959,0.28315,0.439187,0.637191,1.018976,0.467996,0.600719,1.078766
2026-01-02 13:10:00,0.287683,0.252939,0.250699,0.385556,0.134135,0.711062,0.062943,0.778298,0.76167,0.072934,0.062686,0.06113,0.781392,0.0,0.847346,0.839658,0.837698,0.824471,0.0,0.824471,0.832245,0.132713,0.920336,0.927824,0.804168,0.73751,0.956285,0.400047,0.925701,0.946426,0.208664,0.918768,1.05596,0.39543,0.0,0.403722,0.165473,0.18649,0.945846,0.361076,0.984434,0.710253,0.218237,0.419129,0.605717,1.005833,0.600766,0.63772,1.08075
2026-01-02 13:20:00,0.344692,0.219204,0.217031,0.461105,0.131375,0.710158,0.063381,0.780451,0.762953,0.071715,0.060213,0.062404,0.782783,0.0,0.865307,0.859724,0.854714,0.844138,0.0,0.844138,0.848614,0.126271,0.937193,0.944332,0.821005,0.754262,0.971535,0.429838,0.938812,0.959775,0.241435,0.968744,1.054105,0.60258,0.0,0.377256,0.207582,0.324562,0.946784,0.257178,1.048594,0.649664,0.591462,0.450585,0.656833,0.967439,0.790101,0.812175,1.084443
2026-01-02 13:30:00,0.401702,0.194584,0.194002,0.574715,0.13034,0.708637,0.06382,0.781261,0.763652,0.070232,0.054884,0.063638,0.784745,0.0,0.882032,0.878351,0.870754,0.861633,0.0,0.861633,0.864218,0.12436,0.952574,0.957869,0.836557,0.771061,0.985207,0.459628,0.951468,0.971604,0.254885,0.989673,1.05225,0.80973,0.0,0.350791,0.226899,0.506694,0.947721,0.21938,1.096568,0.589076,0.993984,0.527675,0.78813,0.88776,0.908722,0.958515,1.087723
2026-01-02 13:40:00,0.313864,0.297604,0.301582,0.64056,0.130613,0.698172,0.064696,0.756627,0.758451,0.065043,0.045802,0.067043,0.79504,0.0,0.91197,0.905915,0.902534,0.892154,0.0,0.892154,0.89996,0.205634,0.981181,0.975119,0.86632,0.805732,1.009992,0.386657,0.979096,0.992637,0.186669,0.781673,1.06457,0.63767,0.0,0.388042,0.17318,0.571506,0.949596,0.299964,1.167586,1.028497,1.028879,0.728424,1.195725,0.636775,0.600501,0.729369,1.088865
2026-01-02 13:50:00,0.399958,0.37274,0.375684,0.56841,0.124371,0.696353,0.065135,0.772933,0.758055,0.062761,0.065703,0.068679,0.800665,0.0,0.924615,0.922707,0.915407,0.904118,0.0,0.904118,0.915919,0.190937,0.991282,0.98605,0.874554,0.809725,1.020152,0.434683,0.988618,1.00002,0.177143,0.77687,1.079596,0.921185,0.026683,0.365645,0.149612,0.487357,0.950534,0.391637,1.132643,1.018842,1.06357,0.671168,1.183533,0.73445,0.754243,0.619978,1.088137
2026-01-02 14:00:00,0.594844,0.410238,0.411957,0.474823,0.11377,0.694796,0.065573,0.789239,0.757684,0.060991,0.085605,0.070022,0.804958,0.0,0.936195,0.938596,0.927302,0.915792,0.0,0.915792,0.929877,0.176241,1.001235,0.99483,0.882303,0.812682,1.027485,0.533115,0.997132,1.007143,0.174002,0.772297,1.09627,1.2047,0.053366,0.343248,0.13962,0.403208,0.951471,0.499442,1.039472,0.987252,1.097485,0.613911,1.155347,0.832125,0.907985,0.57241,1.087409
2026-01-02 14:10:00,0.982695,0.204309,0.208687,0.443892,0.104799,0.690008,0.06645,0.772189,0.754807,0.058942,0.083738,0.071684,0.808846,0.0,0.957625,0.961191,0.950741,0.943477,0.0,0.943477,0.951621,0.222727,1.028153,1.002686,0.905045,0.819887,1.034977,0.677402,1.014827,1.0253,0.20734,0.69586,1.114255,1.0393,0.033578,0.763102,0.215178,0.418655,0.953346,0.643679,0.702533,0.54075,1.129646,0.676839,1.095288,0.758985,0.559385,1.093966,1.089311
2026-01-02 14:20:00,0.644697,0.113434,0.116815,0.431389,0.102972,0.685811,0.066888,0.777649,0.753597,0.05682,0.084107,0.074504,0.807791,0.0,0.964211,0.970816,0.960353,0.954262,0.0,0.954262,0.962747,0.238873,1.031011,1.006489,0.90499,0.82578,1.037677,0.739306,1.023151,1.028113,0.310615,0.840322,1.122296,1.15407,0.0336,0.733746,0.23006,0.503078,0.954283,1.064871,0.978724,0.626416,1.125359,0.734858,1.079137,0.88592,0.511842,0.810191,1.088479
2026-01-02 14:30:00,0.306699,0.074841,0.07752,0.414919,0.10233,0.68358,0.067327,0.783109,0.752456,0.054164,0.085098,0.07637,0.805357,0.0,0.969691,0.978606,0.96823,0.963558,0.0,0.963558,0.97189,0.245284,1.033147,1.00815,0.904935,0.828839,1.04,0.765378,1.026755,1.030746,0.390649,1.00675,1.13224,1.26884,0.033668,0.664268,0.235257,0.575492,0.955221,1.387004,1.254915,0.712081,1.112774,0.811018,1.068063,1.064031,0.496217,0.526417,1.087648
2026-01-02 14:40:00,0.3287,0.129381,0.136264,0.289207,0.106346,0.686665,0.068203,0.777649,0.750161,0.049583,0.088795,0.072691,0.800197,0.0,0.979973,0.988956,0.979404,0.979288,0.0,0.979288,0.982591,0.17373,1.038675,1.005996,0.932466,0.824738,1.044187,0.702852,1.024296,1.043059,0.337976,1.034664,1.17822,1.13208,0.034395,0.504073,0.221445,0.405725,0.957095,0.617474,0.700048,0.70314,1.039331,0.980541,1.05427,1.145058,0.674109,1.225731,1.090986
2026-01-02 14:50:00,0.431182,0.144692,0.143672,0.339091,0.087032,0.684964,0.068793,0.69223,0.750056,0.047853,0.092798,0.071443,0.791632,0.0,0.981369,0.988605,0.982528,0.981619,0.0,0.981619,0.985154,0.188486,1.043567,1.007831,0.930822,0.829491,1.04292,0.668987,1.026552,1.048947,0.35016,0.94392,1.16444,1.159234,0.03197,0.423395,0.20838,0.558368,0.958033,0.811408,0.871058,0.588881,1.077874,0.96076,1.058923,1.125246,0.564315,1.173987,1.09232
2026-01-02 15:00:00,0.516983,0.157764,0.150481,0.392108,0.067719,0.682185,0.06908,0.611481,0.749962,0.046224,0.095086,0.070951,0.779505,0.0,0.981827,0.988253,0.98374,0.982394,0.0,0.982394,0.986989,0.22766,1.046176,1.009666,0.929178,0.834243,1.039753,0.65367,1.028808,1.051508,0.385443,0.853177,1.13828,1.20384,0.029387,0.352916,0.200842,0.711011,0.95897,1.005342,1.042068,0.48218,1.116418,0.940979,1.063576,1.063165,0.454521,1.122242,1.093495
2026-01-02 15:10:00,0.46671,0.18602,0.184645,0.395791,0.089007,0.680092,0.068494,0.715764,0.749295,0.042619,0.081742,0.072777,0.760798,0.0,0.97886,0.98926,0.983796,0.980362,0.0,0.980362,0.989754,0.366735,1.044281,0.994188,0.947458,0.738532,1.030904,0.770657,1.022535,1.042424,0.575694,1.083249,1.10764,1.238,0.029202,0.254941,0.200295,0.631561,0.960845,0.558087,0.657017,1.130313,0.878522,1.057035,1.027874,0.493074,0.839245,1.168241,1.095548
2026-01-02 15:20:00,0.475993,0.20658,0.205917,0.634297,0.082473,0.681803,0.069622,0.695237,0.748185,0.041308,0.089319,0.073644,0.762056,0.0,0.976547,0.988895,0.978756,0.979459,0.0,0.979459,0.986737,0.299375,1.040416,0.985655,0.754559,0.77628,1.024122,0.775842,1.018547,1.033928,0.480405,1.096611,1.119675,1.215943,0.02789,0.278038,0.173401,0.545629,0.961782,0.491422,0.760667,0.780936,0.829107,0.885434,1.009238,0.43953,0.898702,0.939734,1.09451
2026-01-02 15:30:00,0.503979,0.216832,0.215984,0.86953,0.075938,0.684754,0.070751,0.67471,0.747455,0.0402,0.103234,0.07437,0.763885,0.0,0.97291,0.987695,0.970803,0.978218,0.0,0.978218,0.980765,0.232015,1.034389,0.976657,0.56166,0.814028,1.015874,0.780777,1.013805,1.024068,0.385117,1.100635,1.13171,1.17053,0.026727,0.340426,0.146992,0.426091,0.96272,0.469223,0.96559,0.431559,0.811676,0.713833,1.000906,0.422725,0.945887,0.711227,1.093472
2026-01-02 15:40:00,0.69664,0.153061,0.154027,0.163919,0.085068,0.687372,0.070562,0.739634,0.755326,0.038314,0.118033,0.075327,0.76483,0.0,0.953517,0.96951,0.965422,0.968165,0.0,0.968165,0.972859,0.55672,1.024156,0.957795,0.858652,0.805559,0.997773,0.84092,1.001756,1.008614,0.637056,0.687931,1.11814,1.10306,0.02728,0.579159,0.20351,0.161828,0.964595,0.549603,1.235743,0.600026,1.115353,0.867351,1.043768,0.721346,1.068463,0.904051,1.097307
2026-01-02 15:50:00,0.550485,0.152759,0.154063,0.156617,0.093934,0.69035,0.070401,0.778906,0.75301,0.037783,0.117587,0.074783,0.767335,0.0,0.943455,0.964086,0.956508,0.96277,0.0,0.96277,0.963684,0.58682,1.015287,0.945388,0.677437,0.805581,0.986753,0.853047,0.995082,0.999915,0.592784,0.873,1.121804,1.200055,0.027636,0.554262,0.222643,0.211408,0.965532,0.587523,1.196813,0.657785,1.124359,0.775749,1.054306,0.705287,0.928906,0.74188,1.096677
2026-01-02 16:00:00,0.351686,0.152674,0.154193,0.15154,0.098816,0.692081,0.070139,0.797316,0.749525,0.037357,0.11714,0.074238,0.769332,0.0,0.932417,0.958403,0.944049,0.955927,0.0,0.955927,0.95198,0.596254,1.004027,0.93109,0.496221,0.805603,0.97395,0.857301,0.98702,0.989242,0.49946,1.058069,1.1308,1.29705,0.028024,0.491458,0.239827,0.276447,0.966469,0.641585,1.084199,0.700625,1.126978,0.684147,1.06207,0.662451,0.759833,0.540595,1.094655
2026-01-02 16:10:00,0.271413,0.191086,0.190816,0.135867,0.067228,0.68875,0.068759,0.784697,0.747503,0.036579,0.126429,0.074963,0.769483,0.0,0.904711,0.935775,0.92544,0.929088,0.0,0.929088,0.933,0.482594,0.979636,0.899202,0.542276,0.80434,0.94205,0.819064,0.961556,0.954454,0.350642,1.045931,1.15439,0.30624,0.028776,0.309559,0.276558,0.299041,0.968344,1.131711,0.480395,0.755179,0.901143,0.738079,1.074457,0.507288,0.720322,0.486853,1.071393
2026-01-02 16:20:00,0.316215,0.164969,0.165001,0.144954,0.064394,0.693209,0.068789,0.785321,0.746257,0.035843,0.129542,0.076454,0.770118,0.0,0.895721,0.920787,0.910295,0.916277,0.0,0.916277,0.919953,0.384514,0.965263,0.882905,0.490864,0.794786,0.926189,0.804509,0.942966,0.938453,0.371446,1.058028,1.171857,0.349873,0.027762,0.218693,0.373033,0.345021,0.969282,1.243311,0.352345,0.706384,0.607665,0.673595,0.952789,0.722669,0.625965,0.570711,1.069932
2026-01-02 16:30:00,0.383401,0.138851,0.139186,0.169546,0.063508,0.700511,0.068858,0.786896,0.74567,0.03515,0.13252,0.077499,0.77064,0.0,0.886014,0.906178,0.895048,0.901865,0.0,0.901865,0.905191,0.276802,0.94892,0.865599,0.439452,0.767762,0.91015,0.796691,0.921817,0.92114,0.408513,1.070125,1.18062,0.47436,0.025705,0.178625,0.445,0.434994,0.970219,1.283411,0.306992,0.65759,0.429292,0.609111,0.83112,0.93805,0.557235,0.65457,1.068545
2026-01-02 16:40:00,0.421983,0.147398,0.145915,0.26448,0.075432,0.706055,0.069015,0.791492,0.751064,0.034525,0.140246,0.074573,0.765026,0.0,0.84656,0.885527,0.875983,0.858841,0.0,0.858841,0.875392,0.118107,0.909289,0.825509,0.491972,0.558538,0.876871,0.793266,0.881172,0.873562,0.444624,1.048481,0.45969,1.09384,0.022785,0.189957,0.261503,0.745839,0.972094,0.993469,0.932848,0.690711,0.590117,0.982654,0.900028,0.782244,0.671167,0.634982,1.055159
2026-01-02 16:50:00,0.42224,0.178059,0.177331,0.376043,0.058968,0.705633,0.06879,0.787097,0.750284,0.034009,0.140619,0.073729,0.774358,0.0,0.821244,0.866857,0.862022,0.850363,0.0,0.850363,0.851874,0.120858,0.90953,0.807034,0.659333,0.424858,0.856478,0.728056,0.857637,0.852359,0.3982,1.049433,0.843825,1.105619,0.021798,0.212901,0.181514,0.992836,0.973031,1.142399,1.073187,0.661146,0.528758,0.741806,0.981702,0.932035,0.651619,0.577678,1.061603
2026-01-02 17:00:00,0.422312,0.202555,0.203643,0.509809,0.042505,0.705211,0.068363,0.775233,0.748747,0.033228,0.140729,0.072862,0.786508,0.0,0.799551,0.845273,0.843845,0.841624,0.0,0.841624,0.827948,0.130256,0.909771,0.787883,0.789826,0.353561,0.833937,0.665801,0.8328,0.83077,0.322918,1.050386,1.22796,1.11144,0.021409,0.260024,0.147667,1.119767,0.973969,1.291328,1.123454,0.63158,0.4674,0.500957,1.056868,1.081827,0.594152,0.482709,1.071782
2026-01-02 17:10:00,0.376821,0.144961,0.145388,0.692199,0.058459,0.724829,0.067862,0.72996,0.746739,0.029991,0.126978,0.069554,0.790592,0.0,0.776823,0.810603,0.792163,0.790249,0.0,0.790249,0.796272,0.399336,0.818792,0.741783,0.539631,0.342546,0.785693,0.677888,0.783203,0.779716,0.267487,1.015069,0.31709,1.1182,0.022465,0.458185,0.23194,0.661376,0.975844,0.529494,0.252588,0.759942,0.860191,0.554162,1.107145,1.024686,0.256298,0.333598,1.078694
2026-01-02 17:20:00,0.368381,0.10165,0.102165,0.515556,0.069611,0.72257,0.06734,0.762006,0.747889,0.030276,0.123691,0.069361,0.774363,0.0,0.753721,0.773181,0.769469,0.767147,0.0,0.767147,0.772243,0.505945,0.804189,0.716741,0.623893,0.403325,0.76415,0.6734,0.760211,0.755356,0.244044,1.004456,0.305647,0.995645,0.023901,0.448871,0.218454,0.82759,0.976781,0.596219,0.62039,0.638037,0.831657,0.469842,1.104073,1.064033,0.373207,0.346305,1.07283
2026-01-02 17:30:00,0.358452,0.070459,0.070684,0.26805,0.075097,0.71642,0.06648,0.794051,0.749038,0.030839,0.122497,0.069168,0.754487,0.0,0.724208,0.734469,0.746092,0.746081,0.0,0.746081,0.746336,0.549828,0.790223,0.689818,0.708154,0.506361,0.740999,0.658937,0.737613,0.73017,0.227812,0.998718,0.30239,0.87309,0.02562,0.420659,0.182004,0.993804,0.977718,0.755887,0.988191,0.410918,0.794249,0.385523,1.093592,1.103379,0.490115,0.378703,1.063428
2026-01-02 17:40:00,0.170046,0.053776,0.052916,0.156047,0.07246,0.692041,0.062969,0.76617,0.743765,0.03158,0.146174,0.06598,0.749548,0.0,0.669341,0.695286,0.688004,0.709708,0.0,0.709708,0.70487,0.311183,0.720442,0.629239,0.643432,0.593078,0.676654,0.486689,0.691172,0.67212,0.213388,0.995393,0.31411,0.8735,0.027655,0.220164,0.042161,0.407997,0.979593,1.138156,0.342604,0.15901,0.781286,0.521342,0.800534,0.682822,0.425141,0.476405,1.05674
2026-01-02 17:50:00,0.134384,0.055003,0.054434,0.122787,0.054325,0.687958,0.061384,0.662402,0.740985,0.032374,0.145757,0.065059,0.733231,0.0,0.643395,0.675811,0.658784,0.691281,0.0,0.691281,0.684238,0.196144,0.700404,0.607034,0.619636,0.534397,0.646259,0.460394,0.664634,0.647546,0.221706,0.996944,0.312946,0.916005,0.027585,0.347618,0.043978,0.362246,0.980531,0.994935,0.351147,0.19577,0.942343,0.596097,0.935612,0.833139,0.448539,0.6376,1.053881
2026-01-02 18:00:00,0.109257,0.05623,0.055951,0.097637,0.038302,0.684868,0.059647,0.578899,0.737464,0.032942,0.144453,0.064168,0.707535,0.0,0.617569,0.655942,0.63231,0.669415,0.0,0.669415,0.662516,0.14597,0.680112,0.585967,0.595728,0.426506,0.619777,0.440924,0.635461,0.621494,0.230023,0.998496,0.31055,1.01171,0.027356,0.475072,0.049272,0.348142,0.981468,0.839221,0.379761,0.291972,1.103399,0.662386,1.07069,0.983456,0.488142,0.74334,1.050286
2026-01-02 18:10:00,0.067419,0.051298,0.051514,0.060039,0.068283,0.678179,0.054593,0.599731,0.723369,0.033115,0.132729,0.06141,0.674762,0.0,0.563658,0.613673,0.591836,0.596749,0.0,0.596749,0.612015,0.194069,0.606134,0.536908,0.52973,0.311344,0.580985,0.399342,0.569193,0.54798,0.22391,0.966231,0.30699,1.2031,0.024207,0.441421,0.078802,0.380039,0.983343,0.824223,0.941893,0.613801,1.055207,0.750434,0.411115,0.759828,0.521322,0.561487,1.031045
2026-01-02 18:20:00,0.030592,0.048366,0.048604,0.0364,0.052815,0.679426,0.052925,0.643891,0.715003,0.033514,0.125433,0.06021,0.676695,0.0,0.529372,0.579308,0.563881,0.57304,0.0,0.57304,0.581506,0.161902,0.574724,0.52208,0.501823,0.358437,0.551226,0.430757,0.539584,0.514727,0.219891,0.956281,0.713665,1.149236,0.026543,0.370203,0.085228,0.508065,0.984605,0.973976,1.064711,0.577731,1.04019,0.745019,0.503373,0.759358,0.422333,0.416701,1.020862
2026-01-02 18:30:00,0.010988,0.046999,0.047203,0.019399,0.037347,0.680673,0.05105,0.675053,0.705594,0.033803,0.121981,0.059011,0.678627,0.0,0.496499,0.539409,0.531732,0.55084,0.0,0.55084,0.549179,0.103472,0.54731,0.508833,0.4771,0.405531,0.515128,0.462171,0.510283,0.48401,0.213962,0.948303,1.12034,0.99429,0.028879,0.287474,0.091128,0.612551,0.985218,1.123728,1.108472,0.489114,1.034392,0.729318,0.691414,0.758887,0.323344,0.342245,1.009808
2026-01-02 18:40:00,0.044094,0.04784,0.047639,0.008178,0.055712,0.634735,0.042194,0.626424,0.68368,0.031702,0.153116,0.056246,0.623389,0.0,0.450135,0.467093,0.464166,0.495523,0.0,0.495523,0.486718,0.043263,0.502869,0.478122,0.435261,0.245559,0.436524,0.367789,0.446628,0.42942,0.182034,0.934788,0.41322,0.1886,0.028148,0.225429,0.110683,0.577484,0.891496,0.755349,0.578263,0.256295,1.069676,0.644062,0.962572,0.217964,0.360432,0.368472,0.983509
2026-01-02 18:50:00,0.041608,0.053464,0.053022,0.017197,0.042236,0.620124,0.036377,0.616555,0.667125,0.030519,0.163475,0.054129,0.611238,0.0,0.419122,0.433904,0.43515,0.463111,0.0,0.463111,0.454092,0.053407,0.473879,0.372381,0.403855,0.275935,0.402578,0.371463,0.369869,0.388918,0.171656,0.897647,0.71016,0.166299,0.027514,0.244632,0.078418,0.505641,0.844635,0.811799,0.799853,0.260386,1.053222,0.651255,0.976261,0.257973,0.32783,0.333347,0.968565
2026-01-02 19:00:00,0.03573,0.062176,0.061894,0.037282,0.02876,0.604655,0.029827,0.605458,0.642216,0.028873,0.167541,0.051812,0.599627,0.0,0.384738,0.40201,0.406474,0.427629,0.0,0.427629,0.420993,0.078759,0.44111,0.279187,0.369705,0.306312,0.37023,0.375136,0.314967,0.349108,0.161825,0.824989,1.0071,0.15145,0.026558,0.301731,0.046153,0.394579,0.797774,0.930475,1.021443,0.264478,1.001269,0.658449,0.980345,0.328813,0.265701,0.267784,0.951528
2026-01-02 19:10:00,0.022229,0.070084,0.070172,0.075226,0.054285,0.545017,0.016126,0.49735,0.527036,0.019963,0.1664,0.047993,0.555618,0.0,0.31717,0.339804,0.341952,0.350106,0.0,0.350106,0.355074,0.149676,0.371299,0.267495,0.3132,0.279103,0.304879,0.318221,0.301455,0.297762,0.136362,0.630073,0.16014,0.1143,0.022977,0.661363,0.080239,0.211256,0.704052,1.118196,0.738373,0.159985,0.492099,0.629138,0.205771,0.396568,0.192119,0.194669,0.908162
2026-01-02 19:20:00,0.02395,0.078486,0.078505,0.075146,0.052751,0.487359,0.008291,0.445522,0.465055,0.014794,0.154504,0.046469,0.496767,0.0,0.282672,0.310738,0.306695,0.313619,0.0,0.313619,0.317437,0.139403,0.339255,0.260914,0.272551,0.25775,0.271873,0.300941,0.28755,0.271957,0.126892,0.575345,0.143801,0.105221,0.018747,0.448386,0.134088,0.17351,0.657191,1.06541,0.493048,0.129503,0.560832,0.589606,0.399873,0.28812,0.179116,0.177843,0.856749
2026-01-02 19:30:00,0.029281,0.083258,0.08315,0.074864,0.048359,0.414134,0.003059,0.392678,0.401389,0.01024,0.143559,0.045262,0.423596,0.0,0.250465,0.281029,0.271685,0.279528,0.0,0.279528,0.280533,0.123475,0.307827,0.250788,0.224152,0.231469,0.239535,0.281837,0.265745,0.245101,0.11639,0.554745,0.13911,0.10191,0.014232,0.219766,0.201079,0.142697,0.61033,1.012624,0.284539,0.1142,0.661958,0.526556,0.593976,0.157744,0.168558,0.16456,0.784191
2026-01-02 19:40:00,0.074015,0.065038,0.065485,0.034055,0.026127,0.272997,0.0,0.276251,0.274098,0.004583,0.176931,0.04365,0.32647,0.0,0.197977,0.213357,0.208818,0.219363,0.0,0.219363,0.21917,0.113279,0.242998,0.150941,0.116839,0.173304,0.178973,0.18875,0.190848,0.185332,0.076226,0.571063,0.20882,0.43786,0.009692,0.201216,0.277919,0.069491,0.516608,1.028695,0.128238,0.107241,0.716413,0.360599,0.231772,0.128627,0.14136,0.137916,0.632387
2026-01-02 19:50:00,0.090586,0.061861,0.062203,0.024883,0.018308,0.181721,0.0,0.22481,0.207026,0.003016,0.156497,0.041555,0.299026,0.0,0.171675,0.184286,0.178915,0.190352,0.0,0.190352,0.188209,0.103487,0.211378,0.122838,0.08001,0.145319,0.14825,0.169109,0.149439,0.150812,0.069066,0.560889,0.488685,0.30056,0.008639,0.217389,0.506411,0.042982,0.469747,1.008629,0.15706,0.101125,0.482957,0.291446,0.112055,0.141014,0.134735,0.131672,0.545742
2026-01-02 20:00:00,0.09728,0.058766,0.058988,0.018089,0.013608,0.108894,0.0,0.17728,0.140486,0.001847,0.123425,0.038173,0.274471,0.0,0.14603,0.157019,0.151046,0.162629,0.0,0.162629,0.15879,0.090475,0.180434,0.100813,0.065435,0.120048,0.119427,0.153304,0.117524,0.120567,0.062524,0.531933,0.7171,0.16326,0.007891,0.236797,0.681884,0.0264,0.422886,0.952131,0.185882,0.096965,0.2495,0.240056,0.065138,0.1534,0.13232,0.129415,0.459053
2026-01-02 20:10:00,0.085628,0.04314,0.043265,0.006435,0.010306,0.046228,0.0,0.090864,0.016893,7.1e-05,0.099216,0.028549,0.213989,0.0,0.098258,0.104024,0.102669,0.111852,0.0,0.111852,0.107984,0.061785,0.120647,0.063193,0.072371,0.080108,0.071554,0.117858,0.088199,0.083371,0.037624,0.389617,0.52619,0.17355,0.006765,0.241086,0.417836,0.013638,0.329164,0.689387,0.107325,0.095538,0.307167,0.184188,0.08934,0.115746,0.143892,0.139698,0.306973
2026-01-02 20:20:00,0.079153,0.037105,0.03767,0.01011,0.009302,0.0205,0.0,0.050239,0.012228,1.6e-05,0.071364,0.024871,0.178757,0.0,0.075864,0.079206,0.079376,0.087361,0.0,0.087361,0.084683,0.040824,0.093574,0.051144,0.065956,0.068934,0.052466,0.100136,0.073035,0.067855,0.038481,0.323954,0.451333,0.249902,0.006003,0.212684,0.418519,0.009932,0.282303,0.678238,0.068437,0.103457,0.521401,0.191706,0.115557,0.125894,0.183284,0.16911,0.234437
2026-01-02 20:30:00,0.071058,0.030263,0.031316,0.017103,0.008187,0.006304,0.0,0.022233,0.008985,0.0,0.039626,0.020933,0.141231,0.0,0.057183,0.05768,0.059068,0.065458,0.0,0.065458,0.063835,0.024819,0.069887,0.041761,0.051213,0.058086,0.039192,0.082413,0.057141,0.05313,0.039338,0.254084,0.38133,0.31794,0.005373,0.156512,0.419203,0.008525,0.235442,0.666804,0.051216,0.12529,0.693737,0.199225,0.130544,0.136041,0.214428,0.191498,0.166698
2026-01-02 20:40:00,0.042359,0.003092,0.003064,0.025352,0.002678,0.0,0.0,0.0,0.000138,0.0,0.000881,0.008064,0.064842,0.0,0.032539,0.026262,0.029787,0.03178,0.0,0.03178,0.03021,0.014168,0.033418,0.027461,0.0204,0.023141,0.026607,0.046967,0.022114,0.022735,0.030801,0.072368,0.23439,0.17253,0.004805,0.082388,0.055053,0.009112,0.14172,0.185396,0.051046,0.216969,0.31122,0.120252,0.048659,0.119549,0.126992,0.127021,0.048796
2026-01-02 20:50:00,0.030029,0.000734,0.000725,0.020944,0.001042,0.0,0.0,0.0,3e-05,0.0,0.000196,0.002402,0.03201,0.0,0.022238,0.016876,0.017662,0.01941,0.0,0.01941,0.016607,0.010904,0.02259,0.019453,0.010532,0.015838,0.020157,0.025818,0.010941,0.011034,0.025345,0.035183,0.170435,0.124395,0.004574,0.06159,0.030895,0.007946,0.081391,0.277188,0.0425,0.162272,0.330874,0.119913,0.047598,0.100261,0.096314,0.096985,0.01981
2026-01-02 21:00:00,0.019483,0.0,0.0,0.012587,0.000267,0.0,0.0,0.0,0.0,0.0,0.0,0.0,0.012004,0.0,0.014575,0.010061,0.009299,0.010889,0.0,0.010889,0.007765,0.008013,0.0147,0.01212,0.00462,0.01042,0.014121,0.011521,0.004619,0.004339,0.01878,0.016522,0.11395,0.0916,0.004257,0.047007,0.018273,0.005586,0.047998,0.368979,0.02649,0.080094,0.350528,0.119576,0.046627,0.074682,0.07104,0.070746,0.006017
2026-01-02 21:10:00,0.003443,0.0,0.0,0.002833,0.0,0.0,0.0,0.0,0.0,0.0,0.0,0.0,0.0,0.0,0.006242,0.000925,0.001803,0.002436,0.0,0.002436,0.000904,0.001545,0.003978,0.001711,0.00015,0.000663,0.004262,0.003255,0.000591,0.000671,0.001597,0.004938,0.02158,0.05718,0.000987,0.028327,0.004003,0.002255,0.041166,0.246797,0.007639,0.032611,0.277794,0.068848,0.034463,0.029011,0.02955,0.031541,0.0
2026-01-02 21:20:00,0.001086,0.0,0.0,0.000742,0.0,0.0,0.0,0.0,0.0,0.0,0.0,0.00011,0.0,0.0,0.005086,0.0003,0.001041,0.001145,0.0,0.001145,0.001344,0.001125,0.001727,0.000547,3.4e-05,0.000153,0.001964,0.001711,0.000143,0.000166,0.000374,0.001372,0.014251,0.037465,0.00026,0.019151,0.005158,0.001943,0.037751,0.156023,0.003045,0.015297,0.193466,0.05236,0.025219,0.014798,0.013456,0.01449,0.0
2026-01-02 21:30:00,0.000193,0.0,0.0,0.0,0.0,0.0,0.0,0.0,0.0,0.0,0.0,0.00022,0.0,0.0,0.004625,0.00011,0.0008,0.000701,0.0,0.000701,0.001783,0.0009,0.000882,0.000113,0.0,0.0,0.001099,0.001125,0.0,0.0,0.0,0.0,0.009445,0.02042,0.0,0.011515,0.006314,0.00166,0.034335,0.077473,0.000891,0.005491,0.102916,0.038168,0.015659,0.006361,0.004471,0.004705,0.0
2026-01-02 21:40:00,0.0,0.0,0.0,0.0,0.0,0.0,0.0,0.0,0.0,0.0,0.0,0.0,0.0,0.0,0.004477,0.000153,0.0008,0.000681,0.0,0.000681,0.000212,0.00063,0.0008,0.0,0.0,0.0,0.001043,0.001039,0.0,0.0,0.0,0.0,0.0,0.0,0.0,0.001922,0.000703,0.0,0.027503,0.004683,0.0,0.0,0.008747,0.010265,0.001946,0.0,0.0,0.0,0.0
2026-01-02 21:50:00,0.0,0.0,0.0,0.0,0.0,0.0,0.0,0.0,0.0,0.0,0.0,0.0,0.0,0.0,0.004453,0.000121,0.0008,0.00067,0.0,0.00067,0.000792,0.001695,0.0008,0.0,0.0,0.0,0.001097,0.000927,0.0,4.1e-05,0.0,0.0,0.0,0.0,0.0,0.000481,0.001151,0.0,0.024087,0.001075,0.0,0.0,0.002048,0.002785,0.00047,0.0,0.0,0.0,0.0
2026-01-02 22:00:00,0.0,0.0,0.0,0.0,0.0,0.0,0.0,0.0,0.0,0.0,0.0,0.0,0.0,0.0,0.004444,6.3e-05,0.0008,0.000656,0.0,0.000656,0.001371,0.003888,0.0008,0.0,0.0,0.0,0.00115,0.00086,0.0,8.2e-05,0.0,0.0,0.0,0.0,0.0,0.0,0.002073,0.0,0.020671,0.0,0.0,0.0,0.0,0.0,0.0,0.0,0.0,0.0,0.0
2026-01-02 22:10:00,0.0,0.0,0.0,0.0,0.0,0.0,0.0,0.0,0.0,0.0,0.000316,0.0,0.0,0.0,0.004461,0.0,0.0008,0.000576,0.0,0.000576,0.000277,0.007146,0.0008,6.3e-05,0.0,0.0,0.001079,0.00097,0.0,0.0,0.0,0.0,0.0,0.00096,0.0,0.0,0.003442,0.0,0.01384,0.0,0.0,0.0,0.0,0.0,0.0,0.0,0.0,0.0,0.0
2026-01-02 22:20:00,0.0,0.0,0.0,0.0,0.0,0.0,0.0,0.0,0.0,0.0,0.000158,0.000117,0.0,0.0,0.004454,0.000219,0.0008,0.000537,0.0,0.000537,0.000407,0.008775,0.0008,3.2e-05,0.0,0.0,0.001018,0.001003,0.0,0.0,0.0,0.0,0.0,0.000718,0.0,0.0,0.004127,0.0,0.010424,0.0,0.0,0.0,0.0,0.0,0.0,0.0,0.0,0.0,0.0
2026-01-02 22:30:00,0.0,0.0,0.0,0.0,0.0,0.0,0.0,0.0,0.0,0.0,0.0,0.000233,0.0,0.0,0.004447,0.000437,0.0008,0.000496,0.0,0.000496,0.000762,0.010404,0.0008,0.0,0.0,0.0,0.000986,0.001015,0.0,0.0,0.0,0.0,0.0,0.00033,0.0,0.0,0.004812,0.0,0.007008,0.0,0.0,0.0,0.0,0.0,0.0,0.0,0.0,0.0,0.0
2026-01-02 22:40:00,0.0,0.0,0.0,0.0,0.0,0.0,0.0,0.0,0.0,0.0,0.0,0.0,0.0,0.0,0.004465,0.0,0.0008,0.0004,0.0,0.0004,0.00217,0.013661,0.0008,6.4e-05,0.0,0.0,0.00115,0.0008,0.0,0.0,0.0,0.0,0.0,5.5e-05,0.0,0.0,0.006182,0.0,0.000176,0.0,0.0,0.0,0.0,0.0,0.0,0.0,0.0,0.0,0.0
2026-01-02 22:50:00,0.0,0.0,0.0,0.0,2e-05,0.0,0.0,0.0,0.0,0.0,0.0,0.0,0.0,0.0,0.004459,2.7e-05,0.0008,0.000446,0.0,0.000446,0.001891,0.01529,0.0008,3.2e-05,0.0,0.0,0.001026,0.000817,0.0,0.0,0.0,0.0,0.0,1.4e-05,0.0,0.0,0.006867,2.9e-05,0.000176,0.0,0.0,0.0,0.0,0.0,0.0,0.0,0.0,0.0,0.0
2026-01-02 23:00:00,0.0,0.0,0.0,0.0,4e-05,0.0,0.0,0.0,0.0,0.0,0.0,0.0,0.0,0.0,0.004452,0.000105,0.0008,0.000544,0.0,0.000544,0.001351,0.016919,0.0008,0.0,0.0,0.0,0.000901,0.00085,0.0,0.0,0.0,0.0,0.0,0.0,0.0,0.0,0.007552,5.8e-05,0.000176,0.0,0.0,0.0,0.0,0.0,0.0,0.0,0.0,0.0,0.0
2026-01-02 23:10:00,0.0,0.0,0.0,0.0,0.0,0.0,0.0,0.0,0.0,0.0,0.000242,0.0,0.0,0.0,0.004744,0.00049,0.0008,0.000702,0.0,0.000702,0.000686,0.020177,0.0008,0.0,0.0,0.0,0.00115,0.000891,0.0,0.0,0.0,0.0,0.0,0.00068,0.0,0.0,0.008922,0.0,0.000175,0.0,0.0,0.0,0.0,0.0,0.0,0.0,0.0,0.0,0.0
2026-01-02 23:20:00,0.0,0.0,0.0,0.0,0.0,0.0,0.0,0.0,0.0,0.0,0.000121,0.0,0.0,0.0,0.004709,0.000245,0.0008,0.0007,0.0,0.0007,0.001336,0.021806,0.0008,0.0,0.0,0.0,0.001132,0.000877,0.0,1e-05,0.0,0.0,0.0,0.00034,0.0,0.0,0.009607,0.0,0.000175,0.0,0.0,0.0,0.0,0.0,0.0,0.0,0.0,0.0,0.0
2026-01-02 23:30:00,0.0,0.0,0.0,0.0,0.0,0.0,0.0,0.0,0.0,0.0,0.0,0.0,0.0,0.0,0.004652,0.0,0.0008,0.000693,0.0,0.000693,0.001985,0.023435,0.0008,0.0,0.0,0.0,0.001096,0.000863,0.0,2.1e-05,0.0,0.0,0.0,0.0,0.0,0.0,0.010292,0.0,0.000175,0.0,0.0,0.0,0.0,0.0,0.0,0.0,0.0,0.0,0.0
2026-01-02 23:40:00,0.0,0.0,0.0,0.0,0.0,0.0,0.0,0.0,0.0,0.0,0.0,0.0,0.0,0.0,0.004611,6.3e-05,0.0008,0.000494,0.0,0.000494,0.001237,0.026692,0.000864,0.0,0.0,0.0,0.001045,0.0012,0.0,2.4e-05,0.0,0.0,0.0,0.0,0.0,0.0,0.011661,0.0,0.000174,0.0,0.0,0.0,0.0,0.0,0.0,0.0,0.0,0.0,0.0
2026-01-02 23:50:00,0.0,0.0,0.0,0.0,0.0,0.0,0.0,0.0,0.0,0.0,0.0,0.0,0.0,0.0,0.004432,0.000186,0.0008,0.00051,0.0,0.00051,0.000968,0.028321,0.000832,0.0,0.0,0.0,0.001098,0.001038,0.0,2.3e-05,0.0,0.0,0.0,0.0,0.0,0.0,0.012346,0.0,0.000174,0.0,0.0,0.0,0.0,0.0,0.0,0.0,0.0,0.0,0.0
2026-01-03 00:00:00,0.0,0.0,0.0,0.0,0.0,0.0,0.0,0.0,0.0,0.0,0.0,0.0,0.0,0.0,0.004284,0.000271,0.0008,0.000526,0.0,0.000526,0.000837,0.02995,0.0008,0.0,0.0,0.0,0.00115,0.000843,0.0,2.2e-05,0.0,0.0,0.0,0.0,0.0,0.0,0.013031,0.0,0.000174,0.0,0.0,0.0,0.0,0.0,0.0,0.0,0.0,0.0,0.0
2026-01-03 00:10:00,0.0,0.0,0.0,0.0,0.0,0.0,0.0,0.0,0.0,0.0,0.0,0.0,0.0,0.0,0.004589,0.0,0.0008,0.000456,0.0,0.000456,0.000795,0.033208,0.0008,0.0,0.0,0.0,0.000987,0.0008,0.0,4.6e-05,0.0,0.0,0.0,0.0,0.0,0.0,0.014401,0.0,0.000173,0.0,0.0,0.0,0.0,0.0,0.0,0.0,0.0,0.0,0.0
2026-01-03 00:20:00,0.0,0.0,0.0,0.0,0.0,0.0,0.0,0.0,0.0,0.0,0.0,0.0,0.0,0.0,0.004495,0.0,0.0008,0.000417,0.0,0.000417,0.0009,0.034837,0.0008,0.0,0.0,0.0,0.001027,0.0008,0.0,2.3e-05,0.0,0.0,0.0,0.0,0.0,0.0,0.015086,0.0,0.000173,0.0,0.0,0.0,0.0,0.0,0.0,0.0,0.0,0.0,0.0
2026-01-03 00:30:00,0.0,0.0,0.0,0.0,0.0,0.0,0.0,0.0,0.0,0.0,0.0,0.0,0.0,0.0,0.0044,0.0,0.0008,0.0004,0.0,0.0004,0.001178,0.036466,0.0008,0.0,0.0,0.0,0.001094,0.0008,0.0,0.0,0.0,0.0,0.0,0.0,0.0,0.0,0.015771,0.0,0.000173,0.0,0.0,0.0,0.0,0.0,0.0,0.0,0.0,0.0,0.0
2026-01-03 00:40:00,0.0,0.0,0.0,0.0,0.0,0.0,0.0,0.0,0.0,0.0,0.0,0.0,0.0,0.0,0.0044,0.0,0.0008,0.00061,0.0,0.00061,0.002168,0.039723,0.00101,0.0,0.0,0.0,0.00115,0.000862,0.0,0.0,0.0,0.0,0.0,0.0,0.0,0.0,0.017141,0.0,0.000172,0.0,0.0,0.0,0.0,0.0,0.0,0.0,0.0,0.0,0.0
2026-01-03 00:50:00,0.0,0.0,0.0,0.0,0.0,0.0,0.0,0.0,0.0,0.0,0.0,0.0,0.0,0.0,0.004461,0.0,0.0008,0.000672,0.0,0.000672,0.001228,0.041352,0.000905,0.0,0.0,0.0,0.001066,0.000964,0.0,0.0,0.0,0.0,0.0,0.0,0.0,0.0,0.017825,0.0,0.000172,0.0,0.0,0.0,0.0,0.0,0.0,0.0,0.0,0.0,0.0
2026-01-03 01:00:00,0.0,0.0,0.0,0.0,0.0,0.0,0.0,0.0,0.0,0.0,0.0,0.0,0.0,0.0,0.00458,0.0,0.0008,0.000695,0.0,0.000695,0.000288,0.042981,0.0008,0.0,0.0,0.0,0.000983,0.00103,0.0,0.0,0.0,0.0,0.0,0.0,0.0,0.0,0.01851,0.0,0.000172,0.0,0.0,0.0,0.0,0.0,0.0,0.0,0.0,0.0,0.0
2026-01-03 01:10:00,0.0,0.0,0.0,0.0,0.0,0.0,0.0,0.0,0.0,0.0,0.0,0.0,0.001471,0.0,0.004732,0.0,0.0008,0.000459,0.0,0.000459,0.0006,0.046239,0.000962,0.0,0.0,0.0,0.00109,0.000977,0.0,2.4e-05,0.0,0.0,0.0,0.0,0.0,0.0,0.01988,0.0,0.000171,0.0,0.0,0.0,0.0,0.0,0.0,0.0,0.0,0.0,0.0
2026-01-03 01:20:00,0.0,0.0,0.0,0.0,0.0,0.0,0.0,0.0,0.0,0.0,0.0,0.0,0.000736,0.0,0.004692,0.000105,0.0008,0.000586,0.0,0.000586,0.001169,0.047868,0.000881,0.0,0.0,0.0,0.001002,0.000873,0.0,2.5e-05,0.0,0.0,0.0,0.0,0.0,0.0,0.020565,0.0,0.000171,0.0,0.0,0.0,0.0,0.0,0.0,0.0,0.0,0.0,0.0
2026-01-03 01:30:00,0.0,0.0,0.0,0.0,0.0,0.0,0.0,0.0,0.0,0.0,0.0,0.0,0.0,0.0,0.004616,0.000211,0.0008,0.000713,0.0,0.000713,0.001553,0.049497,0.0008,0.0,0.0,0.0,0.000914,0.0008,0.0,2.6e-05,0.0,0.0,0.0,0.0,0.0,0.0,0.02125,0.0,0.00017,0.0,0.0,0.0,0.0,0.0,0.0,0.0,0.0,0.0,0.0
2026-01-03 01:40:00,0.0,0.0,0.0,0.0,0.0,0.0,0.0,0.0,0.0,0.0,0.0,0.0,0.0,0.0,0.004528,0.0,0.0008,0.0004,0.0,0.0004,0.001263,0.052755,0.0008,0.0,0.0,0.0,0.000943,0.000946,0.0,3.4e-05,0.0,0.0,0.00055,0.0,0.0,0.0,0.02262,0.0,0.000172,0.0,0.0,0.0,0.0,0.0,0.0,0.0,0.0,0.0,0.0
2026-01-03 01:50:00,0.0,0.0,0.0,0.0,0.0,0.0,0.0,0.0,0.0,0.0,0.0,0.0,0.0,0.0,0.004544,0.0,0.0008,0.00045,0.0,0.00045,0.001157,0.054383,0.000832,0.0,0.0,0.0,0.000935,0.001072,0.0,1.7e-05,0.0,0.0,0.000275,0.0,0.0,0.0,0.023305,0.0,0.000173,0.0,0.0,0.0,0.0,0.0,0.0,0.0,0.0,0.0,0.0
2026-01-03 02:00:00,0.0,0.0,0.0,0.0,0.0,0.0,0.0,0.0,0.0,0.0,0.0,0.0,0.0,0.0,0.00456,0.0,0.0008,0.000499,0.0,0.000499,0.001114,0.056012,0.000864,0.0,0.0,0.0,0.000926,0.001139,0.0,0.0,0.0,0.0,0.0,0.0,0.0,0.0,0.02399,0.0,0.000174,0.0,0.0,0.0,0.0,0.0,0.0,0.0,0.0,0.0,0.0
2026-01-03 02:10:00,0.0,0.0,0.0,0.0,0.0,0.0,0.0,0.0,0.0,0.0,0.0,0.0,0.0,0.0,0.004459,0.000564,0.0008,0.00045,0.0,0.00045,0.00168,0.05927,0.0008,0.0,0.0,0.0,0.00115,0.000848,0.0,0.0,0.0,0.0,0.0,0.0,0.0,0.0,0.025359,0.0,0.000175,0.0,0.0,0.0,0.0,0.0,0.0,0.0,0.0,0.0,0.0
2026-01-03 02:20:00,0.0,0.0,0.0,0.0,0.0,0.0,0.0,0.0,0.0,0.0,0.0,0.0,0.0,0.0,0.004392,0.000366,0.0008,0.000492,0.0,0.000492,0.001388,0.060899,0.000832,3.3e-05,0.0,0.0,0.00115,0.000851,0.0,0.0,0.0,0.0,0.0,0.0,0.0,0.0,0.026044,0.0,0.000176,0.0,0.0,0.0,0.0,0.0,0.0,0.0,0.0,0.0,0.0
2026-01-03 02:30:00,0.0,0.0,0.0,0.0,0.0,0.0,0.0,0.0,0.0,0.0,0.0,0.0,0.0,0.0,0.00436,0.000101,0.0008,0.000533,0.0,0.000533,0.000804,0.062528,0.000863,6.6e-05,0.0,0.0,0.00115,0.00086,0.0,0.0,0.0,0.0,0.0,0.0,0.0,0.0,0.026729,0.0,0.000177,0.0,0.0,0.0,0.0,0.0,0.0,0.0,0.0,0.0,0.0
2026-01-03 02:40:00,0.0,0.0,0.0,0.0,0.0,0.0,0.0,0.0,0.0,0.0,0.0,0.0,0.0,0.0,0.0044,0.0,0.0008,0.00045,0.0,0.00045,0.0,0.065786,0.0008,6.4e-05,0.0,0.0,0.00115,0.000978,0.0,0.0,0.0,0.0,0.0,0.0,0.0,0.0,0.028099,0.0,0.000178,0.0,0.0,0.0,0.0,0.0,0.0,0.0,0.0,0.0,0.0
2026-01-03 02:50:00,0.0,0.0,0.0,0.0,0.0,0.0,0.0,0.0,0.0,0.0,0.0,0.0,0.0,0.0,0.004264,0.0,0.0008,0.000242,0.0,0.000242,0.000482,0.067414,0.0008,7.7e-05,0.0,0.0,0.00115,0.000889,0.0,0.0,0.0,0.0,0.00173,0.0,0.0,0.0,0.028784,0.0,0.000179,0.0,0.0,0.0,0.0,0.0,0.0,0.0,0.0,0.0,0.0
2026-01-03 03:00:00,0.0,0.0,0.0,0.0,0.0,0.0,0.0,0.0,0.0,0.0,0.0,0.0,0.0,0.0,0.004127,0.0,0.0008,8.9e-05,0.0,8.9e-05,0.001167,0.069043,0.0008,0.000119,0.0,0.0,0.00115,0.0008,0.0,0.0,0.0,0.0,0.005291,0.0,0.0,0.0,0.029469,0.0,0.00018,0.0,0.0,0.0,0.0,0.0,0.0,0.0,0.0,0.0,0.0
2026-01-03 03:10:00,0.0,0.0,0.0,0.0,0.0,0.0,0.0,0.0,0.0,0.0,0.00051,0.0,0.0,0.0,0.004507,0.000404,0.001092,0.000521,0.0,0.000521,0.001491,0.072301,0.001511,0.000839,0.000459,0.0004,0.001911,0.001616,0.001258,0.00122,0.00062,0.0,0.010582,0.000742,0.000531,0.000869,0.030839,0.0,0.000182,0.0,0.0,0.0,0.0,0.0,0.0,0.0,0.0,0.0,0.0
2026-01-03 03:20:00,0.0,0.0,0.0,0.0,0.0,0.0,0.0,0.0,0.0,0.0,0.000255,0.0,0.0,0.0,0.004697,0.000606,0.001238,0.000737,0.0,0.000737,0.001653,0.07393,0.001867,0.001199,0.000688,0.000601,0.002292,0.002024,0.001887,0.001831,0.000931,0.0,0.013228,0.001113,0.000796,0.001304,0.031524,0.0,0.000182,0.0,0.0,0.0,0.0,0.0,0.0,0.0,0.0,0.0,0.0
2026-01-03 03:30:00,0.0,0.0,0.0,0.0,0.0,0.0,0.0,0.0,0.0,0.0,0.0,0.0,0.0,0.0,0.004886,0.000808,0.001384,0.000952,0.0,0.000952,0.001816,0.075559,0.002223,0.001559,0.000917,0.000801,0.002673,0.002433,0.002516,0.002441,0.001241,0.0,0.015874,0.001484,0.001062,0.001739,0.032208,0.0,0.000183,0.0,0.0,0.0,0.0,0.0,0.0,0.0,0.0,0.0,0.0
2026-01-03 03:40:00,0.0,0.0,0.0,0.0,0.0,0.0,0.0,0.0,0.0,0.0,0.0,0.0,0.0,0.0,0.005266,0.001213,0.001676,0.001384,0.0,0.001384,0.00214,0.078817,0.002934,0.002279,0.001376,0.001201,0.003434,0.003249,0.003775,0.003661,0.001861,0.0,0.021165,0.002226,0.001592,0.002608,0.033578,0.0,0.000185,0.0,0.0,0.0,0.0,0.0,0.0,0.0,0.0,0.0,0.0
2026-01-03 03:50:00,0.0,0.0,0.0,0.0,0.0,0.0,0.0,0.0,0.0,0.0,0.0,0.0,0.0,0.0,0.005456,0.001415,0.001822,0.0016,0.0,0.0016,0.002302,0.080446,0.00329,0.002638,0.001605,0.001401,0.003815,0.003657,0.004404,0.004272,0.002172,0.0,0.02381,0.002597,0.001858,0.003043,0.034263,0.0,0.000185,0.0,0.0,0.0,0.0,0.0,0.0,0.0,0.0,0.0,0.0
2026-01-03 04:00:00,0.0,0.0,0.0,0.0,0.0,0.0,0.0,0.0,0.0,0.0,0.0,0.0,0.0,0.0,0.005645,0.001617,0.001968,0.001816,0.0,0.001816,0.002464,0.082074,0.003645,0.002998,0.001835,0.001602,0.004195,0.004065,0.005033,0.004882,0.002482,0.0,0.026456,0.002968,0.002123,0.003478,0.034948,0.0,0.000186,0.0,0.0,0.0,0.0,0.0,0.0,0.0,0.0,0.0,0.0
2026-01-03 04:10:00,0.0,0.0,0.0,0.0,0.0,0.0,0.0,0.0,0.0,0.0,0.0,0.0,0.0,0.0,0.006025,0.002021,0.00226,0.002248,0.0,0.002248,0.002788,0.085332,0.004357,0.003718,0.002293,0.002002,0.004957,0.004882,0.006291,0.006102,0.003102,0.0,0.031747,0.00371,0.002654,0.004347,0.036318,0.0,0.000188,0.0,0.0,0.0,0.0,0.0,0.0,0.0,0.0,0.0,0.0
2026-01-03 04:20:00,8e-06,0.0,0.0,0.0,0.0,0.0,0.0,0.0,0.0,0.0,0.0,0.0,0.0,0.0,0.006215,0.002223,0.002406,0.002463,0.0,0.002463,0.002951,0.086961,0.004712,0.004078,0.002523,0.002202,0.005338,0.00529,0.00692,0.006713,0.003413,0.0,0.034393,0.004081,0.00292,0.004782,0.037003,0.0,0.000189,0.0,0.0,0.0,0.0,0.0,0.0,0.0,0.0,0.0,0.0
2026-01-03 04:30:00,1.6e-05,0.0,0.0,0.0,0.0,0.0,0.0,0.0,0.0,0.0,0.0,0.0,0.0,0.0,0.006405,0.002425,0.002552,0.002679,0.0,0.002679,0.003113,0.08859,0.005068,0.004438,0.002752,0.002402,0.005718,0.005698,0.007549,0.007323,0.003723,0.0,0.037038,0.004452,0.003185,0.005216,0.037688,0.0,0.000192,0.0,0.0,0.0,0.0,0.0,0.0,0.0,0.0,0.0,0.0
2026-01-03 04:40:00,0.0,0.0,0.0,0.0,0.00037,0.0,0.0,0.0,0.0,0.0,0.0,0.0,0.0,0.0,0.006784,0.002829,0.002844,0.003111,0.0,0.003111,0.003437,0.091848,0.005779,0.005158,0.003211,0.002803,0.00648,0.006514,0.008807,0.008543,0.004343,0.0,0.04233,0.005194,0.003716,0.006086,0.039057,0.0,0.000195,0.0,0.0,0.0,0.0,0.0,0.0,0.0,0.0,0.0,0.0
2026-01-03 04:50:00,0.0,0.0,0.0,0.0,0.000201,0.0,0.0,0.0,0.0,0.0,0.0,0.0,0.0,0.0,0.006974,0.003031,0.00299,0.003327,0.0,0.003327,0.003599,0.093477,0.006135,0.005518,0.00344,0.003003,0.00686,0.006922,0.009436,0.009154,0.004654,0.0,0.044975,0.005565,0.003981,0.00652,0.039742,0.0,0.000197,0.0,0.0,0.0,0.0,0.0,0.0,0.0,0.0,0.0,0.0
2026-01-03 05:00:00,0.0,0.0,0.0,0.0,1.7e-05,0.0,0.0,0.0,0.0,0.0,0.0,0.0,0.0,0.0,0.007164,0.003233,0.003136,0.003543,0.0,0.003543,0.003761,0.095106,0.006491,0.005878,0.00367,0.003203,0.007241,0.007331,0.010065,0.009764,0.004964,0.0,0.047621,0.005936,0.004247,0.006955,0.040427,0.0,0.000199,0.0,0.0,0.0,0.0,0.0,0.0,0.0,0.0,0.0,0.0
2026-01-03 05:10:00,0.0,0.0,0.0,0.0,0.0,0.0,0.0,0.0,0.001653,0.000162,0.0,0.0,0.0,0.0,0.007543,0.003638,0.003428,0.003974,0.0,0.003974,0.004086,0.098363,0.007202,0.006598,0.004128,0.003604,0.008002,0.008147,0.011324,0.010984,0.005584,0.0,0.052912,0.006678,0.004777,0.007824,0.041797,0.0,0.000203,0.0,0.0,0.0,0.0,0.0,0.0,0.0,0.0,0.0,0.0
2026-01-03 05:20:00,0.0,0.0,0.0,0.0,0.0,0.0,0.0,0.0,0.000827,8.1e-05,0.0,0.0,0.0,0.0,0.007733,0.00384,0.003574,0.00419,0.0,0.00419,0.004248,0.099992,0.007558,0.006958,0.004358,0.003804,0.008383,0.008555,0.011953,0.011594,0.005895,0.0,0.055558,0.007049,0.005043,0.008259,0.042482,0.0,0.000205,0.0,0.0,0.0,0.0,0.0,0.0,0.0,0.0,0.0,0.0
2026-01-03 05:30:00,0.0,0.0,0.0,0.0,0.0,0.0,0.0,0.0,0.0,0.0,0.0,0.0,0.0,0.0,0.007923,0.004042,0.00372,0.004406,0.0,0.004406,0.00441,0.101621,0.007914,0.007318,0.004587,0.004004,0.008764,0.008963,0.012582,0.012205,0.006205,0.0,0.058203,0.00742,0.005308,0.008694,0.043167,0.0,0.000207,0.0,0.0,0.0,0.0,0.0,0.0,0.0,0.0,0.0,0.0
2026-01-03 05:40:00,0.0,0.0,0.0,0.0,0.0,0.0,0.0,0.0,0.0,0.0,0.0,0.0,0.0,0.0,0.008302,0.004446,0.004012,0.004838,0.0,0.004838,0.004734,0.104879,0.008625,0.008038,0.005046,0.004405,0.009525,0.00978,0.01384,0.013425,0.006825,0.0,0.063494,0.008162,0.005839,0.009563,0.044537,0.0,0.00021,0.0,0.0,0.0,0.0,0.0,0.0,0.0,0.0,0.0,0.0
2026-01-03 05:50:00,0.0,0.0,0.0,0.0,0.0,0.0,0.0,0.0,0.0,0.0,0.0,0.0,0.0,0.0,0.008492,0.004648,0.004158,0.005054,0.0,0.005054,0.004896,0.106508,0.008981,0.008398,0.005275,0.004605,0.009906,0.010188,0.014469,0.014035,0.007136,0.0,0.06614,0.008533,0.006105,0.009998,0.045222,0.0,0.000212,0.0,0.0,0.0,0.0,0.0,0.0,0.0,0.0,0.0,0.0
2026-01-03 06:00:00,0.0,0.0,0.0,0.0,0.0,0.0,0.0,0.0,0.0,0.0,0.0,0.0,0.0,0.0,0.008682,0.00485,0.004304,0.00527,0.0,0.00527,0.005059,0.108137,0.009336,0.008758,0.005504,0.004805,0.010286,0.010596,0.015098,0.014646,0.007446,0.0,0.068786,0.008904,0.00637,0.010433,0.045907,0.0,0.000214,0.0,0.0,0.0,0.0,0.0,0.0,0.0,0.0,0.0,0.0
2026-01-03 06:10:00,0.0,0.0,0.0,0.0,0.0,0.0,0.0,0.0,0.0,0.0,0.0,0.0,0.0,0.0,0.009061,0.005254,0.004596,0.005701,0.0,0.005701,0.005383,0.111394,0.010048,0.009478,0.005963,0.005205,0.011048,0.011412,0.016356,0.015866,0.008066,0.0,0.074077,0.009646,0.006901,0.011302,0.047276,0.0,0.000218,0.0,0.0,0.0,0.0,0.0,0.0,0.0,0.0,0.0,0.0
2026-01-03 06:20:00,0.0,0.0,0.0,0.0,0.0,0.0,0.0,0.0,0.0,0.0,0.0,2e-05,0.0,0.0,0.009251,0.005456,0.004742,0.005917,0.0,0.005917,0.005545,0.113023,0.010403,0.009838,0.006192,0.005406,0.011428,0.01182,0.016985,0.016476,0.008377,0.0,0.076722,0.010017,0.007166,0.011737,0.047961,0.0,0.00022,0.0,0.0,0.0,0.0,0.0,0.0,0.0,0.0,0.0,0.0
2026-01-03 06:30:00,0.0,0.0,0.0,0.0,0.0,0.0,0.0,0.0,0.0,0.0,0.0,8.1e-05,0.0,0.0,0.009441,0.005658,0.004888,0.006133,0.0,0.006133,0.005707,0.114652,0.010759,0.010198,0.006422,0.005606,0.011809,0.012228,0.017614,0.017087,0.008687,0.0,0.079368,0.010388,0.007432,0.012171,0.048646,0.0,0.000222,0.0,0.0,0.0,0.0,0.0,0.0,0.0,0.0,0.0,0.0
2026-01-03 06:40:00,0.0,0.0,0.0,0.000408,0.000435,0.0,0.0,0.000103,0.0,0.0,0.0,0.00063,0.0,0.0,0.00982,0.006063,0.00518,0.006565,0.0,0.006565,0.006031,0.11791,0.01147,0.010918,0.00688,0.006006,0.012571,0.013045,0.018873,0.018307,0.009307,0.0,0.084659,0.01113,0.007962,0.013041,0.050016,0.0,0.000225,0.0,0.0,0.0,0.0,0.0,0.0,0.0,0.0,0.0,0.0
2026-01-03 06:50:00,0.0,0.0,0.0,0.000239,0.000387,0.0,0.0,5.1e-05,0.0,0.0,0.0,0.000362,0.0,0.0,0.01001,0.006265,0.005326,0.00678,0.0,0.00678,0.006194,0.119539,0.011826,0.011278,0.00711,0.006206,0.012951,0.013453,0.019502,0.018917,0.009618,0.0,0.087305,0.011501,0.008228,0.013475,0.050701,0.0,0.000227,0.0,0.0,0.0,0.0,0.0,0.0,0.0,0.0,0.0,0.0
2026-01-03 07:00:00,0.0,0.0,0.0,4e-05,0.000272,0.0,0.0,0.0,0.0,0.0,0.0,5.3e-05,0.0,0.0,0.0102,0.006467,0.005472,0.006996,0.0,0.006996,0.006356,0.121168,0.012182,0.011638,0.007339,0.006407,0.013332,0.013861,0.020131,0.019528,0.009928,0.0,0.08995,0.011872,0.008493,0.01391,0.051386,0.0,0.000229,0.0,0.0,0.0,0.0,0.0,0.0,0.0,0.0,0.0,0.0
2026-01-03 07:10:00,0.0,0.0,0.0,0.0,0.0,0.0,0.0,0.0,0.0,0.0,0.0,0.0,0.0,0.0,0.010579,0.006871,0.005764,0.007428,0.0,0.007428,0.00668,0.124425,0.012893,0.012358,0.007798,0.006807,0.014093,0.014677,0.021389,0.020748,0.010548,0.0,0.095242,0.012614,0.009024,0.01478,0.052756,0.0,0.000233,0.0,0.0,0.0,0.0,0.0,0.0,0.0,0.0,0.0,0.0
2026-01-03 07:20:00,0.0,0.0,0.0,0.0,0.0,0.0,0.0,0.0,0.0,0.0,0.0,0.0,0.0,0.0,0.010769,0.007073,0.00591,0.007644,0.0,0.007644,0.006842,0.126054,0.013249,0.012718,0.008027,0.007007,0.014474,0.015086,0.022018,0.021358,0.010859,0.0,0.097887,0.012985,0.00929,0.015214,0.05344,0.0,0.000235,0.0,0.0,0.0,0.0,0.0,0.0,0.0,0.0,0.0,0.0
2026-01-03 07:30:00,0.0,0.0,0.0,0.0,0.0,0.0,0.0,0.0,0.0,0.0,0.0,0.0,0.0,0.0,0.010959,0.007275,0.006056,0.00786,0.0,0.00786,0.007004,0.127683,0.013604,0.013078,0.008256,0.007207,0.014855,0.015494,0.022647,0.021969,0.011169,0.0,0.100533,0.013356,0.009555,0.015649,0.054125,0.0,0.000237,0.0,0.0,0.0,0.0,0.0,0.0,0.0,0.0,0.0,0.0
2026-01-03 07:40:00,0.0,0.0,0.0,0.0,0.0,0.0,0.0,0.0,0.0,7.7e-05,0.0,0.0,0.0,0.0,0.011338,0.007679,0.006348,0.008291,0.0,0.008291,0.007329,0.130941,0.014316,0.013798,0.008715,0.007608,0.015616,0.01631,0.023905,0.023189,0.011789,0.0,0.105824,0.014098,0.010086,0.016518,0.055495,0.0,0.00024,0.0,0.0,0.0,0.0,0.0,0.0,0.0,0.0,0.0,0.0
2026-01-03 07:50:00,0.0,0.0,0.0,0.0,0.0,0.0,0.0,0.0,0.0,3.9e-05,0.0,0.0,0.0,0.0,0.011528,0.007881,0.006494,0.008507,0.0,0.008507,0.007491,0.13257,0.014671,0.014158,0.008944,0.007808,0.015997,0.016718,0.024534,0.023799,0.012099,0.0,0.10847,0.014469,0.010351,0.016953,0.05618,0.0,0.000242,0.0,0.0,0.0,0.0,0.0,0.0,0.0,0.0,0.0,0.0
2026-01-03 08:00:00,0.0,0.0,0.0,0.0,0.0,0.0,0.0,0.0,0.0,0.0,0.0,0.0,0.0,0.0,0.011718,0.008083,0.00664,0.008723,0.0,0.008723,0.007653,0.134199,0.015027,0.014518,0.009174,0.008008,0.016377,0.017126,0.025163,0.024409,0.01241,0.0,0.111115,0.01484,0.010617,0.017388,0.056865,0.0,0.000244,0.0,0.0,0.0,0.0,0.0,0.0,0.0,0.0,0.0,0.0
2026-01-03 08:10:00,0.0,0.0,0.0,0.0,0.0,0.0,0.0,0.0,0.0,0.0,0.0,0.0,0.0,0.0,0.012098,0.008488,0.006932,0.009155,0.0,0.009155,0.007977,0.137456,0.015738,0.015237,0.009633,0.008409,0.017139,0.017943,0.026422,0.02563,0.01303,0.0,0.116406,0.015582,0.011147,0.018257,0.058235,0.0,0.001829,0.0,0.0,0.0,0.0,0.0,0.0,0.0,0.0,0.0,0.0
2026-01-03 08:20:00,0.0,0.0,0.0,0.0,0.0,0.0,0.0,0.0,0.0,0.0,0.0,6e-05,0.0,0.0,0.012287,0.00869,0.007078,0.009371,0.0,0.009371,0.008139,0.139085,0.016094,0.015597,0.009862,0.008609,0.017519,0.018351,0.027051,0.02624,0.01334,0.0,0.119052,0.015953,0.011413,0.018692,0.05892,0.000466,0.003685,0.0,0.0,0.0,0.0,0.0,0.0,0.0,0.0,0.0,0.0
2026-01-03 08:30:00,0.0,0.0,0.0,0.0,0.0,0.0,0.0,0.0,0.0,0.0,0.0,0.00012,0.0,0.0,0.012477,0.008892,0.007224,0.009587,0.0,0.009587,0.008301,0.140714,0.01645,0.015957,0.010091,0.008809,0.0179,0.018759,0.02768,0.02685,0.013651,0.0,0.121698,0.016324,0.011678,0.019126,0.059605,0.001842,0.006903,0.0,0.0,0.0,0.0,0.0,0.0,0.0,0.0,0.0,0.0
2026-01-03 08:40:00,0.0,0.0,0.0,0.0,0.0,0.0,0.0,0.0,0.0,0.0,0.0,0.0,0.0,0.0,0.012857,0.009296,0.007516,0.010018,0.0,0.010018,0.008626,0.143972,0.017161,0.016677,0.01055,0.00921,0.018661,0.019575,0.028938,0.028071,0.014271,0.002796,0.126989,0.017066,0.012209,0.019996,0.060974,0.010163,0.020476,0.0,0.0,0.0,0.0,0.0,0.0,0.0,0.0,0.0,0.0
2026-01-03 08:50:00,0.0,0.000137,0.000105,0.0,8.8e-05,0.0,0.0,0.0,0.0,0.0,0.0,0.0,0.0,0.0,0.013007,0.009457,0.007632,0.010191,0.0,0.010191,0.008754,0.145601,0.017457,0.016963,0.010732,0.009368,0.018974,0.019905,0.029447,0.028566,0.014515,0.009707,0.129116,0.017437,0.012431,0.020349,0.061659,0.014445,0.025908,0.0,0.002116,0.000248,0.0,0.0,0.0,0.0,0.0,0.0,0.002636
2026-01-03 09:00:00,0.0,0.000539,0.000427,0.0,0.000352,0.0,0.0,0.0,0.0,0.0,0.0,0.0,0.0,0.0,0.013236,0.0097,0.007808,0.01045,0.0,0.01045,0.00895,0.14723,0.017873,0.017397,0.011009,0.00961,0.019423,0.020392,0.030196,0.029291,0.014892,0.024988,0.13228,0.017808,0.01274,0.020865,0.062344,0.019655,0.032408,0.0,0.007247,0.001005,0.0,0.0,0.0,0.0,0.0,0.0,0.010596
2026-01-03 09:10:00,0.000618,0.002915,0.002999,0.001322,0.002081,0.0,0.000493,0.0,0.0,0.0,0.0,0.00042,0.0,0.0,0.02605,0.019478,0.01996,0.020092,0.0,0.020092,0.019779,0.150488,0.022684,0.03966,0.026102,0.023428,0.026153,0.031457,0.047127,0.04438,0.077122,0.096867,0.22,0.01855,0.015912,0.03126,0.063714,0.038207,0.063071,0.0004,0.020099,0.006777,0.000269,0.0,0.0,0.006154,0.005328,0.005215,0.066
2026-01-03 09:20:00,0.002354,0.005977,0.006394,0.00375,0.003969,0.0,0.001042,0.000136,0.0,0.0,0.0,0.00021,0.0,0.0,0.035847,0.028485,0.029748,0.028977,0.0,0.028977,0.029021,0.152116,0.033097,0.061682,0.036743,0.033087,0.05954,0.041216,0.061417,0.055598,0.081072,0.137716,0.284656,0.030783,0.018726,0.035245,0.064399,0.045589,0.078403,0.003149,0.044915,0.014732,0.00241,0.003733,0.000834,0.010329,0.015128,0.014974,0.119918
2026-01-03 09:30:00,0.005821,0.008289,0.008468,0.008415,0.007936,0.0,0.002022,0.00058,0.0,0.0,0.0,0.0,0.0,0.0,0.048466,0.040691,0.042304,0.040956,0.0,0.040956,0.041267,0.153745,0.053915,0.089805,0.049112,0.044354,0.115441,0.055025,0.079667,0.067119,0.085237,0.184482,0.36071,0.04238,0.022889,0.040442,0.065084,0.052028,0.093734,0.009935,0.081732,0.029762,0.008007,0.013435,0.003463,0.016307,0.030819,0.031025,0.191187
2026-01-03 09:40:00,0.01563,0.008958,0.008459,0.025136,0.080728,0.003522,0.007064,0.006968,0.003047,0.000429,0.0,0.0,0.0,0.0,0.081388,0.070551,0.072741,0.069816,0.0,0.069816,0.071873,0.157003,0.127375,0.143529,0.075321,0.068684,0.185291,0.095743,0.121077,0.083716,0.259002,0.305047,0.51937,0.04227,0.03707,0.082181,0.066454,0.063062,0.124397,0.0363,0.138633,0.101885,0.034693,0.044979,0.028772,0.042999,0.061953,0.064941,0.343713
2026-01-03 09:50:00,0.021935,0.016212,0.015456,0.03694,0.062739,0.008345,0.008715,0.012677,0.008307,0.001188,0.000323,0.000286,0.001549,0.0,0.101907,0.089083,0.090854,0.086619,0.0,0.086619,0.089376,0.158632,0.135778,0.174875,0.088787,0.097453,0.221217,0.122107,0.14724,0.098268,0.301209,0.373196,0.58306,0.065793,0.038307,0.106175,0.067139,0.079034,0.139728,0.047859,0.114405,0.133721,0.053764,0.085589,0.073812,0.114286,0.073984,0.081699,0.419165
2026-01-03 10:00:00,0.030938,0.03176,0.031401,0.051263,0.04475,0.017855,0.010725,0.023037,0.019697,0.002452,0.001184,0.001111,0.005828,0.0,0.12503,0.11066,0.111454,0.105676,0.0,0.105676,0.10909,0.160261,0.143568,0.208181,0.104227,0.1237,0.257598,0.151785,0.175414,0.121837,0.336419,0.446754,0.63428,0.10996,0.039302,0.117237,0.067823,0.104854,0.15506,0.061962,0.090178,0.170981,0.071004,0.137073,0.126867,0.200088,0.08954,0.103537,0.496624
2026-01-03 10:10:00,0.074423,0.063684,0.063811,0.085532,0.141331,0.074578,0.025123,0.116822,0.096779,0.005362,0.004271,0.005482,0.023932,0.0,0.176347,0.163591,0.160883,0.152143,0.0,0.152143,0.157147,0.163519,0.187161,0.275428,0.149178,0.14086,0.330832,0.214782,0.229704,0.239064,0.415875,0.607212,0.70481,0.16006,0.042864,0.09744,0.069193,0.170685,0.185723,0.125343,0.28474,0.311568,0.089634,0.211511,0.174543,0.259764,0.205756,0.212218,0.66515
2026-01-03 10:20:00,0.0958,0.054027,0.053917,0.129561,0.227052,0.115233,0.036613,0.162572,0.149589,0.01935,0.006862,0.01133,0.038134,0.0,0.205743,0.190603,0.187555,0.179498,0.0,0.179498,0.183371,0.165,0.148698,0.309566,0.166149,0.153853,0.37335,0.245185,0.257252,0.272499,0.449963,0.683934,0.739216,0.176551,0.044552,0.141121,0.069748,0.158907,0.201054,0.175258,0.463354,0.395889,0.153868,0.198781,0.13991,0.234924,0.248882,0.258815,0.742513
2026-01-03 10:30:00,0.10518,0.044371,0.044023,0.181008,0.272813,0.162152,0.042527,0.211324,0.210454,0.0437,0.010483,0.019017,0.052447,0.0,0.237404,0.219614,0.216178,0.209161,0.0,0.209161,0.211298,0.166776,0.110234,0.344382,0.182839,0.171665,0.412343,0.275699,0.286448,0.301459,0.48715,0.73994,0.77534,0.19459,0.046811,0.203674,0.070563,0.132335,0.216386,0.246294,0.629946,0.488842,0.27449,0.172266,0.105278,0.210084,0.283642,0.297308,0.810423
2026-01-03 10:40:00,0.091121,0.081194,0.079406,0.241381,0.252105,0.257824,0.04168,0.331262,0.340301,0.078015,0.021395,0.030811,0.071054,0.0,0.305079,0.289213,0.280704,0.271942,0.0,0.271942,0.272172,0.173827,0.307007,0.416797,0.224867,0.229216,0.465981,0.339565,0.354237,0.365863,0.60058,0.791158,0.86041,0.27051,0.060507,0.234322,0.087968,0.080032,0.247049,0.49445,0.781284,0.690882,0.521283,0.131479,0.121121,0.686933,0.335091,0.350946,0.914549
2026-01-03 10:50:00,0.082058,0.109569,0.108492,0.25159,0.244485,0.337126,0.044117,0.395253,0.4084,0.074965,0.026627,0.03365,0.045073,0.0,0.337989,0.319296,0.313167,0.300637,0.0,0.300637,0.302726,0.159794,0.393149,0.452292,0.252036,0.25159,0.497692,0.374475,0.387552,0.397292,0.648553,0.83018,0.880199,0.283471,0.059117,0.214358,0.10617,0.087519,0.26238,0.466499,0.8598,0.752137,0.329891,0.137863,0.136478,0.768894,0.363857,0.379273,0.939519
2026-01-03 11:00:00,0.07772,0.123997,0.123614,0.262115,0.237161,0.42384,0.048131,0.459097,0.476253,0.068452,0.031749,0.036246,0.019093,0.0,0.3696,0.34884,0.345033,0.32923,0.0,0.32923,0.333268,0.145761,0.456667,0.485769,0.278292,0.273305,0.530617,0.409398,0.420284,0.428411,0.690289,0.868551,0.89624,0.29488,0.057727,0.194394,0.131405,0.107105,0.277712,0.424418,0.920437,0.794969,0.138498,0.157299,0.153449,0.824648,0.395485,0.409758,0.956972
2026-01-03 11:10:00,0.084499,0.111975,0.115151,0.335791,0.219508,0.555416,0.051228,0.578017,0.604359,0.057652,0.041822,0.044047,0.022872,0.0,0.427835,0.413743,0.405237,0.391159,0.0,0.391159,0.39405,0.22814,0.521414,0.544057,0.315474,0.324402,0.592174,0.473352,0.483724,0.490455,0.757614,0.916794,0.93063,0.33398,0.08137,0.196277,0.188691,0.172535,0.308375,0.399935,0.980041,0.846453,0.189771,0.30053,0.176071,0.913797,0.469104,0.480678,0.981647
2026-01-03 11:20:00,0.102567,0.119372,0.12026,0.347349,0.209794,0.521753,0.052238,0.633716,0.651716,0.058189,0.04766,0.046502,0.03287,0.0,0.460612,0.445411,0.439717,0.420893,0.0,0.420893,0.425115,0.176976,0.551502,0.575686,0.342318,0.350793,0.618002,0.503111,0.511369,0.520312,0.799415,0.931631,0.946666,0.328984,0.085987,0.201389,0.262563,0.203774,0.323706,0.468086,0.987903,0.852069,0.192444,0.501812,0.18118,0.923796,0.474131,0.476692,0.994455
2026-01-03 11:30:00,0.135031,0.134279,0.131877,0.359757,0.198229,0.48809,0.053381,0.674767,0.683029,0.059723,0.053981,0.047452,0.056319,0.0,0.493468,0.47615,0.473324,0.450767,0.0,0.450767,0.456475,0.125812,0.580137,0.607285,0.371662,0.377233,0.6428,0.533158,0.538928,0.549105,0.81918,0.944567,0.95359,0.31313,0.087596,0.215766,0.307348,0.241891,0.339038,0.560047,0.990474,0.856926,0.194956,0.627322,0.187432,0.930399,0.479327,0.472706,1.006642
2026-01-03 11:40:00,0.203119,0.155076,0.155351,0.486204,0.163166,0.495872,0.059012,0.714042,0.710693,0.067422,0.067526,0.047052,0.19386,0.0,0.552212,0.534206,0.528161,0.513808,0.0,0.513808,0.519444,0.216679,0.633889,0.665373,0.422908,0.428679,0.695393,0.599525,0.601605,0.603258,0.796281,0.972145,0.29568,0.15069,0.07832,0.784344,0.201172,0.39362,0.369701,0.596008,0.966808,0.877468,0.21999,0.532007,0.298571,0.942197,0.5999,0.611128,1.027192
2026-01-03 11:50:00,0.26707,0.125036,0.125662,0.530157,0.142559,0.473052,0.061263,0.726291,0.721277,0.070082,0.071927,0.04759,0.262941,0.0,0.578926,0.563182,0.559211,0.545004,0.0,0.545004,0.54955,0.22896,0.655773,0.694067,0.441169,0.452805,0.718322,0.632509,0.63132,0.635356,0.827967,0.983648,0.67605,0.214907,0.068975,0.71832,0.191792,0.410593,0.385032,0.686044,0.972184,0.817726,0.280983,0.460845,0.420687,0.923097,0.630266,0.647901,1.034007
2026-01-03 12:00:00,0.301883,0.094995,0.095974,0.570297,0.131086,0.450232,0.06257,0.735922,0.731849,0.071137,0.074481,0.048781,0.293454,0.0,0.605285,0.59185,0.59013,0.575092,0.0,0.575092,0.578591,0.232991,0.675816,0.720983,0.459062,0.474081,0.739686,0.664653,0.659144,0.667655,0.895059,0.995086,1.05642,0.30551,0.062794,0.626102,0.188867,0.424775,0.400364,0.777291,0.984779,0.757983,0.406809,0.389493,0.518164,0.903998,0.654106,0.676115,1.040317
2026-01-03 12:10:00,0.170094,0.147073,0.148601,0.658186,0.128089,0.725499,0.063292,0.751285,0.759393,0.068249,0.076212,0.050984,0.104946,0.0,0.661104,0.647625,0.644133,0.630193,0.0,0.630193,0.633598,0.193568,0.71419,0.766834,0.506189,0.506458,0.77991,0.724924,0.708186,0.723051,1.003498,1.022053,1.02847,0.34757,0.06139,0.584863,0.20813,0.476633,0.431027,0.815627,1.012833,0.821878,0.855501,0.293271,0.56342,1.038046,0.698404,0.723603,1.0553
2026-01-03 12:20:00,0.161104,0.164147,0.165587,0.594034,0.128455,0.720091,0.063274,0.753385,0.764558,0.068791,0.076193,0.05194,0.057472,0.0,0.687939,0.67475,0.668259,0.657567,0.0,0.657567,0.662222,0.261434,0.744402,0.789375,0.526182,0.529453,0.804424,0.750132,0.730435,0.748939,0.766917,1.047972,1.01154,0.368044,0.059957,0.591952,0.231965,0.541014,0.451912,0.890623,1.021561,0.90203,0.938819,0.317056,0.735677,1.06641,0.71538,0.740465,1.058177
2026-01-03 12:30:00,0.158364,0.18274,0.183987,0.529883,0.129387,0.714684,0.063215,0.755256,0.767988,0.070243,0.07613,0.052916,0.040042,0.0,0.713067,0.700463,0.692413,0.683365,0.0,0.683365,0.690103,0.329301,0.775905,0.811747,0.544586,0.554728,0.828271,0.773029,0.75173,0.773251,0.525393,1.062195,1.0036,0.38835,0.059154,0.599041,0.267899,0.579556,0.474969,0.984835,1.027901,0.950178,1.00015,0.383992,0.893247,1.076452,0.733949,0.759285,1.060395
2026-01-03 12:40:00,0.176604,0.259965,0.26022,0.632727,0.132189,0.725841,0.062205,0.76306,0.772907,0.075586,0.075296,0.05531,0.049581,0.0,0.756785,0.746178,0.746665,0.727607,0.0,0.727607,0.740021,0.172094,0.820448,0.856316,0.578977,0.600294,0.864682,0.814856,0.793271,0.817048,0.519798,0.770386,1.04077,0.42913,0.059754,0.426265,0.3551,0.511355,0.518911,1.07785,1.036153,0.927259,1.116183,0.694519,0.91637,1.069362,0.799091,0.837439,1.065061
2026-01-03 12:50:00,0.15904,0.30723,0.305703,0.615225,0.131082,0.725837,0.062581,0.769389,0.767827,0.075528,0.075004,0.056392,0.057206,0.0,0.777774,0.769606,0.765769,0.7485,0.0,0.7485,0.758339,0.236125,0.841201,0.874446,0.597748,0.617537,0.883763,0.837719,0.818509,0.838168,0.710095,0.927535,1.05882,0.408442,0.059487,0.483008,0.374743,0.496214,0.540882,1.06276,1.037476,0.912421,1.122421,0.550561,0.840902,1.075788,0.81848,0.849875,1.067063
2026-01-03 13:00:00,0.141475,0.329473,0.326929,0.576134,0.128804,0.725825,0.063182,0.773168,0.750661,0.075349,0.074834,0.057599,0.070918,0.0,0.798394,0.792132,0.78343,0.769328,0.0,0.769328,0.775997,0.330428,0.861265,0.890969,0.619584,0.634197,0.902616,0.860407,0.844287,0.859286,0.900392,1.086959,1.06671,0.35127,0.059219,0.552823,0.381785,0.480249,0.562853,1.02087,1.038723,0.886886,1.12429,0.406603,0.765434,1.086579,0.837057,0.861881,1.069384
2026-01-03 13:10:00,0.227066,0.262479,0.265739,0.501592,0.125418,0.60039,0.063609,0.7739,0.358552,0.07372,0.074725,0.061331,0.233659,0.0,0.839288,0.831674,0.823013,0.813041,0.0,0.813041,0.819046,0.38138,0.900476,0.922205,0.681607,0.673897,0.937446,0.901063,0.889159,0.903066,0.85093,1.089519,0.88799,0.10845,0.062487,0.570616,0.294489,0.388386,0.606795,0.839146,1.044578,0.435642,1.069665,0.667383,1.090934,1.09541,0.891132,0.925018,1.078135
2026-01-03 13:20:00,0.286151,0.426831,0.419134,0.435196,0.124697,0.65975,0.063699,0.775653,0.375726,0.072286,0.074906,0.063103,0.401629,0.0,0.856605,0.850865,0.842556,0.833141,0.0,0.833141,0.837555,0.696567,0.917655,0.936676,0.695263,0.695392,0.949239,0.918827,0.90609,0.920013,0.808876,0.991305,1.05827,0.1015,0.062385,0.632554,0.211659,0.39903,0.628766,0.760443,1.049376,0.473439,1.061397,0.916012,1.072155,1.090128,0.993478,0.896443,1.076848
2026-01-03 13:30:00,0.337474,0.591184,0.572528,0.38306,0.124441,0.71911,0.063801,0.778267,0.410198,0.070379,0.075329,0.064782,0.496081,0.0,0.872266,0.869217,0.86024,0.851712,0.0,0.851712,0.855146,0.971464,0.933293,0.949794,0.707053,0.70855,0.960714,0.935604,0.921449,0.933909,0.786755,0.893091,1.22855,0.0952,0.062126,0.681746,0.166412,0.409673,0.650737,0.692105,1.057116,0.581699,1.058637,1.052057,1.021351,1.078647,1.063425,0.867868,1.075561
2026-01-03 13:40:00,0.389243,0.489035,0.498823,0.353142,0.126654,0.703434,0.064774,0.781781,0.457709,0.065742,0.076263,0.067833,0.350522,0.0,0.900222,0.902681,0.887661,0.884232,0.0,0.884232,0.890578,0.820137,0.960823,0.971481,0.7387,0.714632,0.991784,0.968311,0.952129,0.954669,0.958079,1.078095,0.50583,0.03458,0.061382,0.384185,0.22731,0.299639,0.69468,0.584736,1.099691,1.131781,1.072814,0.93495,0.825631,1.058548,0.616754,1.062596,1.082286
2026-01-03 13:50:00,0.40041,0.414092,0.425676,0.377243,0.121718,0.659324,0.064707,0.781748,0.482213,0.064591,0.076982,0.068811,0.476552,0.0,0.917101,0.916695,0.902342,0.900898,0.0,0.900898,0.903703,0.575044,0.96905,0.97644,0.750433,0.734828,1.00233,0.983966,0.966461,0.967507,0.885375,1.068777,0.433942,0.0365,0.061451,0.418451,0.269177,0.363437,0.716651,0.781341,0.860346,1.051815,1.088217,0.659787,0.76577,1.056833,0.772631,0.897318,1.085352
2026-01-03 14:00:00,0.404379,0.338812,0.343855,0.429333,0.116782,0.625875,0.064641,0.78164,0.506309,0.063408,0.077858,0.069645,0.602583,0.0,0.931689,0.927676,0.91662,0.914915,0.0,0.914915,0.915814,0.415184,0.976837,0.980768,0.763004,0.760296,1.00875,0.998117,0.977177,0.976853,0.748864,1.055164,0.382095,0.04137,0.06167,0.496195,0.289658,0.427235,0.738622,0.977947,0.621,0.888323,1.11082,0.460194,0.699804,1.0563,0.928508,0.732039,1.08727
2026-01-03 14:10:00,0.371758,0.235013,0.233916,0.518982,0.120458,0.638461,0.06496,0.779755,0.550953,0.058074,0.079776,0.071265,0.599257,0.0,0.948283,0.941311,0.941375,0.932304,0.0,0.932304,0.941598,0.662609,0.998543,0.992455,0.805592,0.77786,1.013585,1.02065,0.987851,0.98337,0.594009,1.048009,0.25836,0.05576,0.064104,0.652063,0.15488,0.320792,0.782564,0.836465,1.072326,0.650402,1.169152,1.112247,0.38597,1.059694,0.580697,0.929003,1.088447
2026-01-03 14:20:00,0.393939,0.313899,0.312409,0.464729,0.116949,0.642531,0.066107,0.778357,0.574071,0.055649,0.081102,0.072339,0.577947,0.0,0.955596,0.952625,0.950849,0.946925,0.0,0.946925,0.953647,0.75962,1.003646,0.999029,0.813337,0.781565,1.01731,1.028251,0.996389,0.987556,0.731541,1.039834,0.32567,0.061032,0.066607,0.689851,0.143037,0.422248,0.804535,0.808363,0.852766,0.702897,0.98211,1.158992,0.482841,1.060927,0.823919,0.920065,1.088382
2026-01-03 14:30:00,0.44706,0.392785,0.390902,0.410476,0.112405,0.647135,0.067292,0.777533,0.594656,0.05326,0.08264,0.073373,0.559278,0.0,0.959961,0.962555,0.958388,0.958862,0.0,0.958862,0.963755,0.857048,1.008363,1.002038,0.816002,0.785158,1.021058,1.034025,1.003817,0.99186,0.869073,1.024186,0.51019,0.06743,0.068081,0.730269,0.134858,0.523704,0.826506,0.779335,0.633206,0.811566,0.693581,1.173295,0.579713,1.062301,1.089289,0.911126,1.088168
2026-01-03 14:40:00,0.574618,0.271996,0.272769,0.734555,0.110916,0.670054,0.067676,0.77735,0.623936,0.048213,0.085953,0.074789,0.618648,0.0,0.962339,0.971072,0.968905,0.96711,0.0,0.96711,0.977324,1.108799,1.023383,0.995044,0.784154,0.800133,1.026002,1.041947,1.010289,0.999072,0.704863,0.912604,1.26492,0.10437,0.068171,0.954552,0.116865,0.344985,0.870448,0.608306,1.016848,0.975665,0.511885,1.067144,0.396514,1.067825,1.115963,1.150002,1.084982
2026-01-03 14:50:00,0.536029,0.267773,0.269938,0.643793,0.106683,0.6451,0.067326,0.777309,0.639346,0.047039,0.088184,0.073548,0.57924,0.0,0.964271,0.971691,0.972501,0.969163,0.0,0.969163,0.977546,1.107071,1.025375,0.994596,0.799192,0.803672,1.025085,1.045516,1.008298,0.996523,0.719986,0.920491,0.726165,0.156162,0.068911,0.748881,0.102638,0.288349,0.900025,0.686318,0.712141,0.883047,0.517149,1.082724,0.369102,1.071272,1.00188,0.962217,1.08892
2026-01-03 15:00:00,0.452896,0.264071,0.267255,0.55303,0.101663,0.620147,0.066642,0.777255,0.65422,0.045942,0.090756,0.072307,0.530845,0.0,0.965271,0.971881,0.973922,0.970449,0.0,0.970449,0.977609,1.100984,1.026027,0.994134,0.814229,0.804954,1.022408,1.047042,1.004056,0.993974,0.735109,0.941516,0.18741,0.19721,0.069578,0.450547,0.091799,0.266391,0.91439,0.764329,0.407433,0.79043,0.534165,1.113634,0.359118,1.075026,0.81714,0.694981,1.092859
2026-01-03 15:10:00,0.311245,0.237288,0.225517,1.137674,0.098469,0.645981,0.065772,0.76955,0.67992,0.042311,0.096357,0.077085,0.518637,0.0,0.961651,0.966274,0.970938,0.971781,0.0,0.971781,0.975925,0.522731,1.025314,0.983279,0.732305,0.802892,1.007229,1.046437,0.997076,0.997805,0.278324,1.017449,1.30456,0.21023,0.068946,0.297594,0.085266,0.391816,0.705169,0.585214,1.083158,0.90436,0.74351,1.154794,0.35767,1.082587,0.681701,0.566964,1.087629
2026-01-03 15:20:00,0.35793,0.246213,0.240495,0.910005,0.073923,0.674725,0.056539,0.770732,0.694675,0.041174,0.099446,0.078131,0.375405,0.0,0.957777,0.964824,0.966763,0.968749,0.0,0.968749,0.973276,0.713763,1.021827,0.95539,0.669489,0.80286,0.998251,1.044553,0.989934,0.990622,0.295258,1.021485,1.072097,0.248195,0.068982,0.644724,0.094197,0.568524,0.600559,0.45319,1.051643,0.728287,0.819557,1.07093,0.363934,1.09291,0.899965,0.779829,1.08887
2026-01-03 15:30:00,0.404615,0.257688,0.2579,0.571179,0.051966,0.691309,0.048032,0.771914,0.708095,0.040042,0.102739,0.07856,0.228854,0.0,0.95145,0.963087,0.96017,0.961139,0.0,0.961139,0.968188,0.972747,1.016374,0.934698,0.6376,0.802828,0.98896,1.040788,0.980682,0.975893,0.341045,1.022693,0.66489,0.34158,0.069018,0.991853,0.115534,0.825528,0.495948,0.387063,0.962727,0.507516,0.888198,0.90978,0.380194,1.10724,1.118229,1.068819,1.091368
2026-01-03 15:40:00,0.380682,0.26133,0.261012,0.381505,0.093549,0.689776,0.064685,0.771251,0.726358,0.036482,0.109859,0.078656,0.212352,0.0,0.927531,0.945586,0.943977,0.939513,0.0,0.939513,0.946328,1.075955,1.010699,0.957498,0.735997,0.784187,0.971759,1.03083,0.962933,0.954268,0.517021,1.019392,0.2874,0.98583,0.06807,0.804138,0.166343,1.319039,0.286727,0.420689,0.544964,0.445419,1.028074,0.714266,0.432806,1.132187,1.105678,1.184635,1.094837
2026-01-03 15:50:00,0.339438,0.316849,0.312611,0.316966,0.07781,0.621705,0.060921,0.773096,0.733006,0.036885,0.114128,0.076195,0.401686,0.0,0.920489,0.938595,0.933604,0.932961,0.0,0.932961,0.939172,1.060818,1.003518,0.914968,0.707693,0.771909,0.962681,1.023817,0.947075,0.936983,0.32301,1.021477,0.312085,0.705629,0.067685,0.879802,0.16356,1.130394,0.145905,0.44018,0.621825,0.827388,0.918969,0.71547,0.466924,1.145074,1.020918,1.129519,0.776577
2026-01-03 16:00:00,0.307745,0.369258,0.361541,0.291481,0.062071,0.554989,0.057158,0.776076,0.739124,0.037288,0.118467,0.073733,0.59102,0.0,0.913697,0.931305,0.922631,0.926827,0.0,0.926827,0.932058,1.011541,0.991791,0.872438,0.646247,0.760096,0.952542,1.015272,0.93436,0.918497,0.128998,1.026485,0.33677,0.33984,0.067308,0.955465,0.160778,0.782438,0.077506,0.463498,0.798577,1.209357,0.735285,0.719679,0.513688,1.160801,0.938912,1.023324,0.458316
2026-01-03 16:10:00,0.302024,0.257418,0.245536,0.301273,0.074772,0.689787,0.074607,0.778244,0.752254,0.034633,0.126017,0.084081,0.286909,0.0,0.893298,0.910523,0.902762,0.910504,0.0,0.910504,0.910758,0.354597,0.955991,0.903074,0.539045,0.743852,0.926189,0.994514,0.926601,0.891019,0.239064,1.038656,0.33223,0.21544,0.066442,0.646906,0.205774,0.407563,0.099154,0.530907,1.168802,0.986734,0.583841,0.972686,0.701544,1.217088,0.93008,0.893478,1.097212
2026-01-03 16:20:00,0.348173,0.192237,0.187845,0.392201,0.075135,0.624565,0.073157,0.771724,0.757093,0.034625,0.130417,0.085224,0.297846,0.0,0.879626,0.899528,0.889515,0.900475,0.0,0.900475,0.897587,0.673914,0.93791,0.899072,0.525084,0.741999,0.906032,0.977401,0.903467,0.872242,0.32127,1.051177,0.269928,0.143173,0.066435,0.396985,0.200546,0.455003,0.109979,0.649891,1.037332,1.047123,0.483638,0.717364,0.741647,1.0,0.836042,0.774593,0.868908
2026-01-03 16:30:00,0.394322,0.148849,0.149652,0.475045,0.075241,0.559343,0.071706,0.765204,0.759045,0.034617,0.135183,0.086046,0.308783,0.0,0.86429,0.887083,0.875784,0.88839,0.0,0.88839,0.88349,0.993231,0.919279,0.887146,0.513177,0.740087,0.884484,0.959883,0.872403,0.852026,0.411048,1.058209,0.21148,0.09104,0.066427,0.267704,0.195318,0.502444,0.120803,0.812765,0.763541,1.107512,0.435247,0.462042,0.755869,0.638291,0.709192,0.678558,0.640604
2026-01-03 16:40:00,0.276517,0.124316,0.124229,0.474239,0.070679,0.664822,0.073703,0.769174,0.757344,0.032718,0.145346,0.087918,0.227368,0.0,0.833237,0.853451,0.853175,0.85507,0.0,0.85507,0.856151,0.651568,0.87918,0.810961,0.46994,0.718622,0.851027,0.93733,0.845076,0.816133,0.562063,1.00922,0.49107,0.05315,0.049618,0.489622,0.203274,0.382736,0.142451,1.031214,0.342608,0.913493,1.061551,0.646264,0.640654,0.349177,0.642961,0.620299,1.091076
2026-01-03 16:50:00,0.261654,0.172149,0.170138,0.736573,0.072808,0.659426,0.05248,0.776942,0.757584,0.032248,0.143384,0.087008,0.129684,0.0,0.818385,0.83586,0.834575,0.841564,0.0,0.841564,0.842311,0.707671,0.862493,0.597484,0.469586,0.706087,0.829251,0.862066,0.825934,0.800332,0.506777,1.029162,0.350755,0.060985,0.056038,0.904294,0.201207,0.375577,0.139362,1.172575,0.717932,0.821712,1.111562,0.880171,0.825415,0.337936,0.661362,0.700195,1.089435
2026-01-03 17:00:00,0.25423,0.219982,0.216047,0.998908,0.074937,0.65403,0.031256,0.782302,0.757823,0.03178,0.138395,0.084759,0.071872,0.0,0.801639,0.818286,0.813679,0.827115,0.0,0.827115,0.827324,0.763774,0.844617,0.435761,0.469228,0.691228,0.805804,0.802807,0.804108,0.783556,0.420404,1.049105,0.21044,0.06882,0.063092,1.186644,0.194811,0.373417,0.133004,1.240339,1.093255,0.781912,1.127011,1.060553,1.010175,0.334629,0.695559,0.780091,1.087793
2026-01-03 17:10:00,0.248235,0.212798,0.208308,0.401873,0.070197,0.684085,0.0653,0.770556,0.750644,0.029896,0.123495,0.078718,0.088714,0.0,0.751388,0.784768,0.779391,0.783071,0.0,0.783071,0.79014,0.695968,0.791468,0.682247,0.311732,0.649876,0.762003,0.860519,0.759999,0.737974,0.363765,0.633808,0.73526,0.05494,0.063862,1.152982,0.141824,0.411063,0.123557,1.239994,1.056293,1.036985,0.816947,1.119727,0.513782,0.821408,0.733212,0.752766,1.089916
2026-01-03 17:20:00,0.208275,0.22846,0.226283,0.533554,0.069543,0.687773,0.070527,0.771841,0.744331,0.029749,0.134682,0.08315,0.061683,0.0,0.727902,0.759438,0.755153,0.759376,0.0,0.759376,0.765682,0.674958,0.766379,0.741828,0.377414,0.636609,0.741135,0.849519,0.733271,0.706011,0.298733,0.5857,0.834388,0.062471,0.062837,0.771921,0.166492,0.461018,0.17142,1.218444,1.078707,0.860645,0.643331,1.115872,0.416237,0.607193,0.730929,0.763942,1.090565
2026-01-03 17:30:00,0.151669,0.244122,0.244258,0.665236,0.068797,0.68979,0.072276,0.773126,0.736485,0.029704,0.145869,0.087582,0.034652,0.0,0.703424,0.731985,0.727124,0.73559,0.0,0.73559,0.740089,0.649555,0.742233,0.763508,0.443096,0.624297,0.718422,0.82303,0.705105,0.674092,0.260812,0.544735,0.912545,0.081,0.060456,0.419084,0.218026,0.491591,0.219283,1.163463,1.10112,0.668857,0.56396,1.102569,0.377435,0.36511,0.723539,0.775118,1.090815
2026-01-03 17:40:00,0.111967,0.16216,0.163789,0.374689,0.046907,0.691913,0.066051,0.763735,0.720719,0.030869,0.102256,0.08582,0.043298,0.0,0.644408,0.687257,0.668781,0.690924,0.0,0.690924,0.696282,0.457727,0.696214,0.673532,0.337295,0.593974,0.657283,0.758211,0.65165,0.628739,0.26174,0.386922,1.08983,0.12995,0.055291,0.957255,0.298003,0.458396,0.137864,0.990125,0.987648,0.650309,0.814966,0.604421,0.369258,0.330373,0.631087,0.727097,1.08147
2026-01-03 17:50:00,0.116289,0.131154,0.133446,0.383863,0.051217,0.695979,0.064333,0.756211,0.707414,0.030912,0.119587,0.08484,0.063599,0.0,0.629058,0.662848,0.646792,0.665241,0.0,0.665241,0.669667,0.357967,0.674247,0.644008,0.296492,0.579766,0.626917,0.724634,0.627688,0.60515,0.244653,0.543798,0.701255,0.144585,0.056807,0.625922,0.296838,0.598519,0.135092,1.068213,1.045409,0.624732,0.997077,0.717723,0.369462,0.512815,0.606035,0.725704,1.078402
2026-01-03 18:00:00,0.124297,0.105865,0.10818,0.393037,0.055526,0.698768,0.062144,0.750284,0.691963,0.030955,0.136918,0.083597,0.078323,0.0,0.612805,0.635604,0.623644,0.637159,0.0,0.637159,0.638741,0.31342,0.651397,0.608661,0.279823,0.562586,0.5967,0.69484,0.603128,0.579284,0.212195,0.700674,0.21598,0.1518,0.058323,0.294589,0.294894,0.738641,0.133233,1.1463,1.103171,0.575647,1.087803,0.831026,0.369665,0.829527,0.576078,0.724261,1.075467
2026-01-03 18:10:00,0.133035,0.067887,0.068026,0.244049,0.03167,0.679719,0.028476,0.74639,0.665011,0.03195,0.04352,0.078965,0.025368,0.0,0.533823,0.567511,0.551197,0.574761,0.0,0.574761,0.561489,0.344971,0.597829,0.380778,0.30546,0.494796,0.536682,0.652851,0.544275,0.514622,0.174109,0.499761,0.08222,0.15476,0.053336,0.390957,0.293332,0.520168,0.128601,1.002057,1.084005,0.322898,0.626616,0.723536,0.31563,1.115441,0.30498,0.326028,1.067704
2026-01-03 18:20:00,0.149734,0.064388,0.064151,0.219247,0.046349,0.632647,0.035064,0.738529,0.648871,0.032564,0.093654,0.079567,0.016766,0.0,0.512033,0.539625,0.526304,0.550562,0.0,0.550562,0.543757,0.325327,0.566094,0.42002,0.292444,0.480383,0.507187,0.625948,0.51933,0.485472,0.160944,0.580931,0.085619,0.161359,0.048726,0.48246,0.251091,0.654142,0.126286,1.021144,1.068716,0.272454,0.501408,0.562645,0.30477,1.087517,0.297024,0.294856,1.066463
2026-01-03 18:30:00,0.161179,0.063292,0.062932,0.210841,0.061027,0.598059,0.041652,0.724129,0.6304,0.032854,0.143789,0.080169,0.013863,0.0,0.491775,0.512866,0.504395,0.526801,0.0,0.526801,0.527093,0.300299,0.533182,0.459262,0.259833,0.466233,0.476493,0.595865,0.493282,0.457226,0.14741,0.744108,0.09619,0.16608,0.046231,0.532457,0.208173,0.788116,0.12397,1.040231,1.051879,0.254796,0.454648,0.46027,0.292003,1.059592,0.28922,0.267347,1.064947
2026-01-03 18:40:00,0.08593,0.069664,0.068901,0.444244,0.058462,0.61528,0.027881,0.684358,0.585584,0.032427,0.079555,0.067041,0.016176,0.0,0.43448,0.454897,0.460695,0.468813,0.0,0.468813,0.46983,0.292689,0.471969,0.394599,0.167766,0.404681,0.406599,0.532473,0.423274,0.39987,0.104517,0.970017,0.18745,0.15151,0.049945,0.313351,0.205801,0.343881,0.119339,1.037673,1.024823,0.275401,0.655767,0.588032,0.099458,1.064476,0.110564,0.11623,0.695201
2026-01-03 18:50:00,0.105021,0.061444,0.060991,0.366292,0.03487,0.613051,0.019293,0.667274,0.564256,0.031163,0.129533,0.063138,0.015396,0.0,0.396875,0.421939,0.427926,0.434151,0.0,0.434151,0.435107,0.269421,0.438596,0.359963,0.169764,0.362492,0.375288,0.502999,0.394321,0.36873,0.104948,0.915589,0.186475,0.138492,0.049488,0.314745,0.19875,0.447424,0.117024,1.054529,1.008594,0.220309,0.500582,0.583387,0.054832,0.960326,0.120508,0.137529,0.835313
2026-01-03 19:00:00,0.124111,0.053224,0.05308,0.273138,0.013394,0.605739,0.015181,0.645738,0.54232,0.028467,0.17951,0.059437,0.013519,0.0,0.359026,0.387506,0.390122,0.397339,0.0,0.397339,0.398256,0.246374,0.403055,0.326143,0.173877,0.329226,0.342123,0.473311,0.365288,0.338271,0.106364,0.786565,0.18314,0.12271,0.048277,0.316139,0.193335,0.550967,0.114708,1.071385,0.993918,0.165218,0.345397,0.568564,0.038738,0.856175,0.147563,0.182301,0.975425
2026-01-03 19:10:00,0.08548,0.061842,0.061227,0.25308,0.051413,0.499067,0.015119,0.530153,0.492385,0.019157,0.169926,0.048995,0.00893,0.0,0.300381,0.319345,0.316763,0.324961,0.0,0.324961,0.327016,0.239151,0.325502,0.266918,0.179988,0.303163,0.254332,0.408143,0.294517,0.28539,0.127225,0.487474,0.08334,0.09359,0.043997,0.274329,0.251627,0.44954,0.110077,1.034488,0.975051,0.184811,0.543781,0.408173,0.067523,0.961584,0.254474,0.2531,0.934475
2026-01-03 19:20:00,0.091186,0.082758,0.082227,0.225563,0.04926,0.420623,0.013024,0.477134,0.463066,0.014128,0.10032,0.043996,0.008861,0.0,0.268016,0.283821,0.283065,0.293155,0.0,0.293155,0.295472,0.298184,0.283452,0.235614,0.175976,0.268921,0.234229,0.375894,0.268016,0.255113,0.108126,0.322025,0.046585,0.083242,0.040982,0.288234,0.208455,0.430352,0.107761,1.029637,0.959272,0.198784,0.758692,0.388661,0.059575,0.952716,0.282504,0.252294,0.881394
2026-01-03 19:30:00,0.106619,0.098056,0.09782,0.208539,0.043572,0.348692,0.00864,0.425477,0.431034,0.009704,0.038439,0.04182,0.008791,0.0,0.236362,0.251015,0.250619,0.262315,0.0,0.262315,0.26433,0.357217,0.245252,0.20472,0.165236,0.226465,0.216291,0.343406,0.243184,0.225454,0.089027,0.246682,0.03176,0.0735,0.039494,0.323867,0.130472,0.411776,0.105446,1.026149,0.934705,0.205706,0.881556,0.382348,0.051627,0.934299,0.292889,0.249607,0.802576
2026-01-03 19:40:00,0.165977,0.07626,0.074819,0.341351,0.023815,0.270351,0.001349,0.320786,0.361595,0.003848,0.179756,0.046126,0.0,0.0,0.1823,0.200045,0.187049,0.198015,0.0,0.198015,0.196527,0.258633,0.190482,0.148307,0.125688,0.169597,0.164429,0.276391,0.18849,0.176398,0.095656,0.538243,0.07115,0.05068,0.042305,0.433487,0.051404,0.326879,0.100815,1.018789,0.823459,0.195091,0.828444,0.488016,0.05238,0.906225,0.201082,0.200406,0.628381
2026-01-03 19:50:00,0.249067,0.058417,0.057365,0.32233,0.016157,0.208044,0.000335,0.265303,0.3248,0.002509,0.178883,0.034528,0.0,0.0,0.161519,0.170614,0.17028,0.175175,0.0,0.175175,0.172876,0.208648,0.168316,0.123592,0.113074,0.157564,0.143798,0.240617,0.162758,0.150491,0.08111,0.567486,0.065185,0.053652,0.042646,0.431988,0.036632,0.328727,0.098499,0.98536,0.765752,0.168761,0.652791,0.436377,0.052364,0.865545,0.168989,0.170738,0.548641
2026-01-03 20:00:00,0.300812,0.042909,0.04257,0.279675,0.011512,0.139584,0.0,0.209914,0.285073,0.001541,0.175977,0.022929,0.0,0.0,0.141479,0.141746,0.156147,0.153702,0.0,0.153702,0.151211,0.162522,0.146672,0.101883,0.101199,0.146089,0.124465,0.204108,0.137919,0.125335,0.062776,0.57673,0.05922,0.05977,0.042756,0.42683,0.031524,0.330576,0.096184,0.918153,0.705856,0.139384,0.492891,0.329405,0.052348,0.792917,0.144219,0.143631,0.471369
2026-01-03 20:10:00,0.077441,0.029762,0.029878,0.197301,0.008457,0.029884,0.0,0.105883,0.192119,0.0,0.124495,0.023482,0.0,0.0,0.094699,0.094238,0.125245,0.103572,0.0,0.103572,0.103509,0.089103,0.096816,0.067091,0.070498,0.101448,0.084192,0.131826,0.090039,0.081316,0.057484,0.41224,0.0718,0.06886,0.029394,0.25051,0.033035,0.272065,0.091553,0.770364,0.577842,0.122168,0.464669,0.167524,0.055428,0.534136,0.109799,0.108036,0.316773
2026-01-03 20:20:00,0.049663,0.022768,0.022979,0.165102,0.007199,0.012614,0.0,0.056604,0.130982,0.0,0.08916,0.023758,0.001456,0.0,0.073747,0.071622,0.109793,0.079304,0.0,0.079304,0.079023,0.062748,0.075879,0.054426,0.056723,0.083543,0.065923,0.106889,0.070218,0.062363,0.050066,0.335582,0.055096,0.076557,0.022652,0.177263,0.031393,0.234975,0.089237,0.662355,0.456284,0.10748,0.443055,0.183013,0.049915,0.529636,0.093713,0.08844,0.246258
2026-01-03 20:30:00,0.036448,0.015926,0.016156,0.1348,0.005943,0.004584,0.0,0.023686,0.073827,0.0,0.053602,0.024034,0.002912,0.0,0.056391,0.052618,0.094342,0.058534,0.0,0.058534,0.057752,0.044456,0.056663,0.0439,0.044228,0.067226,0.049176,0.085039,0.052217,0.045675,0.038742,0.264421,0.03736,0.0806,0.016934,0.146701,0.02743,0.200575,0.086921,0.561019,0.324686,0.08832,0.411183,0.198502,0.044401,0.5251,0.076454,0.067274,0.176816
2026-01-03 20:40:00,0.027186,0.003808,0.003966,0.069872,0.002905,0.0,0.0,0.0,0.000736,0.0,0.000938,0.024587,0.002302,0.0,0.032958,0.027432,0.06344,0.030124,0.0,0.030124,0.029124,0.025574,0.020702,0.026747,0.022906,0.035992,0.020091,0.042139,0.019042,0.018345,0.013663,0.139811,0.03615,0.05952,0.009582,0.173309,0.01765,0.155874,0.08229,0.443229,0.154825,0.04263,0.278479,0.182802,0.054897,0.14301,0.031052,0.019692,0.031018
2026-01-03 20:50:00,0.019751,0.001009,0.001056,0.033174,0.001234,0.0,0.0,0.0,0.000162,0.0,0.000208,0.024863,0.001413,0.0,0.022438,0.017602,0.047989,0.018454,0.0,0.018454,0.018271,0.017341,0.013116,0.018537,0.012557,0.023045,0.014137,0.027459,0.011792,0.011413,0.005143,0.090819,0.027917,0.045535,0.006776,0.188255,0.011107,0.115802,0.080306,0.36633,0.145927,0.033778,0.290008,0.16434,0.052498,0.081334,0.019089,0.013899,0.014737
2026-01-03 21:00:00,0.011799,0.0,0.0,0.010421,0.000294,0.0,0.0,0.0,0.0,0.0,0.0,0.025139,0.000775,0.0,0.014458,0.010086,0.032538,0.010129,0.0,0.010129,0.010164,0.013857,0.008165,0.011516,0.005576,0.013147,0.009848,0.016898,0.006953,0.006694,0.001118,0.053851,0.01726,0.03283,0.004333,0.195094,0.006666,0.077649,0.077659,0.27499,0.137353,0.026498,0.301536,0.136497,0.047024,0.053059,0.011803,0.010188,0.006677
2026-01-03 21:10:00,2.4e-05,0.0,0.0,0.0,0.0,0.0,0.0,0.0,0.0,0.0,0.0,0.025692,0.000673,0.0,0.005898,0.000777,0.001636,0.001902,0.0,0.001902,0.000471,0.013958,0.001818,0.00183,0.000536,0.001514,0.002616,0.004448,0.000522,0.000686,0.0,0.009884,0.011675,0.01786,0.0,0.034782,0.00441,0.040156,0.058312,0.050565,0.031422,0.008101,0.206057,0.065,0.03585,0.037969,0.005074,0.004262,0.0
2026-01-03 21:20:00,5e-06,0.0,0.0,0.0,0.0,0.0,0.000288,0.0,0.0,0.0,0.0,0.025968,0.000299,0.0,0.004817,0.000181,0.000987,0.000969,0.0,0.000969,0.000419,0.014008,0.001049,0.000455,0.000127,0.000363,0.001523,0.002342,0.000121,0.000163,0.000787,0.002505,0.008903,0.012852,0.0,0.024328,0.004971,0.031887,0.048638,0.026986,0.009429,0.003686,0.105035,0.049931,0.024282,0.02126,0.003221,0.003117,0.0
2026-01-03 21:30:00,0.0,0.0,0.0,0.0,0.0,0.0,0.000766,0.0,0.0,0.0,0.0,0.026245,0.0,0.0,0.004466,0.0,0.0008,0.000655,0.0,0.000655,0.000404,0.014059,0.0008,0.0,0.0,0.0,0.001101,0.001374,0.0,0.0,0.001575,0.0,0.00609,0.00856,0.0,0.017867,0.005532,0.025095,0.038964,0.014726,0.001041,0.001398,0.030571,0.037668,0.014392,0.00751,0.001932,0.002203,0.0
2026-01-03 21:40:00,0.0,0.0,0.0,0.0,0.0,0.0,0.001146,0.0,0.0,0.0,0.0,0.026797,0.0,0.0,0.004487,0.000513,0.0008,0.000629,0.0,0.000629,0.001275,0.014159,0.0008,0.000101,0.0,0.0,0.001,0.000868,0.0,3.1e-05,0.000207,0.0,0.00019,0.00042,0.0,0.006481,0.000344,0.009417,0.019617,0.002784,0.0,0.0,0.003776,0.009242,0.00821,0.00049,0.000297,8.4e-05,0.0
2026-01-03 21:50:00,0.0,0.0,0.0,0.0,0.0,0.0,0.001422,0.0,0.0,0.0,0.0,0.027074,0.0,0.0,0.004517,0.000312,0.0008,0.000529,0.0,0.000529,0.000951,0.01421,0.000842,5.1e-05,0.0,0.0,0.001075,0.000912,0.0,1.6e-05,5e-05,0.0,4.3e-05,9.6e-05,0.0,0.001896,0.000485,0.003143,0.006603,0.000709,0.0,0.0,0.000912,0.002461,0.003068,0.000113,7.3e-05,1.9e-05,0.0
2026-01-03 22:00:00,0.0,0.0,0.0,0.0,0.0,0.0,0.001559,0.0,0.0,0.0,0.0,0.02735,0.0,0.0,0.004536,0.000111,0.0008,0.000447,0.0,0.000447,0.000627,0.01426,0.000883,0.0,0.0,0.0,0.00115,0.000957,0.0,0.0,0.0,0.0,0.0,0.0,0.0,0.0,0.000627,0.000335,0.000269,0.0,0.0,0.0,0.0,0.0,0.000221,0.0,0.0,0.0,0.0
2026-01-03 22:10:00,0.0,0.0,0.0,0.0,0.0,0.0,0.0,0.0,0.0,0.0,0.0,0.027903,0.0,0.0,0.0044,0.00035,0.0008,0.000456,0.0,0.000456,0.000699,0.014361,0.0008,0.0,0.0,0.0,0.001094,0.000851,0.0,0.0,0.0,0.0,0.0,0.0,0.0,0.0,0.000355,0.0,0.000251,0.0,0.0,0.0,0.0,0.0,0.0,0.0,0.000252,0.0,0.0
2026-01-03 22:20:00,0.0,0.0,0.0,0.0,0.0,0.0,0.0,0.0,0.0,0.0,0.0,0.028179,0.0,0.0,0.0044,0.000266,0.0008,0.000428,0.0,0.000428,0.00051,0.014411,0.0008,0.0,0.0,0.0,0.001095,0.000854,0.0,0.0,0.0,0.0,0.0,0.0,0.0,0.0,0.000161,0.0,0.000242,0.0,0.0,0.0,0.0,0.0,0.0,0.0,0.000126,0.0,0.0
2026-01-03 22:30:00,0.0,0.0,0.0,0.0,0.0,0.0,0.0,0.0,0.0,0.0,0.0,0.028455,0.0,0.0,0.0044,0.000123,0.0008,0.0004,0.0,0.0004,0.000267,0.014462,0.0008,0.0,0.0,0.0,0.001097,0.000863,0.0,0.0,0.0,0.0,0.0,0.0,0.0,0.0,6.5e-05,0.0,0.000233,0.0,0.0,0.0,0.0,0.0,0.0,0.0,0.0,0.0,0.0
2026-01-03 22:40:00,0.0,0.0,0.0,0.0,0.0,0.0,3.8e-05,0.0,0.0,0.0,0.0,0.029008,0.0,0.0,0.004572,0.0,0.0008,0.0004,0.0,0.0004,0.00019,0.014562,0.0008,0.0,0.0,0.0,0.00097,0.001088,0.0,0.0,0.0,0.0,0.0,0.0,0.0,0.0,0.000217,0.0,0.000214,0.0,0.0,0.0,0.0,0.0,0.0,0.0,0.0,0.0,0.0
2026-01-03 22:50:00,0.0,0.0,0.0,0.0,1e-05,0.0,1.9e-05,0.000367,0.0,0.0,0.0,0.029284,0.0,0.0,0.004556,0.0,0.0008,0.000461,0.0,0.000461,0.000291,0.014613,0.0008,0.0,0.0,0.0,0.000999,0.000944,0.0,0.0,0.0,0.0,0.0,0.0,0.0,0.0,0.000401,0.0,0.000205,0.0,0.0,0.0,0.0,0.0,0.0,0.0,0.0,0.0,0.0
2026-01-03 23:00:00,0.0,0.0,0.0,0.0,1.9e-05,0.0,0.0,0.000734,0.0,0.0,0.0,0.029561,0.0,0.0,0.004518,0.0,0.0008,0.000521,0.0,0.000521,0.000411,0.014663,0.0008,0.0,0.0,0.0,0.001028,0.0008,0.0,0.0,0.0,0.0,0.0,0.0,0.0,0.0,0.0006,0.0,0.000196,0.0,0.0,0.0,0.0,0.0,0.0,0.0,0.0,0.0,0.0
2026-01-03 23:10:00,0.0,0.0,0.0,0.0,0.0,0.0,0.000166,0.0,0.0,0.0,0.0,0.030113,0.0,0.0,0.0044,0.0,0.0008,0.00044,0.0,0.00044,0.000438,0.014764,0.000893,0.0,0.0,0.0,0.000903,0.001007,0.0,0.0,0.0,0.0,0.0,0.0,0.0,0.0,0.000804,0.0,0.000178,0.0,0.0,0.0,0.0,0.0,0.0,0.0,4.3e-05,0.0,0.0
2026-01-03 23:20:00,0.0,0.0,0.0,0.0,0.0,0.0,8.3e-05,2e-05,0.0,0.0,0.0,0.030389,0.0,0.0,0.004335,0.0,0.0008,0.000478,0.0,0.000478,0.000219,0.014814,0.000846,0.0,0.0,0.0,0.000977,0.00109,0.0,3.1e-05,0.0,0.0,0.0,0.0,0.0,0.0,0.000587,0.0,0.000178,0.0,0.0,0.0,0.0,0.0,0.0,0.0,0.000483,9.1e-05,0.0
2026-01-03 23:30:00,0.0,0.0,0.0,0.0,0.0,0.0,0.0,4e-05,0.0,0.0,0.0,0.030666,0.0,0.0,0.004306,0.0,0.0008,0.000516,0.0,0.000516,0.0,0.014865,0.0008,0.0,0.0,0.0,0.001051,0.001124,0.0,6.2e-05,0.0,0.0,0.0,0.0,0.0,0.0,0.000371,0.0,0.000179,0.0,0.0,0.0,0.0,0.0,0.0,0.0,0.000888,0.000182,0.0
2026-01-03 23:40:00,0.0,0.0,0.0,0.0,0.00036,0.0,0.0,0.0,0.0,0.0,0.0,0.031218,0.0,0.0,0.0044,0.000554,0.0008,0.000498,0.0,0.000498,0.0,0.014965,0.0008,0.0,0.0,0.0,0.000919,0.000965,0.0,0.0,0.0,0.0,6e-05,0.0,0.0,0.0,0.000478,0.0,0.000181,0.0,0.0,0.0,0.0,0.0,0.0,0.0,0.000299,0.0,0.0
2026-01-03 23:50:00,0.0,0.0,0.0,0.0,0.00018,0.0,0.0,0.0,0.0,0.0,0.0,0.031495,0.0,0.0,0.004517,0.000379,0.0008,0.000527,0.0,0.000527,0.000224,0.015016,0.0008,0.0,0.0,0.0,0.000976,0.000938,0.0,0.0,0.0,0.0,3e-05,0.0,0.0,0.0,0.000528,0.0,0.000181,0.0,0.0,0.0,0.0,0.0,0.0,0.0,8.6e-05,0.0,0.0
2026-01-04 00:00:00,0.0,0.0,0.0,0.0,0.0,0.0,0.0,0.0,0.0,0.0,0.0,0.031771,0.0,0.0,0.004587,0.000128,0.0008,0.000555,0.0,0.000555,0.000447,0.015066,0.0008,0.0,0.0,0.0,0.001033,0.000917,0.0,0.0,0.0,0.0,0.0,0.0,0.0,0.0,0.00055,0.0,0.000182,0.0,0.0,0.0,0.0,0.0,0.0,0.0,0.0,0.0,0.0
2026-01-04 00:10:00,0.0,0.0,0.0,0.0,6.5e-05,0.0,0.0,0.0,0.0,0.0,0.0,0.032324,0.0,0.0,0.0044,0.0,0.0008,0.0,0.0,0.0,0.000375,0.015167,0.0008,0.0,0.0,0.0,0.000983,0.000864,0.0,5.3e-05,0.0,0.0,0.0,0.0,0.0,0.0,0.000431,0.0,0.000184,0.0,0.0,0.0,0.0,0.0,0.0,0.0,0.0,0.0,0.0
2026-01-04 00:20:00,0.0,0.0,0.0,0.0,0.000124,0.0,0.0,0.0,0.0,0.0,0.0,0.0326,0.0,0.0,0.004445,0.0,0.0008,5.9e-05,0.0,5.9e-05,0.000407,0.015217,0.0008,0.0,0.0,0.0,0.001027,0.000886,0.0,2.7e-05,0.0,0.0,0.0,0.0,0.0,0.0,0.000459,0.0,0.000184,0.0,0.0,0.0,0.0,0.0,0.0,0.0,0.0,0.0,0.0
2026-01-04 00:30:00,0.0,0.0,0.0,0.0,0.00022,0.0,0.0,0.0,0.0,0.0,0.0,0.032876,0.0,0.0,0.004516,0.0,0.0008,0.000212,0.0,0.000212,0.00044,0.015268,0.0008,0.0,0.0,0.0,0.001098,0.000909,0.0,0.0,0.0,0.0,0.0,0.0,0.0,0.0,0.000538,0.0,0.000185,0.0,0.0,0.0,0.0,0.0,0.0,0.0,0.0,0.0,0.0
2026-01-04 00:40:00,0.0,0.0,0.0,0.0,0.000713,0.0,0.0,0.0,0.0,0.0,0.0,0.033429,0.0,0.0,0.004563,0.000135,0.0008,0.000697,0.0,0.000697,0.000374,0.015368,0.001061,5e-05,0.0,0.0,0.00115,0.0008,0.0,0.0,0.0,0.0,0.0,0.0,0.0,0.0,0.000899,0.0,0.000187,0.0,0.0,0.0,0.0,0.0,0.0,0.0,0.0,0.0,0.0
2026-01-04 00:50:00,0.0,0.0,0.0,0.0,0.000676,0.0,0.0,0.0,0.0,0.0,0.0,0.033705,0.0,0.0,0.004623,0.000466,0.0008,0.000481,0.0,0.000481,0.000465,0.015419,0.000931,2.5e-05,0.0,0.0,0.00115,0.000945,0.0,0.0,0.0,0.0,0.0,0.0,7.5e-05,0.0,0.00085,0.0,0.000187,0.0,0.0,0.0,0.0,0.0,0.0,0.0,0.0,0.0,0.0
2026-01-04 01:00:00,0.0,0.0,0.0,0.0,0.000569,0.0,0.0,0.0,0.0,0.0,0.0,0.033982,0.0,0.0,0.004659,0.000708,0.0008,0.000265,0.0,0.000265,0.000709,0.015469,0.0008,0.0,0.0,0.0,0.00115,0.00109,0.0,0.0,0.0,0.0,0.0,0.0,0.000151,0.0,0.000711,0.0,0.000188,0.0,0.0,0.0,0.0,0.0,0.0,0.0,0.0,0.0,0.0
2026-01-04 01:10:00,0.0,0.0,0.0,0.0,0.0,0.0,0.0,0.0,0.0,0.0,0.0,0.034534,0.0,0.0,0.0044,0.0,0.0008,0.000685,0.0,0.000685,0.001614,0.01557,0.0008,0.0,0.0,0.0,0.00109,0.0008,0.0,0.0,0.0,0.0,0.0,0.0,0.0,0.0,0.0,0.0,0.00019,0.0,0.0,0.0,0.0,0.0,0.0,0.0,0.0,0.0,0.0
2026-01-04 01:20:00,0.0,0.0,0.0,0.0,0.0,0.0,0.0,0.0,0.0,0.0,0.0,0.034811,0.0,0.0,0.00428,6e-05,0.0008,0.000613,0.0,0.000613,0.001235,0.01562,0.0008,0.0,0.002487,0.0,0.001009,0.000858,0.0,0.0,0.0,0.0,0.0,0.0,0.0,0.0,4.4e-05,0.0,0.00019,0.0,0.0,0.0,0.0,0.0,0.0,0.0,0.0,0.0,0.0
2026-01-04 01:30:00,0.0,0.0,0.0,0.0,0.0,0.0,0.0,0.0,0.0,0.0,0.0,0.035087,0.0,0.0,0.004228,0.00012,0.0008,0.000481,0.0,0.000481,0.000856,0.015671,0.0008,0.0,0.007607,0.0,0.000959,0.000917,0.0,0.0,0.0,0.0,0.0,0.0,0.0,0.0,0.000162,0.0,0.000191,0.0,0.0,0.0,0.0,0.0,0.0,0.0,0.0,0.0,0.0
2026-01-04 01:40:00,0.0,0.0,0.0,0.0,0.0,0.0,0.0,0.0,0.0006,0.0,0.0,0.035639,0.0,0.0,0.004595,0.0,0.0008,0.000343,0.0,0.000343,0.00092,0.015771,0.0008,0.0,0.015215,0.0,0.00115,0.0008,0.0,0.0,0.000137,0.0,4e-05,0.0,0.0,0.0,0.000611,0.0,0.000193,0.0,0.0,0.0,0.0,0.0,0.0,0.0,0.0,0.0,0.0
2026-01-04 01:50:00,0.0,0.0,0.0,0.0,0.0,0.0,0.0,0.0,0.0003,0.0,0.0,0.035916,0.0,0.0,0.004378,6.1e-05,0.0008,0.000134,0.0,0.000134,0.00046,0.015822,0.0008,0.0,0.019018,0.0,0.00115,0.000873,0.0,0.0,8.6e-05,0.0,2e-05,0.0,0.0,0.0,0.000763,0.0,0.000193,0.0,0.0,0.0,0.0,0.0,0.0,0.0,0.0,0.0,0.0
2026-01-04 02:00:00,0.0,0.0,0.0,0.0,0.0,0.0,0.0,0.0,0.0,0.0,0.0,0.036192,0.0,0.0,0.004162,0.000123,0.0008,0.0,0.0,0.0,0.0,0.015872,0.0008,0.0,0.022822,0.0,0.00115,0.000945,0.0,0.0,2.1e-05,0.0,0.0,0.0,0.0,0.0,0.000822,0.0,0.000194,0.0,0.0,0.0,0.0,0.0,0.0,0.0,0.0,0.0,0.0
2026-01-04 02:10:00,0.0,0.0,0.0,0.0,0.0,0.0,0.0,0.0,0.0,0.0,0.0,0.036745,0.0,0.0,0.0044,0.0,0.0008,0.000603,0.0,0.000603,0.000809,0.015973,0.0008,0.000132,0.030429,0.0,0.001094,0.000863,0.0,0.0,0.0,0.0,0.0,0.0,0.0,0.0,0.000637,0.0,0.000196,0.0,0.0,0.0,0.0,0.0,0.0,0.0,0.0,0.0,0.0
2026-01-04 02:20:00,0.0,0.0,0.0,0.0,0.0,0.0,0.0,0.0,0.0,0.0,0.0,0.037021,0.0,0.0,0.004441,0.0,0.0008,0.000962,0.0,0.000962,0.001132,0.016023,0.00084,6.6e-05,0.034233,0.0,0.001122,0.000881,0.0,7e-06,0.0,0.0,0.0,0.0,0.0,0.0,0.000313,0.0,0.000196,0.0,0.0,0.0,0.0,0.0,0.0,0.0,0.0,0.0,0.0
2026-01-04 02:30:00,0.0,0.0,0.0,0.0,0.0,0.0,0.0,0.0,0.0,0.0,0.0,0.037297,0.0,0.0,0.004455,0.0,0.0008,0.001129,0.0,0.001129,0.001266,0.016074,0.00088,0.0,0.038037,0.0,0.00115,0.00092,0.0,2.3e-05,0.0,0.0,0.0,0.0,0.0,0.0,9.7e-05,0.0,0.000197,0.0,0.0,0.0,0.0,0.0,0.0,0.0,0.0,0.0,0.0
2026-01-04 02:40:00,9.2e-05,0.0,0.0,0.0,0.0,0.0,0.0,0.0,0.0,0.0,0.0,0.03785,0.0,0.0,0.0044,0.0,0.0008,0.000744,0.0,0.000744,0.000374,0.016174,0.000843,0.0,0.045644,0.0,0.000968,0.000988,0.0,6.7e-05,0.0,0.0,0.0,0.0,0.0,0.0,0.000299,0.0,0.000199,0.0,0.0,0.0,0.0,0.0,0.0,0.0,0.0,0.0,0.0
2026-01-04 02:50:00,4.6e-05,0.0,0.0,0.0,0.0,0.0,0.0,0.0,0.0,0.0,0.0,0.038126,0.0,0.0,0.0044,0.0,0.0008,0.001122,0.0,0.001122,0.000549,0.016225,0.000814,0.0,0.049448,0.0,0.001012,0.000894,0.0,5.5e-05,0.0,0.0,5.8e-05,0.000523,0.0,0.0,0.000348,0.0,0.000199,0.0,0.0,0.0,0.0,0.0,0.0,0.0,0.0,0.0,0.0
2026-01-04 03:00:00,0.0,0.0,0.0,0.0,0.0,0.0,0.0,0.0,0.0,0.0,0.0,0.038403,0.0,0.0,0.0044,0.0,0.0008,0.00155,0.0,0.00155,0.0008,0.016275,0.0008,0.0,0.053252,0.0,0.00115,0.0008,0.0,4.3e-05,0.0,0.0,0.000178,0.0016,0.0,0.0,0.000411,0.0,0.0002,0.0,0.0,0.0,0.0,0.0,0.0,0.0,0.0,0.0,0.0
2026-01-04 03:10:00,0.0,0.0,0.0,0.0,0.0,0.0,0.0,0.0,0.0,0.0,0.0,0.038955,0.0,0.0,0.004486,5e-05,0.000881,0.001613,0.0,0.001613,0.000926,0.016376,0.00205,0.000599,0.060859,0.000637,0.002442,0.001442,0.000853,0.000828,0.000273,0.0,0.000356,0.003199,0.00042,0.001054,0.001672,0.0,0.000201,0.0,0.0,0.0,0.0,0.0,0.0,0.0,0.0,0.0,0.0
2026-01-04 03:20:00,0.0,0.0,0.0,0.0,0.0,0.0,0.0,0.0,0.000133,0.0,0.0,0.039232,0.0,0.0,0.004528,7.5e-05,0.000922,0.001645,0.0,0.001645,0.000989,0.016426,0.002675,0.000898,0.064663,0.000955,0.003088,0.001764,0.001279,0.00122,0.000409,0.0,0.000445,0.003999,0.00063,0.001581,0.002302,0.0,0.000202,0.0,0.0,0.0,0.0,0.0,0.0,0.0,0.0,0.0,0.0
2026-01-04 03:30:00,0.0,0.0,0.0,0.0,0.0,0.0,0.0,0.0,0.000266,0.0,0.0,0.039508,0.0,0.0,0.004571,0.0001,0.000963,0.001676,0.0,0.001676,0.001052,0.016477,0.0033,0.001197,0.068466,0.001274,0.003734,0.002085,0.001706,0.001613,0.000546,0.0,0.000534,0.004799,0.000839,0.002108,0.002933,0.0,0.000203,0.0,0.0,0.0,0.0,0.0,0.0,0.0,0.0,0.0,0.0
2026-01-04 03:40:00,0.0,0.0,0.0,0.0,0.0,0.0,0.0,0.0,0.0,0.0,0.0,0.040061,0.0,0.0,0.004657,0.000151,0.001044,0.001739,0.0,0.001739,0.001178,0.016577,0.00455,0.001796,0.076074,0.00191,0.005026,0.002727,0.002559,0.002398,0.000819,0.0,0.000712,0.006398,0.001259,0.003162,0.004193,0.0,0.000204,0.0,0.0,0.0,0.0,0.0,0.0,0.0,0.0,0.0,0.0
2026-01-04 03:50:00,0.0,0.0,0.0,0.0,0.0,0.0,0.0,0.0,0.0,0.0,0.0,0.040337,0.0,0.0,0.004699,0.000176,0.001084,0.001771,0.0,0.001771,0.001241,0.016628,0.005175,0.002096,0.079877,0.002229,0.005672,0.003049,0.002985,0.002791,0.000955,0.0,0.000801,0.007198,0.001469,0.00369,0.004824,0.0,0.000205,0.0,0.0,0.0,0.0,0.0,0.0,0.0,0.0,0.0,0.0
2026-01-04 04:00:00,0.0,0.0,0.0,0.0,0.0,0.0,0.0,0.0,0.0,0.0,0.0,0.040613,0.0,0.0,0.004742,0.000201,0.001125,0.001802,0.0,0.001802,0.001304,0.016678,0.0058,0.002395,0.083681,0.002547,0.006319,0.00337,0.003412,0.003183,0.001092,0.0,0.00089,0.007998,0.001679,0.004217,0.005454,0.0,0.000206,0.0,0.0,0.0,0.0,0.0,0.0,0.0,0.0,0.0,0.0
2026-01-04 04:10:00,0.0,0.0,0.0,0.0,0.0,0.0,0.0,0.0,0.000101,0.0,0.0,0.041166,0.0,0.0,0.004828,0.000251,0.001206,0.001865,0.0,0.001865,0.00143,0.016779,0.007051,0.002994,0.091288,0.003184,0.007611,0.004012,0.004265,0.003968,0.001365,0.0,0.001068,0.009598,0.002098,0.005271,0.006715,0.0,0.000207,0.0,0.0,0.0,0.0,0.0,0.0,0.0,0.0,0.0,0.0
2026-01-04 04:20:00,0.0,0.0,0.0,0.0,0.0,0.0,0.0,0.0,5.1e-05,0.0,0.0,0.041442,0.0,0.0,0.004871,0.000276,0.001247,0.001897,0.0,0.001897,0.001493,0.016829,0.007676,0.003293,0.095092,0.003502,0.008257,0.004334,0.004691,0.004361,0.001501,0.0,0.001157,0.010397,0.002308,0.005798,0.007345,0.0,0.000208,0.0,0.0,0.0,0.0,0.0,0.0,0.0,0.0,0.0,0.0
2026-01-04 04:30:00,0.0,0.0,0.0,0.0,0.0,0.0,0.0,0.0,0.0,0.0,0.0,0.041718,0.0,0.0,0.004913,0.000301,0.001288,0.001928,0.0,0.001928,0.001557,0.01688,0.008301,0.003592,0.098896,0.003821,0.008903,0.004655,0.005118,0.004754,0.001638,0.0,0.001246,0.011197,0.002518,0.006325,0.007975,0.0,0.000209,0.0,0.0,0.0,0.0,0.0,0.0,0.0,0.0,0.0,0.0
2026-01-04 04:40:00,0.0,0.0,0.0,0.0,0.0,0.0,0.0,0.0,0.0,0.0,0.0,0.042271,0.0,0.0,0.004999,0.000351,0.001369,0.001991,0.0,0.001991,0.001683,0.01698,0.009551,0.004191,0.106503,0.004458,0.010195,0.005297,0.005971,0.005539,0.00191,0.0,0.001424,0.012797,0.002938,0.007379,0.009236,0.0,0.00021,0.0,0.0,0.0,0.0,0.0,0.0,0.0,0.0,0.0,0.0
2026-01-04 04:50:00,0.0,0.0,0.0,0.0,0.0,0.0,0.0,0.0,0.0,0.0,0.0,0.042547,0.0,0.0,0.005042,0.000377,0.001409,0.002023,0.0,0.002023,0.001746,0.017031,0.010176,0.00449,0.110307,0.004776,0.010841,0.005619,0.006397,0.005931,0.002047,0.0,0.001513,0.013597,0.003148,0.007906,0.009866,0.0,0.000211,0.0,0.0,0.0,0.0,0.0,0.0,0.0,0.0,0.0,0.0
2026-01-04 05:00:00,0.0,0.0,0.0,0.0,0.0,0.0,0.0,0.0,0.0,0.0,0.0,0.042824,0.0,0.0,0.005085,0.000402,0.00145,0.002054,0.0,0.002054,0.001809,0.017081,0.010801,0.00479,0.114111,0.005094,0.011487,0.00594,0.006823,0.006324,0.002183,0.0,0.001602,0.014396,0.003358,0.008433,0.010497,0.0,0.000212,0.0,0.0,0.0,0.0,0.0,0.0,0.0,0.0,0.0,0.0
2026-01-04 05:10:00,0.0,0.0,0.0,0.0,0.0,0.0,0.0,0.0,0.0,0.0,0.0,0.043376,0.0,0.0,0.00517,0.000452,0.001531,0.002117,0.0,0.002117,0.001935,0.017182,0.012051,0.005389,0.121718,0.005731,0.012779,0.006582,0.007676,0.007109,0.002456,0.0,0.00178,0.015996,0.003777,0.009487,0.011757,0.0,0.000213,0.0,0.0,0.0,0.0,0.0,0.0,0.0,0.0,0.0,0.0
2026-01-04 05:20:00,0.0,0.0,0.0,0.0,0.0,0.0,0.0,0.0,0.0,0.0,0.0,0.043653,0.0,0.0,0.005213,0.000477,0.001572,0.002149,0.0,0.002149,0.001998,0.017232,0.012676,0.005688,0.125522,0.00605,0.013425,0.006904,0.008103,0.007502,0.002593,0.0,0.001869,0.016796,0.003987,0.010015,0.012388,0.0,0.000214,0.0,0.0,0.0,0.0,0.0,0.0,0.0,0.0,0.0,0.0
2026-01-04 05:30:00,0.0,0.0,0.0,0.0,0.0,0.0,0.0,0.0,0.0,0.0,0.0,0.043929,0.0,0.0,0.005256,0.000502,0.001613,0.00218,0.0,0.00218,0.002061,0.017283,0.013301,0.005987,0.129325,0.006368,0.014071,0.007225,0.008529,0.007894,0.002729,0.0,0.001958,0.017596,0.004197,0.010542,0.013018,0.0,0.000215,0.0,0.0,0.0,0.0,0.0,0.0,0.0,0.0,0.0,0.0
2026-01-04 05:40:00,0.0,0.0,0.0,0.0,0.000423,0.0,0.0,0.0,0.0,0.0,0.0,0.044482,0.0,0.0,0.005341,0.000552,0.001694,0.002244,0.0,0.002244,0.002187,0.017383,0.014551,0.006586,0.136933,0.007005,0.015363,0.007867,0.009382,0.008679,0.003002,0.0,0.002136,0.019195,0.004617,0.011596,0.014279,0.0,0.000216,0.0,0.0,0.0,0.0,0.0,0.0,0.0,0.0,0.0,0.0
2026-01-04 05:50:00,0.0,0.0,0.0,0.0,0.000212,0.0,1.6e-05,0.000165,0.0,0.0,0.0,0.044758,0.0,0.0,0.005384,0.000577,0.001734,0.002275,0.0,0.002275,0.00225,0.017434,0.015176,0.006885,0.140736,0.007323,0.016009,0.008189,0.009809,0.009072,0.003139,0.0,0.002225,0.019995,0.004827,0.012123,0.014909,0.0,0.000217,0.0,0.0,0.0,0.0,0.0,0.0,0.0,0.0,0.0,0.0
2026-01-04 06:00:00,0.0,0.0,0.0,0.0,0.0,0.0,3.3e-05,0.00033,0.0,0.0,0.0,0.045034,0.0,0.0,0.005427,0.000602,0.001775,0.002307,0.0,0.002307,0.002313,0.017484,0.015801,0.007185,0.14454,0.007642,0.016656,0.00851,0.010235,0.009464,0.003275,0.0,0.002314,0.020795,0.005036,0.01265,0.015539,0.0,0.000218,0.0,0.0,0.0,0.0,0.0,0.0,0.0,0.0,0.0,0.0
2026-01-04 06:10:00,0.0,0.0,0.0,0.0,0.0,0.0,0.0,0.0,0.0,0.0,0.0,0.045587,0.0,0.0,0.005512,0.000653,0.001856,0.00237,0.0,0.00237,0.002439,0.017585,0.017052,0.007783,0.152147,0.008278,0.017948,0.009152,0.011088,0.010249,0.003548,0.0,0.002492,0.022394,0.005456,0.013704,0.0168,0.0,0.000219,0.0,0.0,0.0,0.0,0.0,0.0,0.0,0.0,0.0,0.0
2026-01-04 06:20:00,0.0,0.0,0.0,0.0,0.0,0.0,0.0,0.0,0.0,0.0,0.0,0.045863,0.0,0.0,0.005555,0.000678,0.001897,0.002401,0.0,0.002401,0.002502,0.017635,0.017677,0.008083,0.155951,0.008597,0.018594,0.009474,0.011515,0.010642,0.003684,0.0,0.002581,0.023194,0.005666,0.014231,0.01743,0.0,0.00022,0.0,0.0,0.0,0.0,0.0,0.0,0.0,0.0,0.0,0.0
2026-01-04 06:30:00,0.0,0.0,0.0,0.0,0.0,0.0,0.0,0.0,0.0,0.0,0.0,0.04614,0.0,0.0,0.005598,0.000703,0.001938,0.002433,0.0,0.002433,0.002565,0.017686,0.018302,0.008382,0.159755,0.008915,0.01924,0.009795,0.011941,0.011035,0.003821,0.0,0.00267,0.023994,0.005876,0.014758,0.018061,0.0,0.000221,0.0,0.0,0.0,0.0,0.0,0.0,0.0,0.0,0.0,0.0
2026-01-04 06:40:00,0.0,0.0,0.0,0.0,0.0,0.0,0.0,0.0,0.0,0.0,0.0,0.046692,0.0,0.0,0.005684,0.000753,0.002019,0.002496,0.0,0.002496,0.002691,0.017786,0.019552,0.008981,0.167362,0.009552,0.020532,0.010437,0.012794,0.01182,0.004094,0.0,0.002848,0.025594,0.006295,0.015812,0.019321,0.0,0.000222,0.0,0.0,0.0,0.0,0.0,0.0,0.0,0.0,0.0,0.0
2026-01-04 06:50:00,0.0,0.0,0.0,0.0,0.0,0.0,0.0,0.0,0.0,0.0,0.0,0.046969,0.0,0.0,0.005726,0.000778,0.002059,0.002527,0.0,0.002527,0.002754,0.017837,0.020177,0.00928,0.171166,0.00987,0.021178,0.010758,0.01322,0.012212,0.00423,0.0,0.002937,0.026393,0.006505,0.01634,0.019952,0.0,0.000223,0.0,0.0,0.0,0.0,0.0,0.0,0.0,0.0,0.0,0.0
2026-01-04 07:00:00,0.0,0.0,0.0,0.0,0.0,0.0,0.0,0.0,0.0,0.0,0.0,0.047245,0.0,0.0,0.005769,0.000803,0.0021,0.002559,0.0,0.002559,0.002817,0.017887,0.020802,0.00958,0.17497,0.010189,0.021824,0.01108,0.013647,0.012605,0.004367,0.0,0.003026,0.027193,0.006715,0.016867,0.020582,0.0,0.000224,0.0,0.0,0.0,0.0,0.0,0.0,0.0,0.0,0.0,0.0
2026-01-04 07:10:00,0.0,0.0,0.0,0.0,0.000292,0.0,0.0,0.0,0.0,0.0,0.0,0.047797,0.0,0.0,0.005855,0.000853,0.002181,0.002622,0.0,0.002622,0.002944,0.017988,0.022052,0.010178,0.182577,0.010826,0.023116,0.011722,0.0145,0.01339,0.00464,0.0,0.003204,0.028793,0.007135,0.017921,0.021843,0.0,0.000225,0.0,0.0,0.0,0.0,0.0,0.0,9e-06,0.0,0.0,0.0
2026-01-04 07:20:00,0.0,0.0,0.0,0.0,0.000146,0.0,0.0,0.0,0.0,0.0,0.0,0.048074,0.0,0.0,0.005897,0.000879,0.002222,0.002653,0.0,0.002653,0.003007,0.018038,0.022677,0.010478,0.186381,0.011144,0.023762,0.012043,0.014926,0.013783,0.004776,0.0,0.003293,0.029593,0.007345,0.018448,0.022473,0.0,0.000226,0.0,0.0,0.0,0.0,0.0,0.0,3.5e-05,0.0,0.0,0.0
2026-01-04 07:30:00,0.0,0.0,0.0,0.0,0.0,0.0,0.0,0.0,0.0,0.0,0.0,0.04835,0.0,0.0,0.00594,0.000904,0.002263,0.002685,0.0,0.002685,0.00307,0.018089,0.023302,0.010777,0.190184,0.011462,0.024408,0.012365,0.015353,0.014175,0.004913,0.0,0.003382,0.030392,0.007555,0.018975,0.023103,0.0,0.000227,0.0,0.0,0.0,0.0,0.0,0.0,5.5e-05,0.0,0.0,0.0
2026-01-04 07:40:00,0.0,0.0,0.0,0.0,0.0,0.0,0.0,0.0,0.0,0.0,0.0,0.048903,0.0,0.0,0.006026,0.000954,0.002344,0.002748,0.0,0.002748,0.003196,0.018189,0.024552,0.011376,0.197792,0.012099,0.0257,0.013007,0.016206,0.01496,0.005185,0.0,0.00356,0.031992,0.007974,0.020029,0.024364,0.0,0.000228,0.0,0.0,0.0,0.0,0.0,0.0,0.0,0.0,0.0,0.0
2026-01-04 07:50:00,0.0,0.0,0.0,0.0,0.0,0.0,0.0,0.0,0.0,0.0,0.0,0.049179,0.0,0.0,0.006069,0.000979,0.002384,0.002779,0.0,0.002779,0.003259,0.01824,0.025177,0.011675,0.201595,0.012418,0.026347,0.013328,0.016632,0.015353,0.005322,0.0,0.003649,0.032792,0.008184,0.020556,0.024994,0.0,0.000229,0.0,0.0,0.0,0.0,0.0,0.0,0.0,0.0,0.0,0.0
2026-01-04 08:00:00,0.0,0.0,0.0,0.0,0.0,0.0,0.0,0.0,0.0,0.0,0.0,0.049455,0.0,0.0,0.006111,0.001004,0.002425,0.002811,0.0,0.002811,0.003322,0.01829,0.025802,0.011974,0.205399,0.012736,0.026993,0.01365,0.017059,0.015745,0.005458,0.0,0.003738,0.033592,0.008394,0.021083,0.025625,0.0,0.00023,0.0,0.0,0.0,0.0,0.0,0.0,0.0,0.0,0.0,0.0
2026-01-04 08:10:00,0.0,0.0,0.0,0.0,0.0,0.0,0.0,0.0,0.0,0.0,0.0,0.050008,0.0,0.0,0.006197,0.001054,0.002506,0.002874,0.0,0.002874,0.003448,0.018391,0.027053,0.012573,0.213006,0.013373,0.028285,0.014292,0.017912,0.016531,0.005731,0.0,0.003916,0.035191,0.008814,0.022137,0.026885,0.011522,0.000231,0.0,0.0,0.0,0.0,0.0,0.0,0.0,0.0,0.0,0.0
2026-01-04 08:20:00,0.0,0.0,0.0,0.0,0.0,0.0,0.0,0.0,0.0,0.0,0.0,0.050284,0.0,0.0,0.00624,0.001079,0.002547,0.002906,0.0,0.002906,0.003511,0.018441,0.027678,0.012873,0.21681,0.013691,0.028931,0.014613,0.018338,0.016923,0.005868,0.0,0.004005,0.035991,0.009024,0.022665,0.027516,0.017283,0.000632,0.0,0.0,0.0,0.0,0.0,0.0,0.0,0.0,0.0,0.0
2026-01-04 08:30:00,0.0,0.0,0.0,0.0,0.0,0.0,0.0,0.0,0.0,0.0,0.0,0.050561,0.0,0.0,0.006283,0.001104,0.002588,0.002937,0.0,0.002937,0.003574,0.018491,0.028303,0.013172,0.220614,0.01401,0.029577,0.014935,0.018765,0.017316,0.006004,0.0,0.004094,0.036791,0.009233,0.023192,0.028146,0.023045,0.001919,0.0,0.0,0.0,0.0,0.0,0.0,0.0,0.0,0.0,0.0
2026-01-04 08:40:00,0.0,0.0,0.0,0.0,0.0,0.0,0.0,0.0,0.0,0.0,0.0,0.051113,0.0,0.0,0.006368,0.001155,0.002669,0.003,0.0,0.003,0.0037,0.018592,0.029553,0.013771,0.228221,0.014646,0.030869,0.015577,0.019618,0.018101,0.006277,0.001989,0.004272,0.03839,0.009653,0.024246,0.029407,0.034567,0.017039,0.0,0.0,0.0,0.0,0.0,0.0,0.0,0.0,0.0,0.000298
2026-01-04 08:50:00,0.0,0.000667,0.000587,0.0,0.0,0.0,0.0,0.0,0.0,0.0,0.000262,0.05139,0.0,0.0,0.006402,0.001174,0.002701,0.003025,0.0,0.003025,0.003752,0.018632,0.030058,0.014011,0.232025,0.014899,0.031388,0.015842,0.019959,0.018418,0.006385,0.006694,0.004342,0.039028,0.009826,0.024671,0.029928,0.039789,0.0246,0.0,0.001526,0.0,0.0,0.0,0.0,0.0,0.0,0.0,0.002969
2026-01-04 09:00:00,0.0,0.002446,0.002205,0.0,0.0,0.0,0.0,0.0,0.0,0.0,0.000523,0.051666,0.0,0.0,0.006454,0.001205,0.00275,0.003063,0.0,0.003063,0.003826,0.018693,0.030803,0.014369,0.235828,0.015283,0.032161,0.01622,0.02047,0.018886,0.00655,0.016682,0.00445,0.03999,0.010073,0.0253,0.030667,0.046089,0.03216,0.0,0.005048,0.0,0.0,0.0,0.0,0.0,0.0,0.0,0.010543
2026-01-04 09:10:00,0.00069,0.008916,0.008964,0.0013,0.002181,0.0,0.0,0.0,0.0,0.0,0.0,0.052219,0.0,0.0,0.011184,0.007857,0.005467,0.005581,0.0,0.005581,0.004695,0.035319,0.048285,0.025447,0.243436,0.036216,0.054672,0.021175,0.038534,0.029227,0.017122,0.057773,0.01595,0.07876,0.013283,0.040893,0.040043,0.071895,0.04728,0.000472,0.012514,0.00839,0.000143,0.00074,0.0,0.003666,0.006192,0.006727,0.065092
2026-01-04 09:20:00,0.003022,0.017189,0.017125,0.004017,0.003767,0.0,0.00062,0.0,0.0,0.0,0.0,0.052495,0.0,0.0,0.015396,0.011535,0.007551,0.008289,0.0,0.008289,0.00651,0.036109,0.058949,0.031369,0.24724,0.053372,0.071801,0.031692,0.051984,0.043106,0.028462,0.099141,0.01541,0.112457,0.017082,0.056379,0.052083,0.076476,0.05484,0.002455,0.021943,0.015302,0.001247,0.002916,0.000965,0.009196,0.011643,0.014632,0.121598
2026-01-04 09:30:00,0.007896,0.029882,0.029505,0.009307,0.006731,0.0,0.002093,0.0,0.0,0.0,0.0,0.052771,0.0,0.0,0.020326,0.015335,0.010531,0.012333,0.0,0.012333,0.01,0.036938,0.071838,0.039908,0.251043,0.074868,0.092917,0.050657,0.068209,0.061378,0.039587,0.141796,0.01487,0.1618,0.022215,0.064973,0.067391,0.078046,0.0624,0.006924,0.036794,0.02665,0.003854,0.007561,0.003872,0.019068,0.017822,0.023193,0.194789
2026-01-04 09:40:00,0.022139,0.061258,0.060931,0.026788,0.109057,0.003735,0.005547,0.006874,0.0,0.000317,0.0,0.053324,0.0,0.0,0.028643,0.022842,0.021541,0.023471,0.0,0.023471,0.021017,0.109128,0.108023,0.101735,0.258651,0.122572,0.141524,0.098376,0.104163,0.089435,0.049445,0.187661,0.03101,0.328475,0.031748,0.056628,0.089744,0.0546,0.07752,0.022076,0.077142,0.094211,0.01199,0.023749,0.023736,0.052581,0.027506,0.032177,0.333376
2026-01-04 09:50:00,0.033688,0.065155,0.065134,0.039519,0.092162,0.009261,0.007722,0.012372,0.001957,0.00093,0.000309,0.0536,0.0,0.0,0.030909,0.026042,0.025412,0.027232,0.0,0.027232,0.024237,0.145349,0.12108,0.109537,0.262454,0.149104,0.167762,0.127173,0.123168,0.104826,0.108442,0.231149,0.031386,0.41641,0.038892,0.056205,0.068257,0.055373,0.08508,0.031691,0.111311,0.160623,0.020394,0.026699,0.05485,0.140463,0.063228,0.074966,0.412845
2026-01-04 10:00:00,0.053878,0.069177,0.069454,0.050253,0.075267,0.01955,0.010746,0.021799,0.006556,0.002006,0.001168,0.053876,0.0,0.0,0.033567,0.030061,0.028921,0.030819,0.0,0.030819,0.026842,0.181643,0.135217,0.117997,0.266258,0.177014,0.195296,0.158741,0.140298,0.124154,0.219327,0.295276,0.031635,0.49515,0.043623,0.056079,0.046771,0.057895,0.09264,0.04379,0.153623,0.231726,0.029726,0.029538,0.102873,0.222166,0.120093,0.142675,0.493882
2026-01-04 10:10:00,0.236169,0.109941,0.108319,0.059727,0.101004,0.06162,0.024217,0.099068,0.016926,0.004705,0.004928,0.054429,0.00153,0.0,0.054455,0.051481,0.036372,0.039976,0.0,0.039976,0.031553,0.254384,0.186484,0.254664,0.273865,0.23462,0.25352,0.225822,0.16496,0.194952,0.398527,0.493217,0.03226,0.60679,0.04549,0.073862,0.08844,0.09234,0.10776,0.080653,0.241243,0.31794,0.041559,0.04259,0.201656,0.244718,0.190624,0.216316,0.642786
2026-01-04 10:20:00,0.312852,0.147676,0.145944,0.065661,0.131705,0.105322,0.03713,0.15,0.020676,0.009236,0.007596,0.054705,0.003133,0.0,0.05881,0.043865,0.045673,0.04255,0.0,0.04255,0.03568,0.314872,0.176381,0.29686,0.277669,0.265683,0.280717,0.265473,0.169277,0.180499,0.27552,0.56581,0.036244,0.45131,0.045258,0.082566,0.104735,0.087029,0.11532,0.098506,0.284198,0.438421,0.043753,0.05423,0.271817,0.360574,0.221026,0.248666,0.720399
2026-01-04 10:30:00,0.388173,0.168115,0.166639,0.073903,0.149839,0.164228,0.04421,0.210064,0.023995,0.018699,0.01119,0.054982,0.005124,0.0,0.061055,0.03625,0.051251,0.043519,0.0,0.043519,0.037874,0.373422,0.166279,0.332258,0.281473,0.296207,0.308914,0.298047,0.17415,0.166046,0.152513,0.624087,0.04558,0.29583,0.045027,0.093782,0.116244,0.081717,0.12288,0.119153,0.340338,0.5662,0.045869,0.073895,0.349105,0.534041,0.24982,0.278937,0.791431
2026-01-04 10:40:00,0.558156,0.071024,0.079884,0.110759,0.084469,0.288463,0.043412,0.352965,0.03043,0.073622,0.023106,0.055534,0.008456,0.0,0.062553,0.046197,0.037274,0.039525,0.0,0.039525,0.037429,0.438201,0.29505,0.399879,0.28908,0.350221,0.375888,0.331214,0.238872,0.251773,0.357085,0.710297,0.0758,0.74602,0.045548,0.147703,0.127815,0.115922,0.138,0.185578,0.627212,0.673772,0.055547,0.190099,0.489249,0.69114,0.307108,0.336181,0.89922
2026-01-04 10:50:00,0.602243,0.12579,0.133067,0.107894,0.108356,0.351705,0.045565,0.402238,0.033564,0.072647,0.026917,0.055811,0.00492,0.0,0.05642,0.042775,0.037697,0.038823,0.0,0.038823,0.036962,0.471477,0.338341,0.438993,0.292183,0.376124,0.411071,0.374813,0.298425,0.263412,0.391842,0.743381,0.093234,0.47942,0.045369,0.189999,0.15727,0.178474,0.14556,0.201989,0.670659,0.74029,0.076043,0.153635,0.565324,0.780156,0.339343,0.36568,0.922762
2026-01-04 11:00:00,0.639485,0.180556,0.186249,0.105029,0.145705,0.417825,0.049664,0.421764,0.036702,0.069498,0.030888,0.056087,0.001385,0.0,0.045811,0.036004,0.038119,0.038049,0.0,0.038049,0.036059,0.504725,0.375027,0.468344,0.296687,0.402676,0.44494,0.426459,0.365651,0.274668,0.403663,0.768812,0.11016,0.21282,0.045191,0.22507,0.187058,0.220798,0.15312,0.217755,0.708417,0.80913,0.090502,0.11717,0.640508,0.854094,0.373108,0.397564,0.939824
2026-01-04 11:10:00,0.72247,0.156118,0.1559,0.145483,0.17026,0.564926,0.054505,0.239357,0.04317,0.031026,0.045216,0.05664,0.007592,0.0,0.036333,0.02706,0.030117,0.029763,0.0,0.029763,0.027547,0.569292,0.44225,0.492304,0.375111,0.462053,0.503164,0.487923,0.465357,0.343156,0.356136,0.801193,0.1373,0.5741,0.054621,0.252412,0.199275,0.174102,0.16824,0.27267,0.842315,0.931004,0.077354,0.127511,0.774708,0.934826,0.441163,0.474694,0.967954
2026-01-04 11:20:00,0.775568,0.168534,0.168094,0.21796,0.15222,0.605113,0.056703,0.370384,0.053134,0.033469,0.046791,0.057012,0.024891,0.0,0.031844,0.021009,0.024513,0.022174,0.0,0.022174,0.021282,0.600421,0.475038,0.505399,0.400893,0.493671,0.541144,0.520359,0.522246,0.362739,0.607248,0.823826,0.169089,0.707976,0.062928,0.269044,0.292666,0.163223,0.1758,0.256085,0.886356,0.95674,0.073594,0.133043,0.839235,0.95298,0.472412,0.507832,0.978518
2026-01-04 11:30:00,0.800926,0.200719,0.198469,0.266701,0.13418,0.633317,0.057644,0.501411,0.065953,0.040355,0.0484,0.057192,0.03798,0.0,0.029897,0.018065,0.021755,0.018079,0.0,0.018079,0.018146,0.630706,0.505395,0.523625,0.426449,0.525913,0.579224,0.550581,0.548411,0.37297,0.858359,0.848062,0.18775,0.8248,0.067352,0.288419,0.376157,0.159296,0.18336,0.2395,0.925042,0.973734,0.072173,0.141571,0.867355,0.965795,0.502919,0.538851,0.98817
2026-01-04 11:40:00,0.458406,0.304324,0.282397,0.261583,0.156611,0.670222,0.056163,0.321341,0.08235,0.072547,0.065728,0.036234,0.020115,0.0,0.037901,0.033057,0.034877,0.033933,0.0,0.033933,0.034275,0.688953,0.555964,0.627653,0.501975,0.589775,0.638003,0.598055,0.363848,0.37849,0.693622,0.889504,0.17394,1.03816,0.06442,0.337108,0.373614,0.186255,0.19848,0.356763,1.004681,0.99617,0.081407,0.241731,0.757757,0.985163,0.56503,0.598799,1.007917
2026-01-04 11:50:00,0.619295,0.304587,0.289729,0.366047,0.150904,0.681113,0.05794,0.520863,0.098595,0.05848,0.071268,0.043353,0.014257,0.0,0.042237,0.033436,0.058166,0.056474,0.0,0.056474,0.05982,0.715436,0.590307,0.670667,0.527849,0.617095,0.662605,0.626168,0.303299,0.356658,0.520365,0.903828,0.15963,1.086129,0.064403,0.376374,0.36943,0.216175,0.215873,0.344492,0.995207,1.006924,0.084944,0.243873,0.706309,0.986031,0.59356,0.628048,1.019114
2026-01-04 12:00:00,0.832662,0.30485,0.297427,0.47051,0.139632,0.689616,0.060978,0.720384,0.119732,0.044413,0.073421,0.051074,0.011966,0.0,0.044199,0.033818,0.073784,0.070583,0.0,0.070583,0.076367,0.741181,0.625383,0.70434,0.541965,0.642666,0.686395,0.654973,0.279616,0.334826,0.422311,0.913657,0.14216,1.12824,0.064391,0.413253,0.363325,0.260351,0.238689,0.332222,0.963587,1.011607,0.089603,0.24449,0.684052,0.986916,0.621067,0.65679,1.029141
2026-01-04 12:10:00,0.910334,0.421002,0.452142,0.409412,0.124807,0.703492,0.063606,0.682401,0.162188,0.075757,0.058564,0.051795,0.026823,0.0,0.03924,0.051394,0.04586,0.046828,0.0,0.046828,0.039768,0.793495,0.679929,0.74651,0.549371,0.692277,0.737981,0.706867,0.565743,0.628258,0.680002,0.923808,0.11394,1.2455,0.064362,0.452182,0.353036,0.373725,0.278898,0.421677,0.376691,0.997313,0.12973,0.235406,0.820653,1.016602,0.675158,0.71293,1.04242
2026-01-04 12:20:00,0.920689,0.411763,0.42796,0.442929,0.126407,0.706205,0.063394,0.455193,0.184554,0.074378,0.066993,0.052334,0.024992,0.0,0.051414,0.059575,0.04871,0.059149,0.0,0.059149,0.048138,0.815241,0.707314,0.771947,0.500463,0.713371,0.761724,0.736607,0.632107,0.651176,0.67653,0.93715,0.119688,1.177686,0.064348,0.452831,0.347891,0.402717,0.299003,0.73309,0.386763,1.026963,0.124197,0.603323,0.904772,1.027324,0.703609,0.741523,1.047457
2026-01-04 12:30:00,0.924082,0.384284,0.369196,0.49965,0.128534,0.708718,0.063183,0.25789,0.207783,0.073,0.075422,0.053009,0.020525,0.0,0.065352,0.063105,0.056091,0.073901,0.0,0.073901,0.062985,0.835639,0.732198,0.794935,0.451554,0.733144,0.783991,0.754975,0.672134,0.668631,0.664694,0.950379,0.13624,1.00256,0.064334,0.453466,0.342747,0.433932,0.319107,1.038686,0.412429,1.059738,0.108844,0.97124,0.944438,1.037691,0.731538,0.76896,1.052054
2026-01-04 12:40:00,0.550136,0.210985,0.220719,0.547147,0.129313,0.718085,0.063547,0.681532,0.256733,0.076206,0.074132,0.054664,0.00908,0.0,0.067579,0.061364,0.079774,0.077115,0.0,0.077115,0.077265,0.876527,0.770601,0.824279,0.553784,0.77189,0.824537,0.763109,0.711413,0.72232,0.338929,0.960209,0.2228,0.44722,0.064305,0.473292,0.332458,0.601308,0.359316,1.118531,0.489695,1.06355,0.042434,0.589737,0.530876,1.063567,0.782043,0.817151,1.061335
2026-01-04 12:50:00,0.603858,0.173966,0.176695,0.821334,0.124061,0.722072,0.063903,0.736633,0.281328,0.076086,0.073874,0.056033,0.009208,0.0,0.077342,0.148309,0.096498,0.100411,0.0,0.100411,0.107488,0.896363,0.793162,0.848166,0.528204,0.786618,0.845571,0.793343,0.739763,0.739299,0.339575,0.966884,0.262878,0.851695,0.064291,0.518464,0.327313,0.631815,0.37942,0.957086,0.555581,1.064923,0.04227,0.403378,0.451517,1.073546,0.807185,0.841713,1.06349
2026-01-04 13:00:00,0.657581,0.160835,0.159906,1.058306,0.11881,0.723747,0.0643,0.754622,0.305805,0.07571,0.073759,0.057646,0.009653,0.0,0.10427,0.252272,0.122594,0.159981,0.0,0.159981,0.165601,0.915082,0.81583,0.872165,0.476923,0.80127,0.865422,0.83841,0.769316,0.756723,0.341868,0.971566,0.31951,1.25617,0.064276,0.559749,0.322168,0.663439,0.399525,0.79564,0.658655,1.066756,0.042224,0.321767,0.423941,1.077623,0.832266,0.86695,1.065625
2026-01-04 13:10:00,0.41335,0.196825,0.195556,0.934243,0.120333,0.719209,0.064838,0.753497,0.35388,0.072334,0.073714,0.060628,0.026253,0.0,0.368992,0.274743,0.28513,0.425238,0.0,0.425238,0.347107,0.948047,0.854906,0.902006,0.406508,0.839212,0.898208,0.885013,0.814896,0.816972,0.835839,0.974174,0.82466,1.213295,0.064247,0.5723,0.311879,0.872995,0.439734,1.046958,1.120186,1.08702,0.049295,0.355776,0.714294,1.058532,0.882305,0.920321,1.074475
2026-01-04 13:20:00,0.372072,0.282147,0.280399,0.942898,0.119447,0.72022,0.064824,0.755038,0.376855,0.071127,0.073717,0.062196,0.021314,0.0,0.228333,0.17253,0.184447,0.253716,0.0,0.253716,0.22182,0.961408,0.871181,0.923074,0.428642,0.859338,0.913324,0.905087,0.81404,0.824534,0.632476,0.979032,0.769892,1.195431,0.064233,0.655383,0.306735,0.720414,0.459838,1.041899,0.829294,1.067442,0.057471,0.433315,0.895451,1.061056,0.89799,0.932914,1.076558
2026-01-04 13:30:00,0.332375,0.399195,0.39461,0.96187,0.118562,0.721231,0.064777,0.758157,0.400134,0.069989,0.073726,0.063828,0.016374,0.0,0.087674,0.070316,0.083764,0.082195,0.0,0.082195,0.096534,0.972798,0.88637,0.933473,0.450777,0.876273,0.927417,0.922325,0.813184,0.832093,0.429113,0.984335,0.657135,1.17042,0.064219,0.743104,0.30159,0.567832,0.479943,1.027667,0.538401,1.021393,0.06949,0.489117,1.026101,1.068278,0.913273,0.943971,1.078611
2026-01-04 13:40:00,0.137732,0.525791,0.511782,0.995976,0.119457,0.715921,0.064168,0.762561,0.450685,0.067324,0.074888,0.06729,0.026791,0.0,0.118976,0.120497,0.135659,0.15445,0.0,0.15445,0.171657,0.990892,0.916345,0.91109,0.389644,0.896635,0.952632,0.948764,0.857926,0.8922,0.440954,0.988047,0.48961,0.89373,0.06419,0.762458,0.291301,0.940043,0.520152,0.961755,0.960836,0.917444,0.098579,0.402554,1.11382,1.104772,0.958016,0.973665,1.086837
2026-01-04 13:50:00,0.167252,0.735755,0.758444,0.993915,0.119592,0.712205,0.064321,0.763762,0.473507,0.065451,0.075798,0.06872,0.049397,0.0,0.18288,0.220624,0.248161,0.270393,0.0,0.270393,0.262774,1.000609,0.932444,0.955144,0.426297,0.908609,0.95991,0.963408,0.841275,0.874395,0.482921,0.986472,0.374603,0.96925,0.064176,0.791433,0.286157,0.793335,0.540256,0.833696,1.141675,1.01009,0.117361,0.463427,1.096153,1.102622,0.990032,0.968772,1.092702
2026-01-04 14:00:00,0.207475,0.873706,0.932175,0.991853,0.119743,0.707667,0.064724,0.764786,0.494759,0.063241,0.076831,0.069606,0.065451,0.0,0.311365,0.354076,0.40875,0.416492,0.0,0.416492,0.398954,1.010489,0.939706,0.999198,0.510786,0.92036,0.967014,0.976883,0.794642,0.837738,0.580607,0.984897,0.31837,1.04477,0.064161,0.833402,0.281012,0.646626,0.560361,0.745512,1.21779,1.102736,0.140716,0.590882,1.078485,1.096594,1.005908,0.953326,1.09992
2026-01-04 14:10:00,0.223832,0.805862,0.822425,1.017558,0.122047,0.696473,0.066081,0.767045,0.533418,0.058341,0.078662,0.070193,0.043004,0.0,0.802446,0.505683,0.61418,0.587442,0.0,0.587442,0.727839,1.029737,0.937864,0.979518,0.689145,0.939381,0.989651,0.996449,0.583388,0.783276,1.00302,1.000442,0.40391,1.01626,0.064132,0.908727,0.270723,1.136833,0.60057,1.043264,0.470165,0.538551,0.207699,0.790045,1.111583,1.069203,0.576563,0.802006,1.117734
2026-01-04 14:20:00,0.645348,0.728569,0.827417,1.034683,0.118875,0.692424,0.067408,0.766017,0.552266,0.056065,0.080178,0.071048,0.046733,0.0,0.639693,0.588462,0.528815,0.616511,0.0,0.616511,0.555157,1.030741,0.76652,0.984488,0.73957,0.941477,0.999643,1.004704,0.499979,0.757865,1.012411,1.005818,0.477549,1.16953,0.064118,0.916808,0.265579,1.141291,0.592914,1.047786,0.690609,0.476701,0.197819,0.969117,1.140343,0.973218,0.524657,0.792336,1.130985
2026-01-04 14:30:00,1.052595,0.621959,0.832409,1.042973,0.115161,0.690798,0.068477,0.764988,0.570589,0.053793,0.082112,0.072226,0.056105,0.0,0.47694,0.626002,0.44345,0.646287,0.0,0.646287,0.382474,1.031673,0.59682,0.99655,0.75858,0.943137,1.003886,1.01219,0.465679,0.728815,1.015118,1.011066,0.51645,1.3228,0.064104,0.919382,0.260434,1.142555,0.577151,1.051533,1.039418,0.441431,0.187939,1.094375,1.155584,0.86361,0.507875,0.789403,1.143886
2026-01-04 14:40:00,0.560353,0.40415,0.277187,0.979926,0.11446,0.692321,0.069072,0.767819,0.605374,0.048918,0.086596,0.074124,0.082843,0.0,0.709303,0.523743,0.893076,0.845787,0.0,0.845787,0.837785,1.040168,0.854552,1.026891,0.662093,0.948229,0.704587,1.025696,0.754418,0.634796,0.482352,1.025115,0.24874,0.39366,0.064075,0.913241,0.250145,1.125599,0.553731,1.074523,1.277486,0.398138,0.202731,1.141079,0.565347,0.810226,1.087316,1.118618,1.160084
2026-01-04 14:50:00,0.424095,0.69304,0.582366,1.023715,0.111926,0.691989,0.069953,0.764459,0.619487,0.04663,0.088418,0.074955,0.063059,0.0,0.795828,0.642696,0.880317,0.900013,0.0,0.900013,0.892063,1.039119,0.849,0.958008,0.662888,0.94804,0.743037,1.025308,0.86966,0.800577,0.667913,1.044952,0.315985,0.35282,0.064061,0.917693,0.245001,1.201222,0.542022,0.990069,1.114519,0.490108,0.224464,1.057699,0.610285,0.75839,0.976599,1.138682,1.095905
2026-01-04 15:00:00,0.372979,0.981929,0.887545,1.095808,0.10948,0.691142,0.070802,0.7611,0.633252,0.044659,0.090337,0.075957,0.043276,0.0,0.846002,0.804396,0.867559,0.92027,0.0,0.92027,0.909579,1.03626,0.832339,0.889125,0.665418,0.947404,0.824644,1.024919,0.918571,0.966357,0.853475,1.068454,0.38323,0.34073,0.064046,0.932224,0.239856,1.276845,0.530312,0.905614,0.951551,0.674663,0.262711,0.879574,0.72475,0.729847,0.865882,1.144744,1.031726
2026-01-04 15:10:00,0.683639,0.606919,0.773361,1.151392,0.108919,0.688591,0.071316,0.768933,0.664781,0.041832,0.095878,0.080265,0.149399,0.0,0.875774,0.869531,0.868483,0.862675,0.0,0.862675,0.865431,1.024911,0.720923,0.920789,0.692228,0.932978,0.957489,1.025357,0.920607,0.931452,0.685129,1.094673,0.30899,0.8887,0.064017,1.131552,0.229567,1.197495,0.506893,1.071102,1.200519,0.928814,0.389951,0.58377,1.068704,0.96028,0.943154,1.034599,1.131438
2026-01-04 15:20:00,0.579129,0.875067,0.786494,1.15788,0.099715,0.687417,0.072323,0.769448,0.675053,0.040368,0.099065,0.080571,0.259915,0.0,0.8723,0.86984,0.848686,0.836232,0.0,0.836232,0.820869,1.001421,0.841358,0.965474,0.787017,0.940692,0.925598,1.021388,0.916894,0.914053,0.714159,1.097251,0.315038,0.68223,0.064003,0.958915,0.224423,0.927906,0.495183,1.063418,0.935959,0.704941,0.382823,0.59721,0.777161,0.947074,0.913562,1.117697,0.816583
2026-01-04 15:30:00,0.47462,1.143215,0.827022,1.159969,0.081964,0.686912,0.073215,0.769604,0.683816,0.039715,0.102572,0.080876,0.322251,0.0,0.864787,0.869927,0.826564,0.808681,0.0,0.808681,0.796003,0.984954,0.961794,0.993376,0.862532,0.948405,0.861705,1.0159,0.907226,0.895205,0.743189,1.098064,0.33394,0.47576,0.063989,0.783314,0.219278,0.636068,0.483473,1.038429,0.585162,0.481068,0.363934,0.633104,0.485617,0.933868,0.883969,1.200795,0.501727
2026-01-04 15:40:00,0.516788,0.880252,1.15652,1.10475,0.057106,0.688105,0.073503,0.764504,0.700599,0.040308,0.110504,0.085112,0.22492,0.0,0.851831,0.866894,0.823697,0.741072,0.0,0.741072,0.815548,0.989879,0.945166,0.97742,0.848748,0.89916,0.774133,1.013539,0.875517,0.847616,0.678964,0.306259,0.50389,0.96367,0.06396,0.779968,0.208989,0.51604,0.460054,0.709634,0.45755,0.709277,0.297388,0.763817,0.991015,0.978148,1.191517,0.661709,1.206576
2026-01-04 15:50:00,0.531543,0.684544,0.97028,1.056949,0.072563,0.686459,0.073253,0.762765,0.712753,0.039895,0.115422,0.08535,0.153578,0.0,0.807328,0.85198,0.815953,0.614583,0.0,0.614583,0.779055,0.985885,0.929081,0.961116,0.845554,0.89312,0.835873,1.004467,0.866265,0.844491,0.497791,0.334276,0.625722,0.73794,0.063946,0.813244,0.204712,0.426228,0.448344,0.720135,0.689452,0.619092,0.307794,0.848899,0.668152,0.996508,0.848046,0.891316,1.279451
2026-01-04 16:00:00,0.551699,0.586197,0.784039,0.97425,0.088019,0.684814,0.073002,0.762078,0.724005,0.03877,0.120315,0.085579,0.117913,0.0,0.727712,0.827543,0.795621,0.528426,0.0,0.528426,0.686959,0.976193,0.912715,0.941054,0.841712,0.891164,0.897613,0.989867,0.861124,0.842326,0.360326,0.417621,0.68617,0.44408,0.063931,0.84652,0.1987,0.352939,0.436635,0.744715,0.921355,0.528907,0.330048,0.917495,0.345289,1.004164,0.504576,1.120923,1.302567
2026-01-04 16:10:00,0.860581,0.930184,0.788758,0.381158,0.078212,0.690695,0.074146,0.765554,0.736757,0.034295,0.1281,0.088281,0.175087,0.0,0.586126,0.798666,0.531994,0.577803,0.0,0.577803,0.419843,0.951839,0.895025,0.907499,0.789748,0.923544,0.871222,0.971579,0.857776,0.837109,0.635385,0.944169,0.48216,0.34537,0.063902,0.631782,0.129253,0.295437,0.413215,0.799315,0.586613,1.040403,0.367123,0.977808,0.567251,0.9085,0.808847,1.003688,1.199618
2026-01-04 16:20:00,0.921243,0.941794,0.875277,0.447442,0.075759,0.689176,0.074916,0.76337,0.745292,0.035431,0.131447,0.088559,0.172407,0.0,0.650503,0.759995,0.506389,0.566158,0.0,0.566158,0.426985,0.922615,0.882363,0.898563,0.797665,0.907291,0.854633,0.956937,0.835733,0.826322,0.527029,0.940094,0.353794,0.737202,0.063888,0.800485,0.067217,0.37457,0.401506,0.775895,0.817981,1.061394,0.370219,0.953976,0.820875,0.993783,1.074182,0.779736,1.211429
2026-01-04 16:30:00,0.942413,0.950499,0.969803,0.601441,0.072878,0.686932,0.07529,0.761186,0.749984,0.036568,0.134394,0.088799,0.169727,0.0,0.71488,0.690082,0.484681,0.534915,0.0,0.534915,0.434127,0.891914,0.866739,0.890232,0.805583,0.874473,0.834734,0.939402,0.803528,0.807554,0.418673,0.928036,0.29283,1.14041,0.063874,0.969188,0.023356,0.562449,0.389796,0.752475,1.049349,1.067586,0.37343,0.89418,0.968524,1.103522,1.21497,0.626266,1.228954
2026-01-04 16:40:00,0.640176,0.981619,0.985036,0.935107,0.046087,0.685706,0.067935,0.764912,0.750803,0.032513,0.139227,0.089841,0.179472,0.0,0.450063,0.400785,0.394653,0.418852,0.0,0.418852,0.387932,0.862741,0.828047,0.865726,0.757281,0.828454,0.782081,0.904259,0.778679,0.764383,0.50851,0.854198,0.42564,1.15338,0.063845,0.487052,0.006091,1.000284,0.366377,0.963883,0.463242,1.052843,0.431475,0.724469,0.818914,1.138492,1.167276,1.12143,1.238666
2026-01-04 16:50:00,0.523798,0.978559,0.940153,0.930899,0.060342,0.689234,0.06782,0.764129,0.750156,0.024746,0.140899,0.090357,0.17946,0.0,0.376675,0.37848,0.335905,0.35009,0.0,0.35009,0.372885,0.849882,0.810689,0.833729,0.703052,0.819768,0.769228,0.887858,0.740741,0.746658,0.468018,0.887896,0.444764,1.098738,0.063831,0.687249,0.00714,1.014805,0.354667,1.045527,0.632706,1.09145,0.465243,0.57624,0.945453,1.147073,1.103035,1.050343,1.093778
2026-01-04 17:00:00,0.476276,0.967946,0.847609,0.917667,0.074596,0.693368,0.067719,0.763173,0.747897,0.019419,0.141562,0.090584,0.179416,0.0,0.349137,0.364577,0.305271,0.318074,0.0,0.318074,0.356323,0.833163,0.792939,0.796,0.665726,0.812084,0.756735,0.870429,0.688398,0.724391,0.410039,0.948569,0.4511,0.98624,0.063816,0.887445,0.009299,1.019047,0.342957,1.078892,0.802169,1.151372,0.480873,0.48586,1.071993,1.150205,1.054597,0.937605,0.94889
2026-01-04 17:10:00,0.665397,0.500287,0.709498,0.792641,0.068446,0.694153,0.066777,0.76294,0.621272,0.024584,0.141462,0.087749,0.102996,0.0,0.479749,0.340554,0.301837,0.324987,0.0,0.324987,0.283925,0.733039,0.750736,0.751346,0.657214,0.787132,0.710845,0.825833,0.6074,0.597697,0.381645,1.009502,0.279315,0.8191,0.063787,0.734179,0.012508,0.895758,0.319538,0.681261,0.441967,1.189855,0.480156,0.469056,0.312174,0.824197,1.041731,0.86011,1.02378
2026-01-04 17:20:00,0.851882,0.66181,0.624198,0.893265,0.068641,0.694252,0.066306,0.759016,0.665651,0.030882,0.140979,0.070018,0.066282,0.0,0.413394,0.240577,0.252124,0.293346,0.0,0.293346,0.287049,0.695103,0.724993,0.659104,0.621291,0.776925,0.686726,0.807434,0.593894,0.604798,0.284446,0.739161,0.164927,0.98327,0.063773,0.768229,0.014112,0.867361,0.307828,0.811108,0.608686,1.178236,0.483135,0.489133,0.654384,0.836545,0.882795,0.869224,1.120481
2026-01-04 17:30:00,0.955114,0.823333,0.536193,0.993888,0.068836,0.694284,0.06582,0.751327,0.720499,0.035211,0.140573,0.054533,0.050285,0.0,0.342973,0.158453,0.205335,0.261705,0.0,0.261705,0.297054,0.671167,0.6995,0.594217,0.560169,0.765266,0.661991,0.788848,0.58202,0.611899,0.207513,0.46882,0.10753,1.14744,0.063759,0.802279,0.015716,0.83314,0.296119,0.940956,0.883898,1.151325,0.492896,0.545172,1.027192,0.848892,0.73471,0.892195,1.179132
2026-01-04 17:40:00,0.197188,0.340195,0.381473,0.871353,0.049173,0.687344,0.064763,0.740092,0.734815,0.036014,0.148274,0.063063,0.086607,0.0,0.338203,0.204056,0.556884,0.390773,0.0,0.390773,0.409286,0.653043,0.658754,0.593913,0.47478,0.721013,0.611565,0.742423,0.540839,0.54893,0.310253,0.94397,0.10471,1.10366,0.06373,0.689976,0.018924,0.354626,0.272699,0.582935,1.097802,1.093611,0.633161,0.794767,1.06399,0.231293,0.841492,0.958485,1.14024
2026-01-04 17:50:00,0.183034,0.488175,0.583856,0.648049,0.051003,0.687443,0.064235,0.738272,0.73074,0.032863,0.146829,0.07403,0.097708,0.0,0.409559,0.332623,0.517704,0.458874,0.0,0.458874,0.404095,0.649657,0.632939,0.592327,0.432415,0.701133,0.586456,0.712975,0.483631,0.472343,0.302334,0.878863,0.192091,0.724224,0.063716,0.537774,0.020528,0.4265,0.261746,0.529013,1.110457,0.968949,0.542039,0.802308,1.086783,0.636189,0.893077,0.843493,1.111938
2026-01-04 18:00:00,0.178974,0.636155,0.786239,0.497114,0.052832,0.687543,0.063707,0.736509,0.720747,0.027539,0.142119,0.082262,0.108591,0.0,0.480914,0.430161,0.422507,0.489423,0.0,0.489423,0.387709,0.645538,0.605287,0.58782,0.413463,0.681817,0.56041,0.681819,0.429319,0.403498,0.280778,0.813756,0.38752,0.38071,0.063701,0.432379,0.022132,0.538446,0.251013,0.511027,1.114272,0.880526,0.414893,0.804503,1.097551,1.041085,0.915591,0.728502,1.094519
2026-01-04 18:10:00,0.211667,0.567734,0.512409,0.57652,0.04709,0.671343,0.06265,0.727219,0.694656,0.023099,0.078772,0.084585,0.141885,0.0,0.335882,0.221505,0.182112,0.267611,0.0,0.267611,0.22735,0.503605,0.552913,0.540002,0.413022,0.642171,0.502432,0.624815,0.395722,0.361771,0.195379,0.917394,0.76176,1.07028,0.063672,0.416868,0.02534,0.611147,0.229326,0.533207,1.029736,1.145037,0.358249,0.798106,1.040942,0.515183,0.827605,0.793831,1.089344
2026-01-04 18:20:00,0.230061,0.279667,0.209884,0.53301,0.051065,0.668686,0.062226,0.716793,0.642817,0.030015,0.111472,0.079475,0.134706,0.0,0.293238,0.253396,0.148322,0.186755,0.0,0.186755,0.200754,0.480442,0.52435,0.505709,0.435952,0.61106,0.473718,0.595144,0.391455,0.395395,0.151321,0.895508,0.845011,1.071888,0.063658,0.428567,0.026944,0.757033,0.218483,0.792885,0.559107,0.728683,0.332288,0.760682,0.595253,0.350625,0.798275,0.770184,1.026045
2026-01-04 18:30:00,0.252774,0.042558,0.03577,0.489501,0.05504,0.6659,0.061594,0.702619,0.596681,0.036932,0.144172,0.071107,0.117509,0.0,0.269077,0.309611,0.137168,0.154233,0.0,0.154233,0.191746,0.462041,0.494454,0.45886,0.458882,0.576596,0.444779,0.563792,0.386748,0.429019,0.122093,0.848164,0.90559,1.07234,0.063644,0.464717,0.028549,0.858421,0.207639,1.037185,0.154379,0.31233,0.321137,0.670832,0.195582,0.287029,0.772087,0.727,0.967108
2026-01-04 18:40:00,0.328541,0.062177,0.062213,0.627137,0.034509,0.643398,0.043284,0.674388,0.581821,0.03333,0.132238,0.064761,0.07619,0.0,0.252467,0.362692,0.246968,0.255569,0.0,0.255569,0.29235,0.415537,0.43235,0.297921,0.417753,0.519396,0.385074,0.493547,0.291955,0.250764,0.103279,0.766466,1.00538,0.19771,0.063615,0.761599,0.031757,0.319903,0.185953,1.040861,1.161395,1.056905,0.476752,0.338789,0.405727,0.316081,0.716287,0.681794,1.038336
2026-01-04 18:50:00,0.516721,0.126063,0.148499,0.588673,0.04392,0.631093,0.036694,0.656594,0.561655,0.031222,0.299665,0.061902,0.05142,0.0,0.226475,0.330389,0.229687,0.308439,0.0,0.308439,0.293591,0.354117,0.402202,0.321606,0.395453,0.488514,0.356061,0.463711,0.273176,0.251467,0.099657,0.520459,0.785715,0.648295,0.063601,0.933121,0.033361,0.336681,0.175109,1.028968,1.02159,0.986919,0.619377,0.361959,0.290049,0.399429,0.691589,0.653554,0.71005
2026-01-04 19:00:00,0.655167,0.203717,0.240385,0.522377,0.053331,0.614682,0.030183,0.631929,0.532558,0.028532,0.467092,0.059164,0.039843,0.0,0.209703,0.280045,0.212406,0.332071,0.0,0.332071,0.293944,0.307078,0.371644,0.345291,0.372123,0.456531,0.327336,0.430701,0.257826,0.25217,0.098336,0.257622,0.56605,1.09888,0.063586,1.012332,0.034965,0.384071,0.164266,1.017075,0.881785,0.916933,0.696365,0.416106,0.171153,0.487588,0.660408,0.620474,0.381764
2026-01-04 19:10:00,0.370935,0.25229,0.277064,0.463775,0.050766,0.537912,0.012757,0.523681,0.475927,0.018959,0.407863,0.053778,0.04295,0.0,0.241941,0.24729,0.214304,0.228552,0.0,0.228552,0.207928,0.293078,0.306266,0.185025,0.323424,0.391349,0.269835,0.323877,0.220284,0.238531,0.098238,0.144024,0.87646,0.92102,0.063557,0.869079,0.038173,0.608015,0.142579,1.022225,1.001766,1.011642,0.271323,0.535736,0.167487,0.525859,0.499857,0.538479,0.762875
2026-01-04 19:20:00,0.599077,0.274612,0.275897,0.416382,0.047625,0.462436,0.003917,0.463532,0.447103,0.010995,0.387053,0.05088,0.052337,0.0,0.227912,0.21085,0.204724,0.175256,0.0,0.175256,0.1681,0.23158,0.277042,0.143993,0.293577,0.366261,0.239982,0.297807,0.217825,0.228544,0.090299,0.130634,0.818585,0.89796,0.063543,0.804634,0.039777,0.532044,0.131736,1.037058,0.791267,0.980289,0.241094,0.51592,0.16184,0.526617,0.488843,0.469729,0.503949
2026-01-04 19:30:00,0.827218,0.284208,0.271848,0.372394,0.042203,0.383513,0.0,0.402779,0.416361,0.005863,0.363956,0.048255,0.065438,0.0,0.197568,0.180198,0.179597,0.1357,0.0,0.1357,0.133009,0.18059,0.249127,0.122239,0.259752,0.34119,0.210949,0.273746,0.215367,0.217484,0.077448,0.126319,0.68371,0.87208,0.063529,0.724946,0.041381,0.456074,0.120893,1.048367,0.429141,0.890338,0.218263,0.462687,0.158214,0.526835,0.477671,0.43374,0.245022
2026-01-04 19:40:00,0.489239,0.093744,0.092902,0.32748,0.021154,0.29344,0.0,0.290477,0.343897,0.004365,0.268915,0.044494,0.078139,0.0,0.145231,0.163465,0.094761,0.10048,0.0,0.10048,0.079109,0.189315,0.194204,0.108634,0.182026,0.276202,0.159073,0.199964,0.178083,0.197773,0.067741,0.314126,0.3885,0.21269,0.0635,0.360204,0.044589,0.472565,0.099206,0.713439,0.11082,0.429254,0.147857,0.263895,0.160716,0.402114,0.284375,0.437675,0.412478
2026-01-04 19:50:00,0.27205,0.104902,0.096676,0.293695,0.015313,0.229134,0.0,0.234582,0.296305,0.003428,0.21995,0.041694,0.073252,0.0,0.129545,0.137376,0.079108,0.081033,0.0,0.081033,0.059793,0.176292,0.167032,0.092885,0.166455,0.243024,0.135274,0.177108,0.159489,0.170492,0.06247,0.228122,0.305784,0.312683,0.063486,0.396759,0.075247,0.330545,0.088363,0.779477,0.093181,0.593711,0.122003,0.171361,0.143768,0.397236,0.243813,0.410591,0.455588
2026-01-04 20:00:00,0.134109,0.116059,0.100449,0.256405,0.011822,0.160924,0.0,0.181118,0.237572,0.002515,0.171966,0.038091,0.068365,0.0,0.11518,0.106281,0.071163,0.071377,0.0,0.071377,0.05206,0.147029,0.13895,0.083676,0.151741,0.211753,0.111189,0.15619,0.139761,0.135881,0.05872,0.104468,0.24769,0.44042,0.063471,0.433314,0.120792,0.188525,0.077519,0.845515,0.085452,0.758167,0.110007,0.131431,0.106737,0.392269,0.229476,0.354195,0.471494
2026-01-04 20:10:00,0.07621,0.057027,0.053602,0.192368,0.008883,0.049632,0.0,0.085904,0.076508,0.00115,0.083807,0.02841,0.088805,0.0,0.079065,0.074007,0.065675,0.070186,0.0,0.070186,0.059826,0.090152,0.076688,0.085521,0.093762,0.159485,0.056874,0.105204,0.092949,0.088966,0.055907,0.043018,0.17288,0.47977,0.063442,0.341984,0.153946,0.306351,0.055833,0.577483,0.079937,0.619037,0.107447,0.189599,0.04084,0.199842,0.261282,0.267519,0.317431
2026-01-04 20:20:00,0.060301,0.031245,0.030666,0.159447,0.008569,0.020933,0.0,0.049273,0.051533,0.000363,0.0432,0.023615,0.082754,0.0,0.063738,0.05894,0.057282,0.061184,0.0,0.061184,0.053834,0.0679,0.04891,0.076239,0.074016,0.13147,0.040922,0.081173,0.073314,0.071007,0.052074,0.022133,0.149977,0.426468,0.063428,0.257778,0.137086,0.288567,0.044989,0.546685,0.091991,0.531194,0.109233,0.189105,0.034825,0.174972,0.234489,0.209059,0.247675
2026-01-04 20:30:00,0.048534,0.014343,0.014749,0.127325,0.008237,0.006787,0.0,0.024046,0.033872,0.0,0.017466,0.018651,0.068728,0.0,0.050179,0.044867,0.044672,0.044687,0.0,0.044687,0.041358,0.051787,0.031369,0.058777,0.057846,0.104158,0.031248,0.059026,0.05667,0.055245,0.046066,0.013889,0.13234,0.35188,0.063414,0.21223,0.107522,0.254431,0.034146,0.515893,0.104045,0.423812,0.111019,0.187411,0.032943,0.155303,0.194858,0.166383,0.17969
2026-01-04 20:40:00,0.030965,0.001853,0.002382,0.068857,0.002785,0.0,0.0,0.0,0.000901,0.0,0.001217,0.007587,0.038578,0.0,0.027401,0.019853,0.020088,0.021559,0.0,0.021559,0.022177,0.034496,0.020037,0.038856,0.031074,0.056545,0.023118,0.021384,0.031401,0.026825,0.031238,0.016027,0.10532,0.31829,0.063385,0.416655,0.080033,0.213155,0.012459,0.248358,0.035076,0.124078,0.096448,0.13351,0.071724,0.099785,0.173127,0.139187,0.040023
2026-01-04 20:50:00,0.023823,0.00045,0.000593,0.036144,0.000977,0.0,0.0,0.0,0.000201,0.0,0.000281,0.002618,0.024111,0.0,0.018461,0.012654,0.012092,0.013875,0.0,0.013875,0.01195,0.026722,0.015401,0.029021,0.018569,0.035257,0.018419,0.014713,0.020928,0.017506,0.021905,0.017096,0.092229,0.303984,0.063371,0.357924,0.085276,0.187578,0.011544,0.111598,0.030892,0.124749,0.09346,0.109374,0.067849,0.079857,0.103201,0.084591,0.015166
2026-01-04 21:00:00,0.016764,0.0,0.0,0.014098,0.000166,0.0,0.0,0.0,0.0,0.0,0.0,0.0003,0.012712,0.0,0.012126,0.007625,0.006756,0.008439,0.0,0.008439,0.005673,0.019272,0.011009,0.020113,0.009451,0.019107,0.01334,0.010123,0.012339,0.010468,0.013156,0.018164,0.0783,0.2847,0.063356,0.244115,0.098527,0.154515,0.010925,0.041104,0.027376,0.125421,0.09001,0.086149,0.057771,0.062486,0.035078,0.034034,0.004343
2026-01-04 21:10:00,0.0,0.0,0.0,0.000492,0.0,0.0,0.0,0.0,0.0,0.0,0.0,0.0,0.0,0.0,0.005725,0.001354,0.001383,0.002162,0.0,0.002162,0.002683,0.004564,0.001824,0.006267,0.000952,0.0017,0.002476,0.002684,0.000239,0.000735,0.001384,0.020302,0.04393,0.13239,0.063327,0.102616,0.1372,0.040562,0.009391,0.02585,0.010237,0.017479,0.04874,0.039592,0.024888,0.029977,0.016399,0.015016,0.0
2026-01-04 21:20:00,0.0,0.0,0.0,0.000111,0.0,0.0,0.0,0.0,0.0,0.0,0.0,0.0,0.0,0.0,0.005179,0.000688,0.000938,0.001058,0.0,0.001058,0.001846,0.001921,0.001273,0.001928,0.000226,0.000399,0.001712,0.001681,5.3e-05,0.000199,0.000329,0.021371,0.0281,0.063465,0.063313,0.054902,0.095637,0.026018,0.008624,0.019082,0.003228,0.009006,0.033267,0.027517,0.018309,0.014285,0.012146,0.009553,0.0
2026-01-04 21:30:00,0.0,0.0,0.0,0.0,0.0,0.0,0.0,0.0,0.0,0.0,0.0,0.0,0.0,0.0,0.004859,0.00036,0.0008,0.000681,0.0,0.000681,0.001253,0.000974,0.001016,0.000153,0.0,0.0,0.001345,0.0012,0.0,2.4e-05,0.0,0.02244,0.0154,0.02291,0.063299,0.026895,0.036733,0.018491,0.007857,0.012953,0.00019,0.004623,0.02096,0.018334,0.013471,0.004815,0.008577,0.005566,0.0
2026-01-04 21:40:00,0.0,0.0,0.0,0.0,0.0,0.0,0.0,0.0,0.0,0.0,0.0,0.0,0.0,0.0,0.0044,8.6e-05,0.0008,0.000835,0.0,0.000835,0.000469,0.000909,0.0008,0.0,0.0,0.0,0.001025,0.000866,0.0,0.0,0.0,0.024578,0.0,0.00255,0.06327,0.007875,0.008934,0.011792,0.006323,0.002437,0.0,0.0,0.003509,0.002985,0.004731,0.0,0.0,0.0,0.0
2026-01-04 21:50:00,0.0,0.0,0.0,0.0,0.0,0.0,0.0,0.0,0.0,0.0,0.0,0.0,0.0,0.0,0.0044,2.3e-05,0.0008,0.000644,0.0,0.000644,0.000645,0.000923,0.0008,0.0,0.0,0.0,0.000918,0.000864,0.0,0.0,0.0,0.025647,0.0,0.00061,0.063256,0.002178,0.006284,0.006959,0.005556,0.00062,0.0,0.0,0.000878,0.000744,0.001371,0.0,0.0,0.0,0.0
2026-01-04 22:00:00,0.0,0.0,0.0,0.0,0.0,0.0,0.0,0.0,0.0,0.0,0.0,0.0,0.0,0.0,0.0044,0.0,0.0008,0.000454,0.0,0.000454,0.000979,0.000963,0.0008,0.0,0.0,0.0,0.000877,0.000864,0.0,0.0,0.0,0.026716,0.0,0.0,0.063241,0.0,0.004403,0.003065,0.004789,0.0,0.0,0.0,0.0,0.0,0.0,0.0,0.0,0.0,0.0
2026-01-04 22:10:00,0.0,0.0,0.0,0.0,0.0,0.0,0.0,0.0,0.0,0.0,0.0,0.0,0.0,0.0,0.0044,0.000518,0.0008,0.00075,0.0,0.00075,0.001374,0.001161,0.0008,0.0,0.0,0.0,0.001093,0.001003,0.0,0.0,0.0,0.028854,0.0,0.0,0.063212,0.0,5e-05,0.0,0.003255,0.0,0.0,0.0,0.0,0.0,0.0,0.0,0.0,0.0,0.0
2026-01-04 22:20:00,0.0,0.0,0.0,0.0,0.0,0.0,0.0,0.0,0.0,0.0,0.0,0.0,0.0,0.0,0.0044,0.000259,0.0008,0.000736,0.0,0.000736,0.000892,0.001031,0.0008,0.0,0.0,0.0,0.001135,0.000901,0.0,0.0,0.0,0.029923,0.0,8.6e-05,0.063198,0.0,0.000334,0.0,0.002488,0.0,0.0,0.0,0.0,0.0,0.0,0.0,0.0,0.0,0.0
2026-01-04 22:30:00,0.0,0.0,0.0,0.0,0.0,0.0,0.0,0.0,0.0,0.0,0.0,0.0,0.0,0.0,0.0044,0.0,0.0008,0.000699,0.0,0.000699,0.000411,0.0009,0.0008,0.0,0.0,0.0,0.00115,0.0008,0.0,0.0,0.0,0.030991,0.0,0.00027,0.063184,0.0,0.000619,0.0,0.001721,0.0,0.0,0.0,0.0,0.0,0.0,0.0,0.0,0.0,0.0
2026-01-04 22:40:00,0.002127,0.0,0.0,0.0,0.0,0.0,0.0,0.0,0.0,0.0,0.0,0.0,0.0,0.0,0.004512,0.000109,0.0008,0.000591,0.0,0.000591,0.00184,0.0009,0.000858,0.0,0.0,0.0,0.000847,0.001063,0.0,0.0,0.0,0.033129,0.0,0.00057,0.063155,0.0,0.000312,0.0,0.000187,0.0,0.0,0.0,0.0,0.0,0.0,0.0,0.0,0.0,0.0
2026-01-04 22:50:00,0.003191,0.0,0.0,0.0,0.0,0.0,0.0,0.0,0.0,0.0,0.0,0.0,0.0,0.0,0.004456,5.5e-05,0.0008,0.000617,0.0,0.000617,0.001598,0.001021,0.000829,0.0,0.0,0.0,0.000952,0.000932,0.0,1.4e-05,0.0,0.034198,0.0,0.000541,0.063141,0.0,0.000184,0.0,0.000182,0.0,0.0,0.0,0.0,0.0,0.0,0.0,0.0,0.0,0.0
2026-01-04 23:00:00,0.004255,0.0,0.0,0.0,0.0,0.0,0.0,0.0,0.0,0.0,0.0,0.0,0.0,0.0,0.0044,0.0,0.0008,0.000643,0.0,0.000643,0.0012,0.001142,0.0008,0.0,0.0,0.0,0.001094,0.0008,0.0,2.8e-05,0.0,0.035267,0.0,0.00046,0.063126,0.0,0.000131,0.0,0.000179,0.0,0.0,0.0,0.0,0.0,0.0,0.0,0.0,0.0,0.0
2026-01-04 23:10:00,0.006382,0.0,0.0,0.0,8.9e-05,0.0,0.0,0.0,0.0,0.0,0.0,0.0,0.0,0.0,0.004425,0.0,0.0008,0.000588,0.0,0.000588,0.000896,0.000839,0.0008,0.0,0.0,0.0,0.00115,0.00103,0.0,0.0,0.0,0.037405,0.0,0.0001,0.063097,0.0,0.000614,0.0,0.000172,0.0,0.0,0.0,0.0,0.0,0.0,0.0,0.0,0.0,0.0
2026-01-04 23:20:00,0.007446,0.0,0.0,0.0,0.000201,0.0,0.0,0.0,0.0,0.0,0.0,0.0,0.0,0.0,0.004487,0.0,0.0008,0.000683,0.0,0.000683,0.001197,0.000869,0.000816,0.0,0.0,0.0,0.001087,0.000915,0.0,2.7e-05,0.0,0.038474,0.0,2.6e-05,0.063083,0.0,0.000598,0.0,0.000173,0.0,0.0,0.0,0.0,0.0,0.0,0.0,0.0,0.0,0.0
2026-01-04 23:30:00,0.00851,0.0,0.0,0.0,0.000268,0.0,0.0,0.0,0.0,0.0,0.0,0.0,0.0,0.0,0.004532,0.0,0.0008,0.000779,0.0,0.000779,0.001498,0.0009,0.000856,0.0,0.0,0.0,0.001025,0.0008,0.0,5.4e-05,0.0,0.039543,0.0,0.0,0.063069,0.0,0.00055,0.0,0.000175,0.0,0.0,0.0,0.0,0.0,0.0,0.0,0.0,0.0,0.0
2026-01-04 23:40:00,0.010637,0.0,0.0,0.0,0.000147,0.0,0.0,0.0,0.0,0.0,0.0,0.0,0.0,0.0,0.004281,0.0,0.0008,0.00075,0.0,0.00075,0.001382,0.0009,0.000979,0.0,0.0,0.0,0.00115,0.0012,0.0,0.0,0.0,0.041681,0.0,4e-05,0.06304,0.0,0.0,0.0,0.000178,0.0,0.0,0.0,0.0,0.0,0.0,0.0,0.0,0.0,0.0
2026-01-04 23:50:00,0.011701,0.0,0.0,0.0,5e-05,0.0,0.0,0.0,0.0,0.0,0.0,0.0,0.0,0.0,0.004343,9.5e-05,0.0008,0.000667,0.000425,0.000667,0.000645,0.0009,0.000889,0.0,0.0,0.0,0.00115,0.00112,0.0,0.0,0.0,0.04275,0.0,2e-05,0.063026,0.0,3e-06,0.0,0.000179,0.0,0.0,0.0,0.0,0.0,0.0,0.0,0.0,0.0,0.0
2026-01-05 00:00:00,0.012765,0.0,0.0,0.0,0.0,0.0,0.0,0.0,0.0,0.0,0.0,0.0,0.0,0.0,0.004405,0.00019,0.0008,0.000556,0.00085,0.000556,0.0,0.0009,0.0008,0.0,0.0,0.0,0.00115,0.000995,0.0,0.0,0.0,0.043818,0.0,0.0,0.063011,0.0,1.4e-05,0.0,0.000181,0.0,0.0,0.0,0.0,0.0,0.0,0.0,0.0,0.0,0.0
2026-01-05 00:10:00,0.014892,0.0,0.0,0.0,0.0,0.0,0.0,0.0,0.0,0.0,0.0,0.0,0.0,0.0,0.004245,0.0,0.0008,0.000455,0.00085,0.000455,0.001787,0.0009,0.0008,0.0,0.0,0.0,0.000997,0.000912,0.0,0.0,0.0,0.045956,0.0,0.0,0.062982,0.0,0.000613,0.0,0.000184,0.0,0.0,0.0,0.0,0.0,0.0,0.0,0.0,0.0,0.0
2026-01-05 00:20:00,0.015956,0.0,0.0,0.0,0.0,0.0,0.0,0.0,0.0,0.0,0.0,0.0,0.0,0.0,0.004259,0.000149,0.0008,0.000581,0.00085,0.000581,0.001043,0.0009,0.0008,0.0,0.0,0.0,0.001046,0.000839,0.0,0.0,0.0,0.047025,0.0,0.0,0.062968,0.0,0.000602,0.0,0.000185,0.0,0.0,0.0,0.0,0.0,0.0,0.0,0.0,0.0,0.0
2026-01-05 00:30:00,0.01702,0.0,0.0,0.0,0.0,0.0,0.0,0.0,0.0,0.0,0.0,0.0,0.0,0.0,0.004294,0.000367,0.0008,0.000708,0.00085,0.000708,0.000299,0.0009,0.0008,0.0,0.0,0.0,0.001095,0.0008,0.0,0.0,0.0,0.048094,0.0,0.0,0.062954,0.0,0.00057,0.0,0.000187,0.0,0.0,0.0,0.0,0.0,0.0,0.0,0.0,0.0,0.0
2026-01-05 00:40:00,0.019147,0.0,0.0,0.0,0.0,0.0,0.0,0.0,0.0,0.0,0.0,0.0,0.0,0.0,0.0044,0.000481,0.0008,0.000569,0.00085,0.000569,0.000608,0.0009,0.0008,0.0,0.0,0.0,0.001091,0.000915,0.0,0.0,0.0,0.050232,0.0,0.0,0.062925,0.0,0.000392,0.0,0.00019,0.0,0.0,0.0,0.0,0.0,0.0,0.0,0.0,0.0,0.0
2026-01-05 00:50:00,0.020211,0.0,0.0,0.0,0.0,0.0,3.5e-05,0.0,0.0,0.0,0.0,0.0,0.0,0.0,0.0044,0.000241,0.0008,0.000603,0.00085,0.000603,0.000761,0.00087,0.000929,0.0,0.0,0.0,0.00099,0.000987,0.0,0.0,0.0,0.051301,0.0,6e-05,0.062911,0.0,0.00029,0.0,0.000187,0.0,0.0,0.0,0.0,0.0,0.0,0.0,0.0,0.0,0.0
2026-01-05 01:00:00,0.021275,0.0,0.0,0.0,0.0,0.0,7.1e-05,0.0,0.0,0.0,0.0,0.0,0.0,0.0,0.0044,0.0,0.0008,0.000638,0.00085,0.000638,0.000829,0.000841,0.001058,0.0,0.0,0.0,0.000892,0.001021,0.0,0.0,0.0,0.05237,0.0,0.00012,0.062896,0.0,0.000208,0.0,0.000183,0.0,0.0,0.0,0.0,0.0,0.0,0.0,0.0,0.0,0.0
2026-01-05 01:10:00,0.023402,0.0,0.0,0.0,0.0,0.0,0.0,0.0,0.0,0.0,0.0,0.0,0.0,0.0,0.004346,0.000591,0.0008,0.000625,0.00085,0.000625,0.000746,0.00085,0.0008,0.0,0.0,0.0,0.001045,0.0008,0.0,2.2e-05,0.0,0.054508,0.0,0.0,0.062867,0.0,0.000125,0.0,0.000175,0.0,0.0,0.0,0.0,0.0,0.0,0.0,0.0,0.0,0.0
2026-01-05 01:20:00,0.024466,0.0,0.0,0.0,0.0,0.0,0.0,0.0,0.0,0.0,0.0,0.0,0.0,0.0,0.004394,0.000551,0.0008,0.000635,0.00085,0.000635,0.001042,0.000878,0.0008,0.0,0.0,0.0,0.00109,0.000821,0.0,5.2e-05,0.0,0.055577,0.0,0.0,0.062853,0.0,0.000357,0.0,0.000186,0.0,0.0,0.0,0.0,0.0,0.0,0.0,0.0,0.0,0.0
2026-01-05 01:30:00,0.02553,0.0,0.0,0.0,0.0,0.0,0.0,0.0,0.0,0.0,0.0,0.0,0.0,0.0,0.004449,0.000443,0.0008,0.000647,0.00085,0.000647,0.001337,0.0009,0.0008,0.0,0.0,0.0,0.001107,0.000841,0.0,7.1e-05,0.0,0.056646,0.0,0.0,0.062839,0.0,0.000589,0.0,0.000196,0.0,0.0,0.0,0.0,0.0,0.0,0.0,0.0,0.0,0.0
2026-01-05 01:40:00,0.027657,0.0,0.0,0.0,0.0,0.0,0.000133,0.0,0.0,0.0,0.0,0.0,0.0,0.0,0.004459,0.0,0.0008,0.000648,0.00085,0.000648,0.000523,0.0009,0.0008,0.0,0.0,0.0,0.001099,0.0008,0.0,0.0,0.0,0.058783,0.0,0.0,0.06281,0.0,0.0,0.0,0.000192,0.0,0.0,0.0,0.0,0.0,0.0,0.0,0.0,0.0,0.0
2026-01-05 01:50:00,0.028721,0.0,0.0,0.0,0.0,0.0,6.7e-05,0.0,0.0,1.3e-05,0.0,0.0,0.0,0.0,0.004448,0.0,0.0008,0.000699,0.00085,0.000699,0.000529,0.000939,0.0008,0.0,0.0,0.0,0.001013,0.000816,0.0,0.0,0.0,0.059852,0.0,0.00039,0.062796,0.0,2.1e-05,0.0,0.000191,0.0,0.0,0.0,0.0,0.0,0.0,0.0,0.0,0.0,0.0
2026-01-05 02:00:00,0.029784,0.0,0.0,0.0,0.0,0.0,0.0,0.0,0.0,2.6e-05,0.0,0.0,0.0,0.0,0.00442,0.0,0.0008,0.00075,0.00085,0.00075,0.000547,0.000979,0.0008,0.0,0.0,0.0,0.000935,0.000864,0.0,0.0,0.0,0.060921,0.0,0.00078,0.062781,0.0,8.5e-05,0.0,0.000189,0.0,0.0,0.0,0.0,0.0,0.0,0.0,0.0,0.0,0.0
2026-01-05 02:10:00,0.031912,0.0,0.0,0.0,0.0,0.0,0.0,0.0,0.0,0.0,0.0,0.0,0.0,0.0,0.004346,0.0,0.0008,0.000575,0.00085,0.000575,0.00238,0.000963,0.00086,0.0,0.0,0.0,0.001096,0.001142,0.0,0.0,0.0,0.063059,0.0,0.00028,0.062752,0.0,0.000656,0.0,0.000185,0.0,0.0,0.0,0.0,0.0,0.0,0.0,0.0,0.0,0.0
2026-01-05 02:20:00,0.032976,0.0,0.0,0.0,0.0,0.0,0.0,0.0,0.000718,0.0,0.0,0.0,0.0,0.0,0.004407,0.0,0.0008,0.000593,0.00085,0.000593,0.001697,0.000926,0.00083,0.0,0.0,0.0,0.001135,0.001076,0.0,0.0,0.0,0.064128,0.0,8.2e-05,0.062738,0.0,0.000465,0.0,0.000184,0.0,0.0,0.0,0.0,0.0,0.0,0.0,0.0,0.0,0.0
2026-01-05 02:30:00,0.034039,0.0,0.0,0.0,0.0,0.0,0.0,0.0,0.001435,0.0,0.0,0.0,0.0,0.0,0.004468,0.0,0.0008,0.000627,0.00085,0.000627,0.001014,0.0009,0.0008,0.0,0.0,0.0,0.00115,0.000986,0.0,0.0,0.0,0.065197,0.0,0.0,0.062724,0.0,0.000275,0.0,0.000182,0.0,0.0,0.0,0.0,0.0,0.0,0.0,0.0,0.0,0.0
2026-01-05 02:40:00,0.036167,0.0,0.0,0.0,0.0,0.0,9e-05,0.0,0.0,0.0,0.0,0.0,0.0,0.0,0.004208,0.0,0.0008,0.000671,0.00085,0.000671,0.001242,0.0009,0.0008,0.0,0.0,0.0,0.00115,0.000951,0.0,0.0,0.0,0.067335,0.0,0.0,0.062695,0.0,0.000339,0.0,0.000178,0.0,0.0,0.0,0.0,0.0,0.0,0.0,0.0,0.0,0.0
2026-01-05 02:50:00,0.037231,0.0,0.0,0.0,0.0,0.0,9.3e-05,0.0,0.0,8e-06,0.0,0.0,0.0,0.0,0.00426,0.0,0.0008,0.000701,0.00085,0.000701,0.001944,0.0009,0.0008,0.0,0.0,0.0,0.00115,0.000989,0.0,0.0,0.0,0.068404,0.0006,0.00054,0.062681,0.0,0.000365,0.0,0.000177,0.0,0.0,0.0,0.0,0.0,0.0,0.0,0.0,0.0,0.0
2026-01-05 03:00:00,0.038294,0.0,0.0,0.0,0.0,0.0,9.4e-05,0.0,0.0,1.6e-05,0.0,0.0,0.0,0.0,0.0044,0.0,0.0008,0.00075,0.00085,0.00075,0.00275,0.0009,0.0008,0.0,0.0,0.0,0.00115,0.00111,0.0,0.0,0.0,0.069473,0.001834,0.00165,0.062666,0.0,0.000404,0.0,0.000175,0.0,0.0,0.0,0.0,0.0,0.0,0.0,0.0,0.0,0.0
2026-01-05 03:10:00,0.040422,0.0,0.0,0.0,0.0,0.0,0.0,0.0,0.0,0.0,0.0,0.0,0.0,0.0,0.004925,0.000485,0.001193,0.001206,0.001604,0.001206,0.003189,0.002122,0.001887,0.000699,0.00072,0.0006,0.002258,0.002478,0.001089,0.00097,0.004346,0.07161,0.003668,0.003301,0.062637,0.001085,0.008908,0.0,0.000171,0.0,0.0,0.0,0.0,0.0,0.0,0.0,0.0,0.0,0.0
2026-01-05 03:20:00,0.041485,0.0,0.0,0.0,0.0,0.0,1e-06,0.0,0.0,0.0,0.0,0.0,0.0,0.0,0.005187,0.000728,0.00139,0.001433,0.001981,0.001433,0.003409,0.002733,0.00243,0.001049,0.00108,0.0009,0.002812,0.003162,0.001634,0.001455,0.006518,0.072679,0.004585,0.004126,0.062623,0.001628,0.01316,0.0,0.000169,0.0,0.0,0.0,0.0,0.0,0.0,0.0,0.0,0.0,0.0
2026-01-05 03:30:00,0.042549,0.0,0.0,0.0,0.0,0.0,3e-06,0.0,0.0,0.0,0.0,0.0,0.0,0.0,0.00545,0.000971,0.001586,0.001661,0.002358,0.001661,0.003628,0.003343,0.002974,0.001399,0.00144,0.001199,0.003366,0.003846,0.002179,0.00194,0.008691,0.073748,0.005502,0.004951,0.062609,0.00217,0.017412,0.0,0.000168,0.0,0.0,0.0,0.0,0.0,0.0,0.0,0.0,0.0,0.0
2026-01-05 03:40:00,0.044677,0.0,0.0,0.0,0.0,0.0,0.0,0.0,0.0,0.0,0.0,0.0,0.0,0.0,0.005975,0.001456,0.00198,0.002117,0.003112,0.002117,0.004068,0.004565,0.004061,0.002098,0.00216,0.001799,0.004474,0.005214,0.003268,0.00291,0.013037,0.075886,0.007336,0.006602,0.06258,0.003255,0.025916,0.0,0.000176,0.0,0.0,0.0,0.0,0.0,0.0,0.0,0.0,0.0,0.0
2026-01-05 03:50:00,0.04574,0.0,0.0,0.0,0.0,0.0,0.0,0.0,0.0,0.0,0.0,0.0,0.0,0.0,0.006237,0.001699,0.002176,0.002344,0.003489,0.002344,0.004287,0.005176,0.004604,0.002448,0.00252,0.002099,0.005028,0.005898,0.003813,0.003396,0.01521,0.076955,0.008253,0.007427,0.062566,0.003798,0.030168,0.0,0.000181,0.0,0.0,0.0,0.0,0.0,0.0,0.0,0.0,0.0,0.0
2026-01-05 04:00:00,0.046804,0.0,0.0,0.0,0.0,0.0,0.0,0.0,0.0,0.0,0.0,0.0,0.0,0.0,0.006499,0.001942,0.002373,0.002572,0.003866,0.002572,0.004507,0.005787,0.005148,0.002798,0.00288,0.002399,0.005581,0.006582,0.004358,0.003881,0.017382,0.078024,0.00917,0.008252,0.062551,0.004341,0.03442,0.0,0.000185,0.0,0.0,0.0,0.0,0.0,0.0,0.0,0.0,0.0,0.0
2026-01-05 04:10:00,0.048932,0.0,0.0,0.0,0.0,0.0,0.00039,0.0,0.0,0.0,0.0,0.0,0.0,0.0,0.007024,0.002427,0.002766,0.003028,0.00462,0.003028,0.004946,0.007008,0.006235,0.003497,0.0036,0.002999,0.006689,0.00795,0.005447,0.004851,0.021728,0.080162,0.011004,0.009902,0.062522,0.005426,0.042924,0.0,0.000193,0.0,0.0,0.0,0.0,0.0,0.0,0.0,0.0,0.0,0.0
2026-01-05 04:20:00,0.049995,0.0,0.0,0.0,0.0,0.0,0.000227,0.0,0.0,0.0,0.0,0.0,0.0,0.0,0.007287,0.00267,0.002963,0.003256,0.004997,0.003256,0.005165,0.007619,0.006778,0.003847,0.00396,0.003298,0.007243,0.008634,0.005992,0.005336,0.023901,0.081231,0.011921,0.010728,0.062508,0.005968,0.047176,0.0,0.000198,0.0,0.0,0.0,0.0,0.0,0.0,0.0,0.0,0.0,0.0
2026-01-05 04:30:00,0.051059,0.0,0.0,0.0,0.0,0.0,6.3e-05,0.0,0.0,0.0,0.0,0.0,0.0,0.0,0.007549,0.002912,0.003159,0.003483,0.005374,0.003483,0.005385,0.00823,0.007322,0.004197,0.00432,0.003598,0.007797,0.009318,0.006537,0.005821,0.026074,0.0823,0.012838,0.011553,0.062494,0.006511,0.051428,0.0,0.000202,0.0,0.0,0.0,0.0,0.0,0.0,0.0,0.0,0.0,0.0
2026-01-05 04:40:00,0.053187,0.0,0.0,0.0,0.0,0.0,0.000122,0.0,0.0,0.0,0.0,0.0,0.0,0.0,0.008074,0.003398,0.003552,0.003939,0.006128,0.003939,0.005824,0.009452,0.008409,0.004896,0.00504,0.004198,0.008905,0.010686,0.007626,0.006791,0.030419,0.084437,0.014672,0.013203,0.062465,0.007596,0.059932,0.0,0.00021,0.0,0.0,0.0,0.0,0.0,0.0,0.0,0.0,0.0,0.0
2026-01-05 04:50:00,0.05425,0.0,0.0,0.0,0.0,0.0,6.1e-05,0.0,0.0,0.0,0.0,0.0,0.0,0.0,0.008336,0.003641,0.003749,0.004167,0.006505,0.004167,0.006044,0.010063,0.008952,0.005246,0.0054,0.004498,0.009459,0.011371,0.008171,0.007276,0.032592,0.085506,0.015589,0.014028,0.062451,0.008139,0.064184,0.0,0.000215,0.0,0.0,0.0,0.0,0.0,0.0,0.0,0.0,0.0,0.0
2026-01-05 05:00:00,0.055314,0.0,0.0,0.0,0.0,0.0,0.0,0.0,0.0,0.0,0.0,0.0,0.0,0.0,0.008599,0.003883,0.003946,0.004394,0.006882,0.004394,0.006263,0.010673,0.009496,0.005596,0.00576,0.004798,0.010013,0.012055,0.008716,0.007761,0.034765,0.086575,0.016506,0.014854,0.062436,0.008681,0.068436,0.0,0.000219,0.0,0.0,0.0,0.0,0.0,0.0,0.0,0.0,0.0,0.0
2026-01-05 05:10:00,0.057441,0.0,0.0,0.0,0.0,0.0,0.000244,0.0,0.0,0.0,0.0,0.0,0.0,0.0,0.009124,0.004369,0.004339,0.00485,0.007636,0.00485,0.006703,0.011895,0.010583,0.006295,0.00648,0.005397,0.011121,0.013423,0.009805,0.008731,0.03911,0.088713,0.01834,0.016504,0.062407,0.009766,0.076939,0.0,0.000228,0.0,0.0,0.0,0.0,0.0,0.0,0.0,0.0,0.0,0.0
2026-01-05 05:20:00,0.058505,0.0,0.0,0.0,0.0,0.0,0.000122,0.0,0.0,7.3e-05,0.0,0.0,0.0,0.0,0.009386,0.004611,0.004535,0.005078,0.008013,0.005078,0.006922,0.012506,0.011126,0.006645,0.00684,0.005697,0.011675,0.014107,0.01035,0.009217,0.041283,0.089782,0.019257,0.017329,0.062393,0.010309,0.081191,0.0,0.000232,0.0,0.0,0.0,0.0,0.0,0.0,0.0,0.0,0.0,0.0
2026-01-05 05:30:00,0.059569,0.0,0.0,0.0,0.0,0.0,0.0,0.0,0.0,0.000147,0.0,0.0,0.0,0.0,0.009649,0.004854,0.004732,0.005306,0.00839,0.005306,0.007142,0.013117,0.01167,0.006995,0.0072,0.005997,0.012229,0.014791,0.010895,0.009702,0.043456,0.090851,0.020174,0.018154,0.062379,0.010852,0.085443,0.0,0.000236,0.0,0.0,0.0,0.0,0.0,0.0,0.0,0.0,0.0,0.0
2026-01-05 05:40:00,0.061696,0.0,0.0,0.0,0.0,0.0,0.000109,0.0,0.0,0.0,0.0,0.0,0.0,0.0,0.010174,0.00534,0.005125,0.005761,0.009145,0.005761,0.007581,0.014338,0.012757,0.007694,0.00792,0.006597,0.013336,0.016159,0.011984,0.010672,0.047802,0.092989,0.022008,0.019805,0.06235,0.011937,0.093947,0.0,0.000245,0.0,0.0,0.0,0.0,0.0,0.0,0.0,0.0,0.0,0.0
2026-01-05 05:50:00,0.06276,0.0,0.0,0.0,0.0,0.0,0.001348,0.0,0.0,0.0,0.0,0.0,0.0,0.0,0.010436,0.005582,0.005322,0.005989,0.009522,0.005989,0.0078,0.014949,0.0133,0.008044,0.00828,0.006897,0.01389,0.016843,0.012529,0.011157,0.049974,0.094058,0.022925,0.02063,0.062336,0.012479,0.098199,0.0,0.000249,0.0,0.0,0.0,0.0,0.0,0.0,0.0,0.0,0.0,0.0
2026-01-05 06:00:00,0.063824,0.0,0.0,0.0,0.0,0.0,0.002496,0.0,0.0,0.0,0.0,0.0,0.0,0.0,0.010698,0.005825,0.005518,0.006217,0.009899,0.006217,0.00802,0.01556,0.013844,0.008394,0.008639,0.007197,0.014444,0.017527,0.013074,0.011642,0.052147,0.095127,0.023842,0.021455,0.062321,0.013022,0.102451,0.0,0.000253,0.0,0.0,0.0,0.0,0.0,0.0,0.0,0.0,0.0,0.0
2026-01-05 06:10:00,0.065951,0.0,0.0,0.0,0.0,0.0,0.001686,0.0,0.0,0.0,0.0,0.0,0.0,0.0,0.011223,0.00631,0.005912,0.006672,0.010653,0.006672,0.008459,0.016782,0.014931,0.009093,0.009359,0.007796,0.015552,0.018895,0.014163,0.012612,0.056493,0.097264,0.025676,0.023106,0.062293,0.014107,0.110955,0.0,0.000262,0.0,0.0,0.0,0.0,0.0,0.0,0.0,0.0,0.0,0.0
2026-01-05 06:20:00,0.067015,0.0,0.0,0.0,0.0,0.0,0.001694,0.0,0.0,0.0,0.0,0.0,0.0,0.0,0.011486,0.006553,0.006108,0.0069,0.01103,0.0069,0.008679,0.017393,0.015474,0.009443,0.009719,0.008096,0.016106,0.019579,0.014708,0.013097,0.058666,0.098333,0.026593,0.023931,0.062278,0.01465,0.115207,0.0,0.000266,0.0,0.0,0.0,0.0,0.0,0.0,0.0,0.0,0.0,0.0
2026-01-05 06:30:00,0.068079,0.0,0.0,0.0,0.0,0.0,0.001722,0.0,0.0,0.0,0.0,0.0,0.0,0.0,0.011748,0.006796,0.006305,0.007128,0.011407,0.007128,0.008898,0.018004,0.016018,0.009793,0.010079,0.008396,0.01666,0.020263,0.015253,0.013582,0.060838,0.099402,0.02751,0.024756,0.062264,0.015192,0.119459,0.0,0.00027,0.0,0.0,0.0,0.0,0.0,0.0,0.0,0.0,0.0,0.0
2026-01-05 06:40:00,0.070206,0.0,0.0,0.0,0.0,0.0,0.003172,0.0,0.0,0.0,0.0,0.0,0.0,0.0,0.012273,0.007281,0.006698,0.007583,0.012161,0.007583,0.009338,0.019225,0.017105,0.010492,0.010799,0.008996,0.017768,0.021631,0.016342,0.014552,0.065184,0.10154,0.029344,0.026406,0.062235,0.016277,0.127963,0.0,0.000279,0.0,0.0,0.0,0.0,0.0,0.0,0.0,0.0,0.0,0.0
2026-01-05 06:50:00,0.07127,0.0,0.0,0.0,2.4e-05,0.0,0.002423,0.0,0.0,0.0,0.0,0.0,0.0,0.0,0.012535,0.007524,0.006895,0.007811,0.012538,0.007811,0.009557,0.019836,0.017648,0.010842,0.011159,0.009296,0.018322,0.022315,0.016887,0.015038,0.067357,0.102609,0.030261,0.027232,0.062221,0.01682,0.132215,0.0,0.000283,0.0,0.0,0.0,0.0,0.0,0.0,3.7e-05,0.0,0.0,0.0
2026-01-05 07:00:00,0.072334,0.0,0.0,0.0,4.8e-05,0.0,0.001374,0.0,0.0,0.0,0.0,0.0,0.0,0.0,0.012798,0.007767,0.007091,0.008039,0.012915,0.008039,0.009777,0.020447,0.018192,0.011192,0.011519,0.009596,0.018876,0.022999,0.017432,0.015523,0.06953,0.103678,0.031178,0.028057,0.062206,0.017363,0.136467,0.0,0.000287,0.0,0.0,0.0,0.0,0.0,0.0,7.4e-05,0.0,0.0,0.0
2026-01-05 07:10:00,0.074461,0.0,0.0,0.0,0.0,0.0,0.000898,0.0,0.0,0.0,0.0,0.0,0.0,0.0,0.013323,0.008252,0.007484,0.008494,0.013669,0.008494,0.010216,0.021669,0.019279,0.011891,0.012239,0.010195,0.019984,0.024367,0.018521,0.016493,0.073875,0.105816,0.033012,0.029707,0.062178,0.018448,0.144971,0.0,0.000296,0.0,0.0,0.0,0.0,0.0,0.0,0.0,0.0,0.0,0.0
2026-01-05 07:20:00,0.075525,0.0,0.0,0.0,0.0,0.0,0.000679,0.0,0.0,0.0,0.0,0.000217,0.0,0.0,0.013585,0.008495,0.007681,0.008722,0.014046,0.008722,0.010435,0.022279,0.019822,0.012241,0.012599,0.010495,0.020538,0.025051,0.019066,0.016978,0.076048,0.106885,0.033929,0.030532,0.062163,0.01899,0.149223,0.0,0.0003,0.0,0.0,0.0,0.0,0.0,0.0,0.0,0.0,0.0,0.0
2026-01-05 07:30:00,0.076589,0.0,0.0,0.0,0.0,0.0,0.000584,0.0,0.0,0.0,0.0,0.000434,0.0,0.0,0.013848,0.008737,0.007878,0.00895,0.014423,0.00895,0.010655,0.02289,0.020366,0.012591,0.012959,0.010795,0.021091,0.025735,0.019611,0.017463,0.078221,0.107954,0.034846,0.031358,0.062149,0.019533,0.153474,0.0,0.000304,0.0,0.0,0.0,0.0,0.0,0.0,0.0,0.0,0.0,0.0
2026-01-05 07:40:00,0.078716,0.0,0.0,0.0,0.000204,0.0,0.001225,0.0,0.0,0.0,0.0,0.000333,0.0,0.0,0.014372,0.009223,0.008271,0.009406,0.015177,0.009406,0.011094,0.024112,0.021453,0.01329,0.013679,0.011395,0.022199,0.027103,0.0207,0.018433,0.082566,0.110091,0.03668,0.033008,0.06212,0.020618,0.161978,0.0,0.000313,0.0,0.0,0.0,0.0,0.0,0.0,0.0,0.0,0.0,0.0
2026-01-05 07:50:00,0.07978,0.0,0.0,0.0,0.000102,0.0,0.001185,0.0,0.0,0.0,0.0,0.000136,0.0,0.0,0.014635,0.009466,0.008467,0.009633,0.015554,0.009633,0.011314,0.024723,0.021996,0.01364,0.014039,0.011695,0.022753,0.027787,0.021245,0.018918,0.084739,0.11116,0.037597,0.033833,0.062106,0.021161,0.16623,0.0,0.000317,0.0,0.0,0.0,0.0,0.0,0.0,0.0,0.0,0.0,0.0
2026-01-05 08:00:00,0.080844,0.0,0.0,0.0,0.0,0.0,0.001091,0.0,0.0,0.0,0.0,0.0,0.0,0.0,0.014897,0.009708,0.008664,0.009861,0.015931,0.009861,0.011533,0.025334,0.02254,0.01399,0.014399,0.011994,0.023307,0.028471,0.02179,0.019403,0.086912,0.112229,0.038514,0.034658,0.062091,0.021703,0.170482,0.0,0.000321,0.0,0.0,0.0,0.0,0.0,0.0,0.0,0.0,0.0,0.0
2026-01-05 08:10:00,0.082971,0.0,0.0,0.0,0.0,0.0,0.000874,0.0,0.0,0.0,0.0,0.0,0.0,0.0,0.015422,0.010194,0.009057,0.010317,0.016685,0.010317,0.011973,0.026555,0.023627,0.014689,0.015119,0.012594,0.024415,0.029839,0.022879,0.020373,0.091258,0.114367,0.040348,0.036309,0.062063,0.022788,0.178986,0.0,0.00033,0.0,0.0,0.0,0.0,0.0,0.0,0.0,0.0,0.0,0.0
2026-01-05 08:20:00,0.084035,0.0,0.0,0.0,0.0,0.0,0.000496,0.0,0.0,0.0,0.0011,0.000184,0.0,0.0,0.015685,0.010436,0.009254,0.010544,0.017062,0.010544,0.012192,0.027166,0.02417,0.015039,0.015479,0.012894,0.024969,0.030524,0.023424,0.020859,0.09343,0.115436,0.041265,0.037134,0.062048,0.023331,0.183238,0.001936,0.000937,0.0,0.0,0.0,0.0,0.0,0.0,0.0,0.0,0.0,0.0
2026-01-05 08:30:00,0.085098,0.0,0.0,0.0,0.0,0.0,0.000163,0.0,0.0,0.0,0.0022,0.000367,0.0,0.0,0.015947,0.010679,0.00945,0.010772,0.017439,0.010772,0.012412,0.027777,0.024714,0.015389,0.015839,0.013194,0.025523,0.031208,0.023969,0.021344,0.095603,0.116505,0.042182,0.037959,0.062034,0.023874,0.18749,0.006718,0.00267,0.0,0.0,0.0,0.0,0.0,0.0,0.0,0.0,0.0,0.0
2026-01-05 08:40:00,0.087226,0.0,0.0,0.0,0.0,0.0,4.1e-05,0.0,0.0,0.0,0.001411,5.9e-05,0.0,0.0,0.016472,0.011165,0.009844,0.011228,0.018193,0.011228,0.012851,0.028999,0.025801,0.016088,0.016559,0.013794,0.026631,0.032576,0.025058,0.022314,0.099949,0.118643,0.044016,0.03961,0.062005,0.024959,0.195994,0.019526,0.011764,0.0,0.0,0.0,0.0,0.0,0.0,0.0,0.0,0.0,0.000226
2026-01-05 08:50:00,0.08829,9.3e-05,2.5e-05,0.0,0.0,0.0,7.3e-05,0.0,0.0,0.0,0.000598,1.5e-05,0.0,0.0,0.016681,0.011358,0.009999,0.011409,0.018701,0.011409,0.013026,0.029492,0.026239,0.016366,0.016848,0.014031,0.027074,0.033136,0.025495,0.022701,0.101692,0.119712,0.04475,0.040271,0.061991,0.025394,0.201718,0.027384,0.011764,0.0,0.000414,6.2e-05,0.0,0.0,0.0,0.0,0.0,0.0,0.002711
2026-01-05 09:00:00,0.089353,0.000408,0.000112,0.0,0.0,0.0,0.000153,0.0,0.0,0.0,0.000141,0.0,0.0,0.0,0.016997,0.01165,0.010237,0.011683,0.018947,0.011683,0.01329,0.03022,0.026888,0.016788,0.017279,0.014393,0.027739,0.033944,0.026148,0.023284,0.104294,0.120781,0.04585,0.04126,0.061976,0.026044,0.204498,0.039088,0.011764,0.0,0.001731,0.000272,0.0,0.0,0.0,0.0,0.0,0.0,0.010036
2026-01-05 09:10:00,0.091481,0.009276,0.008754,0.001623,0.001404,0.0,0.000372,0.0,0.0,0.0,0.000183,0.0,0.0,0.0,0.032799,0.024404,0.025998,0.027037,0.016461,0.027037,0.025361,0.047849,0.042652,0.036324,0.029825,0.042277,0.051343,0.046667,0.046022,0.045564,0.182812,0.122919,0.08349,0.07362,0.061948,0.045751,0.13524,0.11493,0.011764,0.001233,0.015307,0.005923,0.00104,0.0,0.0,0.005432,0.004943,0.005186,0.073959
2026-01-05 09:20:00,0.092545,0.016545,0.01567,0.00511,0.003238,0.0,0.000696,0.0,0.0,0.0,9.1e-05,0.0,0.0,0.0,0.04588,0.035845,0.037202,0.036365,0.023595,0.036365,0.03479,0.06173,0.055044,0.052996,0.041267,0.061066,0.064258,0.056409,0.046005,0.046415,0.195601,0.123987,0.099426,0.136181,0.061933,0.055525,0.252425,0.16245,0.011764,0.004881,0.042081,0.018032,0.006022,0.003536,0.000783,0.011639,0.015208,0.020273,0.131494
2026-01-05 09:30:00,0.093608,0.028792,0.027285,0.012667,0.007462,0.0,0.001313,0.0,0.0,0.0,0.0,0.0,0.0,0.0,0.063186,0.051672,0.051218,0.04781,0.030729,0.04781,0.047527,0.081338,0.070167,0.073274,0.057305,0.082974,0.078667,0.068896,0.045988,0.047277,0.209871,0.125056,0.11304,0.1792,0.061919,0.063008,0.455093,0.184986,0.011764,0.012347,0.089604,0.039893,0.01629,0.010194,0.002819,0.021688,0.030979,0.042001,0.202149
2026-01-05 09:40:00,0.095736,0.11374,0.110749,0.050459,0.139187,0.003231,0.004046,0.0,0.0,0.000338,0.0,0.0,0.0,0.0,0.107786,0.094205,0.087672,0.081713,0.019843,0.081713,0.085164,0.148075,0.102771,0.112892,0.101337,0.132167,0.114515,0.100928,0.085819,0.078387,0.404583,0.127194,0.13396,0.02618,0.06189,0.07051,0.636052,0.113695,0.011764,0.034507,0.21062,0.094637,0.040133,0.01781,0.009463,0.055445,0.056319,0.065438,0.336103
2026-01-05 09:50:00,0.096799,0.131395,0.129967,0.073303,0.200787,0.00893,0.008824,0.0,0.002344,0.00097,0.001635,0.000487,0.002868,0.0,0.13541,0.120469,0.112117,0.104713,0.017944,0.104713,0.110475,0.16539,0.112903,0.14399,0.129135,0.160244,0.135596,0.120957,0.107649,0.096656,0.470907,0.216562,0.154904,0.089313,0.061876,0.067898,0.728108,0.117927,0.011764,0.070905,0.272681,0.091858,0.078678,0.036403,0.016037,0.07858,0.064169,0.070943,0.41378
2026-01-05 10:00:00,0.097863,0.147685,0.147747,0.093416,0.241252,0.020379,0.012014,0.0,0.00778,0.002082,0.005786,0.001774,0.009917,0.0,0.166107,0.14985,0.140548,0.131706,0.017296,0.131706,0.13891,0.183402,0.123353,0.178722,0.159735,0.190046,0.15872,0.143811,0.133178,0.119341,0.52472,0.304043,0.16924,0.24349,0.061861,0.065286,0.793922,0.129178,0.011764,0.094749,0.338581,0.089079,0.103804,0.073275,0.025844,0.108785,0.072581,0.076873,0.494218
2026-01-05 10:10:00,0.099991,0.204665,0.205456,0.117378,0.269324,0.071851,0.012007,0.0,0.019482,0.004979,0.01812,0.006261,0.028482,0.0,0.232029,0.214375,0.204283,0.193009,0.0222,0.193009,0.196538,0.264718,0.160842,0.2376,0.222448,0.251432,0.209343,0.196201,0.206556,0.192288,0.611652,0.181642,0.17325,0.63992,0.061833,0.080804,0.847431,0.169328,0.011764,0.092358,0.490708,0.122951,0.096407,0.186733,0.055659,0.20306,0.107598,0.112328,0.64654
2026-01-05 10:20:00,0.101054,0.240372,0.240124,0.145477,0.267109,0.116041,0.025628,0.0,0.023072,0.010508,0.033897,0.007043,0.036766,0.0,0.264262,0.24827,0.238569,0.225029,0.034682,0.225029,0.227963,0.326594,0.164128,0.271451,0.2539,0.281946,0.238565,0.221771,0.207663,0.194614,0.644781,0.390202,0.193129,0.701103,0.061818,0.118939,0.903845,0.174049,0.011764,0.098428,0.566121,0.136996,0.106921,0.176961,0.066279,0.238672,0.130526,0.132681,0.721583
2026-01-05 10:30:00,0.102118,0.279926,0.278527,0.174123,0.264893,0.173873,0.039249,0.0,0.026754,0.022138,0.056899,0.007869,0.049312,0.0,0.296659,0.28271,0.273399,0.257896,0.05308,0.257896,0.260694,0.357924,0.167621,0.306461,0.285746,0.312606,0.268588,0.248273,0.208705,0.196779,0.65827,0.626259,0.229105,0.74777,0.061804,0.15701,0.963305,0.179175,0.011764,0.117793,0.640406,0.151666,0.119322,0.167189,0.077331,0.278263,0.153141,0.152315,0.790202
2026-01-05 10:40:00,0.104246,0.363073,0.36302,0.199841,0.275634,0.31214,0.024184,0.0,0.039879,0.080523,0.105774,0.014299,0.304843,0.0,0.363851,0.351195,0.340973,0.325509,0.076031,0.325509,0.327767,0.337049,0.253199,0.373117,0.35147,0.375106,0.324495,0.308365,0.225958,0.221801,0.58998,0.660586,0.28496,0.85562,0.061775,0.172404,1.027953,0.275703,0.011764,0.326894,0.784181,0.19205,0.121779,0.319533,0.112713,0.428238,0.186468,0.183429,0.899785
2026-01-05 10:50:00,0.105309,0.398257,0.399593,0.234622,0.265082,0.382035,0.033251,0.0,0.043263,0.077206,0.160193,0.021353,0.289411,0.0,0.398477,0.383794,0.37287,0.359779,0.096411,0.359779,0.361712,0.376872,0.291243,0.404897,0.379948,0.401096,0.338484,0.338699,0.246251,0.244343,0.648516,0.449087,0.474478,0.869087,0.061761,0.199886,1.027119,0.29182,0.011764,0.44462,0.845686,0.253854,0.129193,0.247775,0.257824,0.462328,0.215015,0.203548,0.926746
2026-01-05 11:00:00,0.106373,0.429945,0.431789,0.286372,0.246166,0.451781,0.045742,0.0,0.046929,0.069453,0.226349,0.025404,0.27398,0.0,0.43376,0.416186,0.404858,0.393616,0.107293,0.393616,0.395586,0.416695,0.317305,0.436944,0.409288,0.426692,0.35086,0.369317,0.26806,0.266009,0.739365,0.215708,0.67969,0.87346,0.061746,0.218348,1.024232,0.310115,0.011764,0.498536,0.895787,0.328901,0.142501,0.176016,0.376715,0.474573,0.260798,0.23474,0.94723
2026-01-05 11:10:00,0.108501,0.485924,0.484253,0.396634,0.227407,0.588946,0.051043,0.0,0.066952,0.052303,0.324821,0.020807,0.323809,0.0,0.505855,0.483044,0.473166,0.458094,0.071641,0.458094,0.462141,0.305137,0.338772,0.505752,0.483244,0.485559,0.383363,0.431555,0.290476,0.287716,0.7977,0.189067,0.76426,0.45807,0.061718,0.195347,0.903449,0.597198,0.011764,0.31226,0.963259,0.411987,0.168223,0.324594,0.205082,0.347007,0.487598,0.461439,0.982656
2026-01-05 11:20:00,0.109564,0.513736,0.511062,0.449021,0.213291,0.631621,0.060635,0.0,0.066799,0.054269,0.374399,0.033252,0.218392,0.0,0.537193,0.516814,0.506774,0.491842,0.090082,0.491842,0.494614,0.466616,0.373211,0.537871,0.514004,0.51781,0.433967,0.455572,0.35941,0.350735,0.793725,0.172052,0.746142,0.734945,0.061703,0.21625,0.979036,0.545949,0.011764,0.311155,0.976183,0.702778,0.172822,0.328628,0.430407,0.356838,0.523254,0.563944,0.994037
2026-01-05 11:30:00,0.110628,0.540142,0.537352,0.496568,0.1977,0.658457,0.067105,0.0,0.066647,0.058794,0.416203,0.045724,0.112975,0.0,0.566815,0.549893,0.53941,0.525509,0.108522,0.525509,0.526724,0.628095,0.419959,0.568741,0.543233,0.550578,0.485276,0.48093,0.412745,0.398869,0.78975,0.163931,0.70129,1.01182,0.061689,0.259134,1.054624,0.4947,0.011764,0.310843,0.984617,0.93397,0.177417,0.332721,0.655732,0.383743,0.552571,0.616568,1.004213
2026-01-05 11:40:00,0.112755,0.58633,0.586144,0.573618,0.170886,0.682303,0.033569,0.0,0.093089,0.068307,0.469272,0.045754,0.137051,0.0,0.624977,0.611792,0.600621,0.589419,0.107476,0.589419,0.590524,0.611502,0.486362,0.627993,0.603941,0.613003,0.5196,0.559025,0.340566,0.324232,0.935951,0.212147,0.58016,0.68207,0.06166,0.322172,1.052304,0.610775,0.011764,0.53863,0.996037,0.656394,0.202973,0.57969,0.268873,0.49295,0.636781,0.6309,1.026674
2026-01-05 11:50:00,0.113819,0.60945,0.611134,0.610467,0.151896,0.697428,0.05744,0.0,0.106578,0.070088,0.49246,0.046988,0.116202,0.0,0.65648,0.64295,0.629834,0.619412,0.104022,0.619412,0.620206,0.470593,0.503728,0.656271,0.639396,0.641232,0.539775,0.585529,0.346234,0.331477,0.953289,0.22926,0.38462,0.58174,0.061646,0.354974,0.97797,0.690252,0.011764,0.641564,1.006954,0.580849,0.220709,0.706252,0.144427,0.455916,0.596358,0.697557,1.034081
2026-01-05 12:00:00,0.114883,0.636752,0.640288,0.642645,0.136692,0.710785,0.081312,0.0,0.121714,0.071586,0.513185,0.049111,0.095354,0.0,0.687132,0.673367,0.659017,0.648566,0.095344,0.648566,0.649389,0.343272,0.518058,0.684311,0.673348,0.667479,0.564942,0.610107,0.364201,0.353879,0.960325,0.248867,0.25721,0.50051,0.061631,0.385898,0.825723,0.765444,0.011764,0.735604,1.01903,0.514753,0.244894,0.762507,0.091056,0.418882,0.555934,0.753349,1.04103
2026-01-05 12:10:00,0.11701,0.727323,0.730489,0.689531,0.124692,0.726086,0.056114,0.0,0.163213,0.075743,0.548037,0.051087,0.115267,0.0,0.73974,0.729953,0.719996,0.705984,0.03607,0.705984,0.709205,0.484587,0.547771,0.74169,0.725252,0.714962,0.647061,0.667558,0.546716,0.538661,0.963103,0.339657,0.80835,0.35786,0.061603,0.436682,0.587231,0.860713,0.011764,0.898059,1.03539,0.357647,0.331244,0.464471,0.083172,0.48917,0.678267,0.705824,1.058283
2026-01-05 12:20:00,0.118074,0.755919,0.757558,0.725404,0.124488,0.729746,0.056395,0.0,0.184431,0.073975,0.559854,0.05217,0.2162,0.0,0.764135,0.755441,0.7448,0.73466,0.03384,0.73466,0.736313,0.534947,0.583917,0.760685,0.751778,0.73706,0.690829,0.694331,0.54473,0.518706,0.961151,0.45456,0.999856,0.608773,0.061588,0.42264,0.81496,0.85923,0.011764,0.995743,1.044643,0.749467,0.630518,0.470761,0.1035,0.655413,0.643868,0.701103,1.062421
2026-01-05 12:30:00,0.119138,0.78096,0.780352,0.760967,0.12443,0.732663,0.056677,0.0,0.206391,0.072206,0.57093,0.053211,0.301825,0.0,0.787942,0.780033,0.768332,0.762306,0.033185,0.762306,0.76226,0.5935,0.630148,0.778198,0.777124,0.757994,0.729529,0.72007,0.539643,0.498752,0.959198,0.523787,1.09648,0.96119,0.061574,0.408598,1.042689,0.854138,0.011764,1.041447,1.048887,1.141286,0.954365,0.490353,0.143068,0.776205,0.575103,0.699613,1.066023
2026-01-05 12:40:00,0.121265,0.833847,0.825348,0.806433,0.126008,0.738514,0.046196,0.0,0.253639,0.074225,0.59767,0.054918,0.254455,0.0,0.835898,0.829407,0.818032,0.812425,0.06193,0.812425,0.81293,0.881127,0.702299,0.81935,0.820995,0.796752,0.782139,0.769598,0.524012,0.517276,1.014072,0.418261,1.13292,1.1221,0.061545,0.419183,0.79437,0.687341,0.011764,1.023003,0.990589,0.99028,1.085289,0.661474,0.192908,0.545179,0.481469,0.756434,1.075328
2026-01-05 12:50:00,0.122329,0.855351,0.858357,0.828991,0.119992,0.737056,0.06757,0.0,0.278903,0.075124,0.606411,0.056539,0.236106,0.0,0.857939,0.852422,0.840573,0.834025,0.062613,0.834025,0.836529,0.807982,0.714912,0.834419,0.845451,0.814156,0.72779,0.791463,0.506867,0.508446,1.004416,0.437382,1.214486,1.169814,0.061531,0.463063,0.758563,0.782393,0.011764,1.018024,0.810816,0.925778,1.073093,0.818595,0.167621,0.56613,0.671674,0.815498,1.085788
2026-01-05 13:00:00,0.123393,0.875558,0.88654,0.85136,0.113977,0.733988,0.088944,0.0,0.303926,0.075507,0.612653,0.058373,0.213666,0.0,0.878223,0.874102,0.861743,0.854425,0.06331,0.854425,0.858725,0.734838,0.726913,0.847687,0.869094,0.83072,0.673442,0.811431,0.497024,0.499615,0.99476,0.479045,1.2729,1.18801,0.061516,0.538139,0.746698,0.877445,0.011764,1.013556,0.670353,0.849353,1.054244,0.917495,0.142335,0.621726,0.861879,0.881521,1.098333
2026-01-05 13:10:00,0.12552,0.917119,0.912072,0.895404,0.115751,0.729127,0.06754,0.0,0.349526,0.073992,0.620133,0.061028,0.090558,0.0,0.913384,0.913566,0.90099,0.894712,0.13486,0.894712,0.898997,0.842612,0.781462,0.872763,0.907881,0.862852,0.710872,0.846638,0.702375,0.767914,1.019701,0.552546,0.92946,1.14295,0.061488,0.6455,0.788353,0.858492,0.011764,1.002029,0.668874,0.533395,1.042301,0.937775,0.251626,0.818762,0.737128,0.966153,1.116194
2026-01-05 13:20:00,0.126584,0.936397,0.932037,0.911718,0.11595,0.725113,0.068688,0.0,0.372262,0.072787,0.623849,0.062219,0.087539,0.0,0.931346,0.932596,0.918936,0.914407,0.124202,0.914407,0.918752,0.940334,0.71821,0.87965,0.926256,0.881719,0.616504,0.864212,0.717884,0.744804,0.930385,0.643118,1.08949,1.20598,0.061473,0.659761,0.80918,0.915083,0.011764,0.998567,0.663514,0.543357,1.041462,0.942562,0.197372,0.900584,0.835298,0.911993,1.115223
2026-01-05 13:30:00,0.127648,0.954584,0.955658,0.926749,0.116014,0.72157,0.069837,0.0,0.394876,0.071198,0.625485,0.063607,0.085665,0.0,0.948245,0.950205,0.935522,0.933071,0.105488,0.933071,0.936219,0.992888,0.625542,0.886565,0.942969,0.899344,0.522136,0.881465,0.72265,0.68572,0.841069,0.753701,1.24952,1.26901,0.061459,0.673524,0.830008,1.012455,0.011764,0.995073,0.650297,0.576206,1.040782,0.947104,0.143118,0.972439,1.008264,0.790534,1.111775
2026-01-05 13:40:00,0.129775,0.987978,1.002625,0.958632,0.113491,0.718473,0.067597,0.0,0.439571,0.066955,0.62415,0.068666,0.081779,0.0,0.976339,0.979812,0.964744,0.966055,0.088014,0.966055,0.96189,0.980633,0.576366,0.912108,0.970278,0.92449,0.817159,0.914327,0.544774,0.505582,0.842214,0.904779,0.46239,1.03457,0.06143,0.757926,0.871663,1.098099,0.011764,0.983059,0.575927,1.08926,1.038059,0.962889,0.192297,1.093194,1.171349,0.555923,0.347757
2026-01-05 13:50:00,0.130839,0.95962,1.007185,0.97263,0.11176,0.716828,0.066437,0.0,0.461665,0.06514,0.622179,0.069125,0.095775,0.0,0.990671,0.990468,0.976096,0.978478,0.095274,0.978478,0.977655,0.972931,0.64054,0.932573,0.984951,0.934555,0.820002,0.938477,0.595589,0.587403,0.810194,0.993392,0.95666,0.977832,0.061416,0.775736,0.89249,1.131969,0.011764,0.98295,0.704413,0.72978,1.038063,0.97313,0.386601,1.099798,1.129002,0.573685,0.68532
2026-01-05 14:00:00,0.131903,0.931262,1.009351,0.986862,0.109729,0.714425,0.065919,0.0,0.48308,0.063264,0.619103,0.069559,0.112629,0.0,1.002589,1.000591,0.986645,0.989416,0.112631,0.989416,0.992932,0.969274,0.740599,0.944725,0.99876,0.944348,0.822761,0.950561,0.646403,0.669225,0.778175,1.034516,1.45093,0.930895,0.061401,0.793657,0.913317,1.145903,0.011764,0.98292,0.902676,0.3703,1.038079,0.986421,0.544722,1.101779,1.086654,0.591446,1.059897
2026-01-05 14:10:00,0.13403,1.012571,1.011026,1.020882,0.105184,0.695207,0.06677,0.0,0.522864,0.058446,0.612208,0.072785,0.11643,0.0,1.017015,1.024657,1.008583,1.009594,0.154045,1.009594,1.015859,1.063569,0.8058,0.947066,1.020647,0.966918,0.909723,0.926111,0.539281,0.655908,0.945228,0.936952,0.905905,0.82722,0.061373,0.88099,0.954972,1.011343,0.011764,1.001637,1.027649,0.611845,1.043633,1.030093,0.436924,0.948806,1.100121,0.559025,1.105211
2026-01-05 14:20:00,0.135094,1.015106,1.012537,1.025236,0.103665,0.69689,0.066565,0.0,0.542743,0.055483,0.606561,0.074956,0.119672,0.0,1.024147,1.031477,1.01781,1.018271,0.153978,1.018271,1.021354,1.074111,0.858008,0.951098,1.028666,0.976299,0.906997,0.774199,0.590538,0.657793,0.93834,0.877158,0.539061,0.874003,0.061358,0.860979,0.975799,0.965576,0.011764,0.927783,1.132354,0.764652,1.051692,1.065044,0.455138,1.026471,1.030255,0.618384,1.109863
2026-01-05 14:30:00,0.136158,1.017139,1.014929,1.029172,0.10215,0.699715,0.066126,0.0,0.561728,0.052702,0.598978,0.07601,0.125535,0.0,1.030696,1.037571,1.025015,1.026623,0.153911,1.026623,1.025913,1.077486,0.887919,0.953777,1.034455,0.980213,0.90427,0.641631,0.641795,0.659678,0.926425,0.849006,0.36088,0.96459,0.061344,0.814624,0.996627,0.947506,0.011764,0.853929,1.196986,0.926165,1.060108,1.083049,0.511772,1.104135,0.960389,0.748356,1.111337
2026-01-05 14:40:00,0.138285,1.026724,1.025265,1.04735,0.097642,0.702019,0.065381,0.0,0.595275,0.048861,0.578258,0.075813,0.184611,0.0,1.041244,1.052497,1.033854,1.044033,0.210717,1.044033,1.036136,1.036767,0.892192,0.939867,1.040966,0.978343,0.912555,0.696849,0.497435,0.515555,0.915784,0.967236,0.68476,1.07697,0.061315,0.715181,1.038281,1.178798,0.011764,0.97049,1.211523,1.221724,1.066659,1.028908,0.999915,0.959129,1.144125,0.981211,1.10146
2026-01-05 14:50:00,0.139349,1.029004,1.028519,1.056183,0.094722,0.689278,0.064942,0.0,0.612111,0.047012,0.569678,0.075715,0.173266,0.0,1.042143,1.05479,1.037273,1.0495,0.243159,1.0495,1.046987,1.001275,0.884767,0.944204,1.048241,0.978564,0.923993,0.737777,0.499602,0.517271,0.906355,0.814627,0.581915,0.77566,0.061301,0.815562,1.059109,0.96186,0.011764,1.034616,1.173967,1.101127,1.070488,1.041726,0.989759,0.850881,0.803962,1.095096,1.098802
2026-01-05 15:00:00,0.140412,1.030901,1.031051,1.060045,0.091943,0.676537,0.064738,0.0,0.628431,0.045295,0.56081,0.075617,0.161922,0.0,1.042422,1.056512,1.040099,1.051677,0.258085,1.051677,1.053148,0.982446,0.877343,0.950816,1.052444,0.979202,0.931085,0.790615,0.501769,0.518986,0.891482,0.662018,0.47907,0.47435,0.061286,0.962674,1.079936,0.744923,0.011764,1.063766,1.076404,0.980531,1.075411,1.076378,0.958767,0.796428,0.463799,1.14743,1.097812
2026-01-05 15:10:00,0.14254,1.035208,1.034947,1.053476,0.088167,0.689715,0.065872,0.0,0.658316,0.042382,0.537135,0.07542,0.292337,0.0,1.042222,1.060323,1.04441,1.051774,0.18679,1.051774,1.048804,1.017238,0.901931,0.954824,1.046023,0.982598,0.914992,0.934745,0.397346,0.388694,0.826673,1.071637,1.11857,0.75861,0.061258,1.040831,1.121591,0.993756,0.011764,1.039707,0.759659,1.10565,1.093441,1.20948,0.726615,1.179253,0.772505,1.150996,1.098566
2026-01-05 15:20:00,0.143604,1.034475,1.034859,1.051787,0.086865,0.693118,0.066325,0.0,0.702152,0.040907,0.522368,0.076595,0.276241,0.0,1.040397,1.057605,1.04144,1.050902,0.180437,1.050902,1.048744,1.012978,0.897146,0.730896,1.043214,0.978327,0.908068,0.891363,0.404429,0.37932,0.82808,0.796829,1.07579,0.837421,0.061243,0.991102,1.142418,1.129452,0.011764,1.06266,0.923511,1.13601,1.101178,1.170608,0.755449,0.787698,0.609,1.101472,1.096686
2026-01-05 15:30:00,0.144667,1.033741,1.034544,1.050011,0.085451,0.694375,0.066854,0.0,0.730827,0.039651,0.506542,0.078498,0.260146,0.0,1.035698,1.051452,1.035327,1.048693,0.178454,1.048693,1.048683,1.002851,0.887946,0.506968,1.039905,0.968154,0.899975,0.847982,0.424,0.376451,0.829488,0.522022,1.03301,0.91849,0.061229,0.906699,1.163245,1.190965,0.011764,1.085613,1.167554,1.147066,1.104436,1.070138,0.821319,0.396142,0.445496,1.051948,1.094806
2026-01-05 15:40:00,0.146795,1.075648,0.979668,1.041548,0.079987,0.691902,0.069092,0.0,0.732021,0.03802,0.476033,0.079892,0.405084,0.0,1.015754,1.039202,1.026257,1.042189,0.261462,1.042189,1.041278,0.979142,0.876769,0.834567,1.02696,0.944186,0.868548,0.856089,0.507097,0.394191,0.75862,0.905643,1.16761,1.2438,0.0612,0.83541,1.2049,0.782386,0.011764,1.072237,1.304529,0.707414,1.080651,0.750476,0.956332,0.965846,1.118206,1.0779,1.102902
2026-01-05 15:50:00,0.147859,0.888972,1.030829,1.036752,0.0793,0.692657,0.068384,0.0,0.733745,0.037027,0.459891,0.071566,0.384447,0.0,1.010169,1.0328,1.019708,1.037301,0.229819,1.037301,1.035685,0.972411,0.864809,0.707474,1.020906,0.931317,0.853806,0.899617,0.528366,0.470483,0.751629,0.880859,1.053995,0.896535,0.061186,0.756205,1.009462,0.914456,0.011764,1.07399,1.27322,0.7554,1.076205,0.598563,1.009601,1.170369,1.09979,1.077968,1.100486
2026-01-05 16:00:00,0.148922,0.702296,1.081991,1.030348,0.078718,0.694175,0.067676,0.0,0.735684,0.036182,0.443245,0.06324,0.329032,0.0,1.004233,1.025487,1.01152,1.0303,0.16419,1.0303,1.027876,0.965405,0.850631,0.58038,1.01365,0.920087,0.832784,0.936859,0.551474,0.567472,0.744165,0.829464,0.94038,0.46269,0.061171,0.675035,0.687576,1.046525,0.011764,1.077495,1.182179,0.86207,1.071024,0.532595,1.036985,1.252293,1.081373,1.078036,1.097571
2026-01-05 16:10:00,0.15105,1.062666,1.061211,1.001913,0.076596,0.696279,0.071569,0.0,0.737538,0.035269,0.409011,0.099468,0.122391,0.0,0.977335,1.00486,0.99065,1.003524,0.064523,1.003524,1.000879,0.936709,0.830083,0.718327,0.985921,0.905435,0.639083,0.917235,0.680849,0.626584,0.588546,0.751447,1.06813,0.34288,0.061143,0.597105,0.439114,1.045881,0.011764,1.082266,0.679757,1.062425,0.985726,0.881028,1.046415,0.462199,1.109324,1.088612,1.096906
2026-01-05 16:20:00,0.152113,1.023676,1.026618,0.993335,0.075341,0.698013,0.0715,0.0,0.73802,0.034119,0.390429,0.096976,0.082092,0.0,0.964189,0.992507,0.977946,0.991241,0.071716,0.991241,0.982165,0.836086,0.734072,0.793071,0.976654,0.89907,0.684517,0.903862,0.529725,0.53476,0.533213,0.823964,0.702735,0.402041,0.061128,0.602877,0.649411,0.724438,0.011764,1.059326,0.948088,1.039434,1.033215,1.049026,1.043798,0.646547,1.142683,1.129563,1.096717
2026-01-05 16:30:00,0.153177,0.973195,0.977109,0.98544,0.073786,0.700026,0.071303,0.0,0.738557,0.033428,0.369884,0.094484,0.068046,0.0,0.950132,0.978801,0.963637,0.978666,0.091023,0.978666,0.965891,0.756056,0.653649,0.826884,0.967069,0.891866,0.751234,0.888575,0.3786,0.436796,0.494936,0.896481,0.33734,0.56167,0.061114,0.621307,0.859709,0.403575,0.011764,1.003024,1.216419,0.982212,1.080704,1.122302,1.035306,0.831923,1.16239,1.162764,1.096469
2026-01-05 16:40:00,0.155305,0.956648,0.898713,0.965414,0.068876,0.703629,0.070377,0.0,0.741921,0.033902,0.319674,0.095337,0.070054,0.0,0.915256,0.948406,0.931099,0.949329,0.162849,0.949329,0.949494,0.84637,0.747326,0.719363,0.934915,0.867293,0.786918,0.856527,0.415078,0.429557,0.455467,0.425929,1.12237,1.16954,0.061085,0.821485,0.327983,1.052769,0.011764,0.855654,1.059896,0.824587,0.97006,0.249221,0.925833,0.833072,1.094301,1.054813,1.091628
2026-01-05 16:50:00,0.156368,0.932234,0.901414,0.953956,0.068677,0.706307,0.070161,0.0,0.744426,0.03297,0.303767,0.092728,0.146059,0.0,0.897512,0.928682,0.916221,0.936488,0.176709,0.936488,0.932177,0.752173,0.769992,0.636904,0.828337,0.854814,0.766515,0.83426,0.460878,0.449395,0.357857,0.447217,1.128855,1.219557,0.061071,1.067998,0.342998,1.007197,0.011764,0.561473,0.976077,0.951095,0.857385,0.341643,0.974677,0.783623,1.124355,1.028201,1.089178
2026-01-05 17:00:00,0.157432,0.90152,0.904116,0.940989,0.068524,0.707652,0.069919,0.0,0.747308,0.031496,0.287695,0.090119,0.220296,0.0,0.878393,0.907338,0.90046,0.922374,0.181529,0.922374,0.911008,0.657976,0.778241,0.537522,0.744541,0.840603,0.715216,0.812453,0.488399,0.469233,0.267251,0.509529,1.13069,1.23505,0.061056,1.21517,0.392507,0.881088,0.011764,0.357324,0.905988,1.077604,0.794318,0.552183,1.064529,0.65324,1.15441,1.000144,1.086204
2026-01-05 17:10:00,0.15956,0.863037,0.864789,0.908952,0.067932,0.704006,0.068089,0.0,0.752895,0.03049,0.235151,0.092442,0.145279,0.0,0.831923,0.866802,0.85963,0.879224,0.125397,0.879224,0.877333,0.658922,0.700083,0.324966,0.856109,0.799558,0.568489,0.782706,0.317098,0.264988,0.240535,0.866665,0.84316,0.99817,0.061028,0.803324,1.164374,0.342104,0.011764,0.637703,0.823788,0.960462,1.01003,0.979836,1.160585,0.2034,0.907671,0.857647,1.07548
2026-01-05 17:20:00,0.160623,0.845031,0.844646,0.881929,0.061479,0.706997,0.0674,0.0,0.757015,0.030734,0.230727,0.089735,0.134046,0.0,0.814018,0.848531,0.839339,0.857452,0.113672,0.857452,0.860151,0.607171,0.628786,0.371605,0.843153,0.776776,0.57146,0.763139,0.350209,0.308698,0.28048,0.78657,0.795107,0.751112,0.061013,0.775245,1.150918,0.429111,0.011764,0.889883,0.966019,1.011681,1.049261,0.964187,0.777548,0.303856,0.849471,0.794018,1.080181
2026-01-05 17:30:00,0.161687,0.826302,0.823872,0.850528,0.055521,0.709988,0.066755,0.0,0.762553,0.031224,0.226371,0.085327,0.130303,0.0,0.795389,0.829448,0.818344,0.835938,0.109531,0.835938,0.840498,0.555419,0.590364,0.447541,0.813638,0.753712,0.574431,0.740168,0.383319,0.352409,0.320425,0.706475,0.77881,0.54546,0.060999,0.766689,1.130406,0.621938,0.011764,1.043468,1.10825,1.0629,1.062761,0.92688,0.278483,0.404311,0.828403,0.723854,1.084883
2026-01-05 17:40:00,0.163815,0.781476,0.779688,0.795626,0.062584,0.707959,0.065349,0.0,0.779907,0.031899,0.181087,0.082042,0.242526,0.0,0.740611,0.781346,0.771852,0.794662,0.172294,0.794662,0.783261,0.579825,0.61061,0.504142,0.753674,0.710769,0.424455,0.686115,0.272023,0.273784,0.265847,0.85546,0.85573,0.42815,0.06097,0.897455,1.117975,0.980699,0.011764,1.069501,0.964119,0.668447,1.054064,0.838709,0.110214,0.22125,1.201249,0.511972,1.064394
2026-01-05 17:50:00,0.164878,0.75436,0.75314,0.779555,0.059464,0.707951,0.063771,0.0,0.631445,0.032897,0.175387,0.072845,0.188144,0.0,0.717689,0.755768,0.74641,0.767977,0.191559,0.767977,0.758246,0.573901,0.483968,0.518091,0.719738,0.703706,0.43395,0.662686,0.238277,0.231613,0.293019,0.960314,0.907503,0.349191,0.060346,0.887368,0.973571,0.961267,0.011764,0.925219,0.619341,0.764042,1.047481,0.551635,0.076241,0.241859,1.160955,0.612411,1.05739
2026-01-05 18:00:00,0.165942,0.724754,0.724246,0.763438,0.056344,0.707944,0.061657,0.0,0.395768,0.03353,0.170814,0.06588,0.133761,0.0,0.694312,0.728904,0.719436,0.738892,0.209412,0.738892,0.733386,0.557272,0.357326,0.523188,0.688288,0.696442,0.443445,0.638904,0.21884,0.212597,0.32019,1.012015,0.93265,0.31084,0.058858,0.855098,0.839608,0.920464,0.011764,0.780937,0.368093,0.920664,1.042911,0.326771,0.055548,0.291503,1.080608,0.749846,1.050281
2026-01-05 18:10:00,0.168069,0.6627,0.66378,0.70782,0.059962,0.694804,0.057601,0.0,0.233279,0.028763,0.157129,0.073908,0.148573,0.0,0.635068,0.671056,0.661553,0.68235,0.254956,0.68235,0.677506,0.481105,0.409447,0.449127,0.642734,0.644731,0.427525,0.58158,0.205152,0.214467,0.270972,0.531824,0.60652,0.36361,0.054908,0.497713,1.01469,0.856154,0.011764,1.01183,0.399389,1.039656,1.040779,0.403001,0.032829,0.413114,0.972,0.806662,1.028451
2026-01-05 18:20:00,0.169133,0.629922,0.629786,0.672919,0.046015,0.69094,0.052527,0.0,0.489461,0.030732,0.139054,0.072408,0.173105,0.0,0.603572,0.639818,0.628008,0.652977,0.205965,0.652977,0.649159,0.417609,0.405772,0.434241,0.618922,0.617684,0.398617,0.552163,0.207837,0.242416,0.261675,0.720295,0.607052,0.531509,0.052881,0.477433,1.00442,0.837719,0.011764,0.829381,0.492585,1.022077,1.004452,0.608836,0.021627,0.398441,1.032097,0.627949,1.019951
2026-01-05 18:30:00,0.170197,0.597538,0.595956,0.639543,0.032068,0.686665,0.046093,0.0,0.745643,0.032701,0.126773,0.068132,0.209422,0.0,0.572029,0.608589,0.594396,0.623265,0.156974,0.623265,0.620121,0.384436,0.394283,0.41998,0.592558,0.590102,0.363098,0.522722,0.210522,0.268771,0.253063,0.908766,0.60894,0.66238,0.050762,0.465229,0.9774,0.818276,0.011764,0.646931,0.623048,0.989979,0.921735,0.763411,0.016407,0.364748,1.092195,0.449235,1.012159
2026-01-05 18:40:00,0.172324,0.538206,0.536547,0.592157,0.052044,0.664852,0.036535,0.0,0.597653,0.030306,0.12513,0.046918,0.272702,0.0,0.512468,0.550795,0.536092,0.564251,0.208495,0.564251,0.558925,0.394542,0.290895,0.360878,0.525088,0.534466,0.327988,0.465215,0.140014,0.14289,0.220065,0.786426,1.04985,0.24465,0.046093,0.444578,0.884993,0.735167,0.011764,1.050462,0.751641,0.956408,0.729803,0.570429,0.015967,0.29451,0.661195,0.653588,0.996583
2026-01-05 18:50:00,0.173388,0.506558,0.506465,0.548109,0.044875,0.650937,0.036419,0.0,0.32674,0.030253,0.11703,0.049073,0.324968,0.0,0.479364,0.515568,0.502401,0.530523,0.185716,0.530523,0.523649,0.33422,0.290911,0.325855,0.494602,0.501971,0.312779,0.429987,0.124065,0.13358,0.182042,0.64838,1.02168,0.502998,0.044336,0.423619,0.577172,0.705658,0.011764,1.049774,0.778325,0.792532,0.762572,0.409984,0.014988,0.268234,0.541049,0.601565,0.981784
2026-01-05 19:00:00,0.174452,0.472232,0.473931,0.502425,0.037706,0.63294,0.036302,0.0,0.143381,0.030199,0.101899,0.053225,0.352187,0.0,0.444167,0.479146,0.467327,0.495345,0.146958,0.495345,0.487815,0.266205,0.290927,0.28798,0.464297,0.46726,0.296179,0.393678,0.115412,0.130724,0.139806,0.568356,0.98332,0.89351,0.042785,0.411901,0.334898,0.681143,0.011764,1.047358,0.801948,0.65431,0.795341,0.326239,0.01331,0.257589,0.46986,0.494388,0.961549
2026-01-05 19:10:00,0.176579,0.391428,0.393586,0.448459,0.052177,0.573202,0.014858,0.0,0.376876,0.021213,0.076105,0.058298,0.334508,0.0,0.369263,0.413885,0.399703,0.426402,0.113983,0.426402,0.422993,0.256639,0.259481,0.20899,0.398353,0.396231,0.246019,0.329484,0.109016,0.138871,0.091585,0.827749,0.96776,1.12372,0.0399,0.432386,0.419131,0.640405,0.011764,0.859761,0.8737,0.803062,0.57826,0.491598,0.009815,0.419034,0.411509,0.33484,0.912471
2026-01-05 19:20:00,0.177643,0.357902,0.35847,0.418462,0.045395,0.510962,0.017675,0.0,0.421007,0.015883,0.062849,0.057126,0.318651,0.0,0.337456,0.378301,0.363743,0.391233,0.111193,0.391233,0.389052,0.220738,0.237986,0.152688,0.365942,0.367263,0.219203,0.301811,0.10612,0.132605,0.091028,0.514025,0.958928,1.113606,0.037182,0.556077,0.317197,0.494323,0.011764,0.869738,0.956547,0.887047,0.587483,0.319649,0.010217,0.378914,0.684594,0.426462,0.85552
2026-01-05 19:30:00,0.178707,0.325068,0.323744,0.386668,0.033368,0.434101,0.020492,0.0,0.4363,0.011053,0.054875,0.053808,0.310155,0.0,0.306078,0.341257,0.327422,0.355448,0.110326,0.355448,0.35354,0.171804,0.214355,0.106915,0.333102,0.340535,0.191434,0.274242,0.102064,0.11623,0.09087,0.164727,0.94531,1.07952,0.033547,0.663619,0.215263,0.351904,0.011764,0.894575,1.004947,0.925545,0.596706,0.1477,0.010619,0.288089,0.95768,0.518085,0.777998
2026-01-05 19:40:00,0.180834,0.250611,0.246797,0.319606,0.021813,0.306825,0.006567,0.0,0.302727,0.004741,0.051178,0.037894,0.695905,0.0,0.235032,0.265424,0.257245,0.281861,0.187209,0.281861,0.276654,0.132462,0.169995,0.069477,0.263789,0.288413,0.134277,0.210989,0.066212,0.061739,0.093378,0.121034,0.81196,0.33546,0.025223,0.456731,0.571584,0.317115,0.011764,0.96303,0.193692,0.581071,0.59224,0.354342,0.007637,0.107282,0.792884,0.378889,0.628183
2026-01-05 19:50:00,0.181898,0.217589,0.215649,0.299036,0.016799,0.238756,0.005105,0.0,0.217758,0.003097,0.047852,0.039405,0.690961,0.0,0.203938,0.23073,0.224007,0.246145,0.177203,0.246145,0.242155,0.118812,0.130115,0.048884,0.229096,0.257622,0.132739,0.181541,0.048529,0.047051,0.100033,0.119364,0.711436,0.350667,0.021123,0.339121,0.625186,0.341065,0.011764,0.913692,0.401859,0.674589,0.673975,0.338676,0.007467,0.087029,0.815598,0.353469,0.546767
2026-01-05 20:00:00,0.182962,0.183016,0.183475,0.274075,0.013201,0.170863,0.003966,0.0,0.135732,0.001882,0.044186,0.040916,0.675601,0.0,0.174426,0.197556,0.192544,0.211893,0.155323,0.211893,0.20909,0.10621,0.102044,0.036581,0.19563,0.225782,0.131226,0.150742,0.034183,0.036955,0.10501,0.117968,0.63353,0.38952,0.017609,0.247837,0.643062,0.365015,0.011764,0.812125,0.610027,0.768107,0.75571,0.294863,0.0073,0.080544,0.838311,0.332789,0.465291
2026-01-05 20:10:00,0.185089,0.093743,0.095735,0.07743,0.009757,0.044803,0.000593,0.0,0.018019,0.0,0.038962,0.025566,0.543968,0.0,0.116211,0.133544,0.135395,0.148948,0.11628,0.148948,0.143665,0.0777,0.091298,0.031521,0.134986,0.166852,0.092253,0.075426,0.017375,0.024318,0.070038,0.110346,0.58124,0.50764,0.012861,0.164693,0.283335,0.275466,0.011764,0.661285,0.453002,0.296936,0.21956,0.097821,0.004843,0.098955,0.670763,0.28027,0.315063
2026-01-05 20:20:00,0.186153,0.044222,0.04512,0.089592,0.008272,0.015864,0.000146,0.0,0.013571,0.0,0.031211,0.024858,0.472242,0.0,0.090302,0.100369,0.10569,0.118891,0.120269,0.118891,0.113965,0.067199,0.079021,0.028307,0.105921,0.138965,0.076352,0.048714,0.015726,0.02121,0.049157,0.106559,0.51656,0.44019,0.011076,0.140207,0.286949,0.27556,0.011764,0.609364,0.422779,0.249159,0.128657,0.073749,0.004863,0.09668,0.480598,0.222213,0.241285
2026-01-05 20:30:00,0.187217,0.014747,0.014828,0.101753,0.006721,0.003469,0.0,0.0,0.010328,0.0,0.020232,0.024157,0.396238,0.0,0.068114,0.071079,0.078523,0.091222,0.124259,0.091222,0.087227,0.056906,0.065477,0.024651,0.079623,0.112123,0.06426,0.033202,0.014222,0.018127,0.033204,0.101056,0.42927,0.3008,0.009487,0.120647,0.290563,0.275653,0.011764,0.547022,0.391052,0.209331,0.097752,0.065955,0.004884,0.090604,0.335968,0.172604,0.168761
2026-01-05 20:40:00,0.189344,0.002955,0.003134,0.060536,0.002627,0.0,0.0,0.0,0.0,0.0,0.001525,0.011001,0.232648,0.0,0.035288,0.030352,0.037265,0.044904,0.069855,0.044904,0.042992,0.030635,0.050163,0.016481,0.037694,0.061071,0.050044,0.023494,0.005587,0.005977,0.019956,0.050953,0.27459,0.09138,0.006471,0.086669,0.138016,0.213969,0.011764,0.169794,0.179405,0.057783,0.372702,0.09062,0.004242,0.068473,0.282714,0.143921,0.027892
2026-01-05 20:50:00,0.190408,0.000759,0.000812,0.02856,0.000786,0.0,0.0,0.0,0.0,0.0,0.000355,0.004551,0.112761,0.0,0.024626,0.020803,0.022881,0.027711,0.056657,0.027711,0.025795,0.021272,0.033929,0.011256,0.023855,0.038238,0.035146,0.018315,0.002704,0.002036,0.016234,0.043967,0.138518,0.06211,0.004857,0.070336,0.130499,0.190643,0.011764,0.108126,0.116911,0.055758,0.330887,0.087742,0.004275,0.054155,0.202711,0.099674,0.012937
2026-01-05 21:00:00,0.191472,0.0,0.0,0.007565,0.0,0.0,0.0,0.0,0.0,0.0,0.0,0.001073,0.033721,0.0,0.016945,0.013943,0.013119,0.016013,0.046984,0.016013,0.01395,0.013849,0.017682,0.006496,0.013903,0.021014,0.019612,0.013051,0.001052,0.000371,0.012672,0.03761,0.05838,0.04414,0.003215,0.055554,0.128259,0.164546,0.011764,0.073274,0.072226,0.053897,0.239148,0.079662,0.004358,0.03972,0.12124,0.060658,0.005706
2026-01-05 21:10:00,0.193599,0.0,0.0,0.0,0.0,0.0,0.0,0.0,0.0,0.0,0.0,0.0,0.002026,0.0,0.007478,0.003372,0.003394,0.004878,0.031623,0.004878,0.002756,0.002964,0.002325,0.000639,0.001852,0.002736,0.003087,0.002738,0.0,0.000171,0.001796,0.009152,0.04761,0.01987,0.0,0.032036,0.224387,0.063451,0.011764,0.038118,0.014194,0.029544,0.073775,0.042559,0.004634,0.016924,0.064083,0.043895,0.0
2026-01-05 21:20:00,0.194663,0.0,0.0,0.0,0.0,0.0,0.0,0.0,0.0,0.0,0.0,0.0,0.000465,0.0,0.00522,0.000895,0.001544,0.001816,0.020571,0.001816,0.001016,0.001413,0.001159,0.000216,0.000451,0.000664,0.001575,0.001711,0.0,5.4e-05,0.00044,0.002525,0.037607,0.016331,0.0,0.023187,0.152336,0.03989,0.011764,0.023753,0.003634,0.013523,0.040575,0.031052,0.004729,0.008462,0.027674,0.022034,0.0
2026-01-05 21:30:00,0.195726,0.0,0.0,0.0,0.0,0.0,0.0,0.0,0.0,0.0,0.0,0.0,0.0,0.0,0.0044,0.0,0.000864,0.000669,0.010839,0.000669,0.000433,0.0009,0.0008,5.7e-05,0.0,0.0,0.001085,0.001247,0.0,0.0,0.0,8.1e-05,0.025365,0.013655,0.0,0.015519,0.055505,0.025896,0.011764,0.013117,0.0,0.003606,0.021446,0.021162,0.004767,0.003381,0.00633,0.005219,0.0
2026-01-05 21:40:00,0.197854,0.0,0.0,0.0,0.0,0.0,0.0,0.0,0.0,0.0,0.0,0.0,0.0,0.0,0.004461,0.0,0.0008,0.000794,0.001083,0.000794,0.001378,0.0009,0.0008,0.0,0.0,0.0,0.001056,0.000943,0.0,0.0,0.0,0.0,0.00312,0.00744,0.0,0.001948,0.018257,0.012769,0.011764,0.001462,0.0,0.0,0.003297,0.001044,0.002027,0.0,0.0,0.0,0.0
2026-01-05 21:50:00,0.198918,0.0,0.0,0.0,0.0,0.0,0.0,0.0,0.0,0.0,0.0,0.0,0.0,0.0,0.004392,0.0,0.0008,0.001047,0.000902,0.001047,0.000689,0.000868,0.0008,0.0,0.0,0.0,0.001077,0.000905,0.0,1.8e-05,0.0,0.0,0.000753,0.002523,0.0,0.000471,0.005277,0.005431,0.011764,0.00035,0.0,0.0,0.000816,0.000238,0.000796,0.0,0.0,0.0,0.0
2026-01-05 22:00:00,0.199981,0.0,0.0,0.0,0.0,0.0,0.0,0.0,0.0,0.0,0.0,0.0,0.0,0.0,0.004302,0.0,0.0008,0.001224,0.00085,0.001224,0.0,0.000836,0.0008,0.0,0.0,0.0,0.001098,0.000887,0.0,3.6e-05,0.0,0.0,0.0,0.0,0.0,0.0,0.00012,0.001287,0.011764,0.0,0.0,0.0,0.0,0.0,0.000167,0.0,0.0,0.0,0.0
2026-01-05 22:10:00,0.202109,0.0,0.0,0.0,0.000125,0.0,0.0,0.0,0.0,0.0,0.0,0.0,0.0,0.0,0.00427,5.9e-05,0.0008,0.000656,0.00085,0.000656,0.000191,0.0009,0.0008,0.0,0.0,0.0,0.000896,0.000874,0.0,0.0,0.0,0.0,0.0,0.0,0.0,0.0,0.000322,0.0,0.011764,0.0,0.0,0.0,0.0,0.0,0.0,0.0,0.0,0.0,0.0
2026-01-05 22:20:00,0.203173,0.0,0.0,0.0,6.2e-05,0.0,0.0,0.0,0.0,0.0,0.0,0.0,0.0,0.0,0.00428,0.000245,0.0008,0.000667,0.00085,0.000667,0.000699,0.0009,0.0008,6.5e-05,0.0,0.0,0.000979,0.000895,0.0,0.0,0.0,0.0,0.0,0.0,0.0,0.0,0.000206,0.0,0.011764,0.0,0.0,0.0,0.0,0.0,0.0,0.0,0.0,0.0,0.0
2026-01-05 22:30:00,0.204236,0.0,0.0,0.0,0.0,0.0,0.0,0.0,0.0,0.0,0.0,0.0,0.0,0.0,0.004307,0.00039,0.0008,0.000704,0.00085,0.000704,0.00108,0.0009,0.0008,0.000131,0.0,0.0,0.001096,0.000915,0.0,0.0,0.0,0.0,0.0,0.0,0.0,0.0,9e-05,0.0,0.011764,0.0,0.0,0.0,0.0,0.0,0.0,0.0,0.0,0.0,0.0
2026-01-05 22:40:00,0.206364,0.0,0.0,0.0,0.0,0.000497,0.0,0.0,0.0,0.0,0.0,0.000146,0.0,0.0,0.004398,6.6e-05,0.0008,0.001222,0.00085,0.001222,0.000225,0.0009,0.0008,0.0,0.0,0.0,0.00115,0.000854,0.0,0.0,0.0,0.0,0.0,0.0,0.0,0.0,0.000394,0.0,0.011764,0.0,0.0,0.0,0.0,0.0,0.0,0.0,0.0,0.0,0.0
2026-01-05 22:50:00,0.207427,0.0,0.0,0.0,6e-05,0.000249,0.0,0.0,0.0,0.0,0.0,0.000219,0.0,0.0,0.004478,1.6e-05,0.0008,0.001129,0.00085,0.001129,0.000883,0.0009,0.0008,0.0,0.0,0.0,0.001138,0.000817,0.0,0.0,0.0,0.0,0.0,0.0,0.0,0.0,0.000399,0.0,0.011764,0.0,0.0,0.0,0.0,0.0,0.0,0.0,0.0,0.0,0.0
2026-01-05 23:00:00,0.208491,0.0,0.0,0.0,0.00012,0.0,0.0,0.0,0.0,0.0,0.0,0.000292,0.0,0.0,0.00452,0.0,0.0008,0.000946,0.00085,0.000946,0.001541,0.0009,0.0008,0.0,0.0,0.0,0.001102,0.0008,0.0,0.0,0.0,0.0,0.0,0.0,0.0,0.0,0.0004,0.0,0.011764,0.0,0.0,0.0,0.0,0.0,0.0,0.0,0.0,0.0,0.0
2026-01-05 23:10:00,0.210619,0.0,0.0,0.0,0.0,0.0,0.0,0.0,0.0,0.0,0.0,0.000437,0.0,0.0,0.004509,0.0,0.0008,0.000707,0.00085,0.000707,0.000406,0.0009,0.0008,0.0,0.0,0.0,0.000857,0.000845,0.0,0.0,0.0,0.0,0.0,0.0,0.0,0.0,0.000334,0.0,0.011764,0.0,0.0,0.0,0.0,0.0,0.0,0.0,0.0,0.0,0.0
2026-01-05 23:20:00,0.211682,0.0,0.0,0.0,0.0,0.0,0.0,0.0,0.0,0.0,0.0,0.00051,0.0,0.0,0.004447,0.0,0.0008,0.000762,0.00085,0.000762,0.000431,0.000929,0.0008,0.0,0.0,0.0,0.000899,0.000893,0.0,1.2e-05,0.0,0.0,0.0,0.0,0.0,0.0,0.000451,0.0,0.011764,0.0,0.0,0.0,0.0,0.0,0.0,0.0,0.0,0.0,0.0
2026-01-05 23:30:00,0.212746,0.0,0.0,0.0,0.0,0.0,0.0,0.0,0.0,0.0,0.0,0.000583,0.0,0.0,0.004342,0.0,0.0008,0.000906,0.00085,0.000906,0.000511,0.000957,0.0008,0.0,0.0,0.0,0.00097,0.00092,0.0,2.4e-05,0.0,0.0,0.0,0.0,0.0,0.0,0.000568,0.0,0.011764,0.0,0.0,0.0,0.0,0.0,0.0,0.0,0.0,0.0,0.0
2026-01-05 23:40:00,0.214874,0.0,0.0,0.0,0.0,0.0,0.0,0.0,0.0,0.0,0.0,0.000729,0.0,0.0,0.004221,0.000419,0.0008,0.001349,0.00085,0.001349,0.001363,0.0009,0.0008,0.0,0.0,0.0,0.00103,0.0008,0.0,0.0,0.0,0.0,0.0,0.0,0.0,0.0,0.000135,0.0,0.011764,0.0,0.0,0.0,0.0,0.0,0.0,0.0,0.0,0.0,0.0
2026-01-05 23:50:00,0.215937,0.0,0.0,0.0,0.0,0.0,0.0,0.0,0.0,0.0,0.0,0.000802,0.0,0.0,0.004341,0.000561,0.0008,0.000766,0.00085,0.000766,0.000805,0.001042,0.0008,0.0,0.0,0.0,0.000956,0.000935,0.0,0.0,0.0,0.0,0.0,0.0,0.0,0.0,3.6e-05,0.0,0.011764,0.0,0.0,0.0,0.0,0.0,0.0,0.0,0.0,0.0,0.0
2026-01-06 00:00:00,0.217001,0.0,0.0,0.0,0.0,0.0,0.0,0.0,0.0,0.0,0.0,0.000875,0.0,0.0,0.004461,0.000618,0.0008,0.000183,0.00085,0.000183,0.000248,0.001184,0.0008,0.0,0.0,0.0,0.000882,0.00107,0.0,0.0,0.0,0.0,0.0,0.0,0.0,0.0,0.0,0.0,0.011764,0.0,0.0,0.0,0.0,0.0,0.0,0.0,0.0,0.0,0.0
2026-01-06 00:10:00,0.219129,0.0,0.0,0.0,8.4e-05,0.0,0.0,0.0,0.0,0.0,0.0,0.00102,0.0,0.0,0.0044,0.0,0.0008,0.000688,0.00085,0.000688,0.001793,0.000949,0.001059,0.0,0.0,0.0,0.001368,0.001026,0.0,0.0,0.0,0.0,0.0,0.0,0.0,0.0,0.000113,0.0,0.011764,0.0,0.0,0.0,0.0,0.0,0.0,0.0,0.0,0.0,0.0
2026-01-06 00:20:00,0.220192,0.0,0.0,0.0,4.2e-05,0.0,0.0,0.0,0.0,0.0,0.0,0.001093,0.0,0.0,0.0044,6.2e-05,0.0008,0.00054,0.00085,0.00054,0.001091,0.000912,0.00093,0.0,0.0,0.0,0.001135,0.00098,0.0,0.0,0.0,0.0,0.0,0.0,0.0,0.0,5.6e-05,0.0,0.011764,0.0,0.0,0.0,0.0,0.0,0.0,0.0,0.0,0.0,0.0
2026-01-06 00:30:00,0.221256,0.0,0.0,0.0,0.0,0.0,0.0,0.0,0.0,0.0,0.0,0.001166,0.0,0.0,0.0044,0.000125,0.0008,0.000392,0.00085,0.000392,0.000389,0.0009,0.0008,0.0,0.0,0.0,0.000902,0.000918,0.0,0.0,0.0,0.0,0.0,0.0,0.0,0.0,0.0,0.0,0.011764,0.0,0.0,0.0,0.0,0.0,0.0,0.0,0.0,0.0,0.0
2026-01-06 00:40:00,0.223383,0.0,0.0,0.0,0.0,0.0,0.0,0.0,0.0,0.0,0.0,0.001312,0.0,0.0,0.004297,0.0,0.0008,0.001128,0.00085,0.001128,0.000937,0.000982,0.0008,0.000267,0.0,0.0,0.000904,0.0008,0.0,0.0,0.0,0.0,0.0,0.0,0.0,0.0,6e-06,0.0,0.011764,0.0,0.0,0.0,0.0,0.0,0.0,0.0,0.0,0.0,0.0
2026-01-06 00:50:00,0.224447,0.0,0.0,0.0,0.0,0.0,0.0,0.0,0.0,0.0,0.0,0.001385,0.0,0.0,0.004203,0.0,0.0008,0.000893,0.00085,0.000893,0.000535,0.000982,0.000827,0.000133,0.0,0.0,0.000941,0.000876,0.0,0.0,0.0,0.0,0.0,0.0,0.0,0.0,0.000113,0.0,0.011764,0.0,0.0,0.0,0.0,0.0,0.0,0.0,0.0,0.0,0.0
2026-01-06 01:00:00,0.225511,0.0,0.0,0.0,0.0,0.0,0.0,0.0,0.0,0.0,0.0,0.001458,0.0,0.0,0.004152,0.0,0.0008,0.000568,0.00085,0.000568,0.000132,0.00098,0.000858,0.0,0.0,0.0,0.001024,0.000988,0.0,0.0,0.0,0.0,0.0,0.0,0.0,0.0,0.000315,0.0,0.011764,0.0,0.0,0.0,0.0,0.0,0.0,0.0,0.0,0.0,0.0
2026-01-06 01:10:00,0.227638,0.0,0.0,0.0,0.0,0.0,0.0,0.0,0.0,0.0,0.0,0.001603,0.0,0.0,0.0044,0.0,0.0008,0.000429,0.00085,0.000429,0.000977,0.0009,0.000864,0.0,0.0,0.0,0.001192,0.001051,0.0,0.0,0.0,0.0,0.0,0.0,0.0,0.0,0.000568,0.0,0.011764,0.0,0.0,0.0,0.0,0.0,0.0,0.0,0.0,0.0,0.0
2026-01-06 01:20:00,0.228702,0.0,0.0,0.0,0.0,0.0,0.0,0.0,0.0,0.0,0.0,0.001676,0.0,0.0,0.004245,3.6e-05,0.0008,0.000314,0.00085,0.000314,0.001443,0.0009,0.000832,0.0,0.0,0.0,0.001081,0.000999,0.0,4e-05,0.0,0.0,0.0,0.0,0.0,0.0,0.000559,0.0,0.011764,0.0,0.0,0.0,0.0,0.0,0.0,0.0,0.0,0.0,0.0
2026-01-06 01:30:00,0.229766,0.0,0.0,0.0,0.0,0.0,0.0,0.0,0.0,0.0,0.0,0.001749,0.0,0.0,0.004091,0.000126,0.0008,0.000255,0.00085,0.000255,0.001655,0.0009,0.0008,0.0,0.0,0.0,0.00097,0.000948,0.0,7.9e-05,0.0,0.0,0.0,0.0,0.0,0.0,0.00055,0.0,0.011764,0.0,0.0,0.0,0.0,0.0,0.0,0.0,0.0,0.0,0.0
2026-01-06 01:40:00,0.231893,0.0,0.0,0.0,0.0,0.0,0.0,0.0,0.0,0.0,0.0,0.001895,0.0,0.0,0.004486,0.000389,0.0008,0.000645,0.00085,0.000645,0.000885,0.0009,0.0008,8.4e-05,0.0,0.0,0.001257,0.001082,0.0,5.6e-05,0.0,0.0,0.0,0.0,0.0,0.0,0.000764,0.0,0.011764,0.0,0.0,0.0,0.0,0.0,0.0,0.0,0.0,0.0,0.0
2026-01-06 01:50:00,0.232957,0.0,0.0,0.0,0.0,0.0,0.0,0.0,0.0,0.0,0.0,0.001968,0.0,0.0,0.004572,0.000195,0.0008,0.000678,0.00085,0.000678,0.000821,0.000877,0.0008,4.2e-05,0.0,0.0,0.001115,0.001121,0.0,2.2e-05,0.0,0.0,0.0,0.0,0.0,0.0,0.000419,0.0,0.011764,0.0,0.0,0.0,0.0,0.0,0.0,0.0,0.0,0.0,0.0
2026-01-06 02:00:00,0.234021,0.0,0.0,0.0,0.0,0.0,0.0,0.0,0.0,0.0,0.0,0.002041,0.0,0.0,0.004603,0.0,0.0008,0.000713,0.00085,0.000713,0.000759,0.000854,0.0008,0.0,0.0,0.0,0.000908,0.001136,0.0,0.0,0.0,0.0,0.0,0.0,0.0,0.0,7.4e-05,0.0,0.011764,0.0,0.0,0.0,0.0,0.0,0.0,0.0,0.0,0.0,0.0
2026-01-06 02:10:00,0.236148,0.0,0.0,0.0,0.0,0.0,0.0,0.0,0.0,0.0,0.0,0.002186,0.0,0.0,0.004344,0.0,0.0008,0.001483,0.00085,0.001483,0.000135,0.00096,0.0008,0.0,0.0,0.0,0.0008,0.000954,0.0,0.0,0.0,0.0,0.0,0.0,0.0,0.0,0.00013,0.0,0.011764,0.0,0.0,0.0,0.0,0.0,0.0,0.0,0.0,0.0,0.0
2026-01-06 02:20:00,0.237212,0.0,0.0,0.0,0.0,0.0,0.0,0.0,0.0,0.0,0.0,0.002259,0.0,0.0,0.004372,0.0,0.0008,0.001022,0.00085,0.001022,0.000497,0.00093,0.0008,0.0,0.0,0.0,0.00095,0.000849,0.0,0.0,0.0,0.0,0.0,0.0,0.0,0.0,0.000286,0.0,0.011764,0.0,0.0,0.0,0.0,0.0,0.0,0.0,0.0,0.0,0.0
2026-01-06 02:30:00,0.238276,0.0,0.0,0.0,0.0,0.0,0.0,0.0,0.0,0.0,0.0,0.002332,0.0,0.0,0.0044,0.0,0.0008,0.000407,0.00085,0.000407,0.00086,0.0009,0.0008,0.0,0.0,0.0,0.001101,0.0008,0.0,0.0,0.0,0.0,0.0,0.0,0.0,0.0,0.000404,0.0,0.011764,0.0,0.0,0.0,0.0,0.0,0.0,0.0,0.0,0.0,0.0
2026-01-06 02:40:00,0.240403,0.0,0.0,0.0,0.0,0.0,0.0,0.0,0.0,0.0,0.0,0.002478,0.0,0.0,0.004207,0.0,0.0008,0.000177,0.00085,0.000177,0.000129,0.0009,0.0008,0.0,0.0,0.0,0.001078,0.000953,0.0,0.0,0.0,0.0,0.0,0.0,0.0,0.0,0.000226,0.0,0.011764,0.0,0.0,0.0,0.0,0.0,0.0,0.0,0.0,0.0,0.0
2026-01-06 02:50:00,0.241467,0.0,0.0,0.0,0.0,0.0,0.0,0.0,0.0,0.000278,0.0,0.002551,0.0,0.0,0.004238,0.0,0.0008,0.000206,0.00085,0.000206,0.000323,0.0009,0.0008,0.0,0.0,0.0,0.001172,0.000876,0.0,0.0,0.0,0.0,0.001237,0.0002,0.0,0.0,7.8e-05,0.0,0.011764,0.0,0.0,0.0,0.0,0.0,0.0,0.0,0.0,0.0,0.0
2026-01-06 03:00:00,0.242531,0.0,0.0,0.0,0.0,0.0,0.0,0.0,0.0,0.000556,0.0,0.002624,0.0,0.0,0.004331,0.0,0.0008,0.000294,0.00085,0.000294,0.000705,0.0009,0.0008,0.0,0.0,0.0,0.001413,0.0008,0.0,0.0,0.0,0.0,0.003782,0.00061,0.0,0.0,0.0,0.0,0.011764,0.0,0.0,0.0,0.0,0.0,0.0,0.0,0.0,0.0,0.0
2026-01-06 03:10:00,0.244658,0.0,0.0,0.0,0.0,0.0,0.0,0.0,0.0,7.5e-05,0.0,0.00277,0.0,0.0,0.004894,0.000583,0.001298,0.000866,0.002538,0.000866,0.001198,0.002438,0.00151,0.00057,0.000635,0.000541,0.002147,0.001862,0.000314,0.000143,0.002738,0.0,0.007565,0.001221,0.000405,0.000154,0.001324,0.0,0.011764,0.0,0.0,0.0,0.0,0.0,0.0,0.0,0.0,0.0,0.0
2026-01-06 03:20:00,0.245722,0.0,0.0,0.0,0.0,0.0,0.0,0.0,0.0,0.000123,0.0,0.002842,0.0,0.0,0.005176,0.000875,0.001547,0.001153,0.003382,0.001153,0.001444,0.003207,0.001865,0.000855,0.000952,0.000812,0.002514,0.002393,0.000471,0.000215,0.004108,0.0,0.009456,0.001526,0.000608,0.000231,0.001986,0.0,0.011764,0.0,0.0,0.0,0.0,0.0,0.0,0.0,0.0,0.0,0.0
2026-01-06 03:30:00,0.246786,0.0,0.0,0.0,0.0,0.0,0.0,0.0,0.0,0.000171,0.0,0.002915,0.0,0.0,0.005458,0.001167,0.001796,0.001439,0.004226,0.001439,0.00169,0.003976,0.00222,0.00114,0.001269,0.001083,0.002881,0.002924,0.000628,0.000286,0.005477,0.0,0.011347,0.001831,0.000811,0.000308,0.002648,0.0,0.011764,0.0,0.0,0.0,0.0,0.0,0.0,0.0,0.0,0.0,0.0
2026-01-06 03:40:00,0.248913,0.0,0.0,0.0,0.0,0.0,0.0,0.0,0.0,0.0,0.0,0.003061,0.0,0.0,0.006021,0.00175,0.002294,0.002011,0.005915,0.002011,0.002183,0.005514,0.00293,0.001709,0.001904,0.001624,0.003615,0.003985,0.000942,0.000429,0.008215,0.0,0.01513,0.002442,0.001216,0.000462,0.003971,0.0,0.011764,0.0,0.0,0.0,0.0,0.0,0.0,0.0,0.0,0.0,0.0
2026-01-06 03:50:00,0.249977,0.0,0.0,0.0,0.0,0.0,0.0,0.0,0.0,0.0,0.0,0.003134,0.0,0.0,0.006303,0.002042,0.002543,0.002297,0.006759,0.002297,0.002429,0.006283,0.003285,0.001994,0.002221,0.001895,0.003982,0.004516,0.001099,0.000501,0.009585,0.0,0.017021,0.002747,0.001419,0.000539,0.004633,0.0,0.011764,0.0,0.0,0.0,0.0,0.0,0.0,0.0,0.0,0.0,0.0
2026-01-06 04:00:00,0.25104,0.0,0.0,0.0,0.0,0.0,0.0,0.0,0.0,0.0,0.0,0.003207,0.0,0.0,0.006584,0.002333,0.002792,0.002584,0.007603,0.002584,0.002676,0.007052,0.00364,0.002279,0.002539,0.002165,0.004348,0.005047,0.001256,0.000573,0.010954,0.0,0.018912,0.003052,0.001622,0.000616,0.005295,0.0,0.011764,0.0,0.0,0.0,0.0,0.0,0.0,0.0,0.0,0.0,0.0
2026-01-06 04:10:00,0.253168,0.0,0.0,0.0,0.0,0.0,0.0,0.0,0.0,0.0,0.0,0.003353,0.0,0.0,0.007147,0.002917,0.00329,0.003156,0.009291,0.003156,0.003168,0.008589,0.00435,0.002849,0.003173,0.002706,0.005082,0.006109,0.001569,0.000716,0.013692,0.0,0.022694,0.003662,0.002027,0.000769,0.006619,0.0,0.011764,0.0,0.0,0.0,0.0,0.0,0.0,0.0,0.0,0.0,0.0
2026-01-06 04:20:00,0.254232,0.0,0.0,0.0,0.0,0.0,0.0,0.0,0.0,0.0,0.0,0.003425,0.0,0.0,0.007429,0.003208,0.003539,0.003442,0.010135,0.003442,0.003415,0.009358,0.004705,0.003134,0.003491,0.002977,0.005449,0.00664,0.001726,0.000787,0.015062,0.0,0.024586,0.003968,0.00223,0.000846,0.007281,0.0,0.011764,0.0,0.0,0.0,0.0,0.0,0.0,0.0,0.0,0.0,0.0
2026-01-06 04:30:00,0.255295,0.0,0.0,0.0,0.0,0.0,0.0,0.0,0.0,0.0,0.0,0.003498,0.0,0.0,0.007711,0.0035,0.003788,0.003728,0.010979,0.003728,0.003661,0.010127,0.00506,0.003419,0.003808,0.003248,0.005816,0.007171,0.001883,0.000859,0.016431,0.0,0.026477,0.004273,0.002433,0.000923,0.007943,0.0,0.011764,0.0,0.0,0.0,0.0,0.0,0.0,0.0,0.0,0.0,0.0
2026-01-06 04:40:00,0.257423,0.0,0.0,0.0,0.0,0.0,0.0,0.0,0.0,0.0,0.0,0.003644,0.0,0.0,0.008274,0.004083,0.004285,0.004301,0.012668,0.004301,0.004154,0.011665,0.00577,0.003988,0.004443,0.003789,0.00655,0.008232,0.002197,0.001002,0.019169,0.0,0.030259,0.004883,0.002838,0.001077,0.009267,0.0,0.011764,0.0,0.0,0.0,0.0,0.0,0.0,0.0,0.0,0.0,0.0
2026-01-06 04:50:00,0.258487,0.0,0.0,0.0,0.0,0.0,0.0,0.0,0.0,0.0,0.0,0.003717,0.0,0.0,0.008556,0.004375,0.004534,0.004587,0.013512,0.004587,0.0044,0.012434,0.006125,0.004273,0.00476,0.00406,0.006917,0.008763,0.002354,0.001074,0.020539,0.0,0.03215,0.005188,0.003041,0.001154,0.009929,0.0,0.011764,0.0,0.0,0.0,0.0,0.0,0.0,0.0,0.0,0.0,0.0
2026-01-06 05:00:00,0.25955,0.0,0.0,0.0,0.0,0.0,0.0,0.0,0.0,0.0,0.0,0.00379,0.0,0.0,0.008837,0.004667,0.004783,0.004873,0.014356,0.004873,0.004647,0.013203,0.006481,0.004558,0.005077,0.00433,0.007284,0.009294,0.002511,0.001145,0.021908,0.0,0.034042,0.005494,0.003244,0.001231,0.010591,0.0,0.011764,0.0,0.0,0.0,0.0,0.0,0.0,0.0,0.0,0.0,0.0
2026-01-06 05:10:00,0.261678,0.0,0.0,0.0,0.0,0.0,0.0,0.0,0.0,0.0,0.0,0.003936,0.0,0.0,0.009401,0.00525,0.005281,0.005446,0.016044,0.005446,0.005139,0.014741,0.007191,0.005128,0.005712,0.004872,0.008018,0.010356,0.002825,0.001288,0.024646,0.0,0.037824,0.006104,0.003649,0.001385,0.011914,0.0,0.011764,0.0,0.0,0.0,0.0,0.0,0.0,0.0,0.0,0.0,0.0
2026-01-06 05:20:00,0.262741,0.0,0.0,0.0,0.0,0.0,0.0,0.0,0.0,0.0,0.0,0.004009,0.0,0.0,0.009682,0.005542,0.00553,0.005732,0.016888,0.005732,0.005386,0.01551,0.007546,0.005413,0.006029,0.005142,0.008385,0.010887,0.002982,0.00136,0.026016,0.0,0.039715,0.006409,0.003852,0.001462,0.012576,0.0,0.011764,0.0,0.0,0.0,0.0,0.0,0.0,0.0,0.0,0.0,0.0
2026-01-06 05:30:00,0.263805,0.0,0.0,0.0,0.0,0.0,0.0,0.0,0.0,0.0,0.0,0.004081,0.0,0.0,0.009964,0.005833,0.005779,0.006018,0.017732,0.006018,0.005632,0.016279,0.007901,0.005698,0.006347,0.005413,0.008752,0.011418,0.003139,0.001431,0.027385,0.0,0.041606,0.006714,0.004054,0.001539,0.013238,0.0,0.011764,0.0,0.0,0.0,0.0,0.0,0.0,0.0,0.0,0.0,0.0
2026-01-06 05:40:00,0.265933,0.0,0.0,0.0,0.0,0.0,8e-05,0.0,0.0,0.0,0.0,0.004227,0.0,0.0,0.010527,0.006417,0.006277,0.00659,0.019421,0.00659,0.006125,0.017817,0.008611,0.006267,0.006982,0.005954,0.009485,0.012479,0.003453,0.001575,0.030123,0.0,0.045389,0.007325,0.00446,0.001693,0.014562,0.0,0.011764,0.0,0.0,0.0,0.0,0.0,0.0,0.0,0.0,0.0,0.0
2026-01-06 05:50:00,0.266996,0.0,0.0,0.0,0.0,0.0,7.7e-05,0.0,0.0,0.000197,0.0,0.0043,0.0,0.0,0.010809,0.006708,0.006526,0.006877,0.020265,0.006877,0.006371,0.018586,0.008966,0.006552,0.007299,0.006225,0.009852,0.01301,0.00361,0.001646,0.031492,0.0,0.04728,0.00763,0.004663,0.00177,0.015224,0.0,0.011764,0.0,0.0,0.0,0.0,0.0,0.0,0.0,0.0,0.0,0.0
2026-01-06 06:00:00,0.26806,0.0,0.0,0.0,0.0,0.0,7e-05,0.0,0.0,0.000394,0.0,0.004373,0.0,0.0,0.011091,0.007,0.006775,0.007163,0.021109,0.007163,0.006618,0.019355,0.009321,0.006837,0.007616,0.006496,0.010219,0.013541,0.003767,0.001718,0.032862,0.0,0.049171,0.007935,0.004865,0.001847,0.015886,0.0,0.011764,0.0,0.0,0.0,0.0,0.0,0.0,0.0,0.0,0.0,0.0
2026-01-06 06:10:00,0.270188,0.0,0.0,0.0,0.0,0.0,6.3e-05,0.0,0.0,0.0,0.0,0.004519,0.0,0.0,0.011654,0.007583,0.007273,0.007735,0.022797,0.007735,0.00711,0.020893,0.010031,0.007407,0.008251,0.007037,0.010953,0.014603,0.004081,0.001861,0.0356,0.0,0.052954,0.008546,0.005271,0.002001,0.01721,0.0,0.011764,0.0,0.0,0.0,0.0,0.0,0.0,0.0,0.0,0.0,0.0
2026-01-06 06:20:00,0.271251,0.0,0.0,0.0,0.0,0.0,2.9e-05,0.0,0.0,0.0,0.0,0.004592,0.0,0.0,0.011935,0.007875,0.007522,0.008021,0.023641,0.008021,0.007357,0.021662,0.010386,0.007692,0.008568,0.007308,0.01132,0.015134,0.004238,0.001932,0.036969,0.0,0.054845,0.008851,0.005473,0.002077,0.017872,0.0,0.011764,0.0,0.0,0.0,0.0,0.0,0.0,0.0,0.0,0.0,0.0
2026-01-06 06:30:00,0.272315,0.0,0.0,0.0,0.0,0.0,0.0,0.0,0.0,0.0,0.0,0.004664,0.0,0.0,0.012217,0.008167,0.007771,0.008308,0.024485,0.008308,0.007603,0.022431,0.010741,0.007977,0.008886,0.007578,0.011687,0.015665,0.004395,0.002004,0.038339,0.0,0.056736,0.009156,0.005676,0.002154,0.018534,0.0,0.011764,0.0,0.0,0.0,0.0,0.0,0.0,0.0,0.0,0.0,0.0
2026-01-06 06:40:00,0.274442,0.0,0.0,0.0,0.0,0.0,2.2e-05,0.0,0.0,0.000112,0.0,0.00481,0.0,0.0,0.01278,0.00875,0.008269,0.00888,0.026174,0.00888,0.008096,0.023968,0.011451,0.008546,0.00952,0.008119,0.012421,0.016727,0.004708,0.002147,0.041077,0.0,0.060518,0.009766,0.006082,0.002308,0.019857,0.0,0.011764,0.0,0.0,0.0,0.0,0.0,0.0,0.0,0.0,0.0,0.0
2026-01-06 06:50:00,0.275506,0.0,0.0,0.0,0.0,0.0,3.3e-05,0.0,0.0,5.6e-05,0.0,0.004883,0.0,0.0,0.013062,0.009042,0.008518,0.009166,0.027018,0.009166,0.008342,0.024737,0.011806,0.008831,0.009838,0.00839,0.012788,0.017257,0.004865,0.002219,0.042446,0.0,0.06241,0.010072,0.006284,0.002385,0.020519,0.0,0.011764,0.0,0.0,0.0,0.0,0.0,0.0,0.0,0.0,0.0,0.0
2026-01-06 07:00:00,0.27657,0.0,0.0,0.0,0.0,0.0,4.4e-05,0.0,0.0,0.0,0.0,0.004956,0.0,0.0,0.013344,0.009333,0.008767,0.009452,0.027862,0.009452,0.008588,0.025506,0.012161,0.009116,0.010155,0.008661,0.013155,0.017788,0.005022,0.00229,0.043816,0.0,0.064301,0.010377,0.006487,0.002462,0.021181,0.0,0.011764,0.0,0.0,0.0,0.0,0.0,0.0,0.0,0.0,0.0,0.0
2026-01-06 07:10:00,0.278697,0.0,0.0,0.0,0.0,0.0,6.6e-05,0.0,0.0,0.0,0.0,0.005102,0.0,0.0,0.013907,0.009917,0.009265,0.010025,0.02955,0.010025,0.009081,0.027044,0.012871,0.009686,0.01079,0.009202,0.013889,0.01885,0.005336,0.002433,0.046554,0.0,0.068083,0.010987,0.006892,0.002616,0.022505,0.0,0.011764,0.0,0.0,0.0,0.0,0.0,0.0,0.0,0.0,0.0,0.0
2026-01-06 07:20:00,0.279761,0.0,0.0,0.0,0.0,0.0,3.3e-05,0.0,0.0,0.0,0.0,0.005175,0.0,0.0,0.014189,0.010208,0.009514,0.010311,0.030394,0.010311,0.009328,0.027813,0.013226,0.009971,0.011107,0.009473,0.014256,0.019381,0.005493,0.002505,0.047923,0.0,0.069974,0.011292,0.007095,0.002693,0.023167,0.0,0.011764,0.0,0.0,0.0,0.0,0.0,0.0,0.0,0.0,0.0,0.0
2026-01-06 07:30:00,0.280825,0.0,0.0,0.0,0.0,0.0,0.0,0.0,0.0,0.0,0.0,0.005248,0.0,0.0,0.01447,0.0105,0.009763,0.010597,0.031238,0.010597,0.009574,0.028582,0.013581,0.010256,0.011424,0.009743,0.014623,0.019912,0.00565,0.002577,0.049293,0.0,0.071866,0.011598,0.007298,0.00277,0.023829,0.0,0.011764,0.0,0.0,0.0,0.0,0.0,0.0,0.0,0.0,0.0,0.0
2026-01-06 07:40:00,0.282952,0.0,0.0,0.0,0.0,0.0,0.0,0.0,0.0,0.0,0.0,0.005393,0.0,0.0,0.015034,0.011083,0.01026,0.01117,0.032927,0.01117,0.010067,0.03012,0.014291,0.010825,0.012059,0.010285,0.015356,0.020974,0.005964,0.00272,0.052031,0.0,0.075648,0.012208,0.007703,0.002924,0.025153,0.0,0.011764,0.0,0.0,0.0,0.0,0.0,0.0,0.0,0.0,0.0,0.0
2026-01-06 07:50:00,0.284016,0.0,0.0,0.0,0.0,0.0,0.0,0.0,0.0,0.0,0.0,0.005466,0.0,0.0,0.015315,0.011375,0.010509,0.011456,0.033771,0.011456,0.010313,0.030889,0.014646,0.01111,0.012376,0.010555,0.015723,0.021505,0.006121,0.002791,0.0534,0.0,0.077539,0.012513,0.007906,0.003001,0.025815,0.0,0.011764,0.0,0.0,0.0,0.0,0.0,0.0,0.0,0.0,0.0,0.0
2026-01-06 08:00:00,0.28508,0.0,0.0,0.0,0.0,0.0,0.0,0.0,0.0,0.0,0.0,0.005539,0.0,0.0,0.015597,0.011667,0.010758,0.011742,0.034615,0.011742,0.010559,0.031658,0.015001,0.011395,0.012694,0.010826,0.01609,0.022035,0.006278,0.002863,0.05477,0.0,0.07943,0.012818,0.008109,0.003078,0.026477,0.0,0.011764,0.0,0.0,0.0,0.0,0.0,0.0,0.0,0.0,0.0,0.0
2026-01-06 08:10:00,0.287207,0.0,0.0,0.0,0.0,0.0,0.0,0.0,0.0,0.0,0.0,0.005685,0.0,0.0,0.01616,0.01225,0.011256,0.012314,0.036303,0.012314,0.011052,0.033196,0.015711,0.011965,0.013328,0.011367,0.016824,0.023097,0.006592,0.003006,0.057508,0.0,0.083213,0.013429,0.008514,0.003232,0.0278,0.0,0.011764,0.0,0.0,0.0,0.0,0.0,0.0,0.0,0.0,0.0,0.0
2026-01-06 08:20:00,0.288271,0.0,0.0,0.0,0.0,0.0,0.0,0.0,7e-05,0.0,0.0,0.005758,0.0,0.0,0.016442,0.012542,0.011505,0.012601,0.037147,0.012601,0.011298,0.033965,0.016066,0.01225,0.013646,0.011638,0.017191,0.023628,0.006749,0.003078,0.058877,0.0,0.085104,0.013734,0.008717,0.003309,0.028462,0.002994,0.011764,0.0,0.0,0.0,0.0,0.0,0.0,0.0,0.0,0.0,0.0
2026-01-06 08:30:00,0.289335,0.0,0.0,0.0,0.0,0.0,0.0,0.0,0.00025,0.0,0.0,0.005831,0.0,0.0,0.016723,0.012833,0.011754,0.012887,0.037991,0.012887,0.011545,0.034734,0.016421,0.012535,0.013963,0.011909,0.017558,0.024159,0.006906,0.003149,0.060246,0.0,0.086995,0.014039,0.00892,0.003386,0.029124,0.009962,0.011764,0.0,0.0,0.0,0.0,0.0,0.0,0.0,0.0,0.0,0.0
2026-01-06 08:40:00,0.291462,0.0,0.0,0.0,0.0,0.0,0.0,0.0,0.000822,0.0,0.0,0.005976,0.0,0.0,0.017287,0.013417,0.012252,0.013459,0.03968,0.013459,0.012037,0.036272,0.017131,0.013105,0.014598,0.01245,0.018292,0.025221,0.00722,0.003292,0.062985,0.005351,0.090778,0.01465,0.009325,0.003539,0.030448,0.025155,0.011764,0.0,0.0,0.0,0.0,0.0,0.0,0.0,0.0,0.0,0.0
2026-01-06 08:50:00,0.292526,0.001237,0.001201,0.0,1.1e-05,0.0,0.0,0.0,0.000411,0.0,0.0,0.006049,0.0,0.0,0.017511,0.01365,0.01245,0.013688,0.040358,0.013688,0.012233,0.036889,0.01742,0.013331,0.01486,0.012664,0.018592,0.025646,0.007345,0.003349,0.064084,0.015193,0.092304,0.014898,0.009489,0.003601,0.031011,0.04081,0.011764,0.0,0.000601,0.000146,0.0,0.0,0.0,0.0,0.0,0.0,0.002266
2026-01-06 09:00:00,0.29359,0.004432,0.004325,0.0,4.7e-05,0.0,0.0,0.0,0.0,0.0,0.0,0.006122,0.0,0.0,0.01785,0.014,0.01275,0.014032,0.041368,0.014032,0.01253,0.03781,0.017842,0.013674,0.015232,0.012991,0.019026,0.026282,0.007534,0.003435,0.065723,0.034567,0.09456,0.01526,0.009731,0.003693,0.031772,0.062316,0.011764,0.0,0.002402,0.000643,0.0,0.0,0.0,0.0,0.0,0.0,0.009416
2026-01-06 09:10:00,0.295717,0.014578,0.014527,0.002404,0.001971,0.0,0.000112,0.0,0.0,0.0,0.0,0.006268,0.0,0.0,0.034238,0.026569,0.026673,0.02745,0.070628,0.02745,0.026994,0.065944,0.025768,0.029818,0.020171,0.036605,0.026159,0.046118,0.015107,0.010012,0.114177,0.110748,0.14945,0.02186,0.015125,0.007884,0.037832,0.110639,0.011764,0.00408,0.014351,0.013151,0.0019,0.001139,0.0,0.004583,0.00553,0.007251,0.079204
2026-01-06 09:20:00,0.296781,0.018269,0.018666,0.005927,0.003464,0.0,0.000293,0.0,0.0,0.0,0.0,0.006341,0.0,0.0,0.048549,0.037587,0.037509,0.037106,0.086052,0.037106,0.036567,0.083068,0.036488,0.040479,0.03193,0.052393,0.043769,0.058443,0.025173,0.016671,0.140894,0.157494,0.163791,0.029813,0.023514,0.010772,0.041542,0.109751,0.011764,0.008993,0.046999,0.019091,0.005244,0.008505,0.001383,0.007738,0.018384,0.01723,0.138494
2026-01-06 09:30:00,0.297845,0.019752,0.020382,0.012404,0.006354,0.0,0.00072,0.0,0.0,0.0,0.0,0.006414,0.0,0.0,0.067404,0.052689,0.051912,0.049608,0.10185,0.049608,0.048745,0.104719,0.054711,0.053498,0.053771,0.070646,0.075009,0.071217,0.037252,0.02673,0.163459,0.212571,0.18133,0.04269,0.031417,0.014083,0.046145,0.106873,0.011764,0.018169,0.071585,0.027831,0.010867,0.020632,0.004928,0.012694,0.045888,0.034919,0.212436
2026-01-06 09:40:00,0.299972,0.017371,0.016611,0.037915,0.132356,0.004131,0.007396,0.0,0.000803,0.000368,0.003667,0.006559,0.003977,0.0,0.112495,0.093231,0.092484,0.085311,0.133858,0.085311,0.085202,0.175445,0.113787,0.087814,0.108804,0.11099,0.141524,0.093817,0.051961,0.057712,0.18987,0.354416,0.38796,0.08316,0.035644,0.020986,0.060153,0.070598,0.011764,0.069959,0.069841,0.127782,0.024237,0.033813,0.015859,0.04651,0.164941,0.100306,0.368081
2026-01-06 09:50:00,0.301036,0.037806,0.034753,0.062176,0.172192,0.010273,0.007422,0.0,0.00463,0.000886,0.005491,0.006632,0.007758,0.0,0.137601,0.116288,0.115679,0.106399,0.1443,0.106399,0.108358,0.237728,0.131027,0.095058,0.137823,0.132882,0.142397,0.108802,0.060578,0.055298,0.251251,0.457095,0.50021,0.141392,0.036158,0.027266,0.088219,0.05985,0.011764,0.153227,0.067123,0.197164,0.035283,0.043994,0.026874,0.054471,0.227914,0.125278,0.442113
2026-01-06 10:00:00,0.302099,0.078687,0.073085,0.080931,0.187627,0.022112,0.007448,0.0,0.014235,0.001773,0.007865,0.006705,0.012623,0.0,0.164454,0.141743,0.140894,0.130034,0.153651,0.130034,0.132672,0.270887,0.137576,0.10287,0.167863,0.156209,0.143249,0.126546,0.070271,0.052884,0.351509,0.508209,0.59043,0.17798,0.036735,0.033892,0.122676,0.055752,0.011764,0.207415,0.065371,0.275194,0.047204,0.060212,0.044431,0.061096,0.294046,0.149977,0.517831
2026-01-06 10:10:00,0.304227,0.134478,0.134631,0.090345,0.173817,0.077734,0.011912,0.0,0.062623,0.004592,0.019511,0.006851,0.02252,0.0,0.222471,0.200618,0.196349,0.184818,0.174126,0.184818,0.176211,0.270504,0.136761,0.15698,0.230515,0.207447,0.170375,0.168973,0.093192,0.082829,0.527145,0.48181,0.684635,0.17748,0.055125,0.042239,0.154084,0.074569,0.011764,0.133645,0.115359,0.428516,0.064755,0.154238,0.110329,0.076267,0.437202,0.212515,0.687505
2026-01-06 10:20:00,0.305291,0.205245,0.206051,0.081464,0.225536,0.123746,0.013661,0.0,0.143884,0.009331,0.039341,0.006924,0.088113,0.0,0.253961,0.231673,0.227861,0.214976,0.184236,0.214976,0.209605,0.270541,0.154698,0.191892,0.306705,0.233722,0.19711,0.197848,0.092378,0.092824,0.549117,0.543514,0.739524,0.177143,0.061917,0.047105,0.159723,0.089303,0.011764,0.222047,0.193161,0.32081,0.078865,0.237797,0.160413,0.086201,0.521979,0.244516,0.7706
2026-01-06 10:30:00,0.306354,0.291885,0.29094,0.072582,0.277254,0.181746,0.015884,0.0,0.197479,0.019401,0.065998,0.006997,0.198404,0.0,0.286451,0.263268,0.260381,0.246094,0.195106,0.246094,0.246371,0.270672,0.185196,0.223021,0.352,0.260114,0.231067,0.226644,0.091564,0.10419,0.56994,0.668857,0.77884,0.17698,0.06876,0.054104,0.161658,0.109059,0.011764,0.310448,0.243281,0.213105,0.09997,0.305824,0.229705,0.101236,0.610197,0.277239,0.843328
2026-01-06 10:40:00,0.308482,0.407909,0.405485,0.307123,0.274392,0.311369,0.030443,0.0,0.110834,0.083285,0.101108,0.007142,0.324566,0.0,0.35163,0.326052,0.322663,0.307631,0.222218,0.307631,0.307849,0.304356,0.211093,0.258956,0.2939,0.312215,0.295244,0.268661,0.114634,0.159554,0.691898,0.847806,0.80674,0.1821,0.087728,0.095872,0.13056,0.165875,0.011764,0.258868,0.192151,0.31412,0.186279,0.349586,0.459683,0.194084,0.775853,0.345262,0.947596
2026-01-06 10:50:00,0.309546,0.350658,0.331658,0.375164,0.268971,0.375627,0.042374,0.0,0.201653,0.080479,0.154193,0.007215,0.386407,0.0,0.384813,0.35671,0.353459,0.337651,0.256736,0.337651,0.339122,0.387991,0.262072,0.264469,0.319167,0.334602,0.304062,0.270737,0.15159,0.19773,0.709161,0.831028,0.864971,0.546965,0.090834,0.129572,0.150565,0.184316,0.011764,0.19568,0.203219,0.553132,0.395543,0.379866,0.530407,0.573175,0.860512,0.37831,0.970943
2026-01-06 11:00:00,0.310609,0.293407,0.257831,0.414808,0.259509,0.440055,0.048683,0.0,0.372263,0.073843,0.226899,0.007288,0.457941,0.0,0.417561,0.388006,0.385131,0.368204,0.277573,0.368204,0.370664,0.486589,0.297309,0.270524,0.371187,0.35771,0.306964,0.272895,0.190058,0.216424,0.724338,0.814249,0.91837,0.93701,0.091884,0.16021,0.193072,0.204802,0.011764,0.158022,0.214288,0.804278,0.548566,0.416716,0.589262,0.906665,0.9157,0.411437,0.98759
2026-01-06 11:10:00,0.312737,0.399596,0.455046,0.444792,0.235843,0.570975,0.04883,0.0,0.566096,0.058596,0.338195,0.007434,0.684864,0.0,0.479606,0.455908,0.454417,0.433993,0.196687,0.433993,0.43415,0.554695,0.278899,0.349158,0.448475,0.41679,0.29253,0.375157,0.217063,0.207351,0.782991,0.909703,0.93677,0.97254,0.053388,0.189919,0.262501,0.298326,0.011764,0.473722,0.210949,0.930613,0.502973,0.507742,0.699612,0.934463,0.949684,0.480072,1.013479
2026-01-06 11:20:00,0.313801,0.446258,0.478885,0.490141,0.221154,0.611129,0.042859,0.0,0.609242,0.058746,0.388691,0.007507,0.762866,0.0,0.508566,0.483971,0.486431,0.466443,0.208662,0.466443,0.46739,0.583936,0.282518,0.36869,0.487119,0.448131,0.324627,0.39106,0.23996,0.231888,0.806492,0.922849,0.754595,1.101979,0.052325,0.215806,0.251375,0.394899,0.011764,0.692826,0.271672,0.951083,0.680096,0.541361,0.783277,0.944903,0.960967,0.510357,1.023253
2026-01-06 11:30:00,0.314864,0.493613,0.500485,0.522997,0.20481,0.639446,0.036888,0.0,0.638789,0.059242,0.428811,0.00758,0.810004,0.0,0.536213,0.511134,0.516498,0.498326,0.238499,0.498326,0.50051,0.611625,0.29422,0.387093,0.525762,0.478852,0.397197,0.406354,0.260047,0.256424,0.830894,0.927176,0.57242,1.20571,0.052017,0.230281,0.240249,0.518723,0.011764,0.870955,0.37581,0.96672,0.897276,0.570031,0.860035,0.954907,0.969404,0.539796,1.032091
2026-01-06 11:40:00,0.316992,0.606096,0.605121,0.528201,0.169658,0.673945,0.043508,0.0,0.680319,0.067552,0.476895,0.007726,0.844363,0.0,0.588314,0.570919,0.571258,0.559918,0.321009,0.559918,0.563143,0.666901,0.439006,0.446708,0.60305,0.533729,0.541055,0.486968,0.276869,0.212027,0.899272,0.913351,0.95091,0.37565,0.056781,0.231283,0.296303,0.74753,0.011764,1.020812,0.466515,1.002096,0.951593,0.619406,0.941217,0.978345,0.980659,0.601361,1.049585
2026-01-06 11:50:00,0.318055,0.588412,0.594928,0.583411,0.147853,0.686219,0.037857,0.0,0.692603,0.070147,0.497621,0.007798,0.85638,0.0,0.61713,0.599845,0.599458,0.587906,0.350036,0.587906,0.591579,0.692271,0.46067,0.479781,0.631553,0.558404,0.51626,0.489199,0.314404,0.252125,0.917172,0.937386,0.973681,0.369557,0.056402,0.262667,0.342237,0.845302,0.011764,1.010415,0.51042,1.025011,0.967051,0.651109,0.963145,0.987287,0.994903,0.637303,1.057922
2026-01-06 12:00:00,0.319119,0.535326,0.56309,0.66592,0.131061,0.696204,0.032205,0.0,0.70248,0.072297,0.516828,0.007871,0.866739,0.0,0.646124,0.627588,0.627037,0.61479,0.373311,0.61479,0.618813,0.717392,0.478346,0.494856,0.65765,0.582888,0.491465,0.491415,0.341262,0.307694,0.930088,0.961421,0.99048,0.36422,0.056022,0.313643,0.394582,0.886433,0.011764,0.977615,0.569679,1.035998,0.979039,0.682072,0.971325,0.995382,1.008595,0.672184,1.063513
2026-01-06 12:10:00,0.321247,0.179977,0.278709,0.725583,0.117369,0.711877,0.067502,0.0,0.719882,0.07623,0.552849,0.008017,0.885972,0.0,0.699415,0.678739,0.677459,0.66766,0.408824,0.66766,0.671991,0.770622,0.529308,0.345835,0.71225,0.636151,0.635753,0.559183,0.33421,0.33182,0.948795,0.873992,1.04078,0.31478,0.0683,0.354416,0.484116,0.619069,0.011764,0.658425,0.932456,1.024748,0.998799,0.727439,0.964251,1.011307,1.01828,0.727411,1.067554
2026-01-06 12:20:00,0.32231,0.325808,0.457815,0.76512,0.117591,0.719796,0.066316,0.0,0.728085,0.074958,0.567865,0.00809,0.894602,0.0,0.724732,0.70424,0.700373,0.690945,0.39911,0.690945,0.694994,0.796838,0.57366,0.422752,0.735172,0.659598,0.660925,0.609496,0.384758,0.344662,0.945945,0.925248,0.796195,0.31911,0.086137,0.365281,0.523915,0.507705,0.011764,0.523762,0.746747,1.033824,0.999607,0.753908,0.948995,1.019151,1.011954,0.773817,1.074133
2026-01-06 12:30:00,0.323374,0.559871,0.691388,0.784223,0.118141,0.7233,0.062984,0.0,0.73362,0.073685,0.581222,0.008163,0.901348,0.0,0.749568,0.73039,0.723658,0.714138,0.389396,0.714138,0.717076,0.82068,0.618019,0.499668,0.756933,0.680202,0.679684,0.660033,0.474392,0.363282,0.943096,0.980539,0.55161,0.32344,0.111262,0.369322,0.551273,0.453533,0.011764,0.467323,0.561037,1.042901,1.000421,0.779793,0.938178,1.029211,0.996964,0.798127,1.07843
2026-01-06 12:40:00,0.325502,0.726856,0.77046,0.742345,0.119636,0.717997,0.047665,0.0,0.73774,0.076674,0.60436,0.008309,0.909177,0.0,0.799142,0.786655,0.777314,0.766215,0.489768,0.766215,0.762539,0.858235,0.669017,0.489469,0.801617,0.713113,0.717694,0.72888,0.560512,0.50409,0.973395,0.985346,0.74291,0.27919,0.154225,0.310593,0.574025,0.441165,0.011764,0.917373,0.750579,0.989259,1.02382,0.821637,0.966517,1.076085,0.962278,0.788129,1.077676
2026-01-06 12:50:00,0.326565,0.814901,0.78252,0.791468,0.115302,0.717413,0.045043,0.0,0.742276,0.077577,0.61346,0.008381,0.911758,0.0,0.824317,0.80873,0.802102,0.792023,0.646597,0.792023,0.788773,0.877741,0.71846,0.548471,0.8244,0.734636,0.785995,0.757164,0.591875,0.6937,0.976385,0.9972,0.971984,0.301025,0.175707,0.314022,0.594763,0.416805,0.011764,0.864981,0.810296,1.026622,1.027413,0.841456,0.980908,1.114275,0.976001,0.793427,1.0809
2026-01-06 13:00:00,0.327629,0.878737,0.78655,0.86525,0.110969,0.717227,0.043567,0.0,0.745703,0.077922,0.621039,0.008454,0.912768,0.0,0.846664,0.828995,0.825197,0.816784,0.747751,0.816784,0.814425,0.899752,0.745671,0.643493,0.8463,0.756138,0.831969,0.78099,0.616483,0.810299,0.977328,1.005906,1.12004,0.34598,0.197188,0.325442,0.619984,0.399964,0.011764,0.812589,0.833414,1.075649,1.030013,0.860779,0.987286,1.134069,1.003213,0.798724,1.086512
2026-01-06 13:10:00,0.329756,0.930803,0.661157,0.907838,0.113466,0.729751,0.04213,0.0,0.74699,0.075855,0.63267,0.0086,0.909972,0.0,0.878778,0.86937,0.866369,0.861427,0.30796,0.861427,0.856321,0.959915,0.616971,0.711996,0.8849,0.788938,0.603279,0.817243,0.650986,0.686144,0.969523,0.988822,1.13672,0.41277,0.240151,0.530662,0.665942,0.411052,0.011764,1.058572,0.409829,1.092702,1.035205,0.898805,0.946553,0.840084,1.039401,0.704633,1.091616
2026-01-06 13:20:00,0.33082,0.703687,0.437369,0.921797,0.113392,0.720554,0.055909,0.0,0.746704,0.074627,0.636065,0.008673,0.910729,0.0,0.893827,0.887341,0.885393,0.879391,0.261633,0.879391,0.877207,0.927719,0.612937,0.726832,0.9042,0.803414,0.657447,0.762744,0.480045,0.436222,0.958939,0.984372,1.021555,0.441843,0.257362,0.534849,0.689208,0.423923,0.011764,1.050798,0.671749,0.949857,1.037987,0.915501,0.9647,0.706834,1.059234,0.819861,1.093457
2026-01-06 13:30:00,0.331884,0.476571,0.28704,0.935143,0.113158,0.708033,0.095487,0.0,0.746418,0.073163,0.637354,0.008746,0.911485,0.0,0.908256,0.904009,0.902736,0.89542,0.246906,0.89542,0.89616,0.895522,0.611761,0.741854,0.9235,0.817034,0.711615,0.654255,0.309104,0.262377,0.943564,0.982726,0.90639,0.45414,0.283113,0.536052,0.7119,0.44497,0.011764,1.033049,0.933669,0.807013,1.040204,0.931307,0.982848,0.649792,1.068238,0.955072,1.095268
2026-01-06 13:40:00,0.334011,1.113023,0.82484,0.970423,0.110726,0.702958,0.299675,0.0,0.748344,0.069084,0.637201,0.008892,0.908536,0.0,0.935664,0.934416,0.931913,0.924327,0.262264,0.924327,0.925503,0.897102,0.617474,0.815077,0.9621,0.843075,0.5557,0.508333,0.578319,0.40724,0.913036,1.027854,1.00527,0.38415,1.115285,0.534762,0.753777,0.516764,0.011764,0.996736,0.445747,1.077881,1.042501,0.962169,0.961278,1.063254,1.062657,0.980947,1.100043
2026-01-06 13:50:00,0.335075,1.139926,1.011707,0.985937,0.109506,0.687985,0.512242,0.0,0.74841,0.066837,0.635608,0.008965,0.910884,0.0,0.949351,0.949292,0.941585,0.935827,0.364685,0.935827,0.939581,0.952664,0.649676,0.752316,0.972307,0.85667,0.735976,0.668119,0.533391,0.499141,0.928797,1.025143,1.068962,0.48229,1.082279,0.565588,0.785293,0.535444,0.011764,1.010156,0.717855,0.974871,1.04413,0.979251,0.823339,1.069096,1.064317,0.998112,1.101262
2026-01-06 14:00:00,0.336139,1.147873,1.085906,0.999867,0.108084,0.676506,0.632124,0.0,0.74843,0.064534,0.632305,0.009037,0.913231,0.0,0.961068,0.962352,0.950536,0.946852,0.542959,0.946852,0.952467,1.006837,0.677415,0.689556,0.98035,0.868581,0.91676,0.847149,0.488464,0.542905,0.944558,1.022281,1.10415,0.58043,1.049273,0.596413,0.816723,0.556093,0.011764,1.039649,0.989962,0.871862,1.045567,0.987032,0.702528,1.074265,1.065977,1.015549,1.102035
2026-01-06 14:10:00,0.338266,1.045462,1.003033,1.023435,0.103576,0.704874,0.199448,0.0,0.746173,0.060062,0.626126,0.009183,0.906762,0.0,0.976651,0.981242,0.971769,0.971353,0.767074,0.971353,0.973627,0.908224,0.611083,0.795908,0.994933,0.884704,0.917324,0.870932,0.766436,0.442743,0.933585,1.022104,1.11124,0.45697,1.166517,0.566662,0.858199,0.679572,0.011764,1.093093,0.971784,1.101658,1.047038,0.837753,0.950523,1.122442,0.991006,1.04292,1.102849
2026-01-06 14:20:00,0.33933,1.018405,1.004183,1.033209,0.101219,0.694988,0.292454,0.0,0.746483,0.057453,0.619391,0.009256,0.902301,0.0,0.991891,0.994726,0.984246,0.977471,0.728025,0.977471,0.979549,0.984133,0.651047,0.785198,1.002225,0.889515,0.907459,0.881223,0.781648,0.437802,0.90913,1.022559,1.10472,0.435208,1.025498,0.537039,0.886115,0.690542,0.011764,0.946016,0.706312,1.146171,1.048115,0.924059,0.792389,0.790431,1.033623,1.0501,1.104217
2026-01-06 14:30:00,0.340394,1.008363,1.006979,1.041289,0.098783,0.685103,0.432324,0.0,0.74683,0.054885,0.610088,0.009329,0.897356,0.0,1.000304,1.001407,0.994606,0.983647,0.688976,0.983647,0.985263,1.060042,0.71807,0.774488,1.009517,0.892435,0.88926,0.891858,0.786211,0.432798,0.852022,1.023945,1.0982,0.42776,0.884479,0.508033,0.899675,0.702419,0.011764,0.79894,0.456327,1.161666,1.049486,1.021485,0.634255,0.45842,1.111311,1.058622,1.105118
2026-01-06 14:40:00,0.342521,1.00999,1.014062,1.052905,0.093679,0.689983,0.513401,0.0,0.746875,0.050664,0.590107,0.009475,0.887949,0.0,0.996363,0.999194,1.005516,1.009324,1.089613,1.009324,1.003265,0.870508,0.772703,0.803501,1.0241,0.894866,0.869643,0.918954,0.389522,0.30675,0.444287,1.034266,1.14141,0.52183,1.147579,0.48046,0.447359,1.119568,0.011764,0.994326,0.667875,0.863818,1.053124,1.035328,0.989295,1.172024,1.192201,1.136497,1.099772
2026-01-06 14:50:00,0.343585,1.007736,1.01371,1.0577,0.090494,0.689955,0.70397,0.0,0.745668,0.048755,0.579979,0.009548,0.890377,0.0,0.999497,1.003257,1.002244,1.00699,0.963451,1.00699,1.001659,0.93158,0.658442,0.791788,1.023005,0.894081,0.65202,0.915585,0.617391,0.542456,0.459217,1.043731,1.173784,0.511095,0.991794,0.497205,0.674882,1.015855,0.011764,1.06886,0.599385,0.636418,1.051522,0.877578,0.856323,1.164659,1.1439,1.134713,1.102702
2026-01-06 15:00:00,0.344649,1.005481,1.012799,1.059697,0.087352,0.689856,0.842212,0.0,0.744462,0.046851,0.569087,0.00962,0.895252,0.0,1.002631,1.007321,0.998973,1.003477,0.728644,1.003477,0.999575,0.992651,0.496541,0.759107,1.02075,0.892229,0.450822,0.912216,0.845261,0.778162,0.474148,1.048841,1.19009,0.50036,0.836009,0.537706,0.902404,0.912142,0.011764,1.099215,0.530895,0.521145,1.04992,0.719827,0.723351,1.139862,1.095599,1.13293,1.105633
2026-01-06 15:10:00,0.346776,1.005727,1.009881,1.055154,0.082493,0.685235,0.627786,0.0,0.746073,0.042685,0.542663,0.009766,0.901985,0.0,0.998841,1.006516,0.999799,1.001435,0.468996,1.001435,0.998887,0.969458,0.420197,0.613804,1.0174,0.888012,0.54015,0.935521,0.486658,0.595851,0.407375,0.648524,1.18481,0.66524,1.028371,0.638344,0.420664,0.96853,0.011764,0.891611,1.057758,1.108475,1.055414,1.06932,1.063905,0.608574,1.168993,1.196714,1.100153
2026-01-06 15:20:00,0.34784,1.001099,1.006311,1.057242,0.080259,0.686072,0.369297,0.0,0.743186,0.042264,0.506772,0.009839,0.900769,0.0,0.994835,1.005248,0.994869,1.00022,0.374347,1.00022,0.993597,0.964135,0.530847,0.608323,1.015975,0.880015,0.499375,0.928099,0.382483,0.5519,0.36817,0.859999,1.20401,0.908005,0.896666,0.61159,0.376154,0.827764,0.011764,0.843613,0.904999,1.073865,1.064987,1.053373,1.044062,0.671087,1.095741,1.185947,1.099714
2026-01-06 15:30:00,0.348904,0.995011,1.00112,1.05933,0.078901,0.68691,0.216073,0.0,0.739697,0.041847,0.457107,0.009912,0.899553,0.0,0.988794,1.002691,0.987529,0.998613,0.30677,0.998613,0.986898,0.962219,0.641497,0.603488,1.01405,0.869709,0.419374,0.915525,0.342953,0.512188,0.34689,1.071474,1.22321,1.06167,0.689139,0.584836,0.362208,0.686998,0.011764,0.791228,0.62941,1.039255,1.080757,1.037426,0.996199,0.816297,1.022488,1.16146,1.099578
2026-01-06 15:40:00,0.351031,0.992869,0.989678,1.045521,0.078151,0.678521,0.422701,0.0,0.738894,0.038054,0.370991,0.010058,0.905412,0.0,0.971268,0.989082,0.983415,0.992235,0.232595,0.992235,0.983793,0.969905,0.35101,0.568024,0.99855,0.858556,0.316245,0.904963,0.443952,0.397391,0.342138,1.037402,1.20118,0.71518,0.549345,0.656205,0.418612,0.789524,0.011764,0.447607,0.351005,1.129788,1.116395,1.064433,0.878379,1.130713,1.027529,1.111984,1.103064
2026-01-06 15:50:00,0.352095,0.987566,0.985691,1.040973,0.079656,0.686693,0.353815,0.0,0.7416,0.037451,0.417099,0.010131,0.90523,0.0,0.964705,0.981067,0.976718,0.983298,0.311174,0.983298,0.97998,0.96835,0.38164,0.578126,0.989083,0.848985,0.334672,0.902612,0.41269,0.406771,0.371172,1.062369,1.170702,0.90369,0.690508,0.647198,0.321747,0.804868,0.011764,0.423337,0.483966,1.025593,0.919626,1.065599,1.000047,0.924013,0.913126,0.993319,1.10663
2026-01-06 16:00:00,0.353159,0.977153,0.980722,1.03514,0.081161,0.694865,0.279172,0.0,0.744306,0.036928,0.463207,0.010204,0.905048,0.0,0.957625,0.972376,0.965889,0.971539,0.389754,0.971539,0.973413,0.963217,0.424625,0.588229,0.97955,0.836685,0.386763,0.8996,0.372563,0.416151,0.444375,1.087335,1.13635,1.0922,0.831671,0.620275,0.224882,0.809981,0.011764,0.41592,0.616926,0.921398,0.722858,1.065944,1.121715,0.717313,0.778581,0.906786,1.108629
2026-01-06 16:10:00,0.355286,0.946542,0.944341,0.976355,0.03391,0.690232,0.272285,0.0,0.743798,0.035133,0.413174,0.010349,0.909903,0.0,0.933348,0.954001,0.941273,0.954202,0.378491,0.954202,0.948213,0.881917,0.444187,0.390797,0.96365,0.808786,0.634007,0.749809,0.359924,0.389243,0.655964,1.071653,1.10205,1.06229,0.513974,0.444871,0.305947,0.541308,0.011764,0.949449,0.531345,0.983682,0.827888,1.015323,0.852508,1.181656,0.752441,0.938071,1.101226
2026-01-06 16:20:00,0.35635,0.938602,0.938797,0.978482,0.05718,0.69326,0.268881,0.0,0.745307,0.034965,0.394164,0.010422,0.908216,0.0,0.921434,0.94222,0.926705,0.943943,0.313124,0.943943,0.936374,0.875294,0.476979,0.470075,0.952497,0.793467,0.510211,0.756116,0.350948,0.480609,0.48145,1.077009,1.095432,1.080375,0.429078,0.460982,0.479575,0.566895,0.011764,0.916399,0.453622,0.971817,0.88168,1.005011,0.876471,1.173164,0.83575,0.933215,1.103048
2026-01-06 16:30:00,0.357413,0.930493,0.93326,0.980609,0.08045,0.696288,0.267385,0.0,0.746816,0.034793,0.377596,0.010495,0.906529,0.0,0.908516,0.928309,0.912076,0.931714,0.218357,0.931714,0.92402,0.868493,0.498594,0.549353,0.9385,0.782976,0.3595,0.77102,0.335738,0.571975,0.306936,1.082366,1.09313,1.09846,0.397489,0.492899,0.750658,0.639279,0.011764,0.848084,0.4118,0.940557,0.944819,0.995525,0.926815,1.149804,0.919059,0.918225,1.10487
2026-01-06 16:40:00,0.359541,0.896562,0.897202,0.877186,0.057978,0.681859,0.28009,0.0,0.743611,0.032615,0.348082,0.010641,0.912309,0.0,0.875244,0.894021,0.887085,0.897624,0.143604,0.897624,0.89431,0.756848,0.251015,0.523263,0.901141,0.776028,0.323283,0.805193,0.175935,0.235808,0.514551,1.063881,1.13354,1.0063,0.641117,0.535232,1.195368,0.98403,0.011764,0.745376,0.566902,0.83306,1.144228,0.962174,1.006292,1.052714,0.861227,0.796147,1.101901
2026-01-06 16:50:00,0.360605,0.87708,0.87715,0.731519,0.064951,0.689486,0.310389,0.0,0.747515,0.032707,0.29931,0.010714,0.91094,0.0,0.858957,0.873771,0.876859,0.88217,0.162355,0.88217,0.879504,0.710087,0.279883,0.483338,0.882786,0.764807,0.314435,0.801201,0.110109,0.137164,0.363516,0.68637,1.131979,1.06291,0.731376,0.466498,1.148544,1.0091,0.011764,0.605119,0.738062,0.986964,0.9793,0.951485,0.82447,0.830689,1.021402,0.932333,1.102253
2026-01-06 17:00:00,0.361668,0.858188,0.858069,0.640621,0.072254,0.701854,0.332452,0.0,0.751419,0.032799,0.267301,0.010787,0.909571,0.0,0.841334,0.853299,0.865042,0.866474,0.200505,0.866474,0.864532,0.682506,0.30875,0.421355,0.863783,0.74591,0.304336,0.788897,0.08271,0.099641,0.19701,0.324854,1.12756,1.11952,0.781223,0.397765,1.011018,1.01678,0.011764,0.48624,0.910682,1.140869,0.733515,0.940979,0.642648,0.670781,1.190465,1.068519,1.102605
2026-01-06 17:10:00,0.363796,0.827841,0.827969,0.783157,0.072635,0.710956,0.101721,0.0,0.750911,0.031033,0.299803,0.010932,0.91544,0.0,0.79611,0.817622,0.818144,0.830271,0.25522,0.830271,0.833552,0.667226,0.209751,0.28884,0.821139,0.696857,0.224337,0.689862,0.097085,0.128497,0.178188,0.471368,1.10647,0.40172,0.806327,0.419769,0.20679,0.634952,0.011764,0.434699,1.070658,1.105284,0.595302,0.910003,0.782608,1.001108,1.200839,1.066854,1.093019
2026-01-06 17:20:00,0.36486,0.806191,0.807219,0.70568,0.067511,0.707522,0.133479,0.0,0.746806,0.031092,0.259554,0.011005,0.914673,0.0,0.770389,0.794185,0.791733,0.805016,0.322418,0.805016,0.811689,0.68081,0.175068,0.307845,0.80091,0.664236,0.229989,0.663727,0.123607,0.155638,0.281288,0.705941,1.098264,0.417077,0.634738,0.423415,0.611191,0.41272,0.011764,0.351474,0.767761,1.108617,0.801542,0.884493,0.620317,0.655385,1.197199,0.791959,1.08799
2026-01-06 17:30:00,0.365923,0.780405,0.782675,0.628202,0.059276,0.704089,0.165236,0.0,0.743116,0.031259,0.219304,0.011078,0.913296,0.0,0.744484,0.770137,0.767614,0.779983,0.3625,0.779983,0.786268,0.694394,0.1566,0.32685,0.778494,0.638764,0.235641,0.640982,0.180739,0.204752,0.384388,0.914755,1.09064,0.448695,0.46315,0.427384,1.015592,0.281926,0.011764,0.297241,0.399702,1.118033,1.071528,0.858679,0.458026,0.309661,1.184665,0.518555,1.082605
2026-01-06 17:40:00,0.368051,0.722641,0.726656,0.770181,0.05338,0.705367,0.1558,0.0,0.746336,0.032042,0.230503,0.011224,0.911923,0.0,0.698056,0.730993,0.733816,0.744905,0.27937,0.744905,0.732433,0.499049,0.147962,0.281929,0.71433,0.618704,0.175818,0.586456,0.519163,0.587985,0.196456,1.003501,1.07481,0.49567,0.876231,0.469094,0.967454,0.235671,0.011764,0.359453,0.312192,1.162564,1.164475,0.826374,0.557303,0.415791,0.741487,0.952414,1.070173
2026-01-06 17:50:00,0.369115,0.702621,0.705119,0.624336,0.058332,0.702475,0.182508,0.0,0.743678,0.032909,0.202779,0.011297,0.911094,0.0,0.67315,0.706644,0.7073,0.720347,0.279549,0.720347,0.712013,0.441592,0.1441,0.219482,0.682247,0.600125,0.149393,0.559193,0.379127,0.438079,0.151657,0.989613,1.066462,0.641045,0.576899,0.585513,0.562897,0.2297,0.011764,0.328492,0.529601,0.780489,1.098338,0.810353,0.532845,0.83345,0.887949,0.908722,1.064677
2026-01-06 18:00:00,0.370178,0.682964,0.683928,0.454689,0.063283,0.696488,0.209215,0.0,0.737712,0.033519,0.150869,0.01137,0.910705,0.0,0.644286,0.678252,0.676436,0.69241,0.280183,0.69241,0.691208,0.419723,0.142454,0.165743,0.650165,0.57231,0.133162,0.531929,0.186386,0.228855,0.132745,0.975725,1.05248,0.75368,0.173218,0.746168,0.197723,0.227753,0.011764,0.297531,0.750206,0.398414,0.951323,0.78659,0.508387,1.173088,1.034411,0.796696,1.059189
2026-01-06 18:10:00,0.372306,0.629444,0.631442,0.424146,0.048694,0.687445,0.197126,0.0,0.726152,0.03368,0.092454,0.011515,0.911054,0.0,0.561628,0.608471,0.617945,0.636278,0.387384,0.636278,0.633069,0.482913,0.150887,0.14167,0.586,0.479042,0.123458,0.477403,0.104873,0.135548,0.128182,0.977673,0.37121,0.09044,0.015714,0.904707,0.928811,0.291668,0.011764,0.393209,0.753802,0.92012,0.67518,0.531919,0.863539,0.219825,0.976532,0.451331,1.046827
2026-01-06 18:20:00,0.373369,0.599199,0.599675,0.360782,0.053409,0.683127,0.173457,0.0,0.724284,0.034177,0.124519,0.011588,0.909642,0.0,0.529145,0.584935,0.591481,0.609871,0.276249,0.609871,0.602764,0.507578,0.145202,0.169558,0.558461,0.466951,0.124792,0.45014,0.103502,0.138791,0.136973,0.952637,0.698135,0.058153,0.009182,0.922732,0.765819,0.283706,0.011764,0.329879,0.492208,0.961047,0.845051,0.574352,0.877266,0.204457,0.978305,0.301384,1.035765
2026-01-06 18:30:00,0.374433,0.568352,0.566501,0.316333,0.058123,0.677927,0.133899,0.0,0.72223,0.034562,0.156584,0.011661,0.906446,0.0,0.505072,0.561656,0.564602,0.582462,0.165115,0.582462,0.571836,0.517688,0.130586,0.208596,0.53215,0.45624,0.126125,0.422876,0.102209,0.142034,0.147437,0.921006,1.02506,0.04854,0.007254,0.928515,0.602827,0.261419,0.011764,0.266549,0.230614,0.973669,1.014921,0.622128,0.890723,0.200063,0.980078,0.238009,1.023521
2026-01-06 18:40:00,0.376561,0.510809,0.505008,0.353513,0.052714,0.658246,0.049543,0.0,0.697673,0.032276,0.092654,0.011807,0.900093,0.0,0.477732,0.495047,0.502472,0.517627,0.166423,0.517627,0.50909,0.38855,0.085063,0.226198,0.4783,0.411124,0.076337,0.36835,0.081004,0.12014,0.149635,0.911767,0.90178,0.06185,0.023029,0.411375,0.882611,0.160791,0.011764,1.044344,0.633738,0.713556,0.98401,0.628763,1.142225,0.263368,0.422792,0.262281,1.005771
2026-01-06 18:50:00,0.377396,0.470484,0.469125,0.337354,0.035105,0.645018,0.038393,0.0,0.686124,0.03157,0.063779,0.01188,0.895444,0.0,0.447268,0.465037,0.467772,0.483569,0.164484,0.483569,0.482281,0.347164,0.075934,0.219134,0.431789,0.383025,0.076475,0.338923,0.074721,0.091456,0.147705,0.901449,0.90483,0.059518,0.022303,0.425147,0.508503,0.083824,0.011764,0.889115,0.553426,0.567669,0.932105,0.61041,1.167405,0.23306,0.611409,0.36402,0.992822
2026-01-06 19:00:00,0.378688,0.429962,0.43336,0.321196,0.021313,0.627233,0.031827,0.0,0.670173,0.030687,0.051432,0.011953,0.889349,0.0,0.407223,0.435214,0.432227,0.449521,0.158328,0.449521,0.447009,0.304906,0.072736,0.202573,0.376225,0.353279,0.07696,0.313823,0.072325,0.066776,0.14258,0.880388,0.90788,0.05516,0.020479,0.438918,0.134394,0.044784,0.011764,0.733885,0.383385,0.500939,0.855037,0.56829,1.175364,0.202752,0.800026,0.447697,0.975935
2026-01-06 19:10:00,0.84114,0.371408,0.37261,0.468477,0.044769,0.564151,0.023675,0.0,0.552196,0.02227,0.08079,0.012098,0.871617,0.0,0.333941,0.370196,0.364322,0.384758,0.094699,0.384758,0.208216,0.163288,0.07792,0.165579,0.27415,0.29773,0.126664,0.283072,0.081589,0.054877,0.124406,0.624239,0.90149,0.05028,0.015258,0.310649,0.157478,0.079796,0.011764,0.834264,0.108599,0.728282,0.721247,0.480656,1.107104,0.290014,0.585218,0.357197,0.927416
2026-01-06 19:20:00,0.805616,0.331952,0.334747,0.404254,0.043322,0.493183,0.0174,0.0,0.487735,0.016654,0.077438,0.012171,0.859413,0.0,0.298619,0.337244,0.324819,0.326653,0.088927,0.326653,0.186721,0.1597,0.07502,0.159256,0.250809,0.279017,0.092593,0.249062,0.075797,0.057599,0.113808,0.577233,0.889313,0.047978,0.010589,0.243622,0.146917,0.086339,0.011764,0.760885,0.116545,0.520622,0.453596,0.451106,0.758992,0.652221,0.662275,0.375157,0.87252
2026-01-06 19:30:00,0.713748,0.28563,0.290626,0.28293,0.039279,0.402578,0.013286,0.0,0.423172,0.011345,0.069718,0.012244,0.844611,0.0,0.265229,0.304264,0.286013,0.271278,0.087122,0.271278,0.175261,0.158662,0.067882,0.153005,0.231725,0.26132,0.058523,0.214287,0.070006,0.06295,0.103233,0.534104,0.86568,0.04698,0.007067,0.191781,0.136356,0.088601,0.011764,0.615916,0.124491,0.312962,0.267745,0.423368,0.463401,0.96971,0.739331,0.393116,0.795891
2026-01-06 19:40:00,0.420799,0.179518,0.182647,0.142843,0.021169,0.250749,0.011794,0.0,0.304501,0.004455,0.05346,0.01239,0.808178,0.0,0.205795,0.239034,0.222355,0.21678,0.103689,0.21678,0.16268,0.160397,0.049006,0.11849,0.1893,0.217197,0.059372,0.180947,0.089777,0.069887,0.085201,0.371033,0.78107,0.05269,0.005304,0.140981,0.206711,0.061315,0.011764,0.425222,0.097667,0.817577,0.464643,0.355778,0.596873,0.993696,0.552377,0.30249,0.632782
2026-01-06 19:50:00,0.333511,0.167152,0.171106,0.147733,0.016882,0.200823,0.009377,0.0,0.238327,0.002854,0.042905,0.012477,0.781906,0.0,0.179943,0.214192,0.195882,0.199196,0.094227,0.199196,0.174564,0.13203,0.039798,0.098215,0.168598,0.19511,0.055146,0.150432,0.070037,0.073356,0.080314,0.190921,0.724012,0.061668,0.004117,0.12642,0.423285,0.062602,0.011764,0.589178,0.093572,0.807019,0.655078,0.328848,0.426347,0.949037,0.679436,0.304907,0.555289
2026-01-06 20:00:00,0.253764,0.155123,0.159896,0.152624,0.014052,0.154669,0.006187,0.0,0.167824,0.001716,0.034069,0.012569,0.745392,0.0,0.155491,0.189639,0.171067,0.182081,0.074517,0.182081,0.186449,0.10034,0.032627,0.081694,0.14805,0.172946,0.045054,0.124002,0.037729,0.076825,0.076363,0.087269,0.65997,0.07302,0.003541,0.115564,0.590888,0.063888,0.011764,0.753135,0.092204,0.779378,0.759797,0.301689,0.218181,0.852336,0.806495,0.307324,0.479213
2026-01-06 20:10:00,0.053797,0.068867,0.074164,0.079509,0.010578,0.0447,0.002007,0.0,0.017428,0.0,0.025456,0.012747,0.612945,0.0,0.107427,0.12743,0.121436,0.133505,0.044195,0.133505,0.131184,0.096245,0.024984,0.065122,0.1068,0.128236,0.021047,0.104312,0.013266,0.083762,0.068826,0.113204,0.5309,0.08666,0.003858,0.099514,0.214512,0.034505,0.011764,0.513154,0.096068,0.686785,0.082695,0.23175,0.167384,0.684983,0.577641,0.278803,0.327088
2026-01-06 20:20:00,0.041462,0.025832,0.028435,0.061293,0.007954,0.018377,0.000569,0.0,0.012161,0.0,0.017563,0.012837,0.536126,0.0,0.084724,0.094852,0.097173,0.107426,0.051343,0.107426,0.103846,0.081137,0.018279,0.051516,0.084425,0.10445,0.018832,0.087673,0.010734,0.087231,0.061021,0.098922,0.456612,0.084189,0.004474,0.087933,0.189294,0.025622,0.011764,0.434597,0.103729,0.625756,0.09248,0.198629,0.1398,0.601602,0.524853,0.258964,0.249306
2026-01-06 20:30:00,0.034449,0.00417,0.004764,0.047539,0.005466,0.005779,0.0,0.0,0.008716,0.0,0.009549,0.012926,0.454645,0.0,0.064794,0.066754,0.074737,0.0826,0.058491,0.0826,0.078951,0.060765,0.012844,0.037563,0.061475,0.081365,0.018138,0.072456,0.009081,0.090699,0.050803,0.077548,0.38134,0.07709,0.004898,0.076875,0.171577,0.018788,0.011764,0.3622,0.109034,0.536599,0.102264,0.167574,0.119075,0.520612,0.473792,0.229789,0.172472
2026-01-06 20:40:00,0.024394,0.0,0.0,0.024332,0.002591,0.0,0.0,0.0,0.000774,0.0,0.000461,0.013105,0.289913,0.0,0.035023,0.030315,0.037566,0.042028,0.03715,0.042028,0.039772,0.044728,0.009342,0.019437,0.01615,0.041317,0.019526,0.058162,0.006128,0.097637,0.030862,0.065358,0.2459,0.04045,0.004438,0.063253,0.127258,0.008247,0.011764,0.190598,0.057207,0.079763,0.068601,0.112565,0.100976,0.370449,0.27962,0.08951,0.02714
2026-01-06 20:50:00,0.015934,0.0,0.0,0.011398,0.000829,0.0,0.0,0.0,0.000182,0.0,0.000105,0.013194,0.136495,0.0,0.025438,0.019987,0.024283,0.02618,0.025572,0.02618,0.023583,0.032554,0.006965,0.011303,0.010151,0.024625,0.013761,0.04031,0.004372,0.101105,0.021721,0.047512,0.212867,0.037252,0.003996,0.046701,0.097767,0.009058,0.011764,0.185878,0.039428,0.054193,0.072525,0.085139,0.09317,0.293824,0.13054,0.054834,0.01123
2026-01-06 21:00:00,0.007999,0.0,0.0,0.003492,0.0,0.0,0.0,0.0,0.0,0.0,0.0,0.013283,0.032212,0.0,0.01809,0.012545,0.01455,0.014846,0.017342,0.014846,0.013017,0.020701,0.004543,0.005735,0.00685,0.012481,0.005572,0.021324,0.002677,0.104574,0.013747,0.026992,0.185495,0.034975,0.003754,0.02978,0.083497,0.009868,0.011764,0.181274,0.026273,0.041033,0.076449,0.061144,0.087525,0.220046,0.054825,0.03792,0.00417
2026-01-06 21:10:00,0.0,0.0,0.0,0.0,0.0,0.0,0.0,0.0,0.0,0.0,0.0,0.013462,0.0,0.0,0.007382,0.002382,0.002933,0.003055,0.011176,0.003055,0.004885,0.006125,0.0008,0.001201,0.003425,0.0,0.001676,0.003394,8.5e-05,0.111511,0.001696,0.006492,0.12509,0.0295,0.005312,0.015,0.098862,0.007053,0.011764,0.080902,0.00963,0.026198,0.03738,0.027347,0.081984,0.089512,0.071077,0.029809,0.0
2026-01-06 21:20:00,0.0,0.0,0.0,0.0,0.0,0.0,0.0,0.0,0.0,0.0,0.0,0.013551,0.0,0.0,0.005274,0.000679,0.001328,0.001494,0.009039,0.001494,0.002119,0.002885,0.0008,0.000355,0.00112,0.0,0.0012,0.00151,1.9e-05,0.11498,0.00041,0.001722,0.064737,0.022297,0.003689,0.007314,0.072658,0.00454,0.011764,0.044283,0.003653,0.013098,0.035947,0.019859,0.066261,0.033364,0.040996,0.016339,0.0
2026-01-06 21:30:00,0.0,0.0,0.0,0.0,0.0,0.0,0.0,0.0,0.0,0.0,0.0,0.01364,0.0,0.0,0.004486,6.3e-05,0.0008,0.000858,0.006914,0.000858,0.001027,0.001455,0.0008,6.3e-05,0.0,0.0,0.001045,0.000912,0.0,0.118449,0.0,0.0,0.01933,0.01374,0.001296,0.002525,0.032853,0.002228,0.011764,0.021268,0.000789,0.003795,0.03453,0.014019,0.041945,0.005965,0.006126,0.004526,0.0
2026-01-06 21:40:00,0.0,0.0,0.0,0.0,0.0,0.0,0.0,0.0,0.0,0.0,0.0,0.013819,0.0,0.0,0.0044,0.0,0.0008,0.000623,0.000901,0.000623,0.00109,0.000964,0.0008,6.4e-05,0.0,0.0,0.00114,0.000926,0.0,0.125386,0.0,0.0,0.0,0.00349,0.0,4e-05,0.009007,0.000139,0.011764,0.003432,0.0,0.0,0.002721,0.002391,0.009727,0.0,0.0,0.0,0.0
2026-01-06 21:50:00,0.0,0.0,0.0,0.0,0.0,0.0,0.0,0.0,0.0,0.0,0.0,0.013908,0.0,0.0,0.004371,0.000122,0.0008,0.000701,0.000861,0.000701,0.000839,0.00069,0.0008,3.2e-05,0.0,0.0,0.001027,0.000967,0.0,0.128855,0.0,0.0,0.0,0.000936,0.0,9e-06,0.00288,3.2e-05,0.011764,0.000854,0.0,0.0,0.000634,0.0006,0.002562,0.0,0.0,0.0,0.0
2026-01-06 22:00:00,0.0,0.0,0.0,0.0,0.0,0.0,0.0,0.0,0.0,0.0,0.0,0.013998,0.0,0.0,0.004346,0.000243,0.0008,0.00086,0.00085,0.00086,0.000499,0.000564,0.0008,0.0,0.0,0.0,0.00087,0.001026,0.0,0.132323,0.0,0.0,0.0,0.0,0.0,0.0,0.000385,0.0,0.011764,0.0,0.0,0.0,0.0,0.0,0.0,0.0,0.0,0.0,0.0
2026-01-06 22:10:00,0.0,0.0,0.0,0.0,0.0,0.0,0.0,0.0,0.0,0.0,0.0,0.014176,0.0,0.0,0.004301,0.00012,0.0008,0.001086,0.00085,0.001086,0.000365,0.000837,0.0008,0.0,0.0,0.0,0.0008,0.001082,0.0,0.139261,0.0,0.0,0.0,0.0,3.7e-05,0.0,0.0,0.0,0.011764,0.0,0.0,0.0,0.0,0.0,0.0,0.0,0.0,0.0,0.0
2026-01-06 22:20:00,0.0,0.0,0.0,0.0,0.0,0.0,0.0,0.0,0.0,0.0,0.0,0.014266,0.0,0.0,0.004377,0.00015,0.0008,0.000627,0.00085,0.000627,0.00102,0.000884,0.0008,0.0,0.0,0.0,0.000918,0.000941,0.0,0.14273,0.0,0.0,0.0,0.0,3.2e-05,0.0,0.000275,0.0,0.011764,0.0,0.0,0.0,0.0,0.0,0.0,0.0,0.0,0.0,0.0
2026-01-06 22:30:00,0.0,0.0,0.0,0.0,0.0,0.0,0.0,0.0,0.0,0.0,0.0,0.014355,0.0,0.0,0.004515,0.00018,0.0008,0.000168,0.00085,0.000168,0.001675,0.0009,0.0008,0.0,0.0,0.0,0.001061,0.0008,0.0,0.146198,0.0,0.0,0.0,0.0,2.8e-05,0.0,0.00055,0.0,0.011764,0.0,0.0,0.0,0.0,0.0,0.0,0.0,0.0,0.0,0.0
2026-01-06 22:40:00,0.0,0.0,0.0,0.0,0.0,0.0,0.0,0.0,0.0,0.0,0.0,0.014534,0.0,0.0,0.004662,0.0,0.0008,0.000562,0.00085,0.000562,0.001242,0.0009,0.0008,0.000117,0.0,0.0,0.001096,0.000863,0.0,0.153136,0.0,0.0,0.0,0.0,0.000132,0.0,0.000348,0.0,0.011764,0.0,0.0,0.0,0.0,0.0,0.0,0.0,0.0,0.0,0.0
2026-01-06 22:50:00,0.0,0.0,0.0,0.0,0.0,0.0,0.0,0.0,0.0,0.0,0.0,0.014623,0.0,0.0,0.004531,0.0,0.0008,0.000338,0.00085,0.000338,0.001923,0.0009,0.000832,0.0001,0.0,0.0,0.001144,0.000895,0.0,0.156604,0.0,0.0,0.0,0.0,6.6e-05,0.0,0.000454,0.0,0.011764,0.0,0.0,0.0,0.0,0.0,0.0,0.0,0.0,0.0,0.0
2026-01-06 23:00:00,0.0,0.0,0.0,0.0,0.0,0.0,0.0,0.0,0.0,0.0,0.0,0.014712,0.0,0.0,0.0044,0.0,0.0008,0.000115,0.00085,0.000115,0.002604,0.0009,0.000864,6.3e-05,0.0,0.0,0.001173,0.000937,0.0,0.160073,0.0,0.0,0.0,0.0,0.0,0.0,0.000561,0.0,0.011764,0.0,0.0,0.0,0.0,0.0,0.0,0.0,0.0,0.0,0.0
2026-01-06 23:10:00,0.0,0.0,0.0,0.0,0.0,0.0,0.0,0.0,0.0,0.0,0.0,0.014891,0.0,0.0,0.004538,0.0,0.0008,0.001369,0.00085,0.001369,0.0,0.00096,0.0008,0.0,0.0,0.0,0.001121,0.001136,0.0,0.16701,0.0,0.0,0.0,0.0,0.0,0.0,0.0,0.0,0.011764,0.0,0.0,0.0,0.0,0.0,0.0,0.0,0.0,0.0,0.0
2026-01-06 23:20:00,0.0,0.0,0.0,0.0,0.000425,0.0,0.0,0.0,0.0,0.0,0.0,0.01498,0.0,0.0,0.004449,0.0,0.0008,0.001063,0.00085,0.001063,0.0,0.000941,0.0008,0.0,0.0,0.0,0.001092,0.000968,0.0,0.170479,0.0,0.0,0.0,0.0,0.000175,0.0,0.000178,0.0,0.011764,0.0,0.0,0.0,0.0,0.0,0.0,0.0,0.0,0.0,0.0
2026-01-06 23:30:00,0.0,0.0,0.0,0.0,0.000849,0.0,0.0,0.0,0.0,0.0,0.0,0.015069,0.0,0.0,0.00436,0.0,0.0008,0.000757,0.00085,0.000757,0.0,0.0009,0.0008,0.0,0.0,0.0,0.001055,0.0008,0.0,0.173948,0.0,0.0,0.0,0.0,0.00035,0.0,0.000357,0.0,0.011764,0.0,0.0,0.0,0.0,0.0,0.0,0.0,0.0,0.0,0.0
2026-01-06 23:40:00,0.0,0.0,0.0,0.0,4e-06,0.0,0.0,0.0,0.0,0.0,0.0,0.015248,0.0,0.0,0.0044,0.0,0.0008,0.000954,0.00085,0.000954,0.000511,0.00083,0.0008,0.0,0.0,0.0,0.000922,0.0008,0.0,0.180885,0.0,0.0,0.0,0.0,0.000168,0.0,0.000255,0.0,0.011764,0.0,0.0,0.0,0.0,0.0,0.0,0.0,0.0,0.0,0.0
2026-01-06 23:50:00,0.0,0.0,0.0,0.0,1e-06,0.0,0.0,0.0,0.0,0.0,0.0,0.015337,0.0,0.0,0.004302,9e-05,0.0008,0.001121,0.00085,0.001121,0.001074,0.000849,0.0008,0.0,0.0,0.0,0.000929,0.000882,0.0,0.184354,0.0,0.0,0.0,0.0,5.4e-05,0.0,0.000148,0.0,0.011764,0.0,0.0,0.0,0.0,0.0,0.0,0.0,0.0,0.0,0.0
2026-01-07 00:00:00,0.0,0.0,0.0,0.0,0.0,0.0,0.0,0.0,0.0,0.0,0.0,0.015427,0.0,0.0,0.004204,0.000181,0.0008,0.001252,0.00085,0.001252,0.001397,0.0009,0.0008,0.0,0.0,0.0,0.000949,0.000965,0.0,0.187822,0.0,0.0,0.0,0.0,0.0,0.0,8.8e-05,0.0,0.011764,0.0,0.0,0.0,0.0,0.0,0.0,0.0,0.0,0.0,0.0
2026-01-07 00:10:00,0.0,0.0,0.0,0.0,0.000212,0.0,0.0,0.0,0.0,0.0,0.0,0.015605,0.0,0.0,0.004455,0.00014,0.0008,0.001329,0.00085,0.001329,0.001107,0.001066,0.000965,0.0,0.0,0.0,0.001065,0.000865,0.0,0.19476,0.0,0.0,0.0,0.0,0.0,0.0,0.000721,0.0,0.011764,0.0,0.0,0.0,0.0,0.0,0.0,0.0,0.0,0.0,0.0
2026-01-07 00:20:00,0.0,0.0,0.0,0.0,0.000106,0.0,0.0,0.0,0.0,0.0,0.0,0.015695,0.0,0.0,0.004394,5.7e-05,0.0008,0.000865,0.00085,0.000865,0.001131,0.00103,0.000883,8.4e-05,0.0,0.0,0.000964,0.00082,0.0,0.198228,0.000164,0.0,0.0,0.0,0.0,0.0,0.000596,0.0,0.011764,0.0,0.0,0.0,0.0,0.0,0.0,0.0,0.0,0.0,0.0
2026-01-07 00:30:00,0.0,0.0,0.0,0.0,0.0,0.0,0.0,0.0,0.0,0.0,0.0,0.015784,0.0,0.0,0.004334,0.0,0.0008,0.000401,0.00085,0.000401,0.001209,0.000966,0.0008,0.000167,0.0,0.0,0.000863,0.0008,0.0,0.201697,0.000328,0.0,0.0,0.0,0.0,0.0,0.000437,0.0,0.011764,0.0,0.0,0.0,0.0,0.0,0.0,0.0,0.0,0.0,0.0
2026-01-07 00:40:00,0.0,0.0,0.0,0.0,0.000338,0.0,0.0,0.0,0.0,0.0,0.0,0.015963,0.0,0.0,0.004345,0.0,0.0008,0.00115,0.00085,0.00115,0.00205,0.0009,0.0008,0.0,0.0,0.0,0.001095,0.000937,0.0,0.208634,0.0,0.0,0.0,0.0,0.0,0.0,0.000389,0.0,0.011764,0.0,0.0,0.0,0.0,0.0,0.0,0.0,0.0,0.0,0.0
2026-01-07 00:50:00,0.0,0.0,0.0,0.0,0.000193,0.0,0.0,0.0,0.0,0.0,0.0,0.016052,0.0,0.0,0.004313,0.0,0.0008,0.001105,0.00085,0.001105,0.001277,0.0009,0.0008,0.0,0.0,0.0,0.001184,0.00099,0.0,0.212103,0.0,0.0,0.0,0.0,0.0,0.0,0.000235,0.0,0.011764,0.0,0.0,0.0,0.0,0.0,0.0,0.0,0.0,0.0,0.0
2026-01-07 01:00:00,0.0,0.0,0.0,0.0,4.7e-05,0.0,0.0,0.0,0.0,0.0,0.0,0.016141,0.0,0.0,0.004281,0.0,0.0008,0.000992,0.00085,0.000992,0.000505,0.0009,0.0008,0.0,0.0,0.0,0.001236,0.001044,0.0,0.215572,0.0,0.0,0.0,0.0,0.0,0.0,9.7e-05,0.0,0.011764,0.0,0.0,0.0,0.0,0.0,0.0,0.0,0.0,0.0,0.0
2026-01-07 01:10:00,0.0,0.0,0.0,0.0,0.000243,0.0,0.0,0.0,0.0,0.0,0.0,0.01632,0.0,0.0,0.004318,0.0,0.0008,0.000677,0.00085,0.000677,0.000959,0.0009,0.0008,0.000204,0.0,0.0,0.001266,0.0012,0.0,0.222509,0.0,0.0,0.0,0.0,0.0,0.0,7.5e-05,0.0,0.011764,0.0,0.0,0.0,0.0,0.0,0.0,0.0,0.0,0.0,0.0
2026-01-07 01:20:00,0.0,0.0,0.0,0.0,0.000122,0.0,0.0,0.0,0.0,0.0,0.0,0.016409,0.0,0.0,0.004213,0.000127,0.0008,0.000676,0.00085,0.000676,0.00187,0.00092,0.0008,0.000148,0.0,0.0,0.001215,0.001156,0.0,0.225978,0.0,0.0,0.0,0.0,0.0,0.0,0.000253,0.0,0.011764,0.0,0.0,0.0,0.0,0.0,0.0,1.3e-05,0.0,0.0,0.0
2026-01-07 01:30:00,0.0,0.0,0.0,0.0,0.0,0.0,0.0,0.0,0.0,0.0,0.0,0.016499,0.0,0.0,0.004108,0.000253,0.0008,0.000676,0.00085,0.000676,0.002503,0.000948,0.0008,6e-05,0.0,0.0,0.001095,0.001083,0.0,0.229446,0.0,0.0,0.0,0.0,0.0,0.0,0.000431,0.0,0.011764,0.0,0.0,0.0,0.0,0.0,0.0,2.6e-05,0.0,0.0,0.0
2026-01-07 01:40:00,0.0,0.0,0.0,0.0,0.0,0.0,0.0,0.0,0.0,0.0,0.0,0.016677,0.0,0.0,0.004152,0.0,0.0008,0.000579,0.00085,0.000579,0.000446,0.000961,0.0008,0.0,0.0,0.0,0.000835,0.001028,0.0,0.236384,0.0,0.0,0.0,0.0,0.0,0.0,0.000198,0.0,0.011764,0.0,0.0,0.0,0.0,0.0,0.0,0.0,0.0,0.0,0.0
2026-01-07 01:50:00,0.0,0.0,0.0,0.0,0.0,0.0,0.0,0.0,0.0,0.0,0.0,0.016766,0.0,0.0,0.004291,1.5e-05,0.0008,0.000598,0.00085,0.000598,0.000656,0.000931,0.0008,0.000135,0.0,0.0,0.000855,0.000981,0.0,0.239852,0.0,0.0,0.0,0.0,0.0,0.0,0.000416,0.0,0.011764,0.0,0.0,0.0,0.0,0.0,0.0,0.0,0.0,0.0,0.0
2026-01-07 02:00:00,0.0,0.0,0.0,0.0,0.0,0.0,0.0,0.0,0.0,0.0,0.0,0.016856,0.0,0.0,0.0044,6.4e-05,0.0008,0.000645,0.00085,0.000645,0.000866,0.0009,0.0008,0.000269,0.0,0.0,0.000904,0.00094,0.0,0.243321,0.0,0.0,0.0,0.0,0.0,0.0,0.000633,0.0,0.011764,0.0,0.0,0.0,0.0,0.0,0.0,0.0,0.0,0.0,0.0
2026-01-07 02:10:00,0.0,0.0,0.0,0.0,0.0,0.0,0.0,0.0,0.0,0.0,0.0,0.017034,0.0,0.0,0.0044,0.000825,0.0008,0.000761,0.00085,0.000761,0.000453,0.0009,0.000962,0.0,0.0,0.0,0.001023,0.000908,0.0,0.250258,0.0,0.0,0.0,0.0,0.0,0.0,0.0,0.0,0.011764,0.0,0.0,0.0,0.0,0.0,0.0,0.0,0.0,0.0,0.0
2026-01-07 02:20:00,0.0,0.0,0.0,0.0,0.0,0.0,0.0,0.0,0.0,0.0,0.0,0.017124,0.0,0.0,0.004289,0.000413,0.0008,0.00038,0.00085,0.00038,0.000844,0.0009,0.000881,5.9e-05,0.0,0.0,0.000897,0.000968,0.0,0.253727,0.0,0.0,0.0,0.0,0.0,0.0,0.000307,0.0,0.011764,0.0,0.0,0.0,0.0,0.0,0.0,0.0,0.0,0.0,0.0
2026-01-07 02:30:00,0.0,0.0,0.0,0.0,0.0,0.0,0.0,0.0,0.0,0.0,0.0,0.017213,0.0,0.0,0.004178,0.0,0.0008,0.0,0.00085,0.0,0.001235,0.0009,0.0008,0.000118,0.0,0.0,0.000772,0.00108,0.0,0.257196,0.0,0.0,0.0,0.0,0.0,0.0,0.000615,0.0,0.011764,0.0,0.0,0.0,0.0,0.0,0.0,0.0,0.0,0.0,0.0
2026-01-07 02:40:00,0.0,0.0,0.0,0.0,0.0,0.0,0.0,0.0,0.0,0.0,0.0,0.017392,0.0,0.0,0.004497,0.0,0.0008,0.001328,0.00085,0.001328,0.000311,0.001088,0.0008,0.0,0.0,0.0,0.001162,0.0012,0.0,0.264133,0.0,0.0,0.0,0.0,0.0,0.0,6.2e-05,0.0,0.011764,0.0,0.0,0.0,0.0,0.0,0.0,0.0,0.0,0.0,0.0
2026-01-07 02:50:00,0.0,0.0,0.0,0.0,0.0,0.0,0.0,0.0,0.0,0.0,0.0,0.017481,0.0,0.0,0.004273,4.5e-05,0.0008,0.000835,0.00085,0.000835,0.001242,0.000994,0.000831,0.0,0.000409,0.0,0.000981,0.001,0.0,0.267602,0.0,0.0,0.000582,0.00034,0.0,0.0,0.00014,0.0,0.011764,0.0,0.0,0.0,0.0,0.0,0.0,0.0,0.0,0.0,0.0
2026-01-07 03:00:00,0.0,0.0,0.0,0.0,0.0,0.0,0.0,0.0,0.0,0.0,0.0,0.01757,0.0,0.0,0.00405,0.000168,0.0008,0.000341,0.00085,0.000341,0.00251,0.0009,0.000922,0.0,0.00125,0.0,0.0008,0.0008,0.0,0.27107,0.0,0.0,0.001781,0.00104,0.0,0.0,0.000392,0.0,0.011764,0.0,0.0,0.0,0.0,0.0,0.0,0.0,0.0,0.0,0.0
2026-01-07 03:10:00,0.0,0.0,0.0,0.0,0.0,0.0,0.0,0.0,0.0,0.0,0.0,0.017749,0.0,0.0,0.004714,0.000646,0.001442,0.000977,0.002273,0.000977,0.003025,0.002194,0.001419,0.0003,0.0025,0.000893,0.001159,0.001518,0.000931,0.278008,0.002254,0.0,0.003562,0.002079,0.0,0.001141,0.003663,0.0,0.011764,0.0,0.0,0.0,0.0,0.0,0.0,0.0,0.0,0.0,0.0
2026-01-07 03:20:00,0.0,0.0,0.0,0.0,3e-06,0.0,0.0,0.0,0.0,0.0,0.0,0.017838,0.0,0.0,0.005046,0.000886,0.001762,0.001294,0.002984,0.001294,0.003282,0.002841,0.001667,0.000451,0.003125,0.001339,0.001338,0.001877,0.001397,0.281477,0.003381,6e-06,0.004452,0.002599,0.0,0.001711,0.005299,0.0,0.011764,0.0,0.0,0.0,0.0,0.0,0.0,0.0,0.0,0.0,0.0
2026-01-07 03:30:00,0.0,0.0,0.0,0.0,9e-06,0.0,0.0,0.0,0.0,0.0,0.0,0.017928,0.0,0.0,0.005378,0.001125,0.002083,0.001612,0.003695,0.001612,0.00354,0.003488,0.001915,0.000601,0.00375,0.001786,0.001518,0.002235,0.001862,0.284945,0.004509,2.8e-05,0.005342,0.003119,0.0,0.002282,0.006935,0.0,0.011764,0.0,0.0,0.0,0.0,0.0,0.0,0.0,0.0,0.0,0.0
2026-01-07 03:40:00,0.0,0.0,0.0,0.0,3.5e-05,0.0,0.0,0.0,0.0,0.0,0.0,0.018106,0.0,0.0,0.006043,0.001603,0.002725,0.002247,0.005118,0.002247,0.004054,0.004783,0.002412,0.000901,0.005,0.002679,0.001876,0.002953,0.002793,0.291883,0.006763,0.000419,0.007123,0.004158,0.0,0.003423,0.010207,0.0,0.011764,0.0,0.0,0.0,0.0,0.0,0.0,0.0,0.0,0.0,0.0
2026-01-07 03:50:00,0.0,0.0,0.0,0.0,1.7e-05,0.0,0.0,0.0,0.0,0.0,0.0,0.018196,0.0,0.0,0.006375,0.001842,0.003046,0.002565,0.005829,0.002565,0.004312,0.00543,0.00266,0.001051,0.005625,0.003125,0.002056,0.003312,0.003259,0.295351,0.00789,0.000209,0.008014,0.004678,0.0,0.003993,0.011843,0.0,0.011764,0.0,0.0,0.0,0.0,0.0,0.0,0.0,0.0,0.0,0.0
2026-01-07 04:00:00,0.0,0.0,0.0,0.0,0.0,0.0,0.0,0.0,0.0,0.0,0.0,0.018285,0.0,0.0,0.006707,0.002082,0.003367,0.002883,0.006541,0.002883,0.004569,0.006077,0.002908,0.001201,0.00625,0.003572,0.002235,0.003671,0.003724,0.29882,0.009017,0.0,0.008904,0.005198,0.0,0.004564,0.013478,0.0,0.011764,0.0,0.0,0.0,0.0,0.0,0.0,0.0,0.0,0.0,0.0
2026-01-07 04:10:00,0.0,0.0,0.0,0.0,0.0,0.0,0.0,0.0,0.0,0.0,0.0,0.018463,0.0,0.0,0.007371,0.00256,0.004008,0.003518,0.007963,0.003518,0.005084,0.007371,0.003405,0.001502,0.0075,0.004465,0.002594,0.004388,0.004655,0.305757,0.011272,0.0,0.010685,0.006238,0.0,0.005705,0.01675,0.0,0.011764,0.0,0.0,0.0,0.0,0.0,0.0,0.0,0.0,0.0,0.0
2026-01-07 04:20:00,0.0,0.0,0.0,0.0,0.0,0.0,0.0,0.0,0.0,0.0,0.0,0.018553,0.0,0.0,0.007703,0.002799,0.004329,0.003836,0.008675,0.003836,0.005341,0.008018,0.003653,0.001652,0.008125,0.004911,0.002773,0.004747,0.005121,0.309226,0.012399,0.0,0.011575,0.006757,0.0,0.006275,0.018386,0.0,0.011764,0.0,0.0,0.0,0.0,0.0,0.0,0.0,0.0,0.0,0.0
2026-01-07 04:30:00,0.0,0.0,0.0,0.0,0.0,0.0,0.0,0.0,0.0,0.0,0.0,0.018642,0.0,0.0,0.008035,0.003039,0.00465,0.004154,0.009386,0.004154,0.005598,0.008665,0.003901,0.001802,0.00875,0.005358,0.002953,0.005106,0.005586,0.312695,0.013526,0.0,0.012466,0.007277,0.0,0.006845,0.020022,0.0,0.011764,0.0,0.0,0.0,0.0,0.0,0.0,0.0,0.0,0.0,0.0
2026-01-07 04:40:00,0.0,0.0,0.0,0.0,0.0,0.0,0.0,0.0,0.0,0.0,0.0,0.018821,0.0,0.0,0.008699,0.003517,0.005292,0.004789,0.010809,0.004789,0.006113,0.00996,0.004397,0.002102,0.01,0.00625,0.003312,0.005824,0.006517,0.319632,0.01578,0.0,0.014246,0.008317,0.0,0.007986,0.023293,0.0,0.011764,0.0,0.0,0.0,0.0,0.0,0.0,0.0,0.0,0.0,0.0
2026-01-07 04:50:00,0.0,0.0,0.0,0.0,0.000157,0.0,0.0,0.0,0.0,8.4e-05,0.0,0.01891,0.0,0.0,0.009032,0.003756,0.005612,0.005107,0.01152,0.005107,0.00637,0.010607,0.004646,0.002253,0.010625,0.006697,0.003491,0.006183,0.006983,0.323101,0.016907,0.0,0.015137,0.008837,0.0,0.008557,0.024929,0.0,0.011764,0.0,0.0,0.0,0.0,0.0,0.0,0.0,0.0,0.0,0.0
2026-01-07 05:00:00,0.0,0.0,0.0,0.0,0.000315,0.0,0.0,0.0,0.0,0.000167,0.0,0.018999,0.0,0.0,0.009364,0.003995,0.005933,0.005424,0.012231,0.005424,0.006627,0.011254,0.004894,0.002403,0.01125,0.007143,0.00367,0.006541,0.007448,0.326569,0.018034,0.0,0.016027,0.009356,0.0,0.009127,0.026565,0.0,0.011764,0.0,0.0,0.0,0.0,0.0,0.0,0.0,0.0,0.0,0.0
2026-01-07 05:10:00,0.0,0.0,0.0,0.0,0.0,0.0,0.0,0.0,0.0,0.0,0.0,0.019178,0.0,0.0,0.010028,0.004474,0.006575,0.00606,0.013654,0.00606,0.007142,0.012548,0.00539,0.002703,0.0125,0.008036,0.004029,0.007259,0.008379,0.333507,0.020289,0.0,0.017808,0.010396,0.0,0.010268,0.029837,0.0,0.011764,0.0,0.0,0.0,0.0,0.0,0.0,0.0,0.0,0.0,0.0
2026-01-07 05:20:00,0.0,0.0,0.0,0.0,0.0,0.0,0.0,0.0,0.0,0.0,0.0,0.019267,0.0,0.0,0.01036,0.004713,0.006896,0.006377,0.014365,0.006377,0.007399,0.013195,0.005639,0.002853,0.013125,0.008483,0.004209,0.007618,0.008845,0.336975,0.021416,0.0,0.018698,0.010916,0.0,0.010839,0.031473,0.0,0.011764,0.0,0.0,0.0,0.0,0.0,0.0,0.0,0.0,0.0,0.0
2026-01-07 05:30:00,0.0,0.0,0.0,0.0,0.0,0.0,0.0,0.0,0.0,0.0,0.0,0.019357,0.0,0.0,0.010692,0.004952,0.007217,0.006695,0.015077,0.006695,0.007657,0.013842,0.005887,0.003003,0.01375,0.008929,0.004388,0.007977,0.00931,0.340444,0.022543,0.0,0.019589,0.011436,0.0,0.011409,0.033109,0.0,0.011764,0.0,0.0,0.0,0.0,0.0,0.0,0.0,0.0,0.0,0.0
2026-01-07 05:40:00,0.0,0.0,0.0,0.0,7.1e-05,0.0,0.0,0.0,0.000396,0.0,0.0,0.019535,0.0,0.0,0.011356,0.005431,0.007858,0.007331,0.016499,0.007331,0.008171,0.015136,0.006383,0.003304,0.015,0.009822,0.004747,0.008694,0.010241,0.347381,0.024797,0.0,0.02137,0.012475,0.0,0.01255,0.03638,0.0,0.011764,0.0,0.0,0.0,0.0,0.0,0.0,0.0,0.0,0.0,0.0
2026-01-07 05:50:00,0.0,0.0,0.0,0.0,0.000255,0.0,0.0,0.0,0.000198,5.5e-05,0.0,0.019625,0.0,0.0,0.011688,0.00567,0.008179,0.007648,0.017211,0.007648,0.008428,0.015783,0.006631,0.003454,0.015625,0.010269,0.004926,0.009053,0.010707,0.35085,0.025924,0.0,0.02226,0.012995,0.0,0.01312,0.038016,0.0,0.011764,0.0,0.0,0.0,0.0,0.0,0.0,0.0,0.0,0.0,0.0
2026-01-07 06:00:00,0.0,0.0,0.0,0.0,0.000391,0.0,0.0,0.0,0.0,0.00011,0.0,0.019714,0.0,0.0,0.01202,0.005909,0.0085,0.007966,0.017922,0.007966,0.008686,0.016431,0.00688,0.003604,0.01625,0.010715,0.005106,0.009412,0.011173,0.354319,0.027052,0.0,0.02315,0.013515,0.0,0.013691,0.039652,0.0,0.011764,0.0,0.0,0.0,0.0,0.0,0.0,0.0,0.0,0.0,0.0
2026-01-07 06:10:00,0.0,0.0,0.0,0.0,7.5e-05,0.0,0.0,0.0,0.0,0.0,0.0,0.019893,0.0,0.0,0.012685,0.006387,0.009142,0.008601,0.019345,0.008601,0.0092,0.017725,0.007376,0.003904,0.0175,0.011608,0.005465,0.01013,0.012104,0.361256,0.029306,0.0,0.024931,0.014554,0.0,0.014832,0.042924,0.0,0.011764,0.0,0.0,0.0,0.0,0.0,0.0,0.0,0.0,0.0,0.0
2026-01-07 06:20:00,0.0,0.0,0.0,0.0,0.000183,0.0,0.0,0.0,0.0,0.0,0.0,0.019982,0.0,0.0,0.013017,0.006627,0.009462,0.008919,0.020056,0.008919,0.009458,0.018372,0.007624,0.004055,0.018125,0.012054,0.005644,0.010489,0.012569,0.364725,0.030433,0.0,0.025822,0.015074,0.0,0.015402,0.044559,0.0,0.011764,0.0,0.0,0.0,0.0,0.0,0.0,0.0,0.0,0.0,0.0
2026-01-07 06:30:00,0.0,0.0,0.0,0.0,0.00029,0.0,0.0,0.0,0.0,0.0,0.0,0.020071,0.0,0.0,0.013349,0.006866,0.009783,0.009237,0.020768,0.009237,0.009715,0.019019,0.007872,0.004205,0.01875,0.012501,0.005823,0.010847,0.013035,0.368193,0.03156,0.0,0.026712,0.015594,0.0,0.015973,0.046195,0.0,0.011764,0.0,0.0,0.0,0.0,0.0,0.0,0.0,0.0,0.0,0.0
2026-01-07 06:40:00,0.0,0.0,0.0,0.0,0.0,0.0,0.0,0.0,0.0,0.0,0.0,0.02025,0.0,0.0,0.014013,0.007344,0.010425,0.009872,0.02219,0.009872,0.01023,0.020313,0.008369,0.004505,0.02,0.013394,0.006182,0.011565,0.013966,0.375131,0.033815,0.0,0.028493,0.016634,0.0,0.017114,0.049467,0.0,0.011764,0.0,0.0,0.0,0.0,0.0,0.0,0.0,0.0,0.0,0.0
2026-01-07 06:50:00,0.0,0.0,0.0,0.0,0.0,0.0,0.0,0.0,0.0,0.0,0.0,0.020339,0.0,0.0,0.014345,0.007583,0.010746,0.01019,0.022902,0.01019,0.010487,0.02096,0.008617,0.004655,0.020625,0.01384,0.006362,0.011924,0.014431,0.378599,0.034942,0.0,0.029383,0.017153,0.0,0.017684,0.051103,0.0,0.011764,0.0,0.0,0.0,0.0,0.0,0.0,0.0,0.0,0.0,0.0
2026-01-07 07:00:00,0.0,0.0,0.0,0.0,0.0,0.0,0.0,0.0,0.0,0.0,0.0,0.020428,0.0,0.0,0.014677,0.007823,0.011067,0.010508,0.023613,0.010508,0.010744,0.021607,0.008865,0.004805,0.02125,0.014287,0.006541,0.012283,0.014897,0.382068,0.036069,0.0,0.030274,0.017673,0.0,0.018254,0.052739,0.0,0.011764,0.0,0.0,0.0,0.0,0.0,0.0,0.0,0.0,0.0,0.0
2026-01-07 07:10:00,0.0,0.0,0.0,0.0,0.0,0.0,0.0,0.0,0.0,0.0,0.0,0.020607,0.0,0.0,0.015342,0.008301,0.011708,0.011143,0.025036,0.011143,0.011259,0.022902,0.009362,0.005106,0.0225,0.01518,0.0069,0.013001,0.015828,0.389005,0.038323,0.0,0.032054,0.018713,0.0,0.019395,0.05601,0.0,0.011764,0.0,0.0,0.0,0.0,0.0,0.0,0.0,0.0,0.0,0.0
2026-01-07 07:20:00,0.0,0.0,0.0,0.0,5.5e-05,0.0,0.0,0.0,0.0,0.000103,0.0,0.020696,0.0,0.0,0.015674,0.00854,0.012029,0.011461,0.025747,0.011461,0.011516,0.023549,0.00961,0.005256,0.023125,0.015626,0.007079,0.013359,0.016293,0.392474,0.03945,0.0,0.032945,0.019233,0.0,0.019966,0.057646,0.0,0.011764,0.0,0.0,0.0,0.0,0.0,0.0,0.0,0.0,0.0,0.0
2026-01-07 07:30:00,0.0,0.0,0.0,0.0,0.000109,0.0,0.0,0.0,0.0,0.000206,0.0,0.020786,0.0,0.0,0.016006,0.00878,0.01235,0.011778,0.026458,0.011778,0.011773,0.024196,0.009858,0.005406,0.02375,0.016073,0.007259,0.013718,0.016759,0.395943,0.040577,0.0,0.033835,0.019752,0.0,0.020536,0.059282,0.0,0.011764,0.0,0.0,0.0,0.0,0.0,0.0,0.0,0.0,0.0,0.0
2026-01-07 07:40:00,0.002579,0.0,0.0,0.0,0.0,0.0,0.0,0.0,0.0,0.0,0.0,0.020964,0.0,0.0,0.01667,0.009258,0.012992,0.012414,0.027881,0.012414,0.012288,0.02549,0.010355,0.005706,0.025,0.016965,0.007617,0.014436,0.01769,0.40288,0.042832,0.0,0.035616,0.020792,0.0,0.021677,0.062554,0.0,0.011764,0.0,0.0,0.0,0.0,0.0,0.0,0.0,0.0,0.0,0.0
2026-01-07 07:50:00,0.001289,0.0,0.0,0.0,0.0,0.0,0.0,0.0,0.0,0.0,0.0,0.021054,0.0,0.0,0.017002,0.009497,0.013312,0.012731,0.028592,0.012731,0.012545,0.026137,0.010603,0.005857,0.025625,0.017412,0.007797,0.014795,0.018155,0.406349,0.043959,0.0,0.036506,0.021312,4.4e-05,0.022248,0.06419,0.0,0.011764,0.0,0.0,0.0,0.0,0.0,0.0,0.0,0.0,0.0,0.0
2026-01-07 08:00:00,0.0,0.0,0.0,0.0,0.0,0.0,0.0,0.0,0.0,0.0,0.0,0.021143,0.0,0.0,0.017334,0.009736,0.013633,0.013049,0.029304,0.013049,0.012803,0.026784,0.010851,0.006007,0.02625,0.017858,0.007976,0.015154,0.018621,0.409817,0.045086,0.0,0.037397,0.021832,0.000194,0.022818,0.065825,0.0,0.011764,0.0,0.0,0.0,0.0,0.0,0.0,0.0,0.0,0.0,0.0
2026-01-07 08:10:00,0.000561,0.0,0.0,0.0,0.0,0.0,0.0,0.0,0.0,0.0,0.0,0.021322,0.0,0.0,0.017998,0.010215,0.014275,0.013685,0.030726,0.013685,0.013317,0.028079,0.011348,0.006307,0.0275,0.018751,0.008335,0.015871,0.019552,0.416755,0.04734,0.0,0.039178,0.022871,0.003539,0.023959,0.069097,0.002152,0.011764,0.0,0.0,0.0,0.0,0.0,0.0,0.0,0.0,0.0,0.0
2026-01-07 08:20:00,0.000802,0.0,0.0,0.0,0.0,0.0,0.0,0.0,0.0,0.0,0.0,0.021411,0.0,0.0,0.01833,0.010454,0.014596,0.014002,0.031438,0.014002,0.013575,0.028726,0.011596,0.006457,0.028125,0.019198,0.008514,0.01623,0.020017,0.420223,0.048467,0.0,0.040068,0.023391,0.003764,0.024529,0.070733,0.003229,0.011764,0.0,0.0,0.0,0.0,0.0,0.0,0.0,0.0,0.0,0.0
2026-01-07 08:30:00,0.000904,0.0,0.0,0.0,0.0,0.0,0.0,0.0,0.0,0.0,0.0,0.0215,0.0,0.0,0.018663,0.010693,0.014917,0.01432,0.032149,0.01432,0.013832,0.029373,0.011844,0.006607,0.02875,0.019644,0.008694,0.016589,0.020483,0.423692,0.049595,0.0,0.040958,0.023911,0.004001,0.0251,0.072369,0.004305,0.011764,0.0,0.0,0.0,0.0,0.0,0.0,0.0,0.0,0.0,0.0
2026-01-07 08:40:00,0.0,0.0,0.0,0.0,0.0,0.0,0.0,0.0,0.0,0.0,0.0,0.021679,0.0,0.0,0.019327,0.011172,0.015558,0.014955,0.033572,0.014955,0.014346,0.030667,0.01234,0.006908,0.03,0.020537,0.009053,0.017307,0.021414,0.43063,0.051849,0.003627,0.042739,0.02495,0.013532,0.026241,0.07564,0.006457,0.011764,0.0,0.0,0.0,0.0,0.0,0.0,0.0,0.0,0.0,0.0
2026-01-07 08:50:00,7.6e-05,0.000239,0.000243,0.0,0.0,0.0,0.0,0.0,0.0,0.0,0.0,0.021768,0.0,0.0,0.019592,0.011362,0.015815,0.015209,0.034149,0.015209,0.014551,0.031187,0.012675,0.007026,0.030505,0.020895,0.009197,0.017599,0.021785,0.434098,0.052939,0.007904,0.043453,0.025365,0.020638,0.026717,0.07698,0.007384,0.011764,0.0,0.0,6.2e-05,0.0,0.0,0.0,0.0,0.0,0.0,0.002221
2026-01-07 09:00:00,0.000304,0.000996,0.001006,0.0,0.0,0.0,0.0,0.0,0.0,0.0,0.0,0.021857,0.0,0.0,0.019991,0.01165,0.0162,0.015591,0.034994,0.015591,0.014861,0.031961,0.012837,0.007208,0.03125,0.02143,0.009411,0.018024,0.022345,0.437567,0.054103,0.015217,0.04452,0.02599,0.024211,0.027382,0.078912,0.00861,0.011764,0.0,0.0,0.000279,0.0,0.0,0.0,0.0,0.0,0.0,0.009194
2026-01-07 09:10:00,0.001746,0.008472,0.008246,0.000625,0.00038,0.0,0.000312,0.0,0.0,0.0,0.0,0.022036,0.0,0.0,0.035343,0.027127,0.02949,0.029113,0.051947,0.029113,0.028778,0.053204,0.010849,0.02589,0.0485,0.039384,0.016165,0.025655,0.047112,0.444504,0.057013,0.044089,0.07852,0.05105,0.022143,0.034536,0.109596,0.017061,0.011764,0.00136,0.009021,0.016548,0.002836,0.001413,0.0,0.009775,0.004387,0.006405,0.074418
2026-01-07 09:20:00,0.002364,0.014905,0.014844,0.003338,0.001075,0.0,0.001129,0.0,0.0,3.5e-05,0.0,0.022125,0.0,0.0,0.048607,0.038604,0.039848,0.03881,0.063147,0.03881,0.038679,0.076035,0.016327,0.03854,0.056278,0.048936,0.020291,0.039694,0.058003,0.447973,0.103063,0.081378,0.095273,0.053705,0.016077,0.042003,0.118934,0.0205,0.011764,0.003907,0.01942,0.023578,0.006557,0.005359,0.000872,0.017024,0.010023,0.013493,0.129203
2026-01-07 09:30:00,0.003251,0.024121,0.024519,0.009911,0.002489,0.0,0.002742,0.0,0.0,0.00012,0.0,0.022215,0.0,0.0,0.066078,0.053482,0.05353,0.051256,0.077137,0.051256,0.051158,0.102587,0.029077,0.052861,0.06575,0.061343,0.025576,0.063655,0.071507,0.451442,0.146623,0.129165,0.11016,0.05455,0.011433,0.049572,0.12783,0.025066,0.011764,0.008848,0.036149,0.033104,0.013177,0.014818,0.003331,0.027919,0.017376,0.026152,0.197605
2026-01-07 09:40:00,0.014618,0.053363,0.055357,0.03961,0.008971,0.002646,0.007364,0.0,0.003657,0.000342,0.00237,0.022393,0.001714,0.0,0.108346,0.094564,0.091239,0.085984,0.116713,0.085984,0.08434,0.139061,0.056878,0.082282,0.1063,0.115499,0.043536,0.121066,0.13624,0.458379,0.103189,0.200014,0.13223,0.01938,0.013911,0.057086,0.152728,0.061224,0.011764,0.026845,0.090492,0.108431,0.039547,0.073718,0.014819,0.079618,0.028858,0.092523,0.343863
2026-01-07 09:50:00,0.023555,0.069952,0.071399,0.044925,0.012998,0.007039,0.013954,0.0,0.010824,0.000802,0.004657,0.022483,0.004985,0.0,0.133275,0.1169,0.113583,0.106232,0.13059,0.106232,0.105939,0.16023,0.066733,0.101194,0.126575,0.136795,0.05405,0.130047,0.144957,0.461848,0.089815,0.177744,0.150381,0.017053,0.014105,0.062553,0.170521,0.064983,0.011764,0.040238,0.118934,0.163323,0.061352,0.093188,0.04526,0.098636,0.116917,0.123927,0.415283
2026-01-07 10:00:00,0.031994,0.083029,0.083609,0.050471,0.016558,0.016116,0.024259,0.0,0.025448,0.001716,0.008508,0.022572,0.01117,0.0,0.160103,0.140745,0.138227,0.128792,0.145128,0.128792,0.130248,0.185278,0.074824,0.12372,0.14685,0.157971,0.064554,0.136776,0.147817,0.465316,0.084668,0.155473,0.17188,0.015435,0.0143,0.070035,0.193903,0.066176,0.011764,0.059181,0.148367,0.22768,0.095457,0.114739,0.089003,0.122552,0.270168,0.155029,0.486682
2026-01-07 10:10:00,0.041267,0.095468,0.095128,0.089519,0.020726,0.066694,0.048358,0.0,0.087513,0.004995,0.027839,0.022751,0.031214,0.0,0.215591,0.193289,0.19258,0.180909,0.193545,0.180909,0.181536,0.255073,0.087878,0.180527,0.1874,0.210926,0.082457,0.151448,0.053458,0.472254,0.113047,0.321663,0.21252,0.01149,0.016842,0.09541,0.264563,0.050738,0.011764,0.129276,0.210177,0.362371,0.255928,0.209439,0.138699,0.288936,0.455274,0.219002,0.632773
2026-01-07 10:20:00,0.043389,0.118028,0.141766,0.103239,0.025339,0.111234,0.04009,0.0,0.135775,0.009923,0.082751,0.02284,0.085314,0.0,0.246667,0.223173,0.221968,0.2102,0.208339,0.2102,0.20949,0.337724,0.084687,0.206234,0.21999,0.239154,0.105705,0.180717,0.04842,0.475722,0.152068,0.463639,0.215098,0.021045,0.020233,0.109194,0.255869,0.051384,0.011764,0.26114,0.241757,0.428057,0.337596,0.229043,0.183293,0.35623,0.534168,0.251475,0.723921
2026-01-07 10:30:00,0.044152,0.154299,0.199057,0.120695,0.030903,0.168844,0.031823,0.0,0.194871,0.020032,0.160385,0.022929,0.177658,0.0,0.278905,0.254479,0.252515,0.240814,0.214023,0.240814,0.23911,0.386423,0.081496,0.23299,0.255391,0.268481,0.132247,0.215876,0.046911,0.479191,0.226039,0.591329,0.21766,0.0306,0.027265,0.126466,0.247174,0.053536,0.011764,0.361541,0.273416,0.496599,0.420327,0.249279,0.245256,0.431079,0.611591,0.283565,0.808261
2026-01-07 10:40:00,0.041038,0.227996,0.231465,0.263696,0.039064,0.298166,0.051605,0.0,0.325066,0.083587,0.24125,0.023108,0.343185,0.0,0.34247,0.316899,0.31532,0.302215,0.206198,0.302215,0.302831,0.24069,0.158673,0.299431,0.309875,0.329579,0.161298,0.246199,0.09951,0.486128,0.587467,0.704773,0.255315,0.02419,0.087134,0.190112,0.260566,0.092185,0.011764,0.374994,0.335812,0.655179,0.58879,0.362727,0.414079,0.692553,0.783625,0.344765,0.918919
2026-01-07 10:50:00,0.042447,0.281215,0.325948,0.279462,0.041186,0.362623,0.095802,0.0,0.389945,0.080646,0.21333,0.023197,0.402734,0.0,0.373548,0.347249,0.347046,0.333515,0.205286,0.333515,0.333846,0.199336,0.17155,0.333637,0.341437,0.355419,0.167898,0.274751,0.097037,0.489597,0.726742,0.736726,0.270927,0.024223,0.144371,0.204292,0.307354,0.114673,0.011764,0.348046,0.371412,0.730783,0.637784,0.413518,0.453071,0.779395,0.8667,0.377417,0.939153
2026-01-07 11:00:00,0.047097,0.327002,0.398184,0.295761,0.043548,0.428953,0.183826,0.0,0.45349,0.073896,0.17289,0.023287,0.46362,0.0,0.404812,0.378106,0.378746,0.364854,0.204992,0.364854,0.364537,0.183731,0.175916,0.362869,0.374211,0.380677,0.175723,0.290308,0.094564,0.493066,0.783625,0.765591,0.29297,0.02433,0.191417,0.217141,0.391505,0.140659,0.011764,0.321097,0.407361,0.80299,0.684858,0.459983,0.496471,0.843963,0.920371,0.41148,0.95385
2026-01-07 11:10:00,0.120589,0.37003,0.340879,0.490388,0.05822,0.573135,0.480998,0.0,0.573962,0.059856,0.152263,0.023465,0.645384,0.0,0.469833,0.444594,0.441368,0.42655,0.233007,0.42655,0.425794,0.410993,0.150569,0.400494,0.436814,0.436579,0.271688,0.27692,0.143437,0.500003,0.633373,0.838963,0.56017,0.025827,0.220025,0.257069,0.54211,0.207737,0.011764,0.588222,0.472027,0.936494,0.826099,0.541227,0.816497,0.928806,0.954573,0.483216,0.9809
2026-01-07 11:20:00,0.140781,0.335868,0.315764,0.483083,0.065747,0.615839,0.468154,0.0,0.62646,0.059913,0.186569,0.023554,0.716631,0.0,0.502752,0.477768,0.47428,0.459074,0.245874,0.459074,0.457706,0.417047,0.172931,0.453139,0.464868,0.469141,0.241882,0.296605,0.13037,0.503472,0.723701,0.855489,0.520709,0.02868,0.183979,0.283207,0.523412,0.12767,0.011764,0.836917,0.505512,0.955492,0.904875,0.551747,0.913412,0.946141,0.966581,0.515418,0.990559
2026-01-07 11:30:00,0.165913,0.280364,0.291741,0.475778,0.074646,0.644949,0.431182,0.0,0.655632,0.060112,0.271222,0.023644,0.763274,0.0,0.533937,0.509415,0.506252,0.49083,0.262073,0.49083,0.489524,0.423054,0.221471,0.509873,0.493826,0.501494,0.212075,0.347061,0.107183,0.50694,0.814028,0.868103,0.43575,0.032259,0.147932,0.307626,0.504714,0.047603,0.011764,0.971889,0.538433,0.968498,0.940843,0.562073,0.950563,0.959373,0.975808,0.546116,0.999719
2026-01-07 11:40:00,0.473073,0.239254,0.243387,0.536869,0.103385,0.678276,0.23827,0.0,0.667969,0.070464,0.497155,0.023822,0.801317,0.0,0.587183,0.565239,0.562533,0.547314,0.33971,0.547314,0.550106,0.609688,0.306132,0.559669,0.5647,0.556104,0.283353,0.502405,0.084859,0.513878,0.692401,0.891517,0.29127,0.035853,0.181963,0.338949,0.742057,0.101901,0.011764,0.963739,0.59915,0.991688,0.895345,0.633204,0.943717,0.98549,0.988437,0.60595,1.021545
2026-01-07 11:50:00,0.486969,0.237045,0.238335,0.646353,0.099701,0.691953,0.212369,0.0,0.694256,0.072833,0.486491,0.023912,0.816027,0.0,0.61578,0.595019,0.592721,0.578345,0.330099,0.578345,0.581258,0.639017,0.391953,0.586925,0.591019,0.582813,0.280998,0.492093,0.121458,0.517346,0.82674,0.903418,0.326681,0.040179,0.227584,0.320474,0.744246,0.1923,0.011764,0.966177,0.626933,1.001772,1.020827,0.67543,1.002809,0.996195,0.9923,0.635705,1.031205
2026-01-07 12:00:00,0.497731,0.236384,0.236731,0.719989,0.096018,0.702947,0.203875,0.0,0.715496,0.074692,0.455761,0.024001,0.828518,0.0,0.644611,0.624714,0.622265,0.608891,0.320489,0.608891,0.611179,0.661922,0.439914,0.599294,0.615777,0.60749,0.278643,0.48178,0.208119,0.520815,0.961078,0.914657,0.41462,0.04657,0.290535,0.288392,0.745672,0.285618,0.011764,0.971926,0.653404,1.009633,1.14631,0.695105,1.067813,1.005552,0.996489,0.665138,1.0392
2026-01-07 12:10:00,0.538624,0.299885,0.299747,0.706385,0.123837,0.717784,0.228081,0.0,0.718967,0.078379,0.294378,0.02418,0.84897,0.0,0.699488,0.679956,0.674251,0.662201,0.409403,0.662201,0.663381,0.718105,0.406656,0.460692,0.671349,0.648265,0.323554,0.57653,0.408252,0.527752,0.726182,0.933622,0.65485,0.061594,0.400196,0.259404,0.749287,0.34726,0.011764,0.985014,0.703997,1.018951,1.069994,0.671849,1.074989,1.021261,1.015074,0.722574,1.050078
2026-01-07 12:20:00,0.489827,0.331918,0.327796,0.714598,0.111815,0.721185,0.247928,0.0,0.721657,0.076688,0.448007,0.024269,0.855405,0.0,0.723848,0.70537,0.700414,0.688875,0.476624,0.688875,0.689816,0.750917,0.321975,0.415468,0.698302,0.669368,0.307183,0.600262,0.328359,0.531221,0.741844,0.942819,0.510721,0.071911,0.528856,0.262352,0.751094,0.337157,0.011764,0.992168,0.726521,1.02781,1.111118,0.699553,1.071277,1.027446,1.033069,0.757332,1.071463
2026-01-07 12:30:00,0.441029,0.354824,0.35034,0.722812,0.099793,0.723879,0.272028,0.0,0.725977,0.074997,0.608869,0.024358,0.861041,0.0,0.747542,0.729909,0.726058,0.715179,0.510585,0.715179,0.715196,0.772339,0.259286,0.397804,0.724034,0.689322,0.290813,0.622185,0.248465,0.53469,0.757506,0.951355,0.27126,0.087497,0.60443,0.270445,0.752902,0.307398,0.011764,0.998335,0.749175,1.039349,1.152242,0.764874,1.062624,1.031982,1.054902,0.792742,1.086239
2026-01-07 12:40:00,0.545888,0.373614,0.378655,0.675786,0.120695,0.729338,0.320964,0.0,0.751951,0.078146,0.61725,0.024537,0.872988,0.0,0.796891,0.77828,0.774304,0.765774,0.458037,0.765774,0.760093,0.783657,0.339984,0.551688,0.770789,0.722513,0.373625,0.688159,0.368619,0.541627,0.734646,0.965743,0.08149,0.174367,0.285114,0.303773,0.756517,0.130364,0.011764,1.006003,0.800898,1.063645,1.044721,0.913547,1.043668,1.036991,1.092057,0.854198,1.058266
2026-01-07 12:50:00,0.638903,0.310822,0.308484,0.840861,0.11801,0.729275,0.313646,0.0,0.753175,0.07823,0.604481,0.024626,0.878588,0.0,0.818388,0.80098,0.797475,0.788521,0.464781,0.788521,0.782837,0.772894,0.350643,0.523397,0.792959,0.735932,0.442497,0.744769,0.526628,0.545096,0.571125,0.969763,0.121375,0.173925,0.288852,0.303481,0.758324,0.141357,0.011764,1.011801,0.82477,1.031929,0.792963,0.943021,1.038372,1.040036,1.073741,0.876476,0.755067
2026-01-07 13:00:00,0.68855,0.248031,0.238312,1.005937,0.115325,0.729068,0.306329,0.0,0.753539,0.078254,0.591712,0.024716,0.881223,0.0,0.838445,0.822366,0.819078,0.809261,0.485346,0.809261,0.805341,0.753642,0.361506,0.495106,0.813911,0.74798,0.478449,0.774639,0.641833,0.548564,0.408012,0.973448,0.16126,0.173483,0.297364,0.302507,0.760131,0.172067,0.011764,1.016624,0.848498,1.000213,0.610515,0.953325,1.036381,1.042667,1.055425,0.885423,0.475249
2026-01-07 13:10:00,0.662449,0.278308,0.276675,0.646067,0.1165,0.725761,0.450203,0.0,0.74228,0.076534,0.592558,0.024894,0.881546,0.0,0.876376,0.861062,0.856269,0.845075,0.638435,0.845075,0.848485,0.734674,0.454732,0.529565,0.851759,0.769976,0.449362,0.572277,0.668372,0.555502,0.385711,0.983321,0.09297,0.211953,0.31463,0.28371,0.763746,0.309417,0.011764,1.020568,0.899039,1.066025,0.923526,0.595261,1.078902,1.045634,1.086487,0.841638,1.144008
2026-01-07 13:20:00,0.575678,0.276914,0.280729,0.753694,0.112602,0.721213,0.42826,0.0,0.748866,0.075272,0.593709,0.024984,0.882302,0.0,0.897657,0.878035,0.875015,0.865094,0.55347,0.865094,0.867403,0.830168,0.434849,0.497161,0.870235,0.778782,0.510717,0.628334,0.768763,0.55897,0.493707,0.985864,0.108277,0.246541,0.370209,0.307783,0.765554,0.244474,0.011764,1.023855,0.918751,1.080712,1.107226,0.79442,1.073965,1.046215,0.829907,0.898372,1.130992
2026-01-07 13:30:00,0.465393,0.275398,0.282018,0.900973,0.108704,0.717084,0.406317,0.0,0.759112,0.073619,0.595992,0.025073,0.882851,0.0,0.915963,0.89448,0.89287,0.884609,0.465245,0.884609,0.884903,0.925662,0.405698,0.464756,0.886958,0.788784,0.572072,0.68439,0.8498,0.562439,0.601702,0.986803,0.15479,0.280564,0.413638,0.352542,0.767361,0.15644,0.011764,1.026535,0.936487,1.093946,1.192495,0.993578,1.061974,1.046784,0.573327,0.955107,1.117977
2026-01-07 13:40:00,0.387638,0.27525,0.268835,0.961873,0.115289,0.714835,0.824581,0.0,0.765742,0.068856,0.610281,0.025251,0.881077,0.0,0.938047,0.928757,0.923936,0.917238,0.461497,0.917238,0.917049,0.768706,0.390192,0.643068,0.913191,0.827001,0.489617,0.618787,0.361557,0.569377,0.56261,0.984744,0.49279,0.316835,0.317954,0.40189,0.770976,0.121373,0.011764,1.028399,0.970128,1.134274,1.089943,0.604843,1.031729,1.049391,1.15062,0.694986,1.124881
2026-01-07 13:50:00,0.535153,0.295968,0.298885,0.984732,0.110489,0.712544,0.706101,0.0,0.766229,0.066535,0.624469,0.025341,0.878948,0.0,0.948223,0.942661,0.936616,0.93134,0.513147,0.93134,0.93153,0.686392,0.442287,0.741873,0.931828,0.831519,0.424953,0.722529,0.383263,0.572845,0.542398,0.968883,0.441005,0.337829,0.254755,0.404349,0.773409,0.133858,0.011764,1.02851,0.992974,1.107651,1.133592,0.744799,1.040709,1.051714,0.840281,0.698998,1.121287
2026-01-07 14:00:00,0.682669,0.343789,0.359772,0.994,0.10569,0.710064,0.58762,0.0,0.766378,0.064051,0.632342,0.02543,0.877688,0.0,0.957761,0.953722,0.947342,0.943855,0.564797,0.943855,0.94413,0.649539,0.496391,0.794999,0.950195,0.835215,0.388385,0.859343,0.40497,0.576314,0.533389,0.954691,0.38922,0.361641,0.224252,0.406886,0.774591,0.148004,0.011764,1.028625,1.017407,1.081027,1.177241,0.884755,1.04969,1.053613,0.529942,0.71277,1.108816
2026-01-07 14:10:00,0.481651,0.445174,0.44604,0.862589,0.10803,0.707081,0.617606,0.0,0.761113,0.057848,0.617338,0.025609,0.881942,0.0,0.975075,0.968399,0.963928,0.964721,0.441869,0.964721,0.96334,0.988351,0.498701,0.807705,0.975105,0.847406,0.383444,0.907979,0.373837,0.583251,0.569453,0.981559,0.441915,0.420101,0.261563,0.50198,0.499982,0.150079,0.011764,1.032319,1.060288,1.175244,1.153533,0.754459,1.044783,1.054844,0.841581,1.157271,0.548298
2026-01-07 14:20:00,0.522768,0.425261,0.419509,0.929095,0.112683,0.704906,0.65076,0.0,0.758176,0.055958,0.578476,0.025698,0.88016,0.0,0.980479,0.979435,0.975501,0.973139,0.407414,0.973139,0.970777,1.00846,0.472903,0.694608,0.801964,0.864789,0.412954,0.871649,0.394365,0.58672,0.564359,0.990678,0.477383,0.453419,0.297712,0.489451,0.567711,0.184395,0.011764,1.003035,1.095137,1.149881,0.937898,0.837383,1.046046,1.055405,0.885921,1.200897,0.827843
2026-01-07 14:30:00,0.621328,0.405347,0.392978,1.034566,0.115908,0.702588,0.689653,0.0,0.755206,0.054332,0.549583,0.025787,0.877879,0.0,0.984851,0.988063,0.983154,0.979982,0.39445,0.979982,0.977244,1.014524,0.447105,0.581512,0.628823,0.875681,0.468247,0.835319,0.445506,0.590189,0.549913,0.994277,0.49461,0.483232,0.317601,0.476922,0.63544,0.259935,0.011764,0.973752,1.113185,1.08058,0.7418,0.968471,1.050226,1.05619,0.917872,1.214654,1.107388
2026-01-07 14:40:00,0.858688,0.880345,0.746218,1.107056,0.088802,0.69885,0.742797,0.0,0.749711,0.050971,0.604938,0.025966,0.877169,0.0,0.992368,0.994021,0.98649,0.989627,0.561454,0.989627,0.988509,0.984199,0.593677,0.679283,0.704691,0.850082,0.530598,0.854708,0.586852,0.597126,0.480202,0.907029,0.47549,0.522425,0.297157,0.767051,0.452311,0.417464,0.011764,1.065762,0.934543,0.801347,0.827471,1.057682,1.118358,1.063083,0.983337,1.133038,1.098377
2026-01-07 14:50:00,0.65174,0.943212,0.963677,0.942762,0.083766,0.696805,0.70357,0.0,0.750578,0.048789,0.548968,0.026055,0.877423,0.0,0.995563,0.994282,0.991125,0.995014,0.433547,0.995014,0.990393,0.998694,0.54996,0.611584,0.722466,0.859961,0.61472,0.649528,0.614134,0.600595,0.497643,0.68495,0.335342,0.60009,0.307587,0.628646,0.497638,0.388166,0.011764,1.037329,1.056837,0.919713,0.966739,1.070431,0.847614,0.921223,1.085487,1.133211,1.100407
2026-01-07 15:00:00,0.444791,0.963787,1.066209,0.677149,0.080591,0.694701,0.664344,0.0,0.751444,0.04664,0.492998,0.026145,0.878115,0.0,0.996905,0.994497,0.994005,0.997474,0.30564,0.997474,0.991888,1.013188,0.506243,0.543885,0.740874,0.870106,0.666483,0.444347,0.638995,0.604063,0.515085,0.520557,0.21062,0.740395,0.339885,0.490242,0.586211,0.358868,0.011764,1.008895,1.17913,1.038078,1.06379,1.074649,0.57687,0.711435,1.151344,1.133384,1.102436
2026-01-07 15:10:00,0.544772,0.944005,0.876886,0.483393,0.07659,0.690552,0.717474,0.0,0.739565,0.043459,0.579148,0.026323,0.880831,0.0,0.990777,0.995578,0.983865,0.986712,0.352812,0.986712,0.995604,0.973555,0.519684,0.86361,0.832175,0.87041,0.635568,0.548606,0.72715,0.611001,0.503514,0.684794,0.40884,1.116938,0.609394,0.533033,0.699054,0.613216,0.011764,1.092957,1.040207,0.633956,1.071484,1.059599,0.765417,0.59648,0.969296,1.016043,1.041624
2026-01-07 15:20:00,0.658704,0.779715,0.70491,0.41568,0.056977,0.688478,0.755432,0.0,0.738237,0.042336,0.562008,0.026413,0.879419,0.0,0.992473,0.997093,0.987556,0.994239,0.31326,0.994239,1.003305,0.975257,0.57356,0.82655,0.944217,0.860955,0.701404,0.63685,0.471888,0.614469,0.463896,0.930112,0.438505,1.057854,0.613125,0.879607,0.593269,0.385303,0.011764,1.037426,1.070365,0.873433,1.087414,1.052802,0.937783,0.65337,1.033815,1.075948,1.083229
2026-01-07 15:30:00,0.724969,0.607284,0.612365,0.388752,0.037166,0.686404,0.774244,0.0,0.737812,0.0413,0.525961,0.026502,0.878008,0.0,0.994169,0.998037,0.994962,1.002561,0.273709,1.002561,1.008704,0.976958,0.649634,0.789489,1.01103,0.847217,0.76724,0.683195,0.216627,0.617938,0.432538,1.086107,0.46739,0.941393,0.614189,1.191297,0.487485,0.146753,0.011764,0.927725,1.100522,1.11291,1.098582,1.047409,1.055518,0.793671,1.098335,1.135854,1.124833
2026-01-07 15:40:00,0.516406,0.576142,0.677191,0.495487,0.032863,0.682255,0.736736,0.0,0.741131,0.038993,0.468871,0.026681,0.87812,0.0,0.983384,0.916879,1.005151,1.003531,0.795504,1.003531,0.412436,0.953459,0.714934,0.812442,0.926587,0.840133,0.619247,0.316073,0.284901,0.624875,0.470101,0.460961,0.6346,0.78922,0.272854,1.130604,0.839668,0.134435,0.011764,0.783453,0.623213,0.934056,0.933509,1.040943,1.093978,1.167367,1.087118,1.023946,1.108006
2026-01-07 15:50:00,0.518978,0.651745,0.690112,0.513287,0.032252,0.682934,0.747033,0.0,0.740588,0.038443,0.45716,0.02677,0.87788,0.0,0.980309,0.961808,0.975865,0.990597,0.522579,0.990597,0.703996,0.941018,0.656319,0.757238,0.928525,0.83172,0.441516,0.338131,0.282038,0.628344,0.452232,0.433601,0.811863,0.904414,0.195822,0.921123,0.836019,0.178552,0.011764,0.936316,0.879779,0.742997,1.01417,1.006545,1.104717,1.149566,1.099473,1.075535,1.105223
2026-01-07 16:00:00,0.526765,0.78688,0.70548,0.529708,0.032051,0.68482,0.757329,0.0,0.740046,0.037938,0.447528,0.026859,0.877265,0.0,0.979147,1.006737,0.946579,0.977662,0.249653,0.977662,0.995555,0.928757,0.525619,0.702033,0.930464,0.821958,0.291318,0.3959,0.279175,0.631813,0.434362,0.425503,1.00216,1.023486,0.168193,0.709684,0.832369,0.286751,0.011764,1.089179,1.136345,0.634291,1.094831,0.959984,1.108754,1.126982,1.116446,1.127124,1.104281
2026-01-07 16:10:00,0.582019,0.919764,0.980287,0.597964,0.035726,0.69305,0.752463,0.0,0.756638,0.036406,0.424076,0.027038,0.875394,0.0,0.986339,0.998746,1.001941,0.997268,1.019662,0.997268,0.8465,0.906498,0.277713,0.806551,0.915068,0.809846,0.215495,0.589694,0.305046,0.63875,0.574245,1.020387,1.21789,1.027925,0.285093,0.645661,0.995144,0.569225,0.011764,1.050786,0.667166,1.012922,1.003945,0.92892,0.976411,1.120251,1.123572,0.937741,1.151763
2026-01-07 16:20:00,0.497671,0.829782,0.779912,0.487442,0.040649,0.694175,0.75989,0.0,0.713147,0.036488,0.436199,0.027127,0.875394,0.0,0.98036,0.891802,0.985076,0.985045,0.782399,0.985045,0.530851,0.896434,0.212335,0.675891,0.900183,0.799717,0.222468,0.539859,0.298738,0.499741,0.537997,1.018928,0.852045,0.751781,0.279723,0.50239,0.644261,0.609396,0.011764,1.056464,0.817443,1.14774,1.035657,0.865953,0.95611,1.113572,1.116524,0.992204,1.131699
2026-01-07 16:30:00,0.390758,0.739799,0.579538,0.376919,0.049015,0.695194,0.767317,0.0,0.669657,0.036569,0.458734,0.027216,0.875394,0.0,0.967717,0.791632,0.96677,0.968495,0.411453,0.968495,0.308166,0.889741,0.188081,0.54523,0.881452,0.78672,0.245026,0.43656,0.281165,0.291845,0.479892,1.01395,0.4862,0.468165,0.271804,0.312009,0.293378,0.632015,0.011764,1.062143,1.012914,1.201623,1.06737,0.822068,0.949319,1.101274,1.093706,1.060569,1.111635
2026-01-07 16:40:00,0.359033,0.814746,0.805041,0.838822,0.0764,0.699755,0.672363,0.0,0.738045,0.03435,0.48356,0.027395,0.873419,0.0,0.947361,0.937963,0.965042,0.961932,0.167647,0.961932,0.462585,0.884758,0.320843,0.598459,0.846239,0.756501,0.525592,0.279958,0.20361,0.173537,0.438607,0.873864,0.68011,0.459661,0.267505,0.114905,0.806865,0.656177,0.011764,1.050705,1.07833,1.102943,1.043624,1.013492,0.978687,1.006821,0.808096,1.079907,1.146298
2026-01-07 16:50:00,0.299071,0.621061,0.62318,0.587642,0.086162,0.699727,0.625608,0.0,0.727549,0.03405,0.38611,0.027484,0.872373,0.0,0.853418,0.869821,0.734725,0.890065,0.191,0.890065,0.405989,0.86603,0.532992,0.583731,0.826652,0.752429,0.515252,0.295808,0.199503,0.179146,0.409273,0.978376,0.681194,0.875027,0.282681,0.238951,0.83619,0.67544,0.011764,1.064638,1.137667,1.09293,1.045123,0.983312,0.760817,1.026162,0.977033,1.036454,1.082881
2026-01-07 17:00:00,0.258108,0.404651,0.410155,0.336462,0.090065,0.6997,0.605082,0.0,0.717054,0.033759,0.27862,0.027574,0.871099,0.0,0.774884,0.703189,0.505954,0.823687,0.229416,0.823687,0.349394,0.837399,0.670789,0.546555,0.80785,0.748111,0.483975,0.311658,0.19793,0.184755,0.394762,1.082888,0.6815,1.290394,0.32172,0.362997,0.85611,0.685351,0.011764,1.07857,1.169583,1.089761,1.04814,0.933539,0.542947,1.066106,1.145971,0.978512,1.019465
2026-01-07 17:10:00,0.282331,0.376642,0.369878,0.394032,0.054754,0.701431,0.757201,0.0,0.754367,0.031982,0.266401,0.027752,0.866738,0.0,0.845703,0.272677,0.863215,0.88171,0.258961,0.88171,0.436639,0.805866,0.595297,0.438664,0.777506,0.698474,0.263736,0.241469,0.197236,0.171339,0.453393,1.06499,0.5772,0.916758,0.443622,0.034151,0.90304,0.335579,0.011764,1.053771,1.013002,1.10852,1.052336,0.894963,0.927179,1.126003,1.114488,0.956932,1.112145
2026-01-07 17:20:00,0.322773,0.335847,0.32391,0.462847,0.047315,0.703177,0.745542,0.0,0.752756,0.031874,0.256343,0.027842,0.86553,0.0,0.839393,0.293811,0.675028,0.864542,0.262596,0.864542,0.666784,0.796095,0.394274,0.413029,0.758098,0.682492,0.359174,0.231779,0.17997,0.176274,0.387406,0.852076,0.488348,0.561554,0.412171,0.049099,0.870183,0.270627,0.011764,1.054957,0.825545,0.986781,1.0434,0.873317,0.957089,1.156901,1.114226,0.934596,1.05378
2026-01-07 17:30:00,0.395562,0.29012,0.281176,0.503522,0.044189,0.704152,0.729525,0.0,0.750363,0.031841,0.243194,0.027931,0.864156,0.0,0.82213,0.356513,0.486842,0.830346,0.263774,0.830346,0.838646,0.783719,0.243818,0.390302,0.735241,0.667335,0.454612,0.222058,0.163308,0.192881,0.299214,0.553563,0.44158,0.346043,0.380721,0.080997,0.837327,0.248191,0.011764,1.056143,0.714684,0.782403,1.034463,0.85131,0.966307,1.170664,1.113964,0.897608,0.995414
2026-01-07 17:40:00,0.623252,0.24719,0.250535,0.260002,0.043317,0.703052,0.722799,0.0,0.749031,0.032206,0.21029,0.02811,0.855425,0.0,0.752179,0.746185,0.727401,0.784265,0.208566,0.784265,0.537875,0.653317,0.306883,0.32773,0.679177,0.627583,0.210768,0.150246,0.37441,0.545155,0.266053,0.381012,0.84173,0.316513,0.460629,0.133798,0.916685,0.255661,0.011764,0.91011,0.949578,0.615302,1.040023,0.810311,0.917005,0.781277,1.078669,0.742612,1.102359
2026-01-07 17:50:00,0.706331,0.209454,0.212325,0.250925,0.041965,0.700789,0.692417,0.0,0.753476,0.032886,0.204091,0.028199,0.856778,0.0,0.731386,0.729291,0.717025,0.757502,0.217793,0.757502,0.629549,0.369788,0.216032,0.383953,0.654669,0.61301,0.180806,0.155797,0.466105,0.567243,0.27963,0.392918,0.80886,0.339128,0.652494,0.184636,0.864297,0.221798,0.011764,0.540423,0.723569,0.642273,1.05196,0.784481,0.934372,0.686908,0.836033,0.783503,1.096689
2026-01-07 18:00:00,0.739756,0.189376,0.189417,0.243985,0.04036,0.698084,0.630583,0.0,0.757922,0.033461,0.198923,0.028288,0.858131,0.0,0.709781,0.695971,0.685291,0.729421,0.247928,0.729421,0.721223,0.168319,0.11746,0.440176,0.630211,0.59787,0.160668,0.161347,0.504864,0.573931,0.293207,0.404823,0.741185,0.387001,0.882967,0.21807,0.776732,0.187935,0.011764,0.267134,0.497561,0.717591,1.060413,0.758964,0.951738,0.617356,0.621668,0.824395,1.08783
2026-01-07 18:10:00,0.660024,0.238991,0.238171,0.217823,0.038701,0.695842,0.488906,0.0,0.747985,0.033617,0.185058,0.028467,0.845922,0.0,0.626197,0.652351,0.443968,0.674402,0.66507,0.674402,0.312946,0.348509,0.108211,0.414624,0.574583,0.551168,0.124262,0.151895,0.314401,0.514616,0.281609,0.343774,0.64064,0.464323,1.055225,0.226181,0.706073,0.335387,0.011764,0.272388,0.839912,1.053869,1.03756,0.719717,0.753703,0.50523,1.072903,0.752211,1.082017
2026-01-07 18:20:00,0.747134,0.28489,0.297692,0.205427,0.038981,0.688444,0.466656,0.0,0.745076,0.034567,0.174686,0.028556,0.838816,0.0,0.589241,0.618065,0.461396,0.645502,0.602491,0.645502,0.451639,0.351591,0.114978,0.375028,0.545258,0.518382,0.239053,0.139586,0.235639,0.35812,0.216846,0.272997,0.350475,0.4303,0.965655,0.236765,0.739162,0.319408,0.011764,0.545309,0.792481,1.040246,1.028569,0.701678,0.894889,0.790877,0.982692,0.726844,1.064465
2026-01-07 18:30:00,0.834244,0.349955,0.382109,0.194371,0.03985,0.675443,0.459186,0.0,0.74187,0.035393,0.161882,0.028645,0.83058,0.0,0.553298,0.579311,0.478823,0.613773,0.463332,0.613773,0.590333,0.354639,0.133877,0.327095,0.515437,0.481579,0.353844,0.122461,0.169119,0.176363,0.161129,0.23159,0.12915,0.396277,0.774119,0.258771,0.77225,0.278895,0.011764,0.900201,0.695342,1.026623,1.019203,0.675372,1.043222,1.076524,0.892482,0.702537,1.038952
2026-01-07 18:40:00,0.762045,0.531988,0.555922,0.177212,0.047343,0.652977,0.485745,0.0,0.725748,0.034265,0.131717,0.028824,0.809148,0.0,0.478159,0.511579,0.418901,0.535031,0.201654,0.535031,0.54298,0.475177,0.218302,0.275017,0.456215,0.410489,0.313832,0.09109,0.067809,0.061588,0.185079,0.787337,0.18587,0.791107,0.455104,0.459332,0.699485,0.159291,0.011764,1.027759,0.553259,1.05915,0.99216,0.367267,1.051527,0.496665,1.038232,0.641925,1.01136
2026-01-07 18:50:00,0.758542,0.39028,0.421744,0.191987,0.050055,0.636128,0.517392,0.0,0.715477,0.032827,0.117188,0.028913,0.790678,0.0,0.308597,0.46901,0.429904,0.477509,0.179993,0.477509,0.509199,0.363047,0.258487,0.238506,0.421498,0.380726,0.294909,0.078208,0.079048,0.055056,0.158427,0.761167,0.160223,1.012583,0.531915,0.532504,0.709572,0.154951,0.011764,1.026826,0.576464,0.845057,0.984827,0.42118,0.812751,0.323748,0.832295,0.609973,0.998791
2026-01-07 19:00:00,0.754922,0.248572,0.287565,0.229923,0.051143,0.613109,0.536078,0.0,0.699065,0.030353,0.104557,0.029003,0.76952,0.0,0.186901,0.410685,0.440907,0.413628,0.17328,0.413628,0.469376,0.250916,0.275947,0.205815,0.386729,0.354328,0.269132,0.072851,0.093023,0.053092,0.109892,0.734997,0.11149,1.113893,0.608725,0.561942,0.71966,0.150773,0.011764,1.023547,0.599669,0.630963,0.97747,0.484155,0.436607,0.212662,0.626358,0.577096,0.983565
2026-01-07 19:10:00,0.605307,0.369081,0.302711,0.347507,0.048919,0.538662,0.397406,0.0,0.547587,0.02136,0.08649,0.029181,0.734677,0.0,0.202496,0.165406,0.366948,0.298677,0.332444,0.298677,0.382733,0.281861,0.225035,0.170688,0.327194,0.309118,0.095394,0.114868,0.09679,0.192095,0.059512,0.765497,0.05426,0.485936,0.168727,0.489203,0.499216,0.08653,0.011764,0.748461,0.54303,0.97445,0.950012,0.495832,0.183426,0.104522,0.984462,0.509653,0.92066
2026-01-07 19:20:00,0.642442,0.283626,0.262011,0.358012,0.047286,0.47686,0.303741,0.0,0.456942,0.015718,0.080332,0.029271,0.713665,0.0,0.158983,0.234215,0.294393,0.267178,0.448342,0.267178,0.340937,0.25972,0.173978,0.14135,0.296681,0.283819,0.077726,0.094865,0.129313,0.185873,0.062506,0.443934,0.050537,0.743085,0.112209,0.463738,0.356996,0.047368,0.011764,0.85832,0.523514,0.971824,0.943094,0.40077,0.2602,0.467707,0.973906,0.478581,0.861615
2026-01-07 19:30:00,0.679578,0.174695,0.193486,0.361292,0.044622,0.403733,0.204308,0.0,0.377191,0.010446,0.074916,0.02936,0.689341,0.0,0.11547,0.303024,0.223121,0.246624,0.506152,0.246624,0.300834,0.204264,0.11824,0.126013,0.265781,0.258813,0.066025,0.0681,0.158747,0.168275,0.06829,0.12237,0.04714,1.000233,0.083941,0.453607,0.288891,0.023148,0.011764,0.96818,0.502751,0.962603,0.933867,0.305709,0.402586,0.863488,0.950636,0.447913,0.784228
2026-01-07 19:40:00,0.389288,0.14148,0.136982,0.213389,0.02492,0.267255,0.032227,0.0,0.281406,0.003391,0.064067,0.029539,0.628759,0.0,0.17802,0.244311,0.153766,0.224423,0.308838,0.224423,0.226607,0.047932,0.048597,0.130436,0.203362,0.215493,0.04419,0.057986,0.082037,0.084527,0.075423,0.189887,0.02264,0.673845,0.061212,0.729104,0.32923,0.013276,0.011764,0.921446,0.42828,0.248105,0.252052,0.355104,0.558439,0.902699,0.908073,0.383755,0.616058
2026-01-07 19:50:00,0.399417,0.126803,0.123328,0.197338,0.02156,0.204931,0.029239,0.0,0.224576,0.001987,0.059154,0.029628,0.594004,0.0,0.166933,0.216211,0.146235,0.197829,0.281975,0.197829,0.180298,0.058869,0.039281,0.115785,0.176268,0.192655,0.050058,0.0533,0.06899,0.080698,0.0709,0.211062,0.014709,0.686158,0.079393,0.469763,0.296465,0.012109,0.011764,0.879428,0.38233,0.489516,0.261259,0.33486,0.638251,0.876499,0.858346,0.350812,0.533876
2026-01-07 20:00:00,0.409547,0.11078,0.110309,0.182841,0.018528,0.147226,0.026676,0.0,0.161459,0.001096,0.05337,0.029717,0.551357,0.0,0.142858,0.187869,0.139238,0.164796,0.263819,0.164796,0.143681,0.074846,0.033838,0.088023,0.14788,0.167839,0.055927,0.047579,0.062342,0.077287,0.061112,0.21925,0.00997,0.698471,0.097575,0.210423,0.230448,0.011733,0.011764,0.823303,0.336503,0.730927,0.290518,0.293497,0.688833,0.81383,0.786321,0.3177,0.454468
2026-01-07 20:10:00,0.1945,0.063393,0.065259,0.108724,0.007152,0.044946,0.007871,0.0,0.01966,0.0,0.031781,0.029896,0.415607,0.0,0.100838,0.127215,0.098159,0.116324,0.231916,0.116324,0.111773,0.083242,0.02725,0.055688,0.07272,0.108353,0.037816,0.023783,0.05746,0.052412,0.044195,0.072354,0.00645,0.07394,0.083256,0.444246,0.138443,0.013779,0.011764,0.688073,0.26275,0.594666,0.594749,0.233423,0.717186,0.664015,0.621391,0.2523,0.306553
2026-01-07 20:20:00,0.079227,0.037535,0.038893,0.08004,0.006167,0.020275,0.002181,0.0,0.013344,0.0,0.021013,0.028612,0.345167,0.0,0.080071,0.097952,0.078765,0.093239,0.157592,0.093239,0.089712,0.071242,0.026469,0.051648,0.046456,0.088144,0.029391,0.018054,0.048229,0.041315,0.038685,0.048327,0.003526,0.06068,0.078704,0.442784,0.112467,0.015905,0.011764,0.619026,0.228502,0.524359,0.337585,0.201328,0.700181,0.569222,0.556381,0.174659,0.229492
2026-01-07 20:30:00,0.023831,0.017821,0.018353,0.058537,0.005383,0.007571,0.0,0.0,0.009208,0.0,0.012108,0.025205,0.275577,0.0,0.061817,0.07176,0.061212,0.071931,0.076659,0.071931,0.067485,0.048582,0.025628,0.048031,0.031088,0.070713,0.022336,0.014734,0.034107,0.031268,0.033202,0.036915,0.002,0.050464,0.073232,0.437669,0.09543,0.019712,0.011764,0.548619,0.195262,0.454311,0.08042,0.169486,0.649462,0.474056,0.491195,0.125924,0.154772
2026-01-07 20:40:00,0.018836,0.0,0.0,0.03305,0.002686,0.0,0.0,0.0,0.0,0.0,0.001257,0.013127,0.145803,0.0,0.035577,0.031409,0.032802,0.035927,0.030338,0.035927,0.034708,0.022444,0.011381,0.031743,0.021093,0.037504,0.012879,0.011888,0.009978,0.014114,0.016652,0.030068,0.00291,0.007256,0.03511,0.117783,0.077174,0.042288,0.011764,0.40309,0.129392,0.319914,0.405349,0.111144,0.323749,0.322098,0.324451,0.122087,0.022772
2026-01-07 20:50:00,0.018836,0.0,0.0,0.016924,0.001314,0.0,0.0,0.0,0.0,0.0,0.000299,0.013127,0.070121,0.0,0.025763,0.020118,0.020894,0.023074,0.016774,0.023074,0.022795,0.016685,0.007365,0.021112,0.016057,0.026579,0.009936,0.008806,0.004993,0.006886,0.013013,0.021704,0.004521,0.003209,0.024223,0.093149,0.068499,0.044516,0.011764,0.331184,0.096161,0.243077,0.37827,0.084734,0.168855,0.270521,0.245714,0.102245,0.008846
2026-01-07 21:00:00,0.018836,0.0,0.0,0.005976,0.000459,0.0,0.0,0.0,0.0,0.0,0.0,0.013127,0.022374,0.0,0.01809,0.012109,0.012074,0.013772,0.011617,0.013772,0.013925,0.012311,0.004556,0.01191,0.010972,0.017461,0.007333,0.005461,0.002249,0.002635,0.009977,0.012942,0.0056,0.001939,0.016285,0.075807,0.060683,0.045219,0.011764,0.255228,0.065059,0.164541,0.315035,0.061904,0.083313,0.216279,0.174958,0.068437,0.00296
2026-01-07 21:10:00,0.018836,0.0,0.0,0.0,0.0,0.0,0.0,0.0,0.0,0.0,0.0,0.013127,0.0,0.0,0.007654,0.001515,0.002623,0.003016,0.021658,0.003016,0.003043,0.004188,0.000992,0.00218,0.000613,0.001137,0.001607,0.001644,0.0,0.000318,0.002619,0.004822,0.00199,0.003824,0.005175,0.03383,0.048256,0.03756,0.011764,0.075597,0.013438,0.018892,0.175677,0.027834,0.052208,0.02655,0.062612,0.024809,0.0
2026-01-07 21:20:00,0.018836,0.0,0.0,0.0,0.0,0.0,0.0,0.0,0.0,0.0,0.0,0.013127,0.0,0.0,0.005349,0.000887,0.001462,0.00102,0.014234,0.00102,0.000897,0.002242,0.000844,0.000552,0.00014,0.000262,0.000804,0.001059,0.0,7.7e-05,0.000707,0.001422,0.001406,0.003663,0.00146,0.022541,0.03693,0.024533,0.011764,0.035268,0.004155,0.008266,0.090072,0.019645,0.035599,0.010694,0.026606,0.011904,0.0
2026-01-07 21:30:00,0.018836,0.0,0.0,0.0,0.0,0.0,0.0,0.0,0.0,0.0,0.0,0.013127,0.0,0.0,0.004526,0.000549,0.000988,0.000331,0.004556,0.000331,9.2e-05,0.001316,0.0008,0.0,0.0,0.0,0.000539,0.000863,0.0,0.0,0.0,0.0,0.000965,0.003198,0.0,0.013961,0.024295,0.011326,0.011764,0.014552,0.000609,0.003476,0.032926,0.013337,0.021612,0.003921,0.008173,0.004702,0.0
2026-01-07 21:40:00,0.018836,0.0,0.0,0.0,0.0,0.0,0.0,0.0,0.0,0.0,0.0,0.013127,0.0,0.0,0.004598,0.000127,0.0008,0.00115,0.001288,0.00115,0.0,0.0009,0.0008,0.0,0.0,0.0,0.000919,0.000874,0.0,0.0,0.0,0.0,0.0,0.000777,0.0,0.0,0.005939,0.003229,0.011764,0.001584,0.0,0.0,0.002347,0.001846,0.004862,0.0,0.0,0.0,0.0
2026-01-07 21:50:00,0.018836,0.0,0.0,0.0,0.0,0.0,0.0,0.0,0.0,0.0,0.0,0.013127,0.0,0.0,0.004526,9e-05,0.0008,0.001193,0.000955,0.001193,0.000415,0.0009,0.0008,0.0,0.0,0.0,0.000919,0.000926,0.0,0.0,0.0,0.0,0.0,0.000207,0.0,0.0,0.002385,0.001029,0.011764,0.000378,0.0,0.0,0.000544,0.000451,0.001274,0.0,0.0,0.0,0.0
2026-01-07 22:00:00,0.018836,0.0,0.0,0.0,0.0,0.0,0.0,0.0,0.0,0.0,0.0,0.013127,0.0,0.0,0.004455,6.4e-05,0.0008,0.001206,0.00085,0.001206,0.00083,0.0009,0.0008,0.0,0.0,0.0,0.000919,0.00097,0.0,0.0,0.0,0.0,0.0,0.0,0.0,0.0,0.000806,0.000128,0.011764,0.0,0.0,0.0,0.0,0.0,0.0,0.0,0.0,0.0,0.0
2026-01-07 22:10:00,0.018836,0.0,0.0,0.0,0.0,0.0,0.0,0.0,0.0,0.0,0.0,0.013127,0.0,0.0,0.004464,0.0,0.0008,0.0,0.00085,0.0,0.000539,0.0009,0.000874,0.000253,0.0,0.0,0.001048,0.000914,0.0,0.0,0.0,0.0,0.0,0.0,0.0,0.0,0.000163,0.0,0.011764,0.0,0.0,0.0,0.0,0.0,0.0,0.0,0.0,0.0,0.0
2026-01-07 22:20:00,0.018836,0.0,0.0,0.0,0.0,0.0,0.0,0.0,0.0,0.0,0.0,0.013127,0.0,0.0,0.004573,0.000263,0.0008,0.000124,0.00085,0.000124,0.000271,0.0009,0.000837,0.000127,0.0,0.0,0.000948,0.000843,0.0,0.0,0.0,0.0,4.5e-05,0.0,0.0,0.0,4.2e-05,0.0,0.011764,0.0,0.0,0.0,0.0,0.0,0.0,0.0,0.0,0.0,0.0
2026-01-07 22:30:00,0.018836,0.0,0.0,0.0,0.0,0.0,0.0,0.0,0.0,0.0,0.0,0.013127,0.0,0.0,0.004676,0.000526,0.0008,0.000434,0.00085,0.000434,0.000127,0.0009,0.0008,0.0,0.0,0.0,0.000848,0.0008,0.0,0.0,0.0,0.0,9e-05,0.0,0.0,0.0,0.0,0.0,0.011764,0.0,0.0,0.0,0.0,0.0,0.0,0.0,0.0,0.0,0.0
2026-01-07 22:40:00,0.018836,0.0,0.0,0.0,0.000271,0.0,0.0,0.0,0.0,0.0,0.0,0.013127,0.0,0.0,0.004591,0.0,0.0008,0.0013,0.00085,0.0013,0.001887,0.000963,0.000914,0.0,0.0,0.0,0.001209,0.001004,0.0,0.0,0.0,0.0,0.0,0.000225,0.0,0.0,0.000804,0.0,0.011764,0.0,0.0,0.0,0.0,0.0,0.0,0.0,0.0,0.0,0.0
2026-01-07 22:50:00,0.018836,0.0,0.0,0.0,0.000235,0.0,0.0,0.0,0.0,0.0,0.0,0.013127,0.0,0.0,0.004473,6.3e-05,0.0008,0.001002,0.00085,0.001002,0.0012,0.000942,0.000888,3e-05,0.0,0.0,0.001053,0.001003,0.0,0.0,0.0,0.0,0.0,0.000112,0.0,0.0,0.000585,0.0,0.011764,0.0,0.0,0.0,0.0,0.0,0.0,0.0,0.0,0.0,0.0
2026-01-07 23:00:00,0.018836,0.0,0.0,0.0,0.000155,0.0,0.0,0.0,0.0,0.0,0.0,0.013127,0.0,0.0,0.0044,0.000126,0.0008,0.000536,0.00085,0.000536,0.000513,0.0009,0.000862,5.9e-05,0.0,0.0,0.000897,0.001003,0.0,0.0,0.0,0.0,0.0,0.0,0.0,0.0,0.000365,0.0,0.011764,0.0,0.0,0.0,0.0,0.0,0.0,0.0,0.0,0.0,0.0
2026-01-07 23:10:00,0.018836,0.0,0.0,0.0,0.0,0.0,0.0,0.0,0.0,0.0,0.000194,0.013127,0.0,0.0,0.004611,0.0,0.0008,0.000229,0.00085,0.000229,0.001218,0.000846,0.000922,0.0,0.0,0.0,0.001033,0.000911,0.0,2.1e-05,0.0,0.0,0.0,0.0,0.0,0.0,0.000625,0.0,0.011764,0.0,0.0,0.0,0.0,0.0,0.0,0.0,0.0,0.0,0.0
2026-01-07 23:20:00,0.018836,0.0,0.0,0.0,0.0,0.0,0.0,0.0,0.0,0.0,9.7e-05,0.013127,0.0,0.0,0.004564,0.0,0.0008,0.000448,0.00085,0.000448,0.000679,0.000838,0.001036,0.0,0.0,0.0,0.001195,0.001025,0.0,1e-05,0.0,0.0,0.0,0.0,0.0,0.0,0.000359,0.0,0.011764,0.0,0.0,0.0,0.0,0.0,0.0,0.0,0.0,0.0,0.0
2026-01-07 23:30:00,0.018836,0.0,0.0,0.0,0.0,0.0,0.0,0.0,0.0,0.0,0.0,0.013127,0.0,0.0,0.004481,0.0,0.0008,0.000668,0.00085,0.000668,0.00014,0.000835,0.001113,0.0,0.0,0.0,0.00129,0.001138,0.0,0.0,0.0,0.0,0.0,0.0,0.0,0.0,9.3e-05,0.0,0.011764,0.0,0.0,0.0,0.0,0.0,0.0,0.0,0.0,0.0,0.0
2026-01-07 23:40:00,0.018836,0.0,0.0,0.0,0.0,0.0,0.0,0.0,0.0,0.0,0.0,0.013127,0.002806,0.0,0.0044,0.0,0.0008,0.000229,0.00085,0.000229,0.001657,0.0009,0.0008,0.0,0.0,0.0,0.001037,0.001025,0.0,0.0,0.0,0.0,0.00024,6e-06,0.0,0.0,0.000547,0.0,0.011764,0.0,0.0,0.0,0.0,0.0,0.0,0.0,0.0,0.0,0.0
2026-01-07 23:50:00,0.018836,0.0,0.0,0.0,0.0,0.0,0.0,0.0,0.0,0.0,0.0,0.013127,0.002456,0.0,0.0044,3.4e-05,0.0008,0.000358,0.00085,0.000358,0.001427,0.0009,0.000917,0.0,0.0,0.0,0.00105,0.000932,0.0,0.0,0.0,0.0,0.000255,5e-06,0.0,0.0,0.000785,0.0,0.011764,0.0,0.0,0.0,0.0,0.0,0.0,0.0,0.0,0.0,0.0
