CodDist;CodConsMT;TipCrvaCarga;CodAlim;fcDU;fcSA;fcDO;EnerMedid01_MWh;EnerMedid02_MWh;EnerMedid03_MWh;EnerMedid04_MWh;EnerMedid05_MWh;EnerMedid06_MWh;EnerMedid07_MWh;EnerMedid08_MWh;EnerMedid09_MWh;EnerMedid10_MWh;EnerMedid11_MWh;EnerMedid12_MWh;PropEnerMensDU01;PropEnerMensDU02;PropEnerMensDU03;PropEnerMensDU04;PropEnerMensDU05;PropEnerMensDU06;PropEnerMensDU07;PropEnerMensDU08;PropEnerMensDU09;PropEnerMensDU10;PropEnerMensDU11;PropEnerMensDU12;PropEnerMensSA01;PropEnerMensSA02;PropEnerMensSA03;PropEnerMensSA04;PropEnerMensSA05;PropEnerMensSA06;PropEnerMensSA07;PropEnerMensSA08;PropEnerMensSA09;PropEnerMensSA10;PropEnerMensSA11;PropEnerMensSA12;PropEnerMensDO01;PropEnerMensDO02;PropEnerMensDO03;PropEnerMensDO04;PropEnerMensDO05;PropEnerMensDO06;PropEnerMensDO07;PropEnerMensDO08;PropEnerMensDO09;PropEnerMensDO10;PropEnerMensDO11;PropEnerMensDO12;DiasMesDU01;DiasMesDU02;DiasMesDU03;DiasMesDU04;DiasMesDU05;DiasMesDU06;DiasMesDU07;DiasMesDU08;DiasMesDU09;DiasMesDU10;DiasMesDU11;DiasMesDU12;DiasMesSA01;DiasMesSA02;DiasMesSA03;DiasMesSA04;DiasMesSA05;DiasMesSA06;DiasMesSA07;DiasMesSA08;DiasMesSA09;DiasMesSA10;DiasMesSA11;DiasMesSA12;DiasMesDO01;DiasMesDO02;DiasMesDO03;DiasMesDO04;DiasMesDO05;DiasMesDO06;DiasMesDO07;DiasMesDO08;DiasMesDO09;DiasMesDO10;DiasMesDO11;DiasMesDO12;DemMaxDU01_kW;DemMaxDU02_kW;DemMaxDU03_kW;DemMaxDU04_kW;DemMaxDU05_kW;DemMaxDU06_kW;DemMaxDU07_kW;DemMaxDU08_kW;DemMaxDU09_kW;DemMaxDU10_kW;DemMaxDU11_kW;DemMaxDU12_kW;DemMaxSA01_kW;DemMaxSA02_kW;DemMaxSA03_kW;DemMaxSA04_kW;DemMaxSA05_kW;DemMaxSA06_kW;DemMaxSA07_kW;DemMaxSA08_kW;DemMaxSA09_kW;DemMaxSA10_kW;DemMaxSA11_kW;DemMaxSA12_kW;DemMaxDO01_kW;DemMaxDO02_kW;DemMaxDO03_kW;DemMaxDO04_kW;DemMaxDO05_kW;DemMaxDO06_kW;DemMaxDO07_kW;DemMaxDO08_kW;DemMaxDO09_kW;DemMaxDO10_kW;DemMaxDO11_kW;DemMaxDO12_kW
20250139;272536324;MT-Tipo05;ESB01S1;0.4932432432432433;0.6127266387726639;0.6246702358783365;4.997;5.423;5.567;5.867;6.19;6.248;5.287;5.482;5.267;5.022;5.715;5.369;0.7815815259072254;0.7845721286253035;0.726718950452866;0.7461431172343302;0.7536470651925019;0.7461431172343302;0.8072554311274938;0.7536470651925019;0.8002443965274338;0.8072554311274938;0.7164146064755744;0.7815815259072254;0.10181115574606883;0.11242079269677475;0.1301638139708518;0.10691432647715984;0.12855900231249648;0.10691432647715984;0.10058353676510567;0.12855900231249648;0.10424223729597783;0.10058353676510567;0.1350717748952354;0.10181115574606883;0.11660731834670571;0.10300707867792175;0.14311723557628206;0.14694255628850988;0.11779393249500154;0.14694255628850988;0.09216103210740052;0.11779393249500154;0.09551336617658836;0.09216103210740052;0.14851361862919019;0.11660731834670571;22.0;20.0;20.0;20.0;21.0;20.0;23.0;21.0;22.0;23.0;19.0;22.0;4.0;4.0;5.0;4.0;5.0;4.0;4.0;5.0;4.0;4.0;5.0;4.0;5.0;4.0;6.0;6.0;5.0;6.0;4.0;5.0;4.0;4.0;6.0;5.0;14.99645358483406;17.970911207853394;17.087767430973845;18.4899545372273;18.76579553609901;19.690682793351996;15.675451675772203;16.619400828577508;16.18418718875776;14.889751903863818;18.203490820991657;16.112859575139897;8.649016425616168;10.36449753541738;9.855155444022076;10.663849262541808;10.822937097315792;11.35635421720832;9.040620054318428;9.585030883277089;9.334026877686062;8.587477570037288;10.49863490882482;9.292889571569582;7.773258277080974;9.315037952333277;8.857269411614821;9.584078751439248;9.727058110893022;10.206463957557938;8.125209990240998;8.614496375430623;8.388907838188143;7.717950552485396;9.435593215127914;8.351935899469233
20250139;203784691;MT-Tipo01;ESB01S1;0.43279569892473113;0.7823275862068967;0.7420977011494253;2.734;3.575;3.089;3.905;8.502;12.074;10.234;11.368;12.665;11.405;16.8693;13.04014;0.8561630383877449;0.8585521930409279;0.8156674002184824;0.8299771240777137;0.8360275708589621;0.8299771240777137;0.8746899728357151;0.8360275708589621;0.8697360343769184;0.8746899728357151;0.8078300625546735;0.8561630383877449;0.06580756273321953;0.0725903212904946;0.08620553171951935;0.07017430808389986;0.0841498470002782;0.07017430808389986;0.06430849179166175;0.0841498470002782;0.06685082872928177;0.06430849179166175;0.08987076435538978;0.06580756273321953;0.07802939887903554;0.06885748566857752;0.09812706806199833;0.09984856783838646;0.07982258214075974;0.09984856783838646;0.06100153537262312;0.07982258214075974;0.06341313689379986;0.06100153537262312;0.10229917308993679;0.07802939887903554;22.0;20.0;20.0;20.0;21.0;20.0;23.0;21.0;22.0;23.0;19.0;22.0;4.0;4.0;5.0;4.0;5.0;4.0;4.0;5.0;4.0;4.0;5.0;4.0;5.0;4.0;6.0;6.0;5.0;6.0;4.0;5.0;4.0;4.0;6.0;5.0;10.243258350580877;14.77469670710572;12.128492946820133;15.60137899925895;32.58578802583995;48.238425105519234;37.46946970591709;43.57036441751925;48.20319214241867;41.75682059761427;69.05089210556721;48.85644584774825;2.3956007432810114;3.4553726169844015;2.836502382724063;3.6487096046653993;7.620869780236764;11.281567161774655;8.763021140899964;10.189843291194016;11.273327194597911;9.765708042990433;16.148998960172975;11.426104270844348;2.3956007432810114;3.455372616984402;2.836502382724064;3.6487096046653997;7.620869780236763;11.281567161774658;8.763021140899964;10.189843291194016;11.273327194597911;9.765708042990434;16.148998960172975;11.426104270844347
20250139;228582713_1;MT-Tipo02;ESB01S1;0.44365057343692194;0.637736560614372;0.7756537387982958;17.583;12.967;12.88609;13.39839;13.211110000000001;20.663;16.1955;10.577639999999999;16.606;0.0;0.0;0.0;0.7727742058319541;0.7739975012447674;0.7161059456537068;0.73806616542345;0.7420535111988559;0.73806616542345;0.7975068769354491;0.7420535111988559;0.7902333848424212;0.7975068769354491;0.7055635614402187;0.7727742058319541;0.11675729621950277;0.12863633429841226;0.14876863890071507;0.12266464147115361;0.14681824735248586;0.12266464147115361;0.11525524370361862;0.14681824735248586;0.11939517740147083;0.11525524370361862;0.1542931510424731;0.11675729621950277;0.11046849794854308;0.0973661644568204;0.13512541544557813;0.13926919310539626;0.11112824144865828;0.13926919310539626;0.0872378793609323;0.11112824144865828;0.09037143775610795;0.0872378793609323;0.1401432875173082;0.11046849794854308;22.0;20.0;20.0;20.0;21.0;20.0;23.0;21.0;22.0;23.0;19.0;22.0;4.0;4.0;5.0;4.0;5.0;4.0;4.0;5.0;4.0;4.0;5.0;4.0;5.0;4.0;6.0;6.0;5.0;6.0;4.0;5.0;4.0;4.0;6.0;5.0;58.00569355145798;47.12992893300385;43.3327404199256;46.43715742671213;43.843271146700125;71.61539438008244;52.741037910599196;35.10366188853026;56.02030089223582;0.0;0.0;0.0;33.532386029588686;27.245238764821956;25.0501302633659;26.844755981891936;25.345261867903695;41.39998856980825;30.488952627563766;20.293000038937894;32.384654677832856;0.0;0.0;0.0;20.868070186817537;16.955416005864237;15.589343271414492;16.70618522296018;15.77301129409586;25.764282519170305;18.974062948969333;12.628858225000029;20.15380731322072;0.0;0.0;0.0
20250139;227165514;MT-Tipo05;ESB01S1;0.4932432432432433;0.6127266387726639;0.6246702358783365;6.394;6.966;6.683;6.922;6.99;7.058;6.433;6.921;6.688;6.578;7.101;7.158;0.7815815259072254;0.7845721286253035;0.726718950452866;0.7461431172343302;0.7536470651925019;0.7461431172343302;0.8072554311274938;0.7536470651925019;0.8002443965274338;0.8072554311274938;0.7164146064755744;0.7815815259072254;0.10181115574606883;0.11242079269677475;0.1301638139708518;0.10691432647715984;0.12855900231249648;0.10691432647715984;0.10058353676510567;0.12855900231249648;0.10424223729597783;0.10058353676510567;0.1350717748952354;0.10181115574606883;0.11660731834670571;0.10300707867792175;0.14311723557628206;0.14694255628850988;0.11779393249500154;0.14694255628850988;0.09216103210740052;0.11779393249500154;0.09551336617658836;0.09216103210740052;0.14851361862919019;0.11660731834670571;22.0;20.0;20.0;20.0;21.0;20.0;23.0;21.0;22.0;23.0;19.0;22.0;4.0;4.0;5.0;4.0;5.0;4.0;4.0;5.0;4.0;4.0;5.0;4.0;5.0;4.0;6.0;6.0;5.0;6.0;4.0;5.0;4.0;4.0;6.0;5.0;19.188978231224528;23.08415406120353;20.513301552218106;21.814805745131647;21.191100290360595;22.24341215676671;19.073232576176014;20.98191775530553;20.550568429544693;19.503143772125885;22.61819568151562;21.481812039272;11.067002406521867;13.313496188773273;11.830789263948182;12.58141547559475;12.221701180975344;12.828608845239488;11.000247552379506;12.101057778759708;11.852282467811731;11.248193440005036;13.044760540256352;12.389365534232644;9.94641053104978;11.965435068403762;10.632859974460542;11.307481356308587;10.984190015370311;11.529645104424445;9.886414955025598;10.875762388609145;10.652176879020752;10.109255024740927;11.723910309820354;11.134877475954696
20250139;1312014_1;MT-Tipo05;ESB01S1;0.4932432432432433;0.6127266387726639;0.6246702358783365;144.204;0.0;0.0;0.0;0.0;0.0;0.0;0.0;0.0;0.0;0.0;0.0;0.7815815259072254;0.7845721286253035;0.726718950452866;0.7461431172343302;0.7536470651925019;0.7461431172343302;0.8072554311274938;0.7536470651925019;0.8002443965274338;0.8072554311274938;0.7164146064755744;0.7815815259072254;0.10181115574606883;0.11242079269677475;0.1301638139708518;0.10691432647715984;0.12855900231249648;0.10691432647715984;0.10058353676510567;0.12855900231249648;0.10424223729597783;0.10058353676510567;0.1350717748952354;0.10181115574606883;0.11660731834670571;0.10300707867792175;0.14311723557628206;0.14694255628850988;0.11779393249500154;0.14694255628850988;0.09216103210740052;0.11779393249500154;0.09551336617658836;0.09216103210740052;0.14851361862919019;0.11660731834670571;22.0;20.0;20.0;20.0;21.0;20.0;23.0;21.0;22.0;23.0;19.0;22.0;4.0;4.0;5.0;4.0;5.0;4.0;4.0;5.0;4.0;4.0;5.0;4.0;5.0;4.0;6.0;6.0;5.0;6.0;4.0;5.0;4.0;4.0;6.0;5.0;432.7693801775887;0.0;0.0;0.0;0.0;0.0;0.0;0.0;0.0;0.0;0.0;0.0;249.59430951361895;0.0;0.0;0.0;0.0;0.0;0.0;0.0;0.0;0.0;0.0;0.0;224.32158026579643;0.0;0.0;0.0;0.0;0.0;0.0;0.0;0.0;0.0;0.0;0.0
20250139;247656640;MT-Tipo02;ESB01S1;0.44365057343692194;0.637736560614372;0.7756537387982958;1.506;1.302;1.85565;1.81452;1.58547;2.391;2.11171;0.99938;2.775;2.15652;2.31;2.16696;0.7727742058319541;0.7739975012447674;0.7161059456537068;0.73806616542345;0.7420535111988559;0.73806616542345;0.7975068769354491;0.7420535111988559;0.7902333848424212;0.7975068769354491;0.7055635614402187;0.7727742058319541;0.11675729621950277;0.12863633429841226;0.14876863890071507;0.12266464147115361;0.14681824735248586;0.12266464147115361;0.11525524370361862;0.14681824735248586;0.11939517740147083;0.11525524370361862;0.1542931510424731;0.11675729621950277;0.11046849794854308;0.0973661644568204;0.13512541544557813;0.13926919310539626;0.11112824144865828;0.13926919310539626;0.0872378793609323;0.11112824144865828;0.09037143775610795;0.0872378793609323;0.1401432875173082;0.11046849794854308;22.0;20.0;20.0;20.0;21.0;20.0;23.0;21.0;22.0;23.0;19.0;22.0;4.0;4.0;5.0;4.0;5.0;4.0;4.0;5.0;4.0;4.0;5.0;4.0;5.0;4.0;6.0;6.0;5.0;6.0;4.0;5.0;4.0;4.0;6.0;5.0;4.968240601063284;4.732256302211075;6.240092980899167;6.288901195883811;5.261646531211885;8.286909353084118;6.8768347483060985;3.3166091508275355;9.36145579766075;7.022759598343081;8.056422501316085;7.148724205099663;2.872079472249364;2.7356598189094;3.6073218659201456;3.635537301441633;3.0416938723320954;4.790561519160408;3.9754145381836117;1.9172914165081956;5.411743751113223;4.059771919384632;4.657319873124853;4.132590526683586;1.78736926015738;1.702471785273019;2.2449295978532127;2.26248879236727;1.8929246835769409;2.981290204875197;2.47400317804131;1.1931799846563627;3.367867957014784;2.526500955864984;2.8983704860450614;2.5718178565674874
20250139;206666450;MT-Tipo01;ESB01S1;0.43279569892473113;0.7823275862068967;0.7420977011494253;2.417;3.482;3.368;2.461;4.161;3.318;3.911;3.34036;5.573;5.502;5.18476;4.18789;0.8561630383877449;0.8585521930409279;0.8156674002184824;0.8299771240777137;0.8360275708589621;0.8299771240777137;0.8746899728357151;0.8360275708589621;0.8697360343769184;0.8746899728357151;0.8078300625546735;0.8561630383877449;0.06580756273321953;0.0725903212904946;0.08620553171951935;0.07017430808389986;0.0841498470002782;0.07017430808389986;0.06430849179166175;0.0841498470002782;0.06685082872928177;0.06430849179166175;0.08987076435538978;0.06580756273321953;0.07802939887903554;0.06885748566857752;0.09812706806199833;0.09984856783838646;0.07982258214075974;0.09984856783838646;0.06100153537262312;0.07982258214075974;0.06341313689379986;0.06100153537262312;0.10229917308993679;0.07802939887903554;22.0;20.0;20.0;20.0;21.0;20.0;23.0;21.0;22.0;23.0;19.0;22.0;4.0;4.0;5.0;4.0;5.0;4.0;4.0;5.0;4.0;4.0;5.0;4.0;5.0;4.0;6.0;6.0;5.0;6.0;4.0;5.0;4.0;4.0;6.0;5.0;9.055579895155077;14.390347953606186;13.223944397827843;9.832264716306346;15.947949185546937;13.256178109997746;14.319239400023623;12.802665595153465;21.2109269490485;20.14432502657376;21.222712463069637;15.69043131448945;2.1178372335443325;3.3654846020530593;3.0926966736855435;2.299481264297451;3.7297623095230734;3.100235203144633;3.3488543758119755;2.994171792414923;4.960620012277471;4.7111727884728944;4.963376301846931;3.669536355808016;2.1178372335443325;3.3654846020530598;3.0926966736855444;2.2994812642974516;3.7297623095230734;3.100235203144634;3.3488543758119755;2.994171792414923;4.96062001227747;4.711172788472895;4.963376301846931;3.669536355808016
20250139;195100261;MT-Tipo05;ESB01S1;0.4932432432432433;0.6127266387726639;0.6246702358783365;94.76682000000001;96.57061999999999;88.3269;92.08215;87.29469999999999;91.94462;88.26886999999999;90.02333999999999;90.27748;90.87428;96.48718;95.08427999999999;0.7815815259072254;0.7845721286253035;0.726718950452866;0.7461431172343302;0.7536470651925019;0.7461431172343302;0.8072554311274938;0.7536470651925019;0.8002443965274338;0.8072554311274938;0.7164146064755744;0.7815815259072254;0.10181115574606883;0.11242079269677475;0.1301638139708518;0.10691432647715984;0.12855900231249648;0.10691432647715984;0.10058353676510567;0.12855900231249648;0.10424223729597783;0.10058353676510567;0.1350717748952354;0.10181115574606883;0.11660731834670571;0.10300707867792175;0.14311723557628206;0.14694255628850988;0.11779393249500154;0.14694255628850988;0.09216103210740052;0.11779393249500154;0.09551336617658836;0.09216103210740052;0.14851361862919019;0.11660731834670571;22.0;20.0;20.0;20.0;21.0;20.0;23.0;21.0;22.0;23.0;19.0;22.0;4.0;4.0;5.0;4.0;5.0;4.0;4.0;5.0;4.0;4.0;5.0;4.0;5.0;4.0;6.0;6.0;5.0;6.0;4.0;5.0;4.0;4.0;6.0;5.0;284.4038858339652;320.0188156568968;271.11721305889773;290.1985285819234;264.6453136647984;289.7651003481575;261.70879632306014;272.9175431206338;277.40034844301016;269.4335889371274;307.3321951834417;285.35661230085356;164.02637238011025;184.566836249996;156.36345058174842;167.36835987229657;152.63086381729448;167.11838557724334;150.93726428863746;157.40176835384048;159.9871700721029;155.39244149607492;177.24998708697535;164.57584541482626;147.41784429810747;165.8784787719629;140.53083340987263;150.42143807769583;137.17619057721697;150.19677498741368;135.6540768585746;141.4640160770081;143.78763234932094;139.65814407262297;159.30249885473765;147.91168031424553
20250139;4644972;MT-Tipo05;ESB01S1;0.4932432432432433;0.6127266387726639;0.6246702358783365;12.411;28.034;35.888;37.504;38.169;36.647;32.949;10.095180000000001;38.922;36.069;9.18497;0.0;0.7815815259072254;0.7845721286253035;0.726718950452866;0.7461431172343302;0.7536470651925019;0.7461431172343302;0.8072554311274938;0.7536470651925019;0.8002443965274338;0.8072554311274938;0.7164146064755744;0.7815815259072254;0.10181115574606883;0.11242079269677475;0.1301638139708518;0.10691432647715984;0.12855900231249648;0.10691432647715984;0.10058353676510567;0.12855900231249648;0.10424223729597783;0.10058353676510567;0.1350717748952354;0.10181115574606883;0.11660731834670571;0.10300707867792175;0.14311723557628206;0.14694255628850988;0.11779393249500154;0.14694255628850988;0.09216103210740052;0.11779393249500154;0.09551336617658836;0.09216103210740052;0.14851361862919019;0.11660731834670571;22.0;20.0;20.0;20.0;21.0;20.0;23.0;21.0;22.0;23.0;19.0;22.0;4.0;4.0;5.0;4.0;5.0;4.0;4.0;5.0;4.0;4.0;5.0;4.0;5.0;4.0;6.0;6.0;5.0;6.0;4.0;5.0;4.0;4.0;6.0;5.0;37.24654501528427;92.89996769333618;110.15731948316676;118.19452104383376;115.71432145676302;115.49367034698633;97.69064824380902;30.604860061408075;119.59767111464392;106.9411512187304;29.256083479629698;0.0;21.481477458139338;53.57889063394631;63.53185172894993;68.1672068761493;66.73678288650184;66.6095251277262;56.341855526714184;17.650969002597808;68.97645607239357;61.676967039760044;16.873079033859792;0.0;19.306365514679204;48.153747732935834;57.098919461834505;61.26492065689067;59.97933457749204;59.864962332366474;50.636947979657776;15.863716074301296;61.99222913954033;55.43185154870485;15.16459153336018;0.0
20250139;218702324;MT-Tipo01;ESB01S1;0.43279569892473113;0.7823275862068967;0.7420977011494253;2.927;3.043;2.8573899999999997;3.52177;3.6606799999999997;3.462;1.02973;0.9478300000000001;2.322;1.81304;2.611;2.07043;0.8561630383877449;0.8585521930409279;0.8156674002184824;0.8299771240777137;0.8360275708589621;0.8299771240777137;0.8746899728357151;0.8360275708589621;0.8697360343769184;0.8746899728357151;0.8078300625546735;0.8561630383877449;0.06580756273321953;0.0725903212904946;0.08620553171951935;0.07017430808389986;0.0841498470002782;0.07017430808389986;0.06430849179166175;0.0841498470002782;0.06685082872928177;0.06430849179166175;0.08987076435538978;0.06580756273321953;0.07802939887903554;0.06885748566857752;0.09812706806199833;0.09984856783838646;0.07982258214075974;0.09984856783838646;0.06100153537262312;0.07982258214075974;0.06341313689379986;0.06100153537262312;0.10229917308993679;0.07802939887903554;22.0;20.0;20.0;20.0;21.0;20.0;23.0;21.0;22.0;23.0;19.0;22.0;4.0;4.0;5.0;4.0;5.0;4.0;4.0;5.0;4.0;4.0;5.0;4.0;5.0;4.0;6.0;6.0;5.0;6.0;4.0;5.0;4.0;4.0;6.0;5.0;10.966355959089329;12.576056525796563;11.219111188512263;14.070286432322714;14.030362562977158;13.831491445693851;3.7701228298098504;3.6327672858776627;8.837569060773482;6.6380347230424;10.687573241784541;7.7571138942184215;2.564712280754762;2.941174510065324;2.6238243908617385;3.290631504333537;3.28129447037369;3.2347842897187227;0.8817222747135939;0.8495988007294533;2.0668508287292817;1.5524436045824965;2.499513096868965;1.8141637333252758;2.564712280754762;2.941174510065325;2.623824390861739;3.290631504333538;3.28129447037369;3.2347842897187236;0.881722274713594;0.8495988007294533;2.0668508287292817;1.5524436045824968;2.499513096868965;1.8141637333252758
20250139;222462385;MT-Tipo05;ESB01S1;0.4932432432432433;0.6127266387726639;0.6246702358783365;0.0;0.0;0.0;0.0;0.0;0.0;0.0;0.0;1.883;2.1982600000000003;2.759;2.16609;0.7815815259072254;0.7845721286253035;0.726718950452866;0.7461431172343302;0.7536470651925019;0.7461431172343302;0.8072554311274938;0.7536470651925019;0.8002443965274338;0.8072554311274938;0.7164146064755744;0.7815815259072254;0.10181115574606883;0.11242079269677475;0.1301638139708518;0.10691432647715984;0.12855900231249648;0.10691432647715984;0.10058353676510567;0.12855900231249648;0.10424223729597783;0.10058353676510567;0.1350717748952354;0.10181115574606883;0.11660731834670571;0.10300707867792175;0.14311723557628206;0.14694255628850988;0.11779393249500154;0.14694255628850988;0.09216103210740052;0.11779393249500154;0.09551336617658836;0.09216103210740052;0.14851361862919019;0.11660731834670571;22.0;20.0;20.0;20.0;21.0;20.0;23.0;21.0;22.0;23.0;19.0;22.0;4.0;4.0;5.0;4.0;5.0;4.0;4.0;5.0;4.0;4.0;5.0;4.0;5.0;4.0;6.0;6.0;5.0;6.0;4.0;5.0;4.0;4.0;6.0;5.0;0.0;0.0;0.0;0.0;0.0;0.0;0.0;0.0;5.785992875722586;6.517631624888029;8.78800195540087;6.500634009520353;0.0;0.0;0.0;0.0;0.0;0.0;0.0;0.0;3.3369987869152946;3.7589622547013484;5.068369853621642;3.7491590933285823;0.0;0.0;0.0;0.0;0.0;0.0;0.0;0.0;2.9991102068175954;3.378347666568409;4.555170897731919;3.3695371265564
20250139;263024856;MT-Tipo05;ESB01S1;0.4932432432432433;0.6127266387726639;0.6246702358783365;0.0;0.0;0.001;0.0;0.0;0.0;0.0;0.0;0.0;0.0;0.0;0.0;0.7815815259072254;0.7845721286253035;0.726718950452866;0.7461431172343302;0.7536470651925019;0.7461431172343302;0.8072554311274938;0.7536470651925019;0.8002443965274338;0.8072554311274938;0.7164146064755744;0.7815815259072254;0.10181115574606883;0.11242079269677475;0.1301638139708518;0.10691432647715984;0.12855900231249648;0.10691432647715984;0.10058353676510567;0.12855900231249648;0.10424223729597783;0.10058353676510567;0.1350717748952354;0.10181115574606883;0.11660731834670571;0.10300707867792175;0.14311723557628206;0.14694255628850988;0.11779393249500154;0.14694255628850988;0.09216103210740052;0.11779393249500154;0.09551336617658836;0.09216103210740052;0.14851361862919019;0.11660731834670571;22.0;20.0;20.0;20.0;21.0;20.0;23.0;21.0;22.0;23.0;19.0;22.0;4.0;4.0;5.0;4.0;5.0;4.0;4.0;5.0;4.0;4.0;5.0;4.0;5.0;4.0;6.0;6.0;5.0;6.0;4.0;5.0;4.0;4.0;6.0;5.0;0.0;0.0;0.0030694750190360773;0.0;0.0;0.0;0.0;0.0;0.0;0.0;0.0;0.0;0.0;0.0;0.0017702812006506333;0.0;0.0;0.0;0.0;0.0;0.0;0.0;0.0;0.0;0.0;0.0;0.0015910309702918664;0.0;0.0;0.0;0.0;0.0;0.0;0.0;0.0;0.0
20250139;151981299;MT-Tipo05;ESB01S1;0.4932432432432433;0.6127266387726639;0.6246702358783365;0.0;0.0;0.0;0.0;0.0;0.0;0.0;0.0;0.0;0.0;30.051;29.71913;0.7815815259072254;0.7845721286253035;0.726718950452866;0.7461431172343302;0.7536470651925019;0.7461431172343302;0.8072554311274938;0.7536470651925019;0.8002443965274338;0.8072554311274938;0.7164146064755744;0.7815815259072254;0.10181115574606883;0.11242079269677475;0.1301638139708518;0.10691432647715984;0.12855900231249648;0.10691432647715984;0.10058353676510567;0.12855900231249648;0.10424223729597783;0.10058353676510567;0.1350717748952354;0.10181115574606883;0.11660731834670571;0.10300707867792175;0.14311723557628206;0.14694255628850988;0.11779393249500154;0.14694255628850988;0.09216103210740052;0.11779393249500154;0.09551336617658836;0.09216103210740052;0.14851361862919019;0.11660731834670571;22.0;20.0;20.0;20.0;21.0;20.0;23.0;21.0;22.0;23.0;19.0;22.0;4.0;4.0;5.0;4.0;5.0;4.0;4.0;5.0;4.0;4.0;5.0;4.0;5.0;4.0;6.0;6.0;5.0;6.0;4.0;5.0;4.0;4.0;6.0;5.0;0.0;0.0;0.0;0.0;0.0;0.0;0.0;0.0;0.0;0.0;95.71882811226952;89.18982462010196;0.0;0.0;0.0;0.0;0.0;0.0;0.0;0.0;0.0;0.0;55.204633008765484;51.43911217230783;0.0;0.0;0.0;0.0;0.0;0.0;0.0;0.0;0.0;0.0;49.61487518946789;46.230633031848214
20250139;198531930;MT-Tipo01;ESB01S1;0.43279569892473113;0.7823275862068967;0.7420977011494253;2.64;2.07;1.5156500000000002;1.3548399999999998;1.3598299999999999;1.638;1.41622;1.0465799999999998;1.846;1.7156500000000001;1.745;1.30087;0.8561630383877449;0.8585521930409279;0.8156674002184824;0.8299771240777137;0.8360275708589621;0.8299771240777137;0.8746899728357151;0.8360275708589621;0.8697360343769184;0.8746899728357151;0.8078300625546735;0.8561630383877449;0.06580756273321953;0.0725903212904946;0.08620553171951935;0.07017430808389986;0.0841498470002782;0.07017430808389986;0.06430849179166175;0.0841498470002782;0.06685082872928177;0.06430849179166175;0.08987076435538978;0.06580756273321953;0.07802939887903554;0.06885748566857752;0.09812706806199833;0.09984856783838646;0.07982258214075974;0.09984856783838646;0.06100153537262312;0.07982258214075974;0.06341313689379986;0.06100153537262312;0.10229917308993679;0.07802939887903554;22.0;20.0;20.0;20.0;21.0;20.0;23.0;21.0;22.0;23.0;19.0;22.0;4.0;4.0;5.0;4.0;5.0;4.0;4.0;5.0;4.0;4.0;5.0;4.0;5.0;4.0;6.0;6.0;5.0;6.0;4.0;5.0;4.0;4.0;6.0;5.0;9.891076095659662;8.554859352086389;5.950971296486868;5.412899442600768;5.2118480511853615;6.5441891935431915;5.185168300460613;4.011248415911971;7.025905463474524;6.281463328215426;7.14278640632479;4.87386521233363;2.3132355385010497;2.0007332355685907;1.391759416113864;1.2659200309308243;1.218899947454641;1.530495859780262;1.21266032833353;0.9381145488826383;1.6431553100061387;1.4690519074052202;1.6704903692211202;1.1398555738522198;2.3132355385010497;2.0007332355685907;1.3917594161138644;1.2659200309308247;1.218899947454641;1.5304958597802625;1.2126603283335302;0.9381145488826383;1.6431553100061385;1.4690519074052204;1.6704903692211202;1.1398555738522198
20250139;57257751;MT-Tipo01;ESB01S1;0.43279569892473113;0.7823275862068967;0.7420977011494253;5.641;7.179;6.114;6.927;9.373;9.152;9.076;5.49398;7.889;8.661;9.5202;7.20354;0.8561630383877449;0.8585521930409279;0.8156674002184824;0.8299771240777137;0.8360275708589621;0.8299771240777137;0.8746899728357151;0.8360275708589621;0.8697360343769184;0.8746899728357151;0.8078300625546735;0.8561630383877449;0.06580756273321953;0.0725903212904946;0.08620553171951935;0.07017430808389986;0.0841498470002782;0.07017430808389986;0.06430849179166175;0.0841498470002782;0.06685082872928177;0.06430849179166175;0.08987076435538978;0.06580756273321953;0.07802939887903554;0.06885748566857752;0.09812706806199833;0.09984856783838646;0.07982258214075974;0.09984856783838646;0.06100153537262312;0.07982258214075974;0.06341313689379986;0.06100153537262312;0.10229917308993679;0.07802939887903554;22.0;20.0;20.0;20.0;21.0;20.0;23.0;21.0;22.0;23.0;19.0;22.0;4.0;4.0;5.0;4.0;5.0;4.0;4.0;5.0;4.0;4.0;5.0;4.0;5.0;4.0;6.0;6.0;5.0;6.0;4.0;5.0;4.0;4.0;6.0;5.0;21.13468191500612;29.669244100786567;24.005699539287246;27.67496858588137;35.92408741075017;36.56435866868577;33.22971536553679;21.056888696566006;30.02565991405771;31.710286996574943;38.96891412349184;26.988925112927348;4.942788512380463;6.9387748300226635;5.614236182575242;6.472371685407738;8.401601087998023;8.551341946708765;7.771465690327151;4.924594937100114;7.022130141190914;7.416115507263492;9.113697657913415;6.311926034474944;4.942788512380463;6.938774830022664;5.614236182575243;6.47237168540774;8.401601087998023;8.551341946708769;7.771465690327153;4.924594937100114;7.022130141190914;7.416115507263493;9.113697657913415;6.3119260344749435
20250139;6848618;MT-Tipo05;ESB01S1;0.4932432432432433;0.6127266387726639;0.6246702358783365;8.322;11.69;10.262;11.261;13.269;14.147;13.189;9.08253;15.237;15.695;20.31493;9.45636;0.7815815259072254;0.7845721286253035;0.726718950452866;0.7461431172343302;0.7536470651925019;0.7461431172343302;0.8072554311274938;0.7536470651925019;0.8002443965274338;0.8072554311274938;0.7164146064755744;0.7815815259072254;0.10181115574606883;0.11242079269677475;0.1301638139708518;0.10691432647715984;0.12855900231249648;0.10691432647715984;0.10058353676510567;0.12855900231249648;0.10424223729597783;0.10058353676510567;0.1350717748952354;0.10181115574606883;0.11660731834670571;0.10300707867792175;0.14311723557628206;0.14694255628850988;0.11779393249500154;0.14694255628850988;0.09216103210740052;0.11779393249500154;0.09551336617658836;0.09216103210740052;0.14851361862919019;0.11660731834670571;22.0;20.0;20.0;20.0;21.0;20.0;23.0;21.0;22.0;23.0;19.0;22.0;4.0;4.0;5.0;4.0;5.0;4.0;4.0;5.0;4.0;4.0;5.0;4.0;5.0;4.0;6.0;6.0;5.0;6.0;4.0;5.0;4.0;4.0;6.0;5.0;24.975082396035425;38.73869666601626;31.49895264534823;35.48924118692971;40.2267109803712;44.584521363244356;39.10412940264036;27.534878987154336;46.81952918076741;46.534180830573995;64.70737389047909;28.379400404539005;14.404065378022363;22.34205719878834;18.1666256810768;20.467974526245662;23.20025078259826;25.713563237971528;22.552815944090362;15.880395940950503;27.00257595126306;26.83800487091502;37.31916592621743;16.36746307115063;12.945578423427632;20.07980705564743;16.327159817135133;18.395485055387315;20.851104050636433;23.109930474963534;20.26922537569293;14.272422795465138;24.268423909336008;24.120516511600616;33.54040519226571;14.710171831310277
20250139;6850108;MT-Tipo05;ESB01S1;0.4932432432432433;0.6127266387726639;0.6246702358783365;3.725;4.067;4.04;4.375;5.186;4.622;4.097;4.321;4.115;4.073;5.08914;4.70869;0.7815815259072254;0.7845721286253035;0.726718950452866;0.7461431172343302;0.7536470651925019;0.7461431172343302;0.8072554311274938;0.7536470651925019;0.8002443965274338;0.8072554311274938;0.7164146064755744;0.7815815259072254;0.10181115574606883;0.11242079269677475;0.1301638139708518;0.10691432647715984;0.12855900231249648;0.10691432647715984;0.10058353676510567;0.12855900231249648;0.10424223729597783;0.10058353676510567;0.1350717748952354;0.10181115574606883;0.11660731834670571;0.10300707867792175;0.14311723557628206;0.14694255628850988;0.11779393249500154;0.14694255628850988;0.09216103210740052;0.11779393249500154;0.09551336617658836;0.09216103210740052;0.14851361862919019;0.11660731834670571;22.0;20.0;20.0;20.0;21.0;20.0;23.0;21.0;22.0;23.0;19.0;22.0;4.0;4.0;5.0;4.0;5.0;4.0;4.0;5.0;4.0;4.0;5.0;4.0;5.0;4.0;6.0;6.0;5.0;6.0;4.0;5.0;4.0;4.0;6.0;5.0;11.179065359917324;13.477354947877513;12.400679076905753;13.787890080172053;15.72203806950072;14.566314960126908;12.147214964183604;13.099677303955383;12.644376358788339;12.076057248991901;16.209993574232982;14.131208931433315;6.447385668485135;7.772895348800015;7.151936050628559;7.95199258967452;9.067488172323053;8.400939371308716;7.0057538041502925;7.555074506866162;7.292485399976865;6.964714484819171;9.348910386683597;8.149997429084369;5.794554148914675;6.985849041515662;6.42776511997914;7.146811750050572;8.149357570774026;7.550300321996285;6.296384590508297;6.790083699057956;6.55408311261519;6.259500716900243;8.402284314057056;7.324767563880011
20250139;273248409;MT-Tipo02;ESB01S1;0.44365057343692194;0.637736560614372;0.7756537387982958;37.574;38.328;28.678259999999998;25.35242;27.80684;33.068;32.5;22.3764;35.834;28.28696;27.656;23.419130000000003;0.7727742058319541;0.7739975012447674;0.7161059456537068;0.73806616542345;0.7420535111988559;0.73806616542345;0.7975068769354491;0.7420535111988559;0.7902333848424212;0.7975068769354491;0.7055635614402187;0.7727742058319541;0.11675729621950277;0.12863633429841226;0.14876863890071507;0.12266464147115361;0.14681824735248586;0.12266464147115361;0.11525524370361862;0.14681824735248586;0.11939517740147083;0.11525524370361862;0.1542931510424731;0.11675729621950277;0.11046849794854308;0.0973661644568204;0.13512541544557813;0.13926919310539626;0.11112824144865828;0.13926919310539626;0.0872378793609323;0.11112824144865828;0.09037143775610795;0.0872378793609323;0.1401432875173082;0.11046849794854308;22.0;20.0;20.0;20.0;21.0;20.0;23.0;21.0;22.0;23.0;19.0;22.0;4.0;4.0;5.0;4.0;5.0;4.0;4.0;5.0;4.0;4.0;5.0;4.0;5.0;4.0;6.0;6.0;5.0;6.0;4.0;5.0;4.0;4.0;6.0;5.0;123.95529372134915;139.3071578733841;96.43791066763741;87.8683422924788;92.28163461305725;114.60958531484133;105.83703696054297;74.2598140873114;120.88591245166677;92.11717018527386;96.45386177333232;77.25887948710438;71.6570478687235;80.5317738396002;55.749583366768015;50.79562010438842;53.346890724465936;66.25440749293031;61.18310397306797;42.92869544352899;69.88267588374457;53.25181583883122;55.75880450698741;44.66241867924253;44.59403225840198;50.117003522230625;34.69440610510057;31.611426773685505;33.19914839654779;41.23182956704852;38.07582636173649;26.7156363031726;43.48979472852893;33.139980838811866;34.700144658901394;27.79457706615505
20250139;121988676;MT-Tipo01;ESB01S1;0.43279569892473113;0.7823275862068967;0.7420977011494253;3.011;3.275;2.819;2.566;2.726;2.752;2.025;1.7301199999999999;3.04;2.75;2.99904;2.2915300000000003;0.8561630383877449;0.8585521930409279;0.8156674002184824;0.8299771240777137;0.8360275708589621;0.8299771240777137;0.8746899728357151;0.8360275708589621;0.8697360343769184;0.8746899728357151;0.8078300625546735;0.8561630383877449;0.06580756273321953;0.0725903212904946;0.08620553171951935;0.07017430808389986;0.0841498470002782;0.07017430808389986;0.06430849179166175;0.0841498470002782;0.06685082872928177;0.06430849179166175;0.08987076435538978;0.06580756273321953;0.07802939887903554;0.06885748566857752;0.09812706806199833;0.09984856783838646;0.07982258214075974;0.09984856783838646;0.06100153537262312;0.07982258214075974;0.06341313689379986;0.06100153537262312;0.10229917308993679;0.07802939887903554;22.0;20.0;20.0;20.0;21.0;20.0;23.0;21.0;22.0;23.0;19.0;22.0;4.0;4.0;5.0;4.0;5.0;4.0;4.0;5.0;4.0;4.0;5.0;4.0;5.0;4.0;6.0;6.0;5.0;6.0;4.0;5.0;4.0;4.0;6.0;5.0;11.2810720166785;13.534862018397549;11.068378639393318;10.251764023584755;10.447995549099003;10.994877082192223;7.414078185898194;6.631066052607178;11.570288520564764;10.068501240108658;12.275932460758911;8.585491517229919;2.6383152297070684;3.1654112784962;2.5885724237290817;2.3975899732577246;2.443482830031218;2.5713825434159228;1.7339376402503834;1.5508138348839364;2.705954573357888;2.3547301287350892;2.8709842045323253;2.007897209674739;2.6383152297070684;3.1654112784962005;2.588572423729082;2.397589973257725;2.443482830031218;2.5713825434159236;1.7339376402503839;1.5508138348839364;2.705954573357888;2.3547301287350892;2.8709842045323257;2.0078972096747387
20250139;8151666;MT-Tipo05;ESB01S1;0.4932432432432433;0.6127266387726639;0.6246702358783365;5.403;9.512;10.903;9.774;10.533;10.554;8.43;2.816;8.433;7.746;10.987;8.908;0.7815815259072254;0.7845721286253035;0.726718950452866;0.7461431172343302;0.7536470651925019;0.7461431172343302;0.8072554311274938;0.7536470651925019;0.8002443965274338;0.8072554311274938;0.7164146064755744;0.7815815259072254;0.10181115574606883;0.11242079269677475;0.1301638139708518;0.10691432647715984;0.12855900231249648;0.10691432647715984;0.10058353676510567;0.12855900231249648;0.10424223729597783;0.10058353676510567;0.1350717748952354;0.10181115574606883;0.11660731834670571;0.10300707867792175;0.14311723557628206;0.14694255628850988;0.11779393249500154;0.14694255628850988;0.09216103210740052;0.11779393249500154;0.09551336617658836;0.09216103210740052;0.14851361862919019;0.11660731834670571;22.0;20.0;20.0;20.0;21.0;20.0;23.0;21.0;22.0;23.0;19.0;22.0;4.0;4.0;5.0;4.0;5.0;4.0;4.0;5.0;4.0;4.0;5.0;4.0;5.0;4.0;6.0;6.0;5.0;6.0;4.0;5.0;4.0;4.0;6.0;5.0;16.214896681780754;31.521170460833762;33.46648613255035;30.802934318537517;31.932168720796586;33.26111814997391;24.99414746108562;8.537072735000777;25.912521466260525;22.96615257812209;34.995932397241525;26.733721939904303;9.351738192436294;18.179439527363105;19.301375930693858;17.76520584490943;18.41647761648259;19.18293252375426;14.415060915056618;4.923649574481627;14.944721598543111;13.24544031411964;20.18346487196121;15.418338667078011;8.404825789687512;16.33867619446692;17.34701066909222;15.96638583885584;16.551712937324105;17.240560276579142;12.955460604829131;4.425104303760056;13.431490373920754;11.904270206999579;18.139783491620367;13.857151237189777
20250139;159265316;MT-Tipo01;ESB01S1;0.43279569892473113;0.7823275862068967;0.7420977011494253;20.304;19.295;15.51391;14.266129999999999;15.77949;20.404;17.11982;12.35342;19.385;17.141740000000002;21.007;18.038259999999998;0.8561630383877449;0.8585521930409279;0.8156674002184824;0.8299771240777137;0.8360275708589621;0.8299771240777137;0.8746899728357151;0.8360275708589621;0.8697360343769184;0.8746899728357151;0.8078300625546735;0.8561630383877449;0.06580756273321953;0.0725903212904946;0.08620553171951935;0.07017430808389986;0.0841498470002782;0.07017430808389986;0.06430849179166175;0.0841498470002782;0.06685082872928177;0.06430849179166175;0.08987076435538978;0.06580756273321953;0.07802939887903554;0.06885748566857752;0.09812706806199833;0.09984856783838646;0.07982258214075974;0.09984856783838646;0.06100153537262312;0.07982258214075974;0.06341313689379986;0.06100153537262312;0.10229917308993679;0.07802939887903554;22.0;20.0;20.0;20.0;21.0;20.0;23.0;21.0;22.0;23.0;19.0;22.0;4.0;4.0;5.0;4.0;5.0;4.0;4.0;5.0;4.0;4.0;5.0;4.0;5.0;4.0;6.0;6.0;5.0;6.0;4.0;5.0;4.0;4.0;6.0;5.0;76.07136706298249;79.74203439541395;60.913029463451714;56.996491928987986;60.47837171205144;81.51870348293973;62.680337781977094;47.34720365962971;73.77961939840394;62.76059289004372;85.98768712760163;67.5825008686719;17.79088423247171;18.64934675376616;14.245789148710479;13.329824725327832;14.144135319753964;19.064858072622997;14.65911125546238;11.07313633975211;17.254910988336405;14.677880595252153;20.11002360242296;15.805584880576493;17.79088423247171;18.649346753766164;14.24578914871048;13.329824725327835;14.144135319753964;19.064858072623;14.659111255462381;11.073136339752109;17.2549109883364;14.677880595252159;20.110023602422963;15.805584880576493
20250139;1312014_2;MT-Tipo01;ESB01S1;0.43279569892473113;0.7823275862068967;0.7420977011494253;0.0;148.651;133.243;145.383;142.732;148.067;146.215;157.16;155.349;145.656;158.323;152.554;0.8561630383877449;0.8585521930409279;0.8156674002184824;0.8299771240777137;0.8360275708589621;0.8299771240777137;0.8746899728357151;0.8360275708589621;0.8697360343769184;0.8746899728357151;0.8078300625546735;0.8561630383877449;0.06580756273321953;0.0725903212904946;0.08620553171951935;0.07017430808389986;0.0841498470002782;0.07017430808389986;0.06430849179166175;0.0841498470002782;0.06685082872928177;0.06430849179166175;0.08987076435538978;0.06580756273321953;0.07802939887903554;0.06885748566857752;0.09812706806199833;0.09984856783838646;0.07982258214075974;0.09984856783838646;0.06100153537262312;0.07982258214075974;0.06341313689379986;0.06100153537262312;0.10229917308993679;0.07802939887903554;22.0;20.0;20.0;20.0;21.0;20.0;23.0;21.0;22.0;23.0;19.0;22.0;4.0;4.0;5.0;4.0;5.0;4.0;4.0;5.0;4.0;4.0;5.0;4.0;5.0;4.0;6.0;6.0;5.0;6.0;4.0;5.0;4.0;4.0;6.0;5.0;0.0;614.3422210371951;523.1585580165604;580.838740857686;547.0518344512101;591.5619421980218;535.3330577536318;602.3503229994128;591.260773480663;533.286406047006;648.0615313516101;571.5618267792667;0.0;143.67680975869882;122.35159824580845;135.84131842639428;127.93954192810558;138.34916390115023;125.19886028109129;140.87225295954008;138.27872928176797;124.72020786583204;151.5627774935217;133.6717175532156;0.0;143.67680975869885;122.35159824580847;135.84131842639434;127.93954192810557;138.34916390115026;125.19886028109129;140.87225295954008;138.27872928176794;124.72020786583205;151.56277749352174;133.6717175532156
20250139;228582713_2;MT-Tipo05;ESB01S1;0.4932432432432433;0.6127266387726639;0.6246702358783365;0.0;0.0;0.0;0.0;0.0;0.0;0.0;0.0;0.0;20.493;21.5;21.221;0.7815815259072254;0.7845721286253035;0.726718950452866;0.7461431172343302;0.7536470651925019;0.7461431172343302;0.8072554311274938;0.7536470651925019;0.8002443965274338;0.8072554311274938;0.7164146064755744;0.7815815259072254;0.10181115574606883;0.11242079269677475;0.1301638139708518;0.10691432647715984;0.12855900231249648;0.10691432647715984;0.10058353676510567;0.12855900231249648;0.10424223729597783;0.10058353676510567;0.1350717748952354;0.10181115574606883;0.11660731834670571;0.10300707867792175;0.14311723557628206;0.14694255628850988;0.11779393249500154;0.14694255628850988;0.09216103210740052;0.11779393249500154;0.09551336617658836;0.09216103210740052;0.14851361862919019;0.11660731834670571;22.0;20.0;20.0;20.0;21.0;20.0;23.0;21.0;22.0;23.0;19.0;22.0;4.0;4.0;5.0;4.0;5.0;4.0;4.0;5.0;4.0;4.0;5.0;4.0;5.0;4.0;6.0;6.0;5.0;6.0;4.0;5.0;4.0;4.0;6.0;5.0;0.0;0.0;0.0;0.0;0.0;0.0;0.0;0.0;0.0;60.759794059315254;68.48207395473676;63.68616000075317;0.0;0.0;0.0;0.0;0.0;0.0;0.0;0.0;0.0;35.04244879386184;39.4961768223506;36.73019362977801;0.0;0.0;0.0;0.0;0.0;0.0;0.0;0.0;0.0;31.494217577077503;35.49698234912513;33.01106942123982
20250139;263230747;MT-Tipo01;ESB01S1;0.43279569892473113;0.7823275862068967;0.7420977011494253;8.494;5.176;11.205;9.521;9.325;9.36;9.042;8.956;9.464;9.275;9.187;8.983;0.8561630383877449;0.8585521930409279;0.8156674002184824;0.8299771240777137;0.8360275708589621;0.8299771240777137;0.8746899728357151;0.8360275708589621;0.8697360343769184;0.8746899728357151;0.8078300625546735;0.8561630383877449;0.06580756273321953;0.0725903212904946;0.08620553171951935;0.07017430808389986;0.0841498470002782;0.07017430808389986;0.06430849179166175;0.0841498470002782;0.06685082872928177;0.06430849179166175;0.08987076435538978;0.06580756273321953;0.07802939887903554;0.06885748566857752;0.09812706806199833;0.09984856783838646;0.07982258214075974;0.09984856783838646;0.06100153537262312;0.07982258214075974;0.06341313689379986;0.06100153537262312;0.10229917308993679;0.07802939887903554;22.0;20.0;20.0;20.0;21.0;20.0;23.0;21.0;22.0;23.0;19.0;22.0;4.0;4.0;5.0;4.0;5.0;4.0;4.0;5.0;4.0;4.0;5.0;4.0;5.0;4.0;6.0;6.0;5.0;6.0;4.0;5.0;4.0;4.0;6.0;5.0;31.82378801383832;21.391281162511667;43.994743758212884;38.038599091407036;35.740116836151216;37.39536682024681;33.10523207747727;34.32584304392174;36.020135052179256;33.95830872800284;37.605030782181004;33.65588506337528;7.442660100010575;5.002799626716437;10.289093298291721;8.896123981054869;8.358575711680524;8.745690627315783;7.742352663280973;8.027818131239762;8.424063842848373;7.941862525097436;8.794724940993943;7.871134409982927;7.442660100010575;5.002799626716437;10.289093298291723;8.89612398105487;8.358575711680524;8.745690627315787;7.742352663280973;8.027818131239762;8.424063842848371;7.941862525097436;8.794724940993943;7.871134409982928
20250139;1311479;MT-Tipo01;ESB01S1;0.43279569892473113;0.7823275862068967;0.7420977011494253;3.457;3.795;2.933;2.625;2.97;2.987;2.879;1.82169;3.172;3.307;4.1228299999999996;3.31609;0.8561630383877449;0.8585521930409279;0.8156674002184824;0.8299771240777137;0.8360275708589621;0.8299771240777137;0.8746899728357151;0.8360275708589621;0.8697360343769184;0.8746899728357151;0.8078300625546735;0.8561630383877449;0.06580756273321953;0.0725903212904946;0.08620553171951935;0.07017430808389986;0.0841498470002782;0.07017430808389986;0.06430849179166175;0.0841498470002782;0.06685082872928177;0.06430849179166175;0.08987076435538978;0.06580756273321953;0.07802939887903554;0.06885748566857752;0.09812706806199833;0.09984856783838646;0.07982258214075974;0.09984856783838646;0.06100153537262312;0.07982258214075974;0.06341313689379986;0.06100153537262312;0.10229917308993679;0.07802939887903554;22.0;20.0;20.0;20.0;21.0;20.0;23.0;21.0;22.0;23.0;19.0;22.0;4.0;4.0;5.0;4.0;5.0;4.0;4.0;5.0;4.0;4.0;5.0;4.0;5.0;4.0;6.0;6.0;5.0;6.0;4.0;5.0;4.0;4.0;6.0;5.0;12.952064417687671;15.683908812158382;11.51598245808464;10.487482681960241;11.383179303310358;11.933756484196284;10.540805480099209;6.982028250857727;12.07268262737876;12.107830400377939;16.875927839305465;12.424128231081836;3.0291118396205037;3.6680109318757497;2.6932539619714073;2.4527177240068303;2.6621951596451643;2.7909591777555818;2.465188378410298;1.6328937038296294;2.823449969306323;2.831670012991614;3.9467895753214384;2.90564289275301;3.0291118396205032;3.6680109318757497;2.6932539619714078;2.4527177240068307;2.6621951596451643;2.790959177755582;2.4651883784102986;1.6328937038296294;2.8234499693063224;2.8316700129916144;3.946789575321439;2.9056428927530096
20250139;38461513;MT-Tipo05;ESB01S1;0.4932432432432433;0.6127266387726639;0.6246702358783365;3.68;6.262;4.751;4.67;4.796;5.323;5.655;0.0;0.0;0.0;0.0;4.57287;0.7815815259072254;0.7845721286253035;0.726718950452866;0.7461431172343302;0.7536470651925019;0.7461431172343302;0.8072554311274938;0.7536470651925019;0.8002443965274338;0.8072554311274938;0.7164146064755744;0.7815815259072254;0.10181115574606883;0.11242079269677475;0.1301638139708518;0.10691432647715984;0.12855900231249648;0.10691432647715984;0.10058353676510567;0.12855900231249648;0.10424223729597783;0.10058353676510567;0.1350717748952354;0.10181115574606883;0.11660731834670571;0.10300707867792175;0.14311723557628206;0.14694255628850988;0.11779393249500154;0.14694255628850988;0.09216103210740052;0.11779393249500154;0.09551336617658836;0.09216103210740052;0.14851361862919019;0.11660731834670571;22.0;20.0;20.0;20.0;21.0;20.0;23.0;21.0;22.0;23.0;19.0;22.0;4.0;4.0;5.0;4.0;5.0;4.0;4.0;5.0;4.0;4.0;5.0;4.0;5.0;4.0;6.0;6.0;5.0;6.0;4.0;5.0;4.0;4.0;6.0;5.0;11.044016248186779;20.75121629791222;14.583075815440404;14.717587811292224;14.539702001798197;16.77552889068705;16.76653664204498;0.0;0.0;0.0;0.0;13.723600701316814;6.369497787926255;11.96800360811057;8.41060598429116;8.48818409000686;8.385590681539021;9.67507578396285;9.669889617395633;0.0;0.0;0.0;0.0;7.9149144971397645;5.724552823625773;10.756180648628245;7.558988139856658;7.628711056625411;7.536505767341347;8.695423758975815;8.690762718897831;0.0;0.0;0.0;0.0;7.113488008308041
20250139;195747263_1;MT-Tipo05;ESB01S2;0.4932432432432433;0.6127266387726639;0.6246702358783365;372.682;365.894;332.654;348.429;384.567;409.923;393.368;340.817;352.696;0.0;0.0;0.0;0.7815815259072254;0.7845721286253035;0.726718950452866;0.7461431172343302;0.7536470651925019;0.7461431172343302;0.8072554311274938;0.7536470651925019;0.8002443965274338;0.8072554311274938;0.7164146064755744;0.7815815259072254;0.10181115574606883;0.11242079269677475;0.1301638139708518;0.10691432647715984;0.12855900231249648;0.10691432647715984;0.10058353676510567;0.12855900231249648;0.10424223729597783;0.10058353676510567;0.1350717748952354;0.10181115574606883;0.11660731834670571;0.10300707867792175;0.14311723557628206;0.14694255628850988;0.11779393249500154;0.14694255628850988;0.09216103210740052;0.11779393249500154;0.09551336617658836;0.09216103210740052;0.14851361862919019;0.11660731834670571;22.0;20.0;20.0;20.0;21.0;20.0;23.0;21.0;22.0;23.0;19.0;22.0;4.0;4.0;5.0;4.0;5.0;4.0;4.0;5.0;4.0;4.0;5.0;4.0;5.0;4.0;6.0;6.0;5.0;6.0;4.0;5.0;4.0;4.0;6.0;5.0;1118.4527346213981;1212.5112641501587;1021.0731429824274;1098.0801720558327;1165.8652167901432;1291.8796035049984;1166.2986712304066;1033.231363041463;1083.747500422652;0.0;0.0;0.0;645.0535800543296;699.3006566889188;588.8911225212357;633.3039602349036;672.3981342008792;745.0753504770624;672.6481236102007;595.9032233757474;625.037771720593;0.0;0.0;0.0;579.738531362636;628.492807768953;529.2628163914706;569.1786220019134;604.3143063863969;669.6325744036528;604.5389830605486;535.5649053602951;561.7494283078803;0.0;0.0;0.0
20250139;205894830;MT-Tipo01;ESB01S2;0.43279569892473113;0.7823275862068967;0.7420977011494253;7.856;7.605;7.956;8.86758;6.80342;6.454;5.20541;4.1378900000000005;6.355;5.21304;6.188;4.84696;0.8561630383877449;0.8585521930409279;0.8156674002184824;0.8299771240777137;0.8360275708589621;0.8299771240777137;0.8746899728357151;0.8360275708589621;0.8697360343769184;0.8746899728357151;0.8078300625546735;0.8561630383877449;0.06580756273321953;0.0725903212904946;0.08620553171951935;0.07017430808389986;0.0841498470002782;0.07017430808389986;0.06430849179166175;0.0841498470002782;0.06685082872928177;0.06430849179166175;0.08987076435538978;0.06580756273321953;0.07802939887903554;0.06885748566857752;0.09812706806199833;0.09984856783838646;0.07982258214075974;0.09984856783838646;0.06100153537262312;0.07982258214075974;0.06341313689379986;0.06100153537262312;0.10229917308993679;0.07802939887903554;22.0;20.0;20.0;20.0;21.0;20.0;23.0;21.0;22.0;23.0;19.0;22.0;4.0;4.0;5.0;4.0;5.0;4.0;4.0;5.0;4.0;4.0;5.0;4.0;5.0;4.0;6.0;6.0;5.0;6.0;4.0;5.0;4.0;4.0;6.0;5.0;29.433444624053905;31.42980935875217;31.238034925510192;35.428034926056;26.07560597162551;25.785224087379586;19.058428014645095;15.85937501931815;24.187231430325355;19.086363528994923;25.329262052915645;18.159715982052482;6.883628178206154;7.350519930675908;7.305669458385446;8.285588813351804;6.098327203041449;6.030415310758126;4.457213003425061;3.709047383550212;5.656691221608349;4.463746309200424;5.923779028504464;4.247030350641306;6.883628178206154;7.35051993067591;7.305669458385449;8.285588813351806;6.098327203041449;6.030415310758128;4.457213003425061;3.709047383550212;5.656691221608347;4.463746309200426;5.923779028504465;4.247030350641306
20250139;195747263_2;MT-Tipo05;ESB01S2;0.4932432432432433;0.6127266387726639;0.6246702358783365;0.0;0.0;0.0;0.0;0.0;0.0;0.0;0.0;0.0;343.013;384.587;359.013;0.7815815259072254;0.7845721286253035;0.726718950452866;0.7461431172343302;0.7536470651925019;0.7461431172343302;0.8072554311274938;0.7536470651925019;0.8002443965274338;0.8072554311274938;0.7164146064755744;0.7815815259072254;0.10181115574606883;0.11242079269677475;0.1301638139708518;0.10691432647715984;0.12855900231249648;0.10691432647715984;0.10058353676510567;0.12855900231249648;0.10424223729597783;0.10058353676510567;0.1350717748952354;0.10181115574606883;0.11660731834670571;0.10300707867792175;0.14311723557628206;0.14694255628850988;0.11779393249500154;0.14694255628850988;0.09216103210740052;0.11779393249500154;0.09551336617658836;0.09216103210740052;0.14851361862919019;0.11660731834670571;22.0;20.0;20.0;20.0;21.0;20.0;23.0;21.0;22.0;23.0;19.0;22.0;4.0;4.0;5.0;4.0;5.0;4.0;4.0;5.0;4.0;4.0;5.0;4.0;5.0;4.0;6.0;6.0;5.0;6.0;4.0;5.0;4.0;4.0;6.0;5.0;0.0;0.0;0.0;0.0;0.0;0.0;0.0;0.0;0.0;1017.000890043815;1224.9914128386208;1077.4308166604021;0.0;0.0;0.0;0.0;0.0;0.0;0.0;0.0;0.0;586.5425017385903;706.4984258408069;621.3947036241219;0.0;0.0;0.0;0.0;0.0;0.0;0.0;0.0;0.0;527.1520057466494;634.9617651489763;558.4752399098803
20250139;266841863;MT-Tipo02;ESB01S2;0.44365057343692194;0.637736560614372;0.7756537387982958;13.819;16.342;14.45043;12.381450000000001;14.75726;20.335;15.78108;8.663350000000001;18.171;14.66609;18.755;15.193040000000002;0.7727742058319541;0.7739975012447674;0.7161059456537068;0.73806616542345;0.7420535111988559;0.73806616542345;0.7975068769354491;0.7420535111988559;0.7902333848424212;0.7975068769354491;0.7055635614402187;0.7727742058319541;0.11675729621950277;0.12863633429841226;0.14876863890071507;0.12266464147115361;0.14681824735248586;0.12266464147115361;0.11525524370361862;0.14681824735248586;0.11939517740147083;0.11525524370361862;0.1542931510424731;0.11675729621950277;0.11046849794854308;0.0973661644568204;0.13512541544557813;0.13926919310539626;0.11112824144865828;0.13926919310539626;0.0872378793609323;0.11112824144865828;0.09037143775610795;0.0872378793609323;0.1401432875173082;0.11046849794854308;22.0;20.0;20.0;20.0;21.0;20.0;23.0;21.0;22.0;23.0;19.0;22.0;4.0;4.0;5.0;4.0;5.0;4.0;4.0;5.0;4.0;4.0;5.0;4.0;5.0;4.0;6.0;6.0;5.0;6.0;4.0;5.0;4.0;4.0;6.0;5.0;45.58839101334231;59.39672234311321;48.59322976529774;42.91256955656351;48.9744277023166;70.47858707443142;51.39146914576263;28.750771365068076;61.299824612358;47.760477212204606;65.41047792735203;50.12130025337219;26.35409444024831;34.33652285761706;28.09115518063668;24.807234596992323;28.311521072244528;40.74281409122832;29.708783336840106;16.62047128540323;35.436683135667884;27.609751056872998;37.81300182703749;28.974514146788493;16.400833868602145;21.368505311007432;17.4818516469733;15.43818302264827;17.618991034811536;25.35530586203979;18.48854344248223;10.343348696264384;22.053163476365995;17.182261422941536;23.532007993842047;18.031588754542817
20250139;8151946;MT-Tipo05;ESB01S2;0.4932432432432433;0.6127266387726639;0.6246702358783365;3.891;4.363;2.98696;2.95;3.53248;4.066;3.3738699999999997;2.42484;3.946;3.38;4.186;3.23304;0.7815815259072254;0.7845721286253035;0.726718950452866;0.7461431172343302;0.7536470651925019;0.7461431172343302;0.8072554311274938;0.7536470651925019;0.8002443965274338;0.8072554311274938;0.7164146064755744;0.7815815259072254;0.10181115574606883;0.11242079269677475;0.1301638139708518;0.10691432647715984;0.12855900231249648;0.10691432647715984;0.10058353676510567;0.12855900231249648;0.10424223729597783;0.10058353676510567;0.1350717748952354;0.10181115574606883;0.11660731834670571;0.10300707867792175;0.14311723557628206;0.14694255628850988;0.11779393249500154;0.14694255628850988;0.09216103210740052;0.11779393249500154;0.09551336617658836;0.09216103210740052;0.14851361862919019;0.11660731834670571;22.0;20.0;20.0;20.0;21.0;20.0;23.0;21.0;22.0;23.0;19.0;22.0;4.0;4.0;5.0;4.0;5.0;4.0;4.0;5.0;4.0;4.0;5.0;4.0;5.0;4.0;6.0;6.0;5.0;6.0;4.0;5.0;4.0;4.0;6.0;5.0;11.677246527634445;14.458249234715906;9.168399102860002;9.296977311201728;10.709175672917452;12.81407110079533;10.003203356409601;7.351219975404575;12.125081193627896;10.021378222831483;13.333300538350144;9.702648448651571;6.7347054056578965;8.338613820215015;5.287759135095416;5.36191500332339;6.176382687807123;7.390354713055222;5.769222012987198;4.2397238757762885;6.992988429722652;5.779704139133021;7.689813775737656;5.595880741379647;6.052781259980403;7.494285558921277;4.752345867022993;4.818993065748386;5.550991637409917;6.642042645875573;5.185058110416946;3.8104296590658864;6.284911777005965;5.19447886646767;6.911179912252922;5.029268549156268
20250139;262138215;MT-Tipo05;ESB01S2;0.4932432432432433;0.6127266387726639;0.6246702358783365;0.0;0.0;4.55043;10.92742;5.302560000000001;6.422;6.20721;4.37329;7.701;7.168699999999999;9.369;7.36522;0.7815815259072254;0.7845721286253035;0.726718950452866;0.7461431172343302;0.7536470651925019;0.7461431172343302;0.8072554311274938;0.7536470651925019;0.8002443965274338;0.8072554311274938;0.7164146064755744;0.7815815259072254;0.10181115574606883;0.11242079269677475;0.1301638139708518;0.10691432647715984;0.12855900231249648;0.10691432647715984;0.10058353676510567;0.12855900231249648;0.10424223729597783;0.10058353676510567;0.1350717748952354;0.10181115574606883;0.11660731834670571;0.10300707867792175;0.14311723557628206;0.14694255628850988;0.11779393249500154;0.14694255628850988;0.09216103210740052;0.11779393249500154;0.09551336617658836;0.09216103210740052;0.14851361862919019;0.11660731834670571;22.0;20.0;20.0;20.0;21.0;20.0;23.0;21.0;22.0;23.0;19.0;22.0;4.0;4.0;5.0;4.0;5.0;4.0;4.0;5.0;4.0;4.0;5.0;4.0;5.0;4.0;6.0;6.0;5.0;6.0;4.0;5.0;4.0;4.0;6.0;5.0;0.0;0.0;13.96743121087234;34.437957901685415;16.075404972196633;20.23904687882627;18.403786721462073;13.258201285955804;23.663266668050788;21.25451303728167;29.842258180554825;22.103698193334303;0.0;0.0;8.055540683876663;19.86166008325969;9.271288099312251;11.67261632248909;10.614153056055587;7.646501224284358;13.647492117915393;12.258273687042276;17.211147937144315;12.748030569997342;0.0;0.0;7.239875058145219;17.850563120854318;8.332521689256367;10.490702870588521;9.539414545777156;6.872252983164352;12.265612162879608;11.017059363919168;15.468429192044344;11.457225800985059
20250139;200461226;MT-Tipo01;ESB01S2;0.43279569892473113;0.7823275862068967;0.7420977011494253;5.552;6.166;4.71826;3.7879;4.47265;5.335;4.43604;3.08323;4.979;4.23826;5.406;4.56;0.8561630383877449;0.8585521930409279;0.8156674002184824;0.8299771240777137;0.8360275708589621;0.8299771240777137;0.8746899728357151;0.8360275708589621;0.8697360343769184;0.8746899728357151;0.8078300625546735;0.8561630383877449;0.06580756273321953;0.0725903212904946;0.08620553171951935;0.07017430808389986;0.0841498470002782;0.07017430808389986;0.06430849179166175;0.0841498470002782;0.06685082872928177;0.06430849179166175;0.08987076435538978;0.06580756273321953;0.07802939887903554;0.06885748566857752;0.09812706806199833;0.09984856783838646;0.07982258214075974;0.09984856783838646;0.06100153537262312;0.07982258214075974;0.06341313689379986;0.06100153537262312;0.10229917308993679;0.07802939887903554;22.0;20.0;20.0;20.0;21.0;20.0;23.0;21.0;22.0;23.0;19.0;22.0;4.0;4.0;5.0;4.0;5.0;4.0;4.0;5.0;4.0;4.0;5.0;4.0;5.0;4.0;6.0;6.0;5.0;6.0;4.0;5.0;4.0;4.0;6.0;5.0;20.801232758750928;25.482735635248634;18.525536785776488;15.133537390856077;17.142416468333696;21.3145600412411;16.24155426951695;11.817158223348688;18.950153468385516;15.517427660328337;22.12831135392081;17.084585983412143;4.864804435514329;5.959672043727502;4.332585216028371;3.539295034958275;4.009113528884493;4.984856783838644;3.7984280146450926;2.763690229654128;4.431890730509515;3.6290758237864646;5.175169590836318;3.995588657410904;4.864804435514329;5.959672043727503;4.332585216028372;3.5392950349582764;4.009113528884493;4.984856783838644;3.7984280146450926;2.763690229654128;4.431890730509514;3.629075823786465;5.175169590836319;3.9955886574109036
20250139;215560217;MT-Tipo04;ESB01S2;0.7284413806192722;0.8442248774509805;0.7781761331577958;9.382;9.394;7.34696;7.14435;7.24017;9.023;7.53964;5.116149999999999;7.746;6.755649999999999;8.23;6.96261;0.7160815553135543;0.7194574285901739;0.6520511772695404;0.6746093150454472;0.6829621960826088;0.6746093150454472;0.7467841339681954;0.6829621960826088;0.7382865940009399;0.7467841339681954;0.6403248469195034;0.7160815553135543;0.13353620242567588;0.14758231561583238;0.1671940875467087;0.13838262125601106;0.16678100940172677;0.13838262125601106;0.13320682016937277;0.16678100940172677;0.13767703878576104;0.13320682016937277;0.17282874694219252;0.13353620242567588;0.15038224226076977;0.1329602557939937;0.18075473518375085;0.18700806369854175;0.15025679451566445;0.18700806369854175;0.12000904586243188;0.15025679451566445;0.12403636721329904;0.12000904586243188;0.18684640613830406;0.15038224226076977;22.0;20.0;20.0;20.0;21.0;20.0;23.0;21.0;22.0;23.0;19.0;22.0;4.0;4.0;5.0;4.0;5.0;4.0;4.0;5.0;4.0;4.0;5.0;4.0;5.0;4.0;6.0;6.0;5.0;6.0;4.0;5.0;4.0;4.0;6.0;5.0;17.467445007952875;19.329463976080905;13.701039314926241;13.784125223202588;13.468532644270825;17.408744236908458;14.002707135973909;9.517322561208669;14.868732346865645;12.546671785807032;15.865024170027032;12.963015059350113;15.458418878032148;17.1062768878933;12.125208048348583;12.198737793105915;11.919443238137836;15.406469602860255;12.392179407792101;8.42268337936801;13.158598335277226;11.103610625474253;14.040301201390445;11.47206798810226;15.108899480606055;16.719498936200125;11.851053528137756;11.922920743739732;11.64994112080494;15.058124793824994;12.111988586623271;8.232244030900683;12.861078556740628;10.852554723464449;13.72284586172665;11.212681156753627
20250139;8156698;MT-Tipo01;ESB01S2;0.43279569892473113;0.7823275862068967;0.7420977011494253;18.855;19.897;11.512;22.703;27.852;30.257;28.018;32.957;27.669;27.291;40.651230000000005;28.34223;0.8561630383877449;0.8585521930409279;0.8156674002184824;0.8299771240777137;0.8360275708589621;0.8299771240777137;0.8746899728357151;0.8360275708589621;0.8697360343769184;0.8746899728357151;0.8078300625546735;0.8561630383877449;0.06580756273321953;0.0725903212904946;0.08620553171951935;0.07017430808389986;0.0841498470002782;0.07017430808389986;0.06430849179166175;0.0841498470002782;0.06685082872928177;0.06430849179166175;0.08987076435538978;0.06580756273321953;0.07802939887903554;0.06885748566857752;0.09812706806199833;0.09984856783838646;0.07982258214075974;0.09984856783838646;0.06100153537262312;0.07982258214075974;0.06341313689379986;0.06100153537262312;0.10229917308993679;0.07802939887903554;22.0;20.0;20.0;20.0;21.0;20.0;23.0;21.0;22.0;23.0;19.0;22.0;4.0;4.0;5.0;4.0;5.0;4.0;4.0;5.0;4.0;4.0;5.0;4.0;5.0;4.0;6.0;6.0;5.0;6.0;4.0;5.0;4.0;4.0;6.0;5.0;70.6425150695693;82.22996933742168;45.200132989250044;90.70374069658796;106.74892591104381;120.88371943164611;102.58155190740523;126.31496306370354;105.30865561694291;99.91980630683832;166.39716506841404;106.18755820101823;16.52123336304443;19.231202506332487;10.570998844260089;21.212971614524598;24.965474608227986;28.27119244772368;23.990846817054443;29.54140265199518;24.628637200736648;23.368341797567023;38.91546602406457;24.834186998625228;16.521233363044427;19.23120250633249;10.57099884426009;21.212971614524605;24.965474608227986;28.271192447723692;23.990846817054447;29.541402651995178;24.628637200736645;23.368341797567027;38.91546602406457;24.834186998625228
20250139;297086969;MT-Tipo05;ESB01S2;0.4932432432432433;0.6127266387726639;0.6246702358783365;30.753;40.663;35.264;29.061;37.483;41.441;42.78;32.65602;58.785;56.014;64.06757;53.593160000000005;0.7815815259072254;0.7845721286253035;0.726718950452866;0.7461431172343302;0.7536470651925019;0.7461431172343302;0.8072554311274938;0.7536470651925019;0.8002443965274338;0.8072554311274938;0.7164146064755744;0.7815815259072254;0.10181115574606883;0.11242079269677475;0.1301638139708518;0.10691432647715984;0.12855900231249648;0.10691432647715984;0.10058353676510567;0.12855900231249648;0.10424223729597783;0.10058353676510567;0.1350717748952354;0.10181115574606883;0.11660731834670571;0.10300707867792175;0.14311723557628206;0.14694255628850988;0.11779393249500154;0.14694255628850988;0.09216103210740052;0.11779393249500154;0.09551336617658836;0.09216103210740052;0.14851361862919019;0.11660731834670571;22.0;20.0;20.0;20.0;21.0;20.0;23.0;21.0;22.0;23.0;19.0;22.0;4.0;4.0;5.0;4.0;5.0;4.0;4.0;5.0;4.0;4.0;5.0;4.0;5.0;4.0;6.0;6.0;5.0;6.0;4.0;5.0;4.0;4.0;6.0;5.0;92.29256295665435;134.7503526544242;108.24196707128824;91.58625682740116;113.6346226299837;130.6020463571223;126.8386273292103;99.00100070157673;180.63175315950727;166.0761774478351;204.0688403181523;160.83797006295484;53.22857757393917;77.7155750106356;62.42719625974394;52.82122437680714;65.53734268476379;75.32309140770327;73.15258670772505;57.09758486408504;104.17709702008263;95.78235137556126;117.69414294410812;92.76128099673312;47.8389057024357;69.84646657859635;56.10611613637238;47.47279914702164;58.901343969402774;67.69623445345047;65.74550470635708;51.31615576906054;93.62862108750522;86.08388734506511;105.77699541587624;83.3687161426706
20250139;299827676;MT-Tipo05;ESB01S2;0.4932432432432433;0.6127266387726639;0.6246702358783365;0.0;0.0;0.0;1.26;5.699;5.669;4.727;4.056;3.631;3.429;3.16;3.068;0.7815815259072254;0.7845721286253035;0.726718950452866;0.7461431172343302;0.7536470651925019;0.7461431172343302;0.8072554311274938;0.7536470651925019;0.8002443965274338;0.8072554311274938;0.7164146064755744;0.7815815259072254;0.10181115574606883;0.11242079269677475;0.1301638139708518;0.10691432647715984;0.12855900231249648;0.10691432647715984;0.10058353676510567;0.12855900231249648;0.10424223729597783;0.10058353676510567;0.1350717748952354;0.10181115574606883;0.11660731834670571;0.10300707867792175;0.14311723557628206;0.14694255628850988;0.11779393249500154;0.14694255628850988;0.09216103210740052;0.11779393249500154;0.09551336617658836;0.09216103210740052;0.14851361862919019;0.11660731834670571;22.0;20.0;20.0;20.0;21.0;20.0;23.0;21.0;22.0;23.0;19.0;22.0;4.0;4.0;5.0;4.0;5.0;4.0;4.0;5.0;4.0;4.0;5.0;4.0;5.0;4.0;6.0;6.0;5.0;6.0;4.0;5.0;4.0;4.0;6.0;5.0;0.0;0.0;0.0;3.9709123430895517;17.27726474317096;17.86595402617037;14.015104987965803;12.296295104106232;11.157164169808132;10.166658558014541;10.065272264975263;9.207348328651369;0.0;0.0;0.0;2.2901738658262616;9.96444564096974;10.303964797911966;8.083035936592246;7.091733904153934;6.434754431911543;5.863492749434062;5.805019477145483;5.310222612325476;0.0;0.0;0.0;2.058281784014565;8.955493404520086;9.260634471094102;7.264586272719726;6.3736587556998545;5.783201891107111;5.269783441750781;5.217230894103974;4.772534799696705
20250139;1312914;MT-Tipo05;ESB01S2;0.4932432432432433;0.6127266387726639;0.6246702358783365;2.5901799999999997;3.8242800000000003;3.2964;3.48398;3.2779499999999997;3.25848;3.70845;3.3230500000000003;3.31588;3.22158;3.23183;3.24105;0.7815815259072254;0.7845721286253035;0.726718950452866;0.7461431172343302;0.7536470651925019;0.7461431172343302;0.8072554311274938;0.7536470651925019;0.8002443965274338;0.8072554311274938;0.7164146064755744;0.7815815259072254;0.10181115574606883;0.11242079269677475;0.1301638139708518;0.10691432647715984;0.12855900231249648;0.10691432647715984;0.10058353676510567;0.12855900231249648;0.10424223729597783;0.10058353676510567;0.1350717748952354;0.10181115574606883;0.11660731834670571;0.10300707867792175;0.14311723557628206;0.14694255628850988;0.11779393249500154;0.14694255628850988;0.09216103210740052;0.11779393249500154;0.09551336617658836;0.09216103210740052;0.14851361862919019;0.11660731834670571;22.0;20.0;20.0;20.0;21.0;20.0;23.0;21.0;22.0;23.0;19.0;22.0;4.0;4.0;5.0;4.0;5.0;4.0;4.0;5.0;4.0;4.0;5.0;4.0;5.0;4.0;6.0;6.0;5.0;6.0;4.0;5.0;4.0;4.0;6.0;5.0;7.773366849382726;12.673021632670032;10.118217452750525;10.97982475006122;9.9375346490397;10.269157501357494;10.995201204277931;10.074261204561198;10.18887841569358;9.55167800447025;10.294066096238925;9.72668719053961;4.483191788133376;7.309006202239716;5.835554949824748;6.332476146874111;5.731348410039789;5.922607728823458;6.3413443238958145;5.810203735256097;5.876307773529839;5.50881043211484;5.936973448361736;5.609744784119128;4.029245171929078;6.568931097243057;5.244674490470108;5.691279817357987;5.151019407851662;5.322912720298238;5.699250045074566;5.221890218966569;5.281300877632675;4.95101456409317;5.335823835598749;5.0417287850576935
20250139;228519235;MT-Tipo01;ESB01S2;0.43279569892473113;0.7823275862068967;0.7420977011494253;1.138;1.276;0.98;1.14;1.243;1.102;0.895;1.031;1.775;0.87;1.048;1.055;0.8561630383877449;0.8585521930409279;0.8156674002184824;0.8299771240777137;0.8360275708589621;0.8299771240777137;0.8746899728357151;0.8360275708589621;0.8697360343769184;0.8746899728357151;0.8078300625546735;0.8561630383877449;0.06580756273321953;0.0725903212904946;0.08620553171951935;0.07017430808389986;0.0841498470002782;0.07017430808389986;0.06430849179166175;0.0841498470002782;0.06685082872928177;0.06430849179166175;0.08987076435538978;0.06580756273321953;0.07802939887903554;0.06885748566857752;0.09812706806199833;0.09984856783838646;0.07982258214075974;0.09984856783838646;0.06100153537262312;0.07982258214075974;0.06341313689379986;0.06100153537262312;0.10229917308993679;0.07802939887903554;22.0;20.0;20.0;20.0;21.0;20.0;23.0;21.0;22.0;23.0;19.0;22.0;4.0;4.0;5.0;4.0;5.0;4.0;4.0;5.0;4.0;4.0;5.0;4.0;5.0;4.0;6.0;6.0;5.0;6.0;4.0;5.0;4.0;4.0;6.0;5.0;4.263653256386627;5.273430209305427;3.847822301030667;4.554563907594162;4.764071338052114;4.402745110674357;3.2768394945080903;3.951534633573394;6.755678330263966;3.1853076650525574;4.289765131133742;3.95268381853066;0.9971447131871949;1.2333022263698172;0.899893925241043;1.0651802687115377;1.114177974221865;1.0296742597544863;0.7663576237156017;0.924149228819584;1.5799570288520566;0.7449509861816463;1.0032515226038587;0.9244179898176542;0.997144713187195;1.2333022263698175;0.8998939252410432;1.065180268711538;1.1141779742218652;1.0296742597544868;0.7663576237156018;0.924149228819584;1.5799570288520561;0.7449509861816463;1.003251522603859;0.9244179898176543
20250139;297080562;MT-Tipo05;ESB01S3;0.4932432432432433;0.6127266387726639;0.6246702358783365;15.46;16.072;13.881;14.252;14.295;15.209;14.181;9.27651;14.467;13.804;16.24722;14.765559999999999;0.7815815259072254;0.7845721286253035;0.726718950452866;0.7461431172343302;0.7536470651925019;0.7461431172343302;0.8072554311274938;0.7536470651925019;0.8002443965274338;0.8072554311274938;0.7164146064755744;0.7815815259072254;0.10181115574606883;0.11242079269677475;0.1301638139708518;0.10691432647715984;0.12855900231249648;0.10691432647715984;0.10058353676510567;0.12855900231249648;0.10424223729597783;0.10058353676510567;0.1350717748952354;0.10181115574606883;0.11660731834670571;0.10300707867792175;0.14311723557628206;0.14694255628850988;0.11779393249500154;0.14694255628850988;0.09216103210740052;0.11779393249500154;0.09551336617658836;0.09216103210740052;0.14851361862919019;0.11660731834670571;22.0;20.0;20.0;20.0;21.0;20.0;23.0;21.0;22.0;23.0;19.0;22.0;4.0;4.0;5.0;4.0;5.0;4.0;4.0;5.0;4.0;4.0;5.0;4.0;5.0;4.0;6.0;6.0;5.0;6.0;4.0;5.0;4.0;4.0;6.0;5.0;46.396872607871636;53.25990870968463;42.607382739239796;44.91543072516848;43.33716432771169;47.93143319527697;42.04531496389741;28.12295475744391;44.45350978920799;40.92754585442775;51.75085216738968;44.31279471564586;26.75881407645106;30.71698402899283;24.573273346231442;25.904411060123717;24.994165719891637;27.643852639167946;24.249107809776742;16.21956126213585;25.638003956613684;23.604448501950362;29.84665460426191;25.55684830366641;24.049344199253927;27.606728742375143;22.0851008986214;23.281453956964747;22.463375718128553;24.84476797863295;21.79375881815918;14.577245854003268;23.042021966027693;21.214374636899326;26.824524723830365;22.96908374739559
20250139;4636274;MT-Tipo02;ESB01S3;0.44365057343692194;0.637736560614372;0.7756537387982958;14.013;12.63;9.193040000000002;8.0871;10.22308;11.403;10.036940000000001;7.30683;11.635;10.116520000000001;13.04;10.60609;0.7727742058319541;0.7739975012447674;0.7161059456537068;0.73806616542345;0.7420535111988559;0.73806616542345;0.7975068769354491;0.7420535111988559;0.7902333848424212;0.7975068769354491;0.7055635614402187;0.7727742058319541;0.11675729621950277;0.12863633429841226;0.14876863890071507;0.12266464147115361;0.14681824735248586;0.12266464147115361;0.11525524370361862;0.14681824735248586;0.11939517740147083;0.11525524370361862;0.1542931510424731;0.11675729621950277;0.11046849794854308;0.0973661644568204;0.13512541544557813;0.13926919310539626;0.11112824144865828;0.13926919310539626;0.0872378793609323;0.11112824144865828;0.09037143775610795;0.0872378793609323;0.1401432875173082;0.11046849794854308;22.0;20.0;20.0;20.0;21.0;20.0;23.0;21.0;22.0;23.0;19.0;22.0;4.0;4.0;5.0;4.0;5.0;4.0;4.0;5.0;4.0;4.0;5.0;4.0;5.0;4.0;6.0;6.0;5.0;6.0;4.0;5.0;4.0;4.0;6.0;5.0;46.22839013459482;45.90506689472034;30.913924704079587;28.0288852485682;33.926995414799144;39.52138325103229;32.685538146176995;24.248933580360987;39.25064439848029;32.94469234314069;45.47867940136873;34.989114844974296;26.724070149156926;26.537160916148785;17.870963924381503;16.203157700377307;19.61278346002182;22.846831034289476;18.895112110505995;14.018013609322361;22.690320196108953;19.04492600017297;26.290671491579257;20.226781786075204;16.631079311145662;16.51476086635809;11.12156257389513;10.08364367036646;12.20554187350234;14.218173235546578;11.758916450559;8.723772045955142;14.120772497249373;11.85214950477029;16.361364129016277;12.587648895393484
20250139;54753369;MT-Tipo01;ESB01S3;0.43279569892473113;0.7823275862068967;0.7420977011494253;79.74;83.687;76.633;90.386;83.847;79.191;81.933;81.375;76.466;72.136;92.21982000000001;88.12588000000001;0.8561630383877449;0.8585521930409279;0.8156674002184824;0.8299771240777137;0.8360275708589621;0.8299771240777137;0.8746899728357151;0.8360275708589621;0.8697360343769184;0.8746899728357151;0.8078300625546735;0.8561630383877449;0.06580756273321953;0.0725903212904946;0.08620553171951935;0.07017430808389986;0.0841498470002782;0.07017430808389986;0.06430849179166175;0.0841498470002782;0.06685082872928177;0.06430849179166175;0.08987076435538978;0.06580756273321953;0.07802939887903554;0.06885748566857752;0.09812706806199833;0.09984856783838646;0.07982258214075974;0.09984856783838646;0.06100153537262312;0.07982258214075974;0.06341313689379986;0.06100153537262312;0.10229917308993679;0.07802939887903554;22.0;20.0;20.0;20.0;21.0;20.0;23.0;21.0;22.0;23.0;19.0;22.0;4.0;4.0;5.0;4.0;5.0;4.0;4.0;5.0;4.0;4.0;5.0;4.0;5.0;4.0;6.0;6.0;5.0;6.0;4.0;5.0;4.0;4.0;6.0;5.0;298.7554575257202;345.8601519797361;300.8879248927379;361.11299416825085;321.36209934163765;316.3863775493766;299.97909531120825;311.8876147497914;291.03081645181095;264.1096019841739;377.48222159869283;330.1741610140045;69.8702279697249;80.88664844687374;70.36895017652739;84.45384541031672;75.15726516860877;73.99358829783806;70.15640132278256;72.94145828825766;68.06365868631062;61.76756820597613;88.28213247066202;77.21815055972687;69.8702279697249;80.88664844687375;70.3689501765274;84.45384541031673;75.15726516860877;73.99358829783807;70.15640132278257;72.94145828825765;68.0636586863106;61.76756820597614;88.28213247066203;77.21815055972687
20250139;267336142;MT-Tipo02;ESB01S3;0.44365057343692194;0.637736560614372;0.7756537387982958;54.122;53.641;48.762;53.325;51.759;54.493;52.916;32.90241;72.77462;49.486;58.77482;50.92277;0.7727742058319541;0.7739975012447674;0.7161059456537068;0.73806616542345;0.7420535111988559;0.73806616542345;0.7975068769354491;0.7420535111988559;0.7902333848424212;0.7975068769354491;0.7055635614402187;0.7727742058319541;0.11675729621950277;0.12863633429841226;0.14876863890071507;0.12266464147115361;0.14681824735248586;0.12266464147115361;0.11525524370361862;0.14681824735248586;0.11939517740147083;0.11525524370361862;0.1542931510424731;0.11675729621950277;0.11046849794854308;0.0973661644568204;0.13512541544557813;0.13926919310539626;0.11112824144865828;0.13926919310539626;0.0872378793609323;0.11112824144865828;0.09037143775610795;0.0872378793609323;0.1401432875173082;0.11046849794854308;22.0;20.0;20.0;20.0;21.0;20.0;23.0;21.0;22.0;23.0;19.0;22.0;4.0;4.0;5.0;4.0;5.0;4.0;4.0;5.0;4.0;4.0;5.0;4.0;5.0;4.0;6.0;6.0;5.0;6.0;4.0;5.0;4.0;4.0;6.0;5.0;178.54655897127958;194.96387120345952;163.97457167817487;184.81783406658744;171.7708709776886;188.8659771550033;172.32223531704898;109.19213321287143;245.50500480056138;161.15235726244399;204.98475426787994;167.9924126378535;103.21559442037189;112.70624296936951;94.79170577748936;106.84094228742315;99.29865159103416;109.18112457700046;99.61738861042662;63.122644314908676;141.92345766653668;93.16021794496127;118.49919360404157;97.11437077495069;64.2337311409281;70.14000693842551;58.99132759438383;66.48987878501458;61.796116418007834;67.94623468601594;61.99447470023533;39.28285242746239;88.32263451600981;57.97601056421206;73.7451097881433;60.436782031915286
20250139;302657928_1;MT-Tipo02;ESB01S3;0.44365057343692194;0.637736560614372;0.7756537387982958;0.0;0.0;0.0;0.0;0.0;0.0;0.0;0.0;0.0;0.0;16.077;15.6;0.7727742058319541;0.7739975012447674;0.7161059456537068;0.73806616542345;0.7420535111988559;0.73806616542345;0.7975068769354491;0.7420535111988559;0.7902333848424212;0.7975068769354491;0.7055635614402187;0.7727742058319541;0.11675729621950277;0.12863633429841226;0.14876863890071507;0.12266464147115361;0.14681824735248586;0.12266464147115361;0.11525524370361862;0.14681824735248586;0.11939517740147083;0.11525524370361862;0.1542931510424731;0.11675729621950277;0.11046849794854308;0.0973661644568204;0.13512541544557813;0.13926919310539626;0.11112824144865828;0.13926919310539626;0.0872378793609323;0.11112824144865828;0.09037143775610795;0.0872378793609323;0.1401432875173082;0.11046849794854308;22.0;20.0;20.0;20.0;21.0;20.0;23.0;21.0;22.0;23.0;19.0;22.0;4.0;4.0;5.0;4.0;5.0;4.0;4.0;5.0;4.0;4.0;5.0;4.0;5.0;4.0;6.0;6.0;5.0;6.0;4.0;5.0;4.0;4.0;6.0;5.0;0.0;0.0;0.0;0.0;0.0;0.0;0.0;0.0;0.0;0.0;56.070608031886884;51.463846863603735;0.0;0.0;0.0;0.0;0.0;0.0;0.0;0.0;0.0;0.0;32.41373662347544;29.750624015332054;0.0;0.0;0.0;0.0;0.0;0.0;0.0;0.0;0.0;0.0;20.17190575937076;18.514581977725847
20250139;155368010;MT-Tipo01;ESB01S3;0.43279569892473113;0.7823275862068967;0.7420977011494253;28.71;30.841;28.29;28.462;34.106;31.409;42.277;13.15964;33.073;33.224;40.55224;32.915459999999996;0.8561630383877449;0.8585521930409279;0.8156674002184824;0.8299771240777137;0.8360275708589621;0.8299771240777137;0.8746899728357151;0.8360275708589621;0.8697360343769184;0.8746899728357151;0.8078300625546735;0.8561630383877449;0.06580756273321953;0.0725903212904946;0.08620553171951935;0.07017430808389986;0.0841498470002782;0.07017430808389986;0.06430849179166175;0.0841498470002782;0.06685082872928177;0.06430849179166175;0.08987076435538978;0.06580756273321953;0.07802939887903554;0.06885748566857752;0.09812706806199833;0.09984856783838646;0.07982258214075974;0.09984856783838646;0.06100153537262312;0.07982258214075974;0.06341313689379986;0.06100153537262312;0.10229917308993679;0.07802939887903554;22.0;20.0;20.0;20.0;21.0;20.0;23.0;21.0;22.0;23.0;19.0;22.0;4.0;4.0;5.0;4.0;5.0;4.0;4.0;5.0;4.0;4.0;5.0;4.0;5.0;4.0;6.0;6.0;5.0;6.0;4.0;5.0;4.0;4.0;6.0;5.0;107.56545254029882;127.45913878149581;111.07642132260976;113.71227889293426;130.71875869316602;125.48622611721497;154.7876461556632;50.437219423237416;125.87636586863107;121.64214007322548;165.99197055473948;123.32171196350068;25.156436481198917;29.808992134382077;25.9775501480297;26.59400070883139;30.571322597595273;29.347585140316394;36.20033660092122;11.795801316724878;29.438827501534682;28.448565017125308;38.82070279102777;28.84136812049612;25.156436481198917;29.808992134382084;25.977550148029703;26.594000708831402;30.571322597595277;29.3475851403164;36.200336600921226;11.795801316724878;29.438827501534675;28.44856501712531;38.82070279102778;28.841368120496124
20250139;302657928_2;MT-Tipo02;ESB01S3;0.44365057343692194;0.637736560614372;0.7756537387982958;13.059;13.605;10.296520000000001;9.32823;8.53077;11.231;9.47748;6.52795;0.0;0.0;0.0;0.0;0.7727742058319541;0.7739975012447674;0.7161059456537068;0.73806616542345;0.7420535111988559;0.73806616542345;0.7975068769354491;0.7420535111988559;0.7902333848424212;0.7975068769354491;0.7055635614402187;0.7727742058319541;0.11675729621950277;0.12863633429841226;0.14876863890071507;0.12266464147115361;0.14681824735248586;0.12266464147115361;0.11525524370361862;0.14681824735248586;0.11939517740147083;0.11525524370361862;0.1542931510424731;0.11675729621950277;0.11046849794854308;0.0973661644568204;0.13512541544557813;0.13926919310539626;0.11112824144865828;0.13926919310539626;0.0872378793609323;0.11112824144865828;0.09037143775610795;0.0872378793609323;0.1401432875173082;0.11046849794854308;22.0;20.0;20.0;20.0;21.0;20.0;23.0;21.0;22.0;23.0;19.0;22.0;4.0;4.0;5.0;4.0;5.0;4.0;4.0;5.0;4.0;4.0;5.0;4.0;5.0;4.0;6.0;6.0;5.0;6.0;4.0;5.0;4.0;4.0;6.0;5.0;43.0811779610129;49.44880721319638;34.624655608378674;32.33048784388116;28.310782530774098;38.925252590751874;30.86364310931713;21.664090442218786;0.0;0.0;0.0;0.0;24.90470506514239;28.585754098511817;20.016092333621156;18.689861848547757;16.36611909104207;22.50221514918049;17.841896745928377;12.523747225674594;0.0;0.0;0.0;0.0;15.498841413277042;17.789653332288342;12.456531405646302;11.631183909587184;10.185058754134522;14.003709866563504;11.103473317748625;7.793851468748126;0.0;0.0;0.0;0.0
20250139;226761775;MT-Tipo02;ESB01S3;0.44365057343692194;0.637736560614372;0.7756537387982958;106.523;105.47;263.06521999999995;574.79724;68.76752;99.307;91.93874000000001;127.72422;100.765;87.52347999999999;103.784;89.12783;0.7727742058319541;0.7739975012447674;0.7161059456537068;0.73806616542345;0.7420535111988559;0.73806616542345;0.7975068769354491;0.7420535111988559;0.7902333848424212;0.7975068769354491;0.7055635614402187;0.7727742058319541;0.11675729621950277;0.12863633429841226;0.14876863890071507;0.12266464147115361;0.14681824735248586;0.12266464147115361;0.11525524370361862;0.14681824735248586;0.11939517740147083;0.11525524370361862;0.1542931510424731;0.11675729621950277;0.11046849794854308;0.0973661644568204;0.13512541544557813;0.13926919310539626;0.11112824144865828;0.13926919310539626;0.0872378793609323;0.11112824144865828;0.09037143775610795;0.0872378793609323;0.1401432875173082;0.11046849794854308;22.0;20.0;20.0;20.0;21.0;20.0;23.0;21.0;22.0;23.0;19.0;22.0;4.0;4.0;5.0;4.0;5.0;4.0;4.0;5.0;4.0;4.0;5.0;4.0;5.0;4.0;6.0;6.0;5.0;6.0;4.0;5.0;4.0;4.0;6.0;5.0;351.41559996485006;383.34183732273596;884.6234111177728;1992.1759198172044;228.2164803295199;344.1857411655059;299.4007330303308;423.8741187879579;339.9304841265893;285.0223319284721;361.9600661803414;294.0295509234171;203.1490847426421;221.60525430136283;511.3900359815124;1151.6526722139731;131.92917191714432;198.96959129371086;173.07992272531888;245.03647329965023;196.50967894808068;164.76794390537646;209.24471242960593;169.9749076687457;126.42492410341606;137.91067526324525;318.2512319369315;716.7032126312412;82.10293227646753;123.82391734652496;107.71210769713345;152.49252822734684;122.29305033823232;102.53934852476665;130.2183907029007;105.77977660460341
20250139;4636302;MT-Tipo05;ESB01S3;0.4932432432432433;0.6127266387726639;0.6246702358783365;13.628;13.376;12.299;11.97;12.044;13.22;12.594;7.486140000000001;11.961;11.021;13.86126;12.89161;0.7815815259072254;0.7845721286253035;0.726718950452866;0.7461431172343302;0.7536470651925019;0.7461431172343302;0.8072554311274938;0.7536470651925019;0.8002443965274338;0.8072554311274938;0.7164146064755744;0.7815815259072254;0.10181115574606883;0.11242079269677475;0.1301638139708518;0.10691432647715984;0.12855900231249648;0.10691432647715984;0.10058353676510567;0.12855900231249648;0.10424223729597783;0.10058353676510567;0.1350717748952354;0.10181115574606883;0.11660731834670571;0.10300707867792175;0.14311723557628206;0.14694255628850988;0.11779393249500154;0.14694255628850988;0.09216103210740052;0.11779393249500154;0.09551336617658836;0.09216103210740052;0.14851361862919019;0.11660731834670571;22.0;20.0;20.0;20.0;21.0;20.0;23.0;21.0;22.0;23.0;19.0;22.0;4.0;4.0;5.0;4.0;5.0;4.0;4.0;5.0;4.0;4.0;5.0;4.0;5.0;4.0;6.0;6.0;5.0;6.0;4.0;5.0;4.0;4.0;6.0;5.0;40.89887321475256;44.325817502534946;37.75147325912472;37.72366725935074;36.51296307540815;41.663064425114186;37.34001104684606;22.69521366633477;36.75319213304188;32.67621579698987;44.15106197329463;38.68889953948021;23.58791191680951;25.564359032591344;21.77268848680214;21.756651725349485;21.05839327949457;24.028649608113636;21.535382819006294;13.089179696558908;21.19694237402753;18.845597431179005;25.463570973980254;22.313337330926085;21.1995124674924;22.975833975734812;19.568089903619665;19.553676948138367;18.926120821905585;21.59562316243853;19.35481267582658;11.763831794229516;19.050641095987924;16.93738212643201;22.885251235192296;20.053995224614745
20250139;8157101_1;MT-Tipo05;ESB01S3;0.4932432432432433;0.6127266387726639;0.6246702358783365;0.0;0.0;50.536;62.172;61.824;78.313;71.452;72.241;75.791;72.306;72.029;56.403;0.7815815259072254;0.7845721286253035;0.726718950452866;0.7461431172343302;0.7536470651925019;0.7461431172343302;0.8072554311274938;0.7536470651925019;0.8002443965274338;0.8072554311274938;0.7164146064755744;0.7815815259072254;0.10181115574606883;0.11242079269677475;0.1301638139708518;0.10691432647715984;0.12855900231249648;0.10691432647715984;0.10058353676510567;0.12855900231249648;0.10424223729597783;0.10058353676510567;0.1350717748952354;0.10181115574606883;0.11660731834670571;0.10300707867792175;0.14311723557628206;0.14694255628850988;0.11779393249500154;0.14694255628850988;0.09216103210740052;0.11779393249500154;0.09551336617658836;0.09216103210740052;0.14851361862919019;0.11660731834670571;22.0;20.0;20.0;20.0;21.0;20.0;23.0;21.0;22.0;23.0;19.0;22.0;4.0;4.0;5.0;4.0;5.0;4.0;4.0;5.0;4.0;4.0;5.0;4.0;5.0;4.0;6.0;6.0;5.0;6.0;4.0;5.0;4.0;4.0;6.0;5.0;0.0;0.0;155.11898956200721;195.93616047187584;187.42755140933522;246.80480819394606;211.84837774489793;219.00805094076387;232.88698143594823;214.3804064438027;229.42768859933648;169.27055664306494;0.0;0.0;89.46293075608041;113.0037218937701;108.09648838521026;142.34157615432702;122.18089353530551;126.31014520956221;134.314644216196;123.64120931483795;132.31954048079496;97.62466949250125;0.0;0.0;80.40434111466976;101.56150402837582;97.15115357800488;127.92874710439096;109.80943904344615;113.52058238917976;120.71458400685732;111.12189021266607;118.92149495930859;87.7396611171099
20250139;4648595;MT-Tipo01;ESB01S3;0.43279569892473113;0.7823275862068967;0.7420977011494253;81.298;83.037;72.496;75.495;75.92;79.101;74.412;73.668;74.116;74.096;77.421;75.473;0.8561630383877449;0.8585521930409279;0.8156674002184824;0.8299771240777137;0.8360275708589621;0.8299771240777137;0.8746899728357151;0.8360275708589621;0.8697360343769184;0.8746899728357151;0.8078300625546735;0.8561630383877449;0.06580756273321953;0.0725903212904946;0.08620553171951935;0.07017430808389986;0.0841498470002782;0.07017430808389986;0.06430849179166175;0.0841498470002782;0.06685082872928177;0.06430849179166175;0.08987076435538978;0.06580756273321953;0.07802939887903554;0.06885748566857752;0.09812706806199833;0.09984856783838646;0.07982258214075974;0.09984856783838646;0.06100153537262312;0.07982258214075974;0.06341313689379986;0.06100153537262312;0.10229917308993679;0.07802939887903554;22.0;20.0;20.0;20.0;21.0;20.0;23.0;21.0;22.0;23.0;19.0;22.0;4.0;4.0;5.0;4.0;5.0;4.0;4.0;5.0;4.0;4.0;5.0;4.0;5.0;4.0;6.0;6.0;5.0;6.0;4.0;5.0;4.0;4.0;6.0;5.0;304.59269107005275;343.173843487535;284.64461789338696;301.6200019331766;290.98012549068096;316.02680671456653;272.4426597378056;282.34883936574664;282.08667894413753;271.2856974134877;316.9063990625052;282.768631124137;71.23538742767361;80.2583988801493;66.57011224925985;70.54016174243644;68.05180354217538;73.90949511872925;63.71642848706743;66.03319630327945;65.9718845917741;63.445848588638235;74.11520623236007;66.13137340806429;71.23538742767361;80.25839888014931;66.57011224925986;70.54016174243645;68.05180354217538;73.90949511872927;63.71642848706744;66.03319630327945;65.97188459177407;63.44584858863824;74.11520623236008;66.13137340806429
20250139;167136173;MT-Tipo05;ESB01S3;0.4932432432432433;0.6127266387726639;0.6246702358783365;1.055;1.361;0.8921699999999999;0.90726;1.17778;1.355;1.24144;0.98758;1.531;1.28348;1.94;1.56957;0.7815815259072254;0.7845721286253035;0.726718950452866;0.7461431172343302;0.7536470651925019;0.7461431172343302;0.8072554311274938;0.7536470651925019;0.8002443965274338;0.8072554311274938;0.7164146064755744;0.7815815259072254;0.10181115574606883;0.11242079269677475;0.1301638139708518;0.10691432647715984;0.12855900231249648;0.10691432647715984;0.10058353676510567;0.12855900231249648;0.10424223729597783;0.10058353676510567;0.1350717748952354;0.10181115574606883;0.11660731834670571;0.10300707867792175;0.14311723557628206;0.14694255628850988;0.11779393249500154;0.14694255628850988;0.09216103210740052;0.11779393249500154;0.09551336617658836;0.09216103210740052;0.14851361862919019;0.11660731834670571;22.0;20.0;20.0;20.0;21.0;20.0;23.0;21.0;22.0;23.0;19.0;22.0;4.0;4.0;5.0;4.0;5.0;4.0;4.0;5.0;4.0;4.0;5.0;4.0;5.0;4.0;6.0;6.0;5.0;6.0;4.0;5.0;4.0;4.0;6.0;5.0;3.1661513972383295;4.5101254202265295;2.7384935277334175;2.8592459780884334;3.570594291842761;4.2703065276875725;3.680751414482815;2.9939780865170693;4.704384011009708;3.8053960122602817;6.179312719636713;4.7104229844202505;1.8260380886582064;2.601158241877753;1.5793917787844756;1.649034239293281;2.0592954530656855;2.462845704916337;2.12282719126784;1.726739292175627;2.713194446504151;2.1947143989628555;3.5638410714121003;2.7166773486400575;1.6411421817731497;2.3377773655035194;1.4194701007652943;1.4820608979087733;1.8507810180690767;2.2134696963013774;1.9078798354992974;1.5518979077796011;2.438469318448082;1.9724880874360726;3.2029835235954778;2.441599558526713
20250139;272686827_1;MT-Tipo02;ESB01S3;0.44365057343692194;0.637736560614372;0.7756537387982958;0.0;0.0;8.9381;9.51493;11.15351;12.00972;11.80191;12.33249;9.68019;7.527229999999999;8.943850000000001;8.0427;0.7727742058319541;0.7739975012447674;0.7161059456537068;0.73806616542345;0.7420535111988559;0.73806616542345;0.7975068769354491;0.7420535111988559;0.7902333848424212;0.7975068769354491;0.7055635614402187;0.7727742058319541;0.11675729621950277;0.12863633429841226;0.14876863890071507;0.12266464147115361;0.14681824735248586;0.12266464147115361;0.11525524370361862;0.14681824735248586;0.11939517740147083;0.11525524370361862;0.1542931510424731;0.11675729621950277;0.11046849794854308;0.0973661644568204;0.13512541544557813;0.13926919310539626;0.11112824144865828;0.13926919310539626;0.0872378793609323;0.11112824144865828;0.09037143775610795;0.0872378793609323;0.1401432875173082;0.11046849794854308;22.0;20.0;20.0;20.0;21.0;20.0;23.0;21.0;22.0;23.0;19.0;22.0;4.0;4.0;5.0;4.0;5.0;4.0;4.0;5.0;4.0;4.0;5.0;4.0;5.0;4.0;6.0;6.0;5.0;6.0;4.0;5.0;4.0;4.0;6.0;5.0;0.0;0.0;30.056624402540805;32.97756688035996;37.01478249499332;41.624199496412125;38.43320568846159;40.92742418948656;32.65609758484959;24.512606760631012;31.192828739565314;26.53258212627601;0.0;0.0;17.37536904576879;19.063930370349205;21.397795620222865;24.062443533204156;22.217768818793555;23.659646201818287;18.878092880031968;14.170439868282966;18.03219495551849;15.338163062058403;0.0;0.0;10.813141076480909;11.863976415338;13.316401059321368;14.974680300833857;13.826691566056661;14.724009114625813;11.748324943717096;8.818630845072422;11.221900810222564;9.545335158477927
20250139;96335906;MT-Tipo01;ESB01S3;0.43279569892473113;0.7823275862068967;0.7420977011494253;62.577;58.908;47.21217;40.9129;44.6735;54.704;47.86306;36.73789;56.409;45.90957;56.296;49.8887;0.8561630383877449;0.8585521930409279;0.8156674002184824;0.8299771240777137;0.8360275708589621;0.8299771240777137;0.8746899728357151;0.8360275708589621;0.8697360343769184;0.8746899728357151;0.8078300625546735;0.8561630383877449;0.06580756273321953;0.0725903212904946;0.08620553171951935;0.07017430808389986;0.0841498470002782;0.07017430808389986;0.06430849179166175;0.0841498470002782;0.06685082872928177;0.06430849179166175;0.08987076435538978;0.06580756273321953;0.07802939887903554;0.06885748566857752;0.09812706806199833;0.09984856783838646;0.07982258214075974;0.09984856783838646;0.06100153537262312;0.07982258214075974;0.06341313689379986;0.06100153537262312;0.10229917308993679;0.07802939887903554;22.0;20.0;20.0;20.0;21.0;20.0;23.0;21.0;22.0;23.0;19.0;22.0;4.0;4.0;5.0;4.0;5.0;4.0;4.0;5.0;4.0;4.0;5.0;4.0;5.0;4.0;6.0;6.0;5.0;6.0;4.0;5.0;4.0;4.0;6.0;5.0;234.45222304473282;243.45393947473673;185.37147000617452;163.45650675000806;171.22103050721728;218.55514386055356;175.23973780559822;140.80605693444195;214.6935543278085;168.08747726467462;230.43570402891712;186.9139878839152;54.831568292719766;56.936808425543255;43.35300508208919;38.22773141734059;40.04362810249436;51.11370299964558;40.98348706743828;32.930448799184006;50.21058931860037;39.31078097319003;53.892221103537054;43.713755230915645;54.831568292719766;56.93680842554326;43.3530050820892;38.2277314173406;40.04362810249436;51.11370299964559;40.98348706743829;32.930448799184;50.210589318600356;39.310780973190035;53.89222110353706;43.71375523091565
20250139;199074203;MT-Tipo01;ESB01S3;0.43279569892473113;0.7823275862068967;0.7420977011494253;192.25272;194.86044;167.34124;220.90598;259.9926;317.06427;296.37710999999996;316.08345;296.63837;217.33853;230.9761;263.61968;0.8561630383877449;0.8585521930409279;0.8156674002184824;0.8299771240777137;0.8360275708589621;0.8299771240777137;0.8746899728357151;0.8360275708589621;0.8697360343769184;0.8746899728357151;0.8078300625546735;0.8561630383877449;0.06580756273321953;0.0725903212904946;0.08620553171951935;0.07017430808389986;0.0841498470002782;0.07017430808389986;0.06430849179166175;0.0841498470002782;0.06685082872928177;0.06430849179166175;0.08987076435538978;0.06580756273321953;0.07802939887903554;0.06885748566857752;0.09812706806199833;0.09984856783838646;0.07982258214075974;0.09984856783838646;0.06100153537262312;0.07982258214075974;0.06341313689379986;0.06100153537262312;0.10229917308993679;0.07802939887903554;22.0;20.0;20.0;20.0;21.0;20.0;23.0;21.0;22.0;23.0;19.0;22.0;4.0;4.0;5.0;4.0;5.0;4.0;4.0;5.0;4.0;4.0;5.0;4.0;5.0;4.0;6.0;6.0;5.0;6.0;4.0;5.0;4.0;4.0;6.0;5.0;720.2978345142236;805.315776563125;657.0401583205359;882.5705293681737;996.4789169474238;1266.7451583593777;1085.1175634817528;1211.45945661917;1129.0103707796195;795.735730483052;945.4515457111263;987.6826951490339;168.45675162026194;188.3399800026663;153.6626176717382;206.407623803847;233.04748864092974;296.25491606791894;253.7774946852486;283.32519549964456;264.042748004911;186.09948535490727;221.1136679485698;230.9903077364676;168.45675162026194;188.33998000266632;153.66261767173822;206.4076238038471;233.04748864092974;296.254916067919;253.77749468524863;283.32519549964456;264.04274800491095;186.09948535490727;221.11366794856986;230.99030773646757
20250139;282249204;MT-Tipo05;ESB01S3;0.4932432432432433;0.6127266387726639;0.6246702358783365;1.56;1.916;1.778;1.873;1.855;1.838;1.832;1.1668699999999999;1.781;1.941;2.0721;1.4798099999999998;0.7815815259072254;0.7845721286253035;0.726718950452866;0.7461431172343302;0.7536470651925019;0.7461431172343302;0.8072554311274938;0.7536470651925019;0.8002443965274338;0.8072554311274938;0.7164146064755744;0.7815815259072254;0.10181115574606883;0.11242079269677475;0.1301638139708518;0.10691432647715984;0.12855900231249648;0.10691432647715984;0.10058353676510567;0.12855900231249648;0.10424223729597783;0.10058353676510567;0.1350717748952354;0.10181115574606883;0.11660731834670571;0.10300707867792175;0.14311723557628206;0.14694255628850988;0.11779393249500154;0.14694255628850988;0.09216103210740052;0.11779393249500154;0.09551336617658836;0.09216103210740052;0.14851361862919019;0.11660731834670571;22.0;20.0;20.0;20.0;21.0;20.0;23.0;21.0;22.0;23.0;19.0;22.0;4.0;4.0;5.0;4.0;5.0;4.0;4.0;5.0;4.0;4.0;5.0;4.0;5.0;4.0;6.0;6.0;5.0;6.0;4.0;5.0;4.0;4.0;6.0;5.0;4.681702539992222;6.349302208048516;5.457526583846145;5.902792713179944;5.623675398944049;5.792489592538567;5.43170559296665;3.5375191982565184;5.472572125152377;5.754880216128967;6.600079322865583;4.441045022888391;2.700113192707869;3.661880375780877;3.147559974756826;3.4043616275338;3.2433842189855886;3.340745686816404;3.13266804227565;2.040219807874778;3.1562373019097927;3.319054950904496;3.8065129299345424;2.561316989551943;2.4267126100152736;3.291095835639048;2.8288530651789383;3.059652207507365;2.9149746035067134;3.0024777135069605;2.815469018748157;1.8336368817217672;2.8366517675741565;2.982983278051405;3.4210835872382415;2.30197024835045
20250139;199195862;MT-Tipo01;ESB01S3;0.43279569892473113;0.7823275862068967;0.7420977011494253;25.853;31.689;27.268;27.174;32.352;32.721;32.385;21.183130000000002;32.1;33.151;36.28204;36.064519999999995;0.8561630383877449;0.8585521930409279;0.8156674002184824;0.8299771240777137;0.8360275708589621;0.8299771240777137;0.8746899728357151;0.8360275708589621;0.8697360343769184;0.8746899728357151;0.8078300625546735;0.8561630383877449;0.06580756273321953;0.0725903212904946;0.08620553171951935;0.07017430808389986;0.0841498470002782;0.07017430808389986;0.06430849179166175;0.0841498470002782;0.06685082872928177;0.06430849179166175;0.08987076435538978;0.06580756273321953;0.07802939887903554;0.06885748566857752;0.09812706806199833;0.09984856783838646;0.07982258214075974;0.09984856783838646;0.06100153537262312;0.07982258214075974;0.06341313689379986;0.06100153537262312;0.10229917308993679;0.07802939887903554;22.0;20.0;20.0;20.0;21.0;20.0;23.0;21.0;22.0;23.0;19.0;22.0;4.0;4.0;5.0;4.0;5.0;4.0;4.0;5.0;4.0;4.0;5.0;4.0;5.0;4.0;6.0;6.0;5.0;6.0;4.0;5.0;4.0;4.0;6.0;5.0;96.8613599625338;130.96373816824425;107.06369235153494;108.56642072365243;123.99616727969588;130.72796984244613;118.5703318766978;81.189012456341;122.1731123388582;121.37486713121531;148.51281496030504;135.12004230054535;22.653059991237743;30.62861618450873;25.039089340278323;25.390533878918706;28.999103637993386;30.573476817991427;27.730158261485762;18.98775291317652;28.572744014732965;28.386057635526157;34.732835756845525;31.6006550541598;22.653059991237743;30.628616184508733;25.039089340278334;25.390533878918717;28.999103637993386;30.573476817991434;27.730158261485766;18.98775291317652;28.572744014732958;28.38605763552616;34.73283575684553;31.600655054159798
20250139;302657928_3;MT-Tipo05;ESB01S3;0.4932432432432433;0.6127266387726639;0.6246702358783365;134.632;137.184;124.592;135.376;128.162;132.293;123.897;130.615;130.29;124.624;130.034;127.706;0.7815815259072254;0.7845721286253035;0.726718950452866;0.7461431172343302;0.7536470651925019;0.7461431172343302;0.8072554311274938;0.7536470651925019;0.8002443965274338;0.8072554311274938;0.7164146064755744;0.7815815259072254;0.10181115574606883;0.11242079269677475;0.1301638139708518;0.10691432647715984;0.12855900231249648;0.10691432647715984;0.10058353676510567;0.12855900231249648;0.10424223729597783;0.10058353676510567;0.1350717748952354;0.10181115574606883;0.11660731834670571;0.10300707867792175;0.14311723557628206;0.14694255628850988;0.11779393249500154;0.14694255628850988;0.09216103210740052;0.11779393249500154;0.09551336617658836;0.09216103210740052;0.14851361862919019;0.11660731834670571;22.0;20.0;20.0;20.0;21.0;20.0;23.0;21.0;22.0;23.0;19.0;22.0;4.0;4.0;5.0;4.0;5.0;4.0;4.0;5.0;4.0;4.0;5.0;4.0;5.0;4.0;6.0;6.0;5.0;6.0;4.0;5.0;4.0;4.0;6.0;5.0;404.04293356681586;454.60473596499355;382.432031571743;426.6398645699136;388.53988489459147;416.9237354002746;367.3428099627669;395.97647559734605;400.34891756659357;369.49829575211555;414.1859537037321;383.25737472579914;233.02669189784987;262.1875769682275;220.5628753514637;246.0591883016635;224.08550311246952;240.45553272361403;211.86035613200116;228.37446348399064;230.89621452320432;213.10350551340642;238.87655148453663;221.03888165894304;209.4315205843438;235.63971352625634;198.22973065060424;221.14440856567916;201.39567392702287;216.10815242272923;190.40838701738016;205.25035462912635;207.51676518654511;191.52566102209082;214.6890512923785;198.65753882987852
20250139;270702671;MT-Tipo02;ESB01S3;0.44365057343692194;0.637736560614372;0.7756537387982958;845.568;919.646;791.522;836.018;816.019;820.401;754.4;752.647;722.772;666.961;740.092;742.028;0.7727742058319541;0.7739975012447674;0.7161059456537068;0.73806616542345;0.7420535111988559;0.73806616542345;0.7975068769354491;0.7420535111988559;0.7902333848424212;0.7975068769354491;0.7055635614402187;0.7727742058319541;0.11675729621950277;0.12863633429841226;0.14876863890071507;0.12266464147115361;0.14681824735248586;0.12266464147115361;0.11525524370361862;0.14681824735248586;0.11939517740147083;0.11525524370361862;0.1542931510424731;0.11675729621950277;0.11046849794854308;0.0973661644568204;0.13512541544557813;0.13926919310539626;0.11112824144865828;0.13926919310539626;0.0872378793609323;0.11112824144865828;0.09037143775610795;0.0872378793609323;0.1401432875173082;0.11046849794854308;22.0;20.0;20.0;20.0;21.0;20.0;23.0;21.0;22.0;23.0;19.0;22.0;4.0;4.0;5.0;4.0;5.0;4.0;4.0;5.0;4.0;4.0;5.0;4.0;5.0;4.0;6.0;6.0;5.0;6.0;4.0;5.0;4.0;4.0;6.0;5.0;2789.498850305364;3342.5503681284235;2661.693140639275;2897.5346648041314;2708.0951016121344;2843.408080376229;2456.7218671702653;2497.7845539663513;2438.269596319587;2171.974646407406;2581.1661653004435;2447.9240615709073;1612.575362012583;1932.2877187563395;1538.6924355114625;1675.0295525409645;1565.5168448514094;1643.7396323215048;1420.201034993307;1443.9388748630593;1409.5340016142723;1255.5921295071196;1492.1407703639475;1415.1151305672315;1003.5473111372878;1202.5125709978424;957.5680570969582;1042.414167502866;974.2615800789492;1022.941641727234;883.8277971475079;898.6004682019427;877.1894266765727;781.387422340004;928.5977531420181;880.6627074210227
20250139;272686827_2;MT-Tipo05;ESB01S3;0.4932432432432433;0.6127266387726639;0.6246702358783365;8.902;9.523;0.0;0.0;0.0;0.0;0.0;0.0;0.0;0.0;0.0;0.0;0.7815815259072254;0.7845721286253035;0.726718950452866;0.7461431172343302;0.7536470651925019;0.7461431172343302;0.8072554311274938;0.7536470651925019;0.8002443965274338;0.8072554311274938;0.7164146064755744;0.7815815259072254;0.10181115574606883;0.11242079269677475;0.1301638139708518;0.10691432647715984;0.12855900231249648;0.10691432647715984;0.10058353676510567;0.12855900231249648;0.10424223729597783;0.10058353676510567;0.1350717748952354;0.10181115574606883;0.11660731834670571;0.10300707867792175;0.14311723557628206;0.14694255628850988;0.11779393249500154;0.14694255628850988;0.09216103210740052;0.11779393249500154;0.09551336617658836;0.09216103210740052;0.14851361862919019;0.11660731834670571;22.0;20.0;20.0;20.0;21.0;20.0;23.0;21.0;22.0;23.0;19.0;22.0;4.0;4.0;5.0;4.0;5.0;4.0;4.0;5.0;4.0;4.0;5.0;4.0;5.0;4.0;6.0;6.0;5.0;6.0;4.0;5.0;4.0;4.0;6.0;5.0;26.715715391673562;31.557622613385185;0.0;0.0;0.0;0.0;0.0;0.0;0.0;0.0;0.0;0.0;15.407953616336828;18.200462848935956;0.0;0.0;0.0;0.0;0.0;0.0;0.0;0.0;0.0;0.0;13.84781772715126;16.357570794775913;0.0;0.0;0.0;0.0;0.0;0.0;0.0;0.0;0.0;0.0
20250139;195123988;MT-Tipo05;ESB01S3;0.4932432432432433;0.6127266387726639;0.6246702358783365;6.355;6.934;6.156;6.199;6.635;6.857;6.547;4.21145;7.818;8.245;9.33684;7.16688;0.7815815259072254;0.7845721286253035;0.726718950452866;0.7461431172343302;0.7536470651925019;0.7461431172343302;0.8072554311274938;0.7536470651925019;0.8002443965274338;0.8072554311274938;0.7164146064755744;0.7815815259072254;0.10181115574606883;0.11242079269677475;0.1301638139708518;0.10691432647715984;0.12855900231249648;0.10691432647715984;0.10058353676510567;0.12855900231249648;0.10424223729597783;0.10058353676510567;0.1350717748952354;0.10181115574606883;0.11660731834670571;0.10300707867792175;0.14311723557628206;0.14694255628850988;0.11779393249500154;0.14694255628850988;0.09216103210740052;0.11779393249500154;0.09551336617658836;0.09216103210740052;0.14851361862919019;0.11660731834670571;22.0;20.0;20.0;20.0;21.0;20.0;23.0;21.0;22.0;23.0;19.0;22.0;4.0;4.0;5.0;4.0;5.0;4.0;4.0;5.0;4.0;4.0;5.0;4.0;5.0;4.0;6.0;6.0;5.0;6.0;4.0;5.0;4.0;4.0;6.0;5.0;19.071935667724723;22.978111435599377;18.89568821718609;19.536258424454072;20.114871305657015;21.609957092511944;19.411231723336602;12.767562134168685;24.022778705469555;24.445640073149576;29.739821738769507;21.508461730653494;10.99949957670417;13.252337435106787;10.897851071205299;11.267291900203965;11.600999618851418;12.463271585691015;11.195184319202335;7.3635312501600305;13.854836174245234;14.09871616187922;17.152069004744;12.404735409329598;9.885742715799399;11.910468958413965;9.79438665311673;10.126419665957371;10.426337732758514;11.201300153164977;10.061613354663857;6.617935198888597;12.45196154907061;12.67114741243371;15.415332310539792;11.148691070811706
20250139;302657928_4;MT-Tipo02;ESB01S3;0.44365057343692194;0.637736560614372;0.7756537387982958;0.0;0.0;0.0;0.0;0.0;0.0;0.0;0.0;10.425;9.921;11.169;11.442;0.7727742058319541;0.7739975012447674;0.7161059456537068;0.73806616542345;0.7420535111988559;0.73806616542345;0.7975068769354491;0.7420535111988559;0.7902333848424212;0.7975068769354491;0.7055635614402187;0.7727742058319541;0.11675729621950277;0.12863633429841226;0.14876863890071507;0.12266464147115361;0.14681824735248586;0.12266464147115361;0.11525524370361862;0.14681824735248586;0.11939517740147083;0.11525524370361862;0.1542931510424731;0.11675729621950277;0.11046849794854308;0.0973661644568204;0.13512541544557813;0.13926919310539626;0.11112824144865828;0.13926919310539626;0.0872378793609323;0.11112824144865828;0.09037143775610795;0.0872378793609323;0.1401432875173082;0.11046849794854308;22.0;20.0;20.0;20.0;21.0;20.0;23.0;21.0;22.0;23.0;19.0;22.0;4.0;4.0;5.0;4.0;5.0;4.0;4.0;5.0;4.0;4.0;5.0;4.0;5.0;4.0;6.0;6.0;5.0;6.0;4.0;5.0;4.0;4.0;6.0;5.0;0.0;0.0;0.0;0.0;0.0;0.0;0.0;0.0;35.16871232094174;32.30797672878606;38.95332593818154;37.746752295727816;0.0;0.0;0.0;0.0;0.0;0.0;0.0;0.0;20.330604902830757;18.676848446670995;22.518444009927045;21.820938460476242;0.0;0.0;0.0;0.0;0.0;0.0;0.0;0.0;12.652260703379863;11.623085333378084;14.01380950590359;13.579733781355074
20250139;8157101_2;MT-Tipo05;ESB01S3;0.4932432432432433;0.6127266387726639;0.6246702358783365;51.631;66.081;0.0;0.0;0.0;0.0;0.0;0.0;0.0;0.0;0.0;0.0;0.7815815259072254;0.7845721286253035;0.726718950452866;0.7461431172343302;0.7536470651925019;0.7461431172343302;0.8072554311274938;0.7536470651925019;0.8002443965274338;0.8072554311274938;0.7164146064755744;0.7815815259072254;0.10181115574606883;0.11242079269677475;0.1301638139708518;0.10691432647715984;0.12855900231249648;0.10691432647715984;0.10058353676510567;0.12855900231249648;0.10424223729597783;0.10058353676510567;0.1350717748952354;0.10181115574606883;0.11660731834670571;0.10300707867792175;0.14311723557628206;0.14694255628850988;0.11779393249500154;0.14694255628850988;0.09216103210740052;0.11779393249500154;0.09551336617658836;0.09216103210740052;0.14851361862919019;0.11660731834670571;22.0;20.0;20.0;20.0;21.0;20.0;23.0;21.0;22.0;23.0;19.0;22.0;4.0;4.0;5.0;4.0;5.0;4.0;4.0;5.0;4.0;4.0;5.0;4.0;5.0;4.0;6.0;6.0;5.0;6.0;4.0;5.0;4.0;4.0;6.0;5.0;154.94934861688358;218.9813357046211;0.0;0.0;0.0;0.0;0.0;0.0;0.0;0.0;0.0;0.0;89.36509246967948;126.29473753234664;0.0;0.0;0.0;0.0;0.0;0.0;0.0;0.0;0.0;0.0;80.31640946647344;113.50673481986635;0.0;0.0;0.0;0.0;0.0;0.0;0.0;0.0;0.0;0.0
20250139;191648129_1;MT-Tipo02;ESB01S3;0.44365057343692194;0.637736560614372;0.7756537387982958;20.326;22.301;19.94609;18.36452;18.96923;23.059;19.82252;14.82609;25.294;22.105220000000003;25.843;0.0;0.7727742058319541;0.7739975012447674;0.7161059456537068;0.73806616542345;0.7420535111988559;0.73806616542345;0.7975068769354491;0.7420535111988559;0.7902333848424212;0.7975068769354491;0.7055635614402187;0.7727742058319541;0.11675729621950277;0.12863633429841226;0.14876863890071507;0.12266464147115361;0.14681824735248586;0.12266464147115361;0.11525524370361862;0.14681824735248586;0.11939517740147083;0.11525524370361862;0.1542931510424731;0.11675729621950277;0.11046849794854308;0.0973661644568204;0.13512541544557813;0.13926919310539626;0.11112824144865828;0.13926919310539626;0.0872378793609323;0.11112824144865828;0.09037143775610795;0.0872378793609323;0.1401432875173082;0.11046849794854308;22.0;20.0;20.0;20.0;21.0;20.0;23.0;21.0;22.0;23.0;19.0;22.0;4.0;4.0;5.0;4.0;5.0;4.0;4.0;5.0;4.0;4.0;5.0;4.0;5.0;4.0;6.0;6.0;5.0;6.0;4.0;5.0;4.0;4.0;6.0;5.0;67.05475329164165;81.05533624854777;67.07377803216289;63.64914786821428;62.952552384630685;79.91963311282586;64.55251636588008;49.20285153294305;85.32924790847963;71.9861841895672;90.13079077987514;0.0;38.76353741895124;46.857104163977354;38.77453539008496;36.79479833954483;36.39210496184611;46.20056799260554;37.31702468209906;28.443570110846725;49.32780051915598;41.614337649462826;52.10351406111064;0.0;24.12355085123433;29.16038654636989;24.130395172820297;22.898353656727167;22.647747163584437;28.751807124306637;23.223348602216884;17.70116856322305;30.697964722425922;25.897677489476454;32.42536297439936;0.0
20250139;302657928_5;MT-Tipo02;ESB01S3;0.44365057343692194;0.637736560614372;0.7756537387982958;21.301;25.751;18.38957;19.19516;20.6453;24.138;19.9991;13.8118;23.015;20.45826;25.417;21.96348;0.7727742058319541;0.7739975012447674;0.7161059456537068;0.73806616542345;0.7420535111988559;0.73806616542345;0.7975068769354491;0.7420535111988559;0.7902333848424212;0.7975068769354491;0.7055635614402187;0.7727742058319541;0.11675729621950277;0.12863633429841226;0.14876863890071507;0.12266464147115361;0.14681824735248586;0.12266464147115361;0.11525524370361862;0.14681824735248586;0.11939517740147083;0.11525524370361862;0.1542931510424731;0.11675729621950277;0.11046849794854308;0.0973661644568204;0.13512541544557813;0.13926919310539626;0.11112824144865828;0.13926919310539626;0.0872378793609323;0.11112824144865828;0.09037143775610795;0.0872378793609323;0.1401432875173082;0.11046849794854308;22.0;20.0;20.0;20.0;21.0;20.0;23.0;21.0;22.0;23.0;19.0;22.0;4.0;4.0;5.0;4.0;5.0;4.0;4.0;5.0;4.0;4.0;5.0;4.0;5.0;4.0;6.0;6.0;5.0;6.0;4.0;5.0;4.0;4.0;6.0;5.0;70.27124372061687;93.59472506777067;61.839585416837174;66.52804305225685;68.51487012105478;83.6593132433059;65.12755341161831;45.83676106125774;77.64104691285122;66.62281906979685;88.64506091599608;72.4567417507579;40.6229514199095;54.105972347723466;35.748712292657096;38.45905263493396;39.607613201421536;48.36243159744623;37.649446605162574;26.497674144497488;44.883345020493984;38.513841498094074;51.244631694898;41.88636125309392;25.280712224842198;33.67154450273849;22.24734728251206;23.934062103309152;24.64884101865757;30.09719070065977;23.43022335356936;16.490187228158206;27.932065236286576;23.968158628407974;31.89085828736248;26.066964806162957
20250139;301839413;MT-Tipo05;ESB01S3;0.4932432432432433;0.6127266387726639;0.6246702358783365;50.097;49.467;42.233;44.468;40.803;40.037;37.671;36.892;37.325;35.324;37.632;39.691;0.7815815259072254;0.7845721286253035;0.726718950452866;0.7461431172343302;0.7536470651925019;0.7461431172343302;0.8072554311274938;0.7536470651925019;0.8002443965274338;0.8072554311274938;0.7164146064755744;0.7815815259072254;0.10181115574606883;0.11242079269677475;0.1301638139708518;0.10691432647715984;0.12855900231249648;0.10691432647715984;0.10058353676510567;0.12855900231249648;0.10424223729597783;0.10058353676510567;0.1350717748952354;0.10181115574606883;0.11660731834670571;0.10300707867792175;0.14311723557628206;0.14694255628850988;0.11779393249500154;0.14694255628850988;0.09216103210740052;0.11779393249500154;0.09551336617658836;0.09216103210740052;0.14851361862919019;0.11660731834670571;22.0;20.0;20.0;20.0;21.0;20.0;23.0;21.0;22.0;23.0;19.0;22.0;4.0;4.0;5.0;4.0;5.0;4.0;4.0;5.0;4.0;4.0;5.0;4.0;5.0;4.0;6.0;6.0;5.0;6.0;4.0;5.0;4.0;4.0;6.0;5.0;150.3456744525579;163.92533002376615;129.63313847895066;140.14169053373504;123.69963736016928;126.1773154605368;111.69092870777655;111.84292874277297;114.69048544150054;104.73229714298796;119.8659259099839;119.11631763771234;86.70998116351674;94.5418771131277;74.76428594707819;80.82496148060493;71.34221363195093;72.77118338578256;64.41634160511245;64.50400571796028;66.14629831206233;60.40303816885647;69.13116865947431;68.6988414947231;77.9301420666251;84.96901758953904;67.1940109683364;72.64101140599973;64.11844137298353;65.40272046554853;57.893850112042486;57.972637774970174;59.448639654522964;54.28691463878816;62.1312762680129;61.74272448981809
20250139;115127130;MT-Tipo01;ESB01S3;0.43279569892473113;0.7823275862068967;0.7420977011494253;22.246;22.095;17.890430000000002;17.25;18.69145;24.012;20.39459;15.06708;23.807;18.41478;23.499;19.90783;0.8561630383877449;0.8585521930409279;0.8156674002184824;0.8299771240777137;0.8360275708589621;0.8299771240777137;0.8746899728357151;0.8360275708589621;0.8697360343769184;0.8746899728357151;0.8078300625546735;0.8561630383877449;0.06580756273321953;0.0725903212904946;0.08620553171951935;0.07017430808389986;0.0841498470002782;0.07017430808389986;0.06430849179166175;0.0841498470002782;0.06685082872928177;0.06430849179166175;0.08987076435538978;0.06580756273321953;0.07802939887903554;0.06885748566857752;0.09812706806199833;0.09984856783838646;0.07982258214075974;0.09984856783838646;0.06100153537262312;0.07982258214075974;0.06341313689379986;0.06100153537262312;0.10229917308993679;0.07802939887903554;22.0;20.0;20.0;20.0;21.0;20.0;23.0;21.0;22.0;23.0;19.0;22.0;4.0;4.0;5.0;4.0;5.0;4.0;4.0;5.0;4.0;4.0;5.0;4.0;5.0;4.0;6.0;6.0;5.0;6.0;4.0;5.0;4.0;4.0;6.0;5.0;83.34730258486547;91.3138248233569;70.24407707043682;68.91774333859588;71.63909992890923;95.93349872732546;74.67016534782096;57.74790344017557;90.6098219766728;67.42154009684658;96.18815917606089;74.5870687232789;19.492514314202406;21.35565257965604;16.428050282602157;16.117859329187745;16.75430562853522;22.436060186229337;17.46318383134522;13.505558062621702;21.191006752608963;15.767940829101214;22.495617871820684;17.443749943347484;19.492514314202406;21.355652579656045;16.42805028260216;16.117859329187745;16.75430562853522;22.436060186229344;17.463183831345223;13.505558062621704;21.191006752608956;15.767940829101216;22.49561787182069;17.443749943347484
20250139;218758933;MT-Tipo05;ESB01S3;0.4932432432432433;0.6127266387726639;0.6246702358783365;0.642;0.87;0.694;0.786;0.869;0.841;0.725;0.40301;0.811;0.949;1.80662;2.9168499999999997;0.7815815259072254;0.7845721286253035;0.726718950452866;0.7461431172343302;0.7536470651925019;0.7461431172343302;0.8072554311274938;0.7536470651925019;0.8002443965274338;0.8072554311274938;0.7164146064755744;0.7815815259072254;0.10181115574606883;0.11242079269677475;0.1301638139708518;0.10691432647715984;0.12855900231249648;0.10691432647715984;0.10058353676510567;0.12855900231249648;0.10424223729597783;0.10058353676510567;0.1350717748952354;0.10181115574606883;0.11660731834670571;0.10300707867792175;0.14311723557628206;0.14694255628850988;0.11779393249500154;0.14694255628850988;0.09216103210740052;0.11779393249500154;0.09551336617658836;0.09216103210740052;0.14851361862919019;0.11660731834670571;22.0;20.0;20.0;20.0;21.0;20.0;23.0;21.0;22.0;23.0;19.0;22.0;4.0;4.0;5.0;4.0;5.0;4.0;4.0;5.0;4.0;4.0;5.0;4.0;5.0;4.0;6.0;6.0;5.0;6.0;4.0;5.0;4.0;4.0;6.0;5.0;1.9267006606891066;2.883033883612844;2.130215663211038;2.4770929378320536;2.6344872893166458;2.650426413125645;2.149555979749356;1.2217775862687015;2.4920022422788195;2.813694654871916;5.754469044097978;8.753733367805328;1.1112004293067;1.662753615307601;1.2285751532515397;1.4286322686820967;1.5194074858751896;1.5286001755237193;1.2397294381276454;0.7046448916945456;1.4372310229359022;1.6227630852181176;3.3188178125951175;5.048605875737145;0.9986855741216702;1.4943911153475844;1.1041754933825552;1.2839757795519429;1.365559531238455;1.3738214129811501;1.1142003485766452;0.6332959110292402;1.2917038649649866;1.4584498355851536;2.982770151236114;4.537408125976314
20250139;71585919;MT-Tipo01;ESB01S3;0.43279569892473113;0.7823275862068967;0.7420977011494253;15.819;15.391;11.18174;13.241940000000001;14.788030000000001;21.979;20.60721;13.422979999999999;25.615;20.87652;22.37;18.1113;0.8561630383877449;0.8585521930409279;0.8156674002184824;0.8299771240777137;0.8360275708589621;0.8299771240777137;0.8746899728357151;0.8360275708589621;0.8697360343769184;0.8746899728357151;0.8078300625546735;0.8561630383877449;0.06580756273321953;0.0725903212904946;0.08620553171951935;0.07017430808389986;0.0841498470002782;0.07017430808389986;0.06430849179166175;0.0841498470002782;0.06685082872928177;0.06430849179166175;0.08987076435538978;0.06580756273321953;0.07802939887903554;0.06885748566857752;0.09812706806199833;0.09984856783838646;0.07982258214075974;0.09984856783838646;0.06100153537262312;0.07982258214075974;0.06341313689379986;0.06100153537262312;0.10229917308993679;0.07802939887903554;22.0;20.0;20.0;20.0;21.0;20.0;23.0;21.0;22.0;23.0;19.0;22.0;4.0;4.0;5.0;4.0;5.0;4.0;4.0;5.0;4.0;4.0;5.0;4.0;5.0;4.0;6.0;6.0;5.0;6.0;4.0;5.0;4.0;4.0;6.0;5.0;59.26777755956068;63.607652313024936;43.90341687380271;52.90461578116442;56.678382839303936;87.81119309211587;75.44862525097437;51.44652798813094;97.49109883364028;76.43464273060117;91.56683777047883;67.85615397398516;13.861012493768222;14.8759832022397;10.267734591453857;12.372853690756193;13.255428244675919;20.536488707027093;17.645243002244005;12.03184928754675;22.800337630448126;17.875843864414787;21.41482496245069;15.86958439714169;13.861012493768222;14.875983202239704;10.26773459145386;12.372853690756196;13.25542824467592;20.5364887070271;17.645243002244005;12.031849287546748;22.800337630448123;17.875843864414787;21.41482496245069;15.86958439714169
20250139;1058964;MT-Tipo01;ESB01S3;0.43279569892473113;0.7823275862068967;0.7420977011494253;17.310299999999998;18.23647;15.56315;15.829120000000001;16.33016;17.688959999999998;17.62194;18.99306;19.20458;18.140189999999997;18.96395;20.880020000000002;0.8561630383877449;0.8585521930409279;0.8156674002184824;0.8299771240777137;0.8360275708589621;0.8299771240777137;0.8746899728357151;0.8360275708589621;0.8697360343769184;0.8746899728357151;0.8078300625546735;0.8561630383877449;0.06580756273321953;0.0725903212904946;0.08620553171951935;0.07017430808389986;0.0841498470002782;0.07017430808389986;0.06430849179166175;0.0841498470002782;0.06685082872928177;0.06430849179166175;0.08987076435538978;0.06580756273321953;0.07802939887903554;0.06885748566857752;0.09812706806199833;0.09984856783838646;0.07982258214075974;0.09984856783838646;0.06100153537262312;0.07982258214075974;0.06341313689379986;0.06100153537262312;0.10229917308993679;0.07802939887903554;22.0;20.0;20.0;20.0;21.0;20.0;23.0;21.0;22.0;23.0;19.0;22.0;4.0;4.0;5.0;4.0;5.0;4.0;4.0;5.0;4.0;4.0;5.0;4.0;5.0;4.0;6.0;6.0;5.0;6.0;4.0;5.0;4.0;4.0;6.0;5.0;64.85511156768843;75.36736035195308;61.106362902332066;63.24099880787448;62.588935801934916;70.6714901569095;64.51873627022559;72.79508669984237;73.09293799877227;66.4161910948388;77.62489642992722;78.2294949617029;15.167727705346486;17.62623750166644;14.291004227158304;14.79023359216419;14.637734985936389;16.52800979476109;15.089059289004368;17.02465737335023;17.094316144874156;15.532818885083262;18.15420964893459;18.295607692656322;15.167727705346486;17.626237501666445;14.291004227158306;14.790233592164194;14.63773498593639;16.528009794761093;15.089059289004368;17.02465737335023;17.094316144874153;15.532818885083262;18.154209648934593;18.295607692656322
20250139;262882998;MT-Tipo02;ESB01S3;0.44365057343692194;0.637736560614372;0.7756537387982958;13.378;13.536;11.232;12.91;11.26;12.415;12.196;8.10843;14.132;14.615;18.04147;14.907129999999999;0.7727742058319541;0.7739975012447674;0.7161059456537068;0.73806616542345;0.7420535111988559;0.73806616542345;0.7975068769354491;0.7420535111988559;0.7902333848424212;0.7975068769354491;0.7055635614402187;0.7727742058319541;0.11675729621950277;0.12863633429841226;0.14876863890071507;0.12266464147115361;0.14681824735248586;0.12266464147115361;0.11525524370361862;0.14681824735248586;0.11939517740147083;0.11525524370361862;0.1542931510424731;0.11675729621950277;0.11046849794854308;0.0973661644568204;0.13512541544557813;0.13926919310539626;0.11112824144865828;0.13926919310539626;0.0872378793609323;0.11112824144865828;0.09037143775610795;0.0872378793609323;0.1401432875173082;0.11046849794854308;22.0;20.0;20.0;20.0;21.0;20.0;23.0;21.0;22.0;23.0;19.0;22.0;4.0;4.0;5.0;4.0;5.0;4.0;4.0;5.0;4.0;4.0;5.0;4.0;5.0;4.0;6.0;6.0;5.0;6.0;4.0;5.0;4.0;4.0;6.0;5.0;44.13354765008274;49.19801943681192;37.770443974596205;44.74445828034963;37.36818731445302;43.0288496940775;39.71656931602407;26.909176826476934;47.6742678675826;47.59410139010264;62.921950157930354;49.17809330101494;25.51306718443027;28.44077673483689;21.834634331913385;25.866227190447873;21.602094648564396;24.874454730395843;22.959665724785754;15.555867878442186;27.559914483146688;27.513571217427334;36.37441418674712;28.429257678056214;15.877440878077973;17.699430173160973;13.588257076004249;16.097221474252944;13.443541623036927;15.48001584840049;14.28839317869964;9.680818490451271;17.15124683550736;17.122406223900885;22.636737737172034;17.692261566513867
20250139;302657928_6;MT-Tipo02;ESB01S3;0.44365057343692194;0.637736560614372;0.7756537387982958;19.411;20.658;16.65304;16.125;16.07521;19.08;16.01532;10.73913;16.017;16.71652;0.0;0.0;0.7727742058319541;0.7739975012447674;0.7161059456537068;0.73806616542345;0.7420535111988559;0.73806616542345;0.7975068769354491;0.7420535111988559;0.7902333848424212;0.7975068769354491;0.7055635614402187;0.7727742058319541;0.11675729621950277;0.12863633429841226;0.14876863890071507;0.12266464147115361;0.14681824735248586;0.12266464147115361;0.11525524370361862;0.14681824735248586;0.11939517740147083;0.11525524370361862;0.1542931510424731;0.11675729621950277;0.11046849794854308;0.0973661644568204;0.13512541544557813;0.13926919310539626;0.11112824144865828;0.13926919310539626;0.0872378793609323;0.11112824144865828;0.09037143775610795;0.0872378793609323;0.1401432875173082;0.11046849794854308;22.0;20.0;20.0;20.0;21.0;20.0;23.0;21.0;22.0;23.0;19.0;22.0;4.0;4.0;5.0;4.0;5.0;4.0;4.0;5.0;4.0;4.0;5.0;4.0;5.0;4.0;6.0;6.0;5.0;6.0;4.0;5.0;4.0;4.0;6.0;5.0;64.03620073521873;75.0836794862338;56.00006359746346;55.88724940128875;53.34826451147142;66.12891277994352;52.154277377689944;35.63959337782076;54.033310814822414;54.437752156666335;0.0;0.0;37.018548894975034;43.40496201154407;32.37295574383253;32.30773922896762;30.83998294099013;38.22832027836913;30.149753499137073;20.6028155153852;31.23599987804702;31.469802499319087;0.0;0.0;23.03759940831003;27.012029293525366;20.146526764332428;20.105940842163342;19.19251818242091;23.79047139649467;18.762970567619863;12.821664400551024;19.438969754056142;19.58447116592293;0.0;0.0
20250139;266138434_1;MT-Tipo02;ESB01S4;0.44365057343692194;0.637736560614372;0.7756537387982958;21.604;24.926;18.455650000000002;18.08629;16.92821;22.304;12.3018;5.9248400000000006;8.458;8.12087;12.084;11.16609;0.7727742058319541;0.7739975012447674;0.7161059456537068;0.73806616542345;0.7420535111988559;0.73806616542345;0.7975068769354491;0.7420535111988559;0.7902333848424212;0.7975068769354491;0.7055635614402187;0.7727742058319541;0.11675729621950277;0.12863633429841226;0.14876863890071507;0.12266464147115361;0.14681824735248586;0.12266464147115361;0.11525524370361862;0.14681824735248586;0.11939517740147083;0.11525524370361862;0.1542931510424731;0.11675729621950277;0.11046849794854308;0.0973661644568204;0.13512541544557813;0.13926919310539626;0.11112824144865828;0.13926919310539626;0.0872378793609323;0.11112824144865828;0.09037143775610795;0.0872378793609323;0.1401432875173082;0.11046849794854308;22.0;20.0;20.0;20.0;21.0;20.0;23.0;21.0;22.0;23.0;19.0;22.0;4.0;4.0;5.0;4.0;5.0;4.0;4.0;5.0;4.0;4.0;5.0;4.0;5.0;4.0;6.0;6.0;5.0;6.0;4.0;5.0;4.0;4.0;6.0;5.0;71.27082997700609;90.59617556752171;62.06179614848259;62.68483720769207;56.17908722721107;77.30289678426941;40.06110957788331;19.662569354188612;28.533042571753015;26.44580979513122;42.14450627961194;36.83653498879596;41.20080007866883;52.37254734726244;35.87716961429641;36.2373420737665;32.47644712706698;44.687864543435275;23.158840260181154;11.366692225364146;16.494604917807436;15.2880010326698;24.363226557073904;21.2947529045743;25.64032237479418;32.59278933925904;22.327289592660062;22.551434219795997;20.21093212597779;27.810412684875114;14.41234463805569;7.0737862477650175;10.265018803758934;9.514118031576462;15.161865347778582;13.25227491510672
20250139;4636591;MT-Tipo01;ESB01S4;0.43279569892473113;0.7823275862068967;0.7420977011494253;4.98;6.643;37.49478;45.0435;4.91709;5.77;5.04144;2.69752;6.221;5.30174;6.289;4.92348;0.8561630383877449;0.8585521930409279;0.8156674002184824;0.8299771240777137;0.8360275708589621;0.8299771240777137;0.8746899728357151;0.8360275708589621;0.8697360343769184;0.8746899728357151;0.8078300625546735;0.8561630383877449;0.06580756273321953;0.0725903212904946;0.08620553171951935;0.07017430808389986;0.0841498470002782;0.07017430808389986;0.06430849179166175;0.0841498470002782;0.06685082872928177;0.06430849179166175;0.08987076435538978;0.06580756273321953;0.07802939887903554;0.06885748566857752;0.09812706806199833;0.09984856783838646;0.07982258214075974;0.09984856783838646;0.06100153537262312;0.07982258214075974;0.06341313689379986;0.06100153537262312;0.10229917308993679;0.07802939887903554;22.0;20.0;20.0;20.0;21.0;20.0;23.0;21.0;22.0;23.0;19.0;22.0;4.0;4.0;5.0;4.0;5.0;4.0;4.0;5.0;4.0;4.0;5.0;4.0;5.0;4.0;6.0;6.0;5.0;6.0;4.0;5.0;4.0;4.0;6.0;5.0;18.658166271358;27.45407279029463;147.2176027104476;179.95920997519093;18.84583068030786;23.052485742823087;18.45808905161214;10.338839674836956;23.677225291589934;19.411118459903154;25.74268407414132;18.446407324037285;4.363603402172435;6.420710571923743;34.42992321454016;42.08723459097206;4.407492659104256;5.391307149531204;4.316811149167354;2.4179544400828363;5.537415592387967;4.539697059170898;6.02046643669434;4.314079132234525;4.363603402172435;6.420710571923744;34.42992321454016;42.08723459097207;4.407492659104256;5.3913071495312055;4.316811149167355;2.4179544400828363;5.537415592387967;4.539697059170899;6.02046643669434;4.314079132234525
20250139;214439841;MT-Tipo01;ESB01S4;0.43279569892473113;0.7823275862068967;0.7420977011494253;8.295;12.868;73.61564999999999;89.86545;13.36496;15.767;13.678379999999999;5.1378900000000005;14.959;12.65043;16.119;12.25391;0.8561630383877449;0.8585521930409279;0.8156674002184824;0.8299771240777137;0.8360275708589621;0.8299771240777137;0.8746899728357151;0.8360275708589621;0.8697360343769184;0.8746899728357151;0.8078300625546735;0.8561630383877449;0.06580756273321953;0.0725903212904946;0.08620553171951935;0.07017430808389986;0.0841498470002782;0.07017430808389986;0.06430849179166175;0.0841498470002782;0.06685082872928177;0.06430849179166175;0.08987076435538978;0.06580756273321953;0.07802939887903554;0.06885748566857752;0.09812706806199833;0.09984856783838646;0.07982258214075974;0.09984856783838646;0.06100153537262312;0.07982258214075974;0.06341313689379986;0.06100153537262312;0.10229917308993679;0.07802939887903554;22.0;20.0;20.0;20.0;21.0;20.0;23.0;21.0;22.0;23.0;19.0;22.0;4.0;4.0;5.0;4.0;5.0;4.0;4.0;5.0;4.0;4.0;5.0;4.0;5.0;4.0;6.0;6.0;5.0;6.0;4.0;5.0;4.0;4.0;6.0;5.0;31.078210686930642;53.18064258098921;289.0407548723145;359.0332764120244;51.22415355608445;62.99281502722558;50.08028581551908;19.692095323463054;56.93419275629221;46.316680051966465;65.97969861521449;45.91074101491094;7.26829120904023;12.437408345553925;67.59824105884773;83.96745980603794;11.979842363922973;14.732190611205978;11.712324908468169;4.605409390164745;13.31525475751995;10.832126786346993;15.430735966461452;10.737189430906591;7.26829120904023;12.437408345553926;67.59824105884775;83.96745980603797;11.979842363922973;14.732190611205983;11.712324908468169;4.605409390164745;13.315254757519948;10.832126786346993;15.430735966461453;10.73718943090659
20250139;224633078_1;MT-Tipo02;ESB01S4;0.44365057343692194;0.637736560614372;0.7756537387982958;24.113;28.523;21.92;20.68145;23.755560000000003;28.565;25.796400000000002;18.86957;26.809;23.400869999999998;27.101;0.0;0.7727742058319541;0.7739975012447674;0.7161059456537068;0.73806616542345;0.7420535111988559;0.73806616542345;0.7975068769354491;0.7420535111988559;0.7902333848424212;0.7975068769354491;0.7055635614402187;0.7727742058319541;0.11675729621950277;0.12863633429841226;0.14876863890071507;0.12266464147115361;0.14681824735248586;0.12266464147115361;0.11525524370361862;0.14681824735248586;0.11939517740147083;0.11525524370361862;0.1542931510424731;0.11675729621950277;0.11046849794854308;0.0973661644568204;0.13512541544557813;0.13926919310539626;0.11112824144865828;0.13926919310539626;0.0872378793609323;0.11112824144865828;0.09037143775610795;0.0872378793609323;0.1401432875173082;0.11046849794854308;22.0;20.0;20.0;20.0;21.0;20.0;23.0;21.0;22.0;23.0;19.0;22.0;4.0;4.0;5.0;4.0;5.0;4.0;4.0;5.0;4.0;4.0;5.0;4.0;5.0;4.0;6.0;6.0;5.0;6.0;4.0;5.0;4.0;4.0;6.0;5.0;79.5479320142357;103.66985138860717;73.71155020683304;71.67933979102531;78.8367864866543;99.00274599366283;84.00660123842925;62.621814058897264;90.4400967493647;76.20549978765726;94.5182277957434;0.0;45.9856921078014;59.930280349272515;42.61175076171131;41.43695463422837;45.574587526611936;57.23228347754792;48.563194564026176;36.20090915787844;52.28232008057455;44.053472685238376;54.63983804396391;0.0;28.618084309545086;37.296161852029435;26.51839343892567;25.7872874561339;28.362243307153737;35.61712869186951;30.222130681781515;22.528761074938622;32.5366385800394;27.415614241032877;34.00378291874771;0.0
20250139;194821432;MT-Tipo04;ESB01S4;0.7284413806192722;0.8442248774509805;0.7781761331577958;47.834;45.634;41.13826;38.0629;42.583760000000005;68.204;44.35766;30.03851;47.084;35.675650000000005;40.302;32.94;0.7160815553135543;0.7194574285901739;0.6520511772695404;0.6746093150454472;0.6829621960826088;0.6746093150454472;0.7467841339681954;0.6829621960826088;0.7382865940009399;0.7467841339681954;0.6403248469195034;0.7160815553135543;0.13353620242567588;0.14758231561583238;0.1671940875467087;0.13838262125601106;0.16678100940172677;0.13838262125601106;0.13320682016937277;0.16678100940172677;0.13767703878576104;0.13320682016937277;0.17282874694219252;0.13353620242567588;0.15038224226076977;0.1329602557939937;0.18075473518375085;0.18700806369854175;0.15025679451566445;0.18700806369854175;0.12000904586243188;0.15025679451566445;0.12403636721329904;0.12000904586243188;0.18684640613830406;0.15038224226076977;22.0;20.0;20.0;20.0;21.0;20.0;23.0;21.0;22.0;23.0;19.0;22.0;4.0;4.0;5.0;4.0;5.0;4.0;4.0;5.0;4.0;4.0;5.0;4.0;5.0;4.0;6.0;6.0;5.0;6.0;4.0;5.0;4.0;4.0;6.0;5.0;89.05753192394137;93.89831371987184;76.71702549185753;73.43758073977868;79.21647719263417;131.59104421302277;82.38156227845155;55.87916478760244;90.37947247867571;66.25723228635685;77.69042577161963;61.32782333851713;78.81453939584202;83.0985564724423;67.89338192219049;64.99112399941367;70.10535804911825;116.45604042928969;72.9064094346472;49.45219724167192;79.98443635659604;58.63662658821884;68.75482612617712;54.27417585188435;77.03251947935516;81.21967366984846;66.358292588288;63.52165557075046;68.52025528440473;113.82293510340683;71.25797407426822;48.33406851727383;78.17596472573918;57.310835214992565;67.20025928545657;53.04702077288036
20250139;198413080_1;MT-Tipo01;ESB01S4;0.43279569892473113;0.7823275862068967;0.7420977011494253;9.345;9.013;8.458;10.614;11.633;10.326;9.752;8.303;7.114;6.978;9.236;8.594;0.8561630383877449;0.8585521930409279;0.8156674002184824;0.8299771240777137;0.8360275708589621;0.8299771240777137;0.8746899728357151;0.8360275708589621;0.8697360343769184;0.8746899728357151;0.8078300625546735;0.8561630383877449;0.06580756273321953;0.0725903212904946;0.08620553171951935;0.07017430808389986;0.0841498470002782;0.07017430808389986;0.06430849179166175;0.0841498470002782;0.06685082872928177;0.06430849179166175;0.08987076435538978;0.06580756273321953;0.07802939887903554;0.06885748566857752;0.09812706806199833;0.09984856783838646;0.07982258214075974;0.09984856783838646;0.06100153537262312;0.07982258214075974;0.06341313689379986;0.06100153537262312;0.10229917308993679;0.07802939887903554;22.0;20.0;20.0;20.0;21.0;20.0;23.0;21.0;22.0;23.0;19.0;22.0;4.0;4.0;5.0;4.0;5.0;4.0;4.0;5.0;4.0;4.0;5.0;4.0;5.0;4.0;6.0;6.0;5.0;6.0;4.0;5.0;4.0;4.0;6.0;5.0;35.01216140679528;37.24876683108919;33.20906226746672;42.40538711860039;44.58603529811764;41.25476044720818;35.70473603401441;31.823076685315122;27.075997544505835;25.548364237628444;37.80560186178554;32.19844998715877;8.188328070944056;8.711405145980534;7.766635530294634;9.917388922898475;10.427379222946866;9.648290749750297;8.350301169245304;7.442493740920471;6.332289748311848;5.975020668477618;8.841632693482099;7.5302826582871285;8.188328070944058;8.711405145980535;7.766635530294636;9.917388922898478;10.427379222946866;9.648290749750299;8.350301169245304;7.4424937409204714;6.3322897483118465;5.975020668477619;8.8416326934821;7.53028265828713
20250139;257615017;MT-Tipo02;ESB01S4;0.44365057343692194;0.637736560614372;0.7756537387982958;13.246;12.971;10.32435;9.78065;10.1;12.486;11.08468;7.86149;12.598;11.01391;13.047;10.77826;0.7727742058319541;0.7739975012447674;0.7161059456537068;0.73806616542345;0.7420535111988559;0.73806616542345;0.7975068769354491;0.7420535111988559;0.7902333848424212;0.7975068769354491;0.7055635614402187;0.7727742058319541;0.11675729621950277;0.12863633429841226;0.14876863890071507;0.12266464147115361;0.14681824735248586;0.12266464147115361;0.11525524370361862;0.14681824735248586;0.11939517740147083;0.11525524370361862;0.1542931510424731;0.11675729621950277;0.11046849794854308;0.0973661644568204;0.13512541544557813;0.13926919310539626;0.11112824144865828;0.13926919310539626;0.0872378793609323;0.11112824144865828;0.09037143775610795;0.0872378793609323;0.1401432875173082;0.11046849794854308;22.0;20.0;20.0;20.0;21.0;20.0;23.0;21.0;22.0;23.0;19.0;22.0;4.0;4.0;5.0;4.0;5.0;4.0;4.0;5.0;4.0;4.0;5.0;4.0;5.0;4.0;6.0;6.0;5.0;6.0;4.0;5.0;4.0;4.0;6.0;5.0;43.69808433046763;47.14446735482324;34.718241030014454;33.89851943297456;33.51853391438503;43.274926885239765;36.09752882633205;26.089665265603838;42.499322572587424;35.86706460769519;45.50309280288787;35.55709757026318;25.261331135069767;27.253643249672674;20.070192927767984;19.59632184122804;19.37665683396984;25.016708962039672;20.86754242917499;15.082118211255997;24.568341541089865;20.734313867077326;26.304784582103874;20.555125692275183;15.72077903057414;16.960646333929596;12.490199603155668;12.195297382815808;12.05859417341678;15.56854433210862;12.9864107986281;9.385991832512305;15.289513701791801;12.903499222270558;16.37014706988308;12.791985791489962
20250139;198413080_2;MT-Tipo05;ESB01S4;0.4932432432432433;0.6127266387726639;0.6246702358783365;0.0;0.0;0.0;0.0;0.0;0.0;0.0;0.0;0.0;25.532;27.374;26.432;0.7815815259072254;0.7845721286253035;0.726718950452866;0.7461431172343302;0.7536470651925019;0.7461431172343302;0.8072554311274938;0.7536470651925019;0.8002443965274338;0.8072554311274938;0.7164146064755744;0.7815815259072254;0.10181115574606883;0.11242079269677475;0.1301638139708518;0.10691432647715984;0.12855900231249648;0.10691432647715984;0.10058353676510567;0.12855900231249648;0.10424223729597783;0.10058353676510567;0.1350717748952354;0.10181115574606883;0.11660731834670571;0.10300707867792175;0.14311723557628206;0.14694255628850988;0.11779393249500154;0.14694255628850988;0.09216103210740052;0.11779393249500154;0.09551336617658836;0.09216103210740052;0.14851361862919019;0.11660731834670571;22.0;20.0;20.0;20.0;21.0;20.0;23.0;21.0;22.0;23.0;19.0;22.0;4.0;4.0;5.0;4.0;5.0;4.0;4.0;5.0;4.0;4.0;5.0;4.0;5.0;4.0;6.0;6.0;5.0;6.0;4.0;5.0;4.0;4.0;6.0;5.0;0.0;0.0;0.0;0.0;0.0;0.0;0.0;0.0;0.0;75.6999493447732;87.19201360171927;79.32484713915025;0.0;0.0;0.0;0.0;0.0;0.0;0.0;0.0;0.0;43.65899588175867;50.2868997365128;45.749610198496406;0.0;0.0;0.0;0.0;0.0;0.0;0.0;0.0;0.0;39.238294206701944;45.19508813139309;41.11722288969469
20250139;85894566;MT-Tipo01;ESB01S4;0.43279569892473113;0.7823275862068967;0.7420977011494253;98.765;99.935;82.368;90.749;123.403;108.642;110.242;124.727;129.134;121.018;142.269;130.993;0.8561630383877449;0.8585521930409279;0.8156674002184824;0.8299771240777137;0.8360275708589621;0.8299771240777137;0.8746899728357151;0.8360275708589621;0.8697360343769184;0.8746899728357151;0.8078300625546735;0.8561630383877449;0.06580756273321953;0.0725903212904946;0.08620553171951935;0.07017430808389986;0.0841498470002782;0.07017430808389986;0.06430849179166175;0.0841498470002782;0.06685082872928177;0.06430849179166175;0.08987076435538978;0.06580756273321953;0.07802939887903554;0.06885748566857752;0.09812706806199833;0.09984856783838646;0.07982258214075974;0.09984856783838646;0.06100153537262312;0.07982258214075974;0.06341313689379986;0.06100153537262312;0.10229917308993679;0.07802939887903554;22.0;20.0;20.0;20.0;21.0;20.0;23.0;21.0;22.0;23.0;19.0;22.0;4.0;4.0;5.0;4.0;5.0;4.0;4.0;5.0;4.0;4.0;5.0;4.0;5.0;4.0;6.0;6.0;5.0;6.0;4.0;5.0;4.0;4.0;6.0;5.0;370.03489794993425;413.0095987201707;323.4055380523408;362.5632632019848;472.96918369239336;434.0499403937237;403.6260777134759;478.0437053750812;491.4860650705955;443.07995748198897;582.3478964134221;490.78095871164624;86.54041968183947;96.59095453939474;75.63516615740228;84.79302123272223;110.61376070225327;101.51167960820955;94.39642140073224;111.8005439990109;114.94432166973603;103.62353844336835;136.19426609668741;114.77941776320756;86.54041968183947;96.59095453939474;75.6351661574023;84.79302123272224;110.61376070225326;101.51167960820958;94.39642140073225;111.8005439990109;114.94432166973601;103.62353844336837;136.19426609668741;114.77941776320758
20250139;224633078_2;MT-Tipo02;ESB01S4;0.44365057343692194;0.637736560614372;0.7756537387982958;11.069;24.563;129.02435;197.35242000000002;25.08547;30.482;24.62973;6.99441;29.41;25.781740000000003;33.444;20.68;0.7727742058319541;0.7739975012447674;0.7161059456537068;0.73806616542345;0.7420535111988559;0.73806616542345;0.7975068769354491;0.7420535111988559;0.7902333848424212;0.7975068769354491;0.7055635614402187;0.7727742058319541;0.11675729621950277;0.12863633429841226;0.14876863890071507;0.12266464147115361;0.14681824735248586;0.12266464147115361;0.11525524370361862;0.14681824735248586;0.11939517740147083;0.11525524370361862;0.1542931510424731;0.11675729621950277;0.11046849794854308;0.0973661644568204;0.13512541544557813;0.13926919310539626;0.11112824144865828;0.13926919310539626;0.0872378793609323;0.11112824144865828;0.09037143775610795;0.0872378793609323;0.1401432875173082;0.11046849794854308;22.0;20.0;20.0;20.0;21.0;20.0;23.0;21.0;22.0;23.0;19.0;22.0;4.0;4.0;5.0;4.0;5.0;4.0;4.0;5.0;4.0;4.0;5.0;4.0;5.0;4.0;6.0;6.0;5.0;6.0;4.0;5.0;4.0;4.0;6.0;5.0;36.51623852136088;89.27681378741218;433.87704621026455;683.9990025728922;83.25031454983052;105.64683015504394;80.20731213348289;23.212115722387505;99.21456396728021;83.95886059344951;116.64025720087237;68.22258673970035;21.10959341190452;51.60984034705959;250.8190439959766;395.4115052133764;48.125994426618355;61.07314773193123;46.36687173595666;13.418641814464058;57.354732872158515;48.53559627774171;67.42831421505956;39.43864773314531;13.137045378938938;32.118137067328085;156.09117137325043;246.07479575676115;29.95004974053678;38.007397751989025;28.85530224050622;8.35076749232555;35.69333211380353;30.204955555182654;41.96238204990954;24.543689442267343
20250139;198413080_3;MT-Tipo05;ESB01S4;0.4932432432432433;0.6127266387726639;0.6246702358783365;12.309;12.097;8.01826;8.533059999999999;8.22137;10.643;8.01802;5.30745;10.907;10.70609;12.752;10.727829999999999;0.7815815259072254;0.7845721286253035;0.726718950452866;0.7461431172343302;0.7536470651925019;0.7461431172343302;0.8072554311274938;0.7536470651925019;0.8002443965274338;0.8072554311274938;0.7164146064755744;0.7815815259072254;0.10181115574606883;0.11242079269677475;0.1301638139708518;0.10691432647715984;0.12855900231249648;0.10691432647715984;0.10058353676510567;0.12855900231249648;0.10424223729597783;0.10058353676510567;0.1350717748952354;0.10181115574606883;0.11660731834670571;0.10300707867792175;0.14311723557628206;0.14694255628850988;0.11779393249500154;0.14694255628850988;0.09216103210740052;0.11779393249500154;0.09551336617658836;0.09216103210740052;0.14851361862919019;0.11660731834670571;22.0;20.0;20.0;20.0;21.0;20.0;23.0;21.0;22.0;23.0;19.0;22.0;4.0;4.0;5.0;4.0;5.0;4.0;4.0;5.0;4.0;4.0;5.0;4.0;5.0;4.0;6.0;6.0;5.0;6.0;4.0;5.0;4.0;4.0;6.0;5.0;36.940433695361705;40.087426310419055;24.61184876613622;26.89208990343153;24.92415968442945;33.541603228176264;23.77266598172405;16.090229647507055;33.51451104381638;31.74253762653074;40.6178328870141;32.19519805102869;21.304931595539205;23.119920096983964;14.194574939928948;15.509675402799555;14.374696343095176;19.344698773007067;13.710586799305135;9.27983804477362;19.329073695637344;18.30711026240552;23.425825434354177;18.56817648213286;19.14769584402436;20.778907267080147;12.75729998785246;13.939239650716923;12.919183156890561;17.385946847037314;12.322318177785537;8.340205908022483;17.37190389047239;16.453419599852324;21.053838089118315;16.68805149942317
20250139;198413080_4;MT-Tipo05;ESB01S4;0.4932432432432433;0.6127266387726639;0.6246702358783365;0.0;0.0;0.0;0.0;0.0;0.0;0.0;0.0;0.0;0.0;18.686;17.051;0.7815815259072254;0.7845721286253035;0.726718950452866;0.7461431172343302;0.7536470651925019;0.7461431172343302;0.8072554311274938;0.7536470651925019;0.8002443965274338;0.8072554311274938;0.7164146064755744;0.7815815259072254;0.10181115574606883;0.11242079269677475;0.1301638139708518;0.10691432647715984;0.12855900231249648;0.10691432647715984;0.10058353676510567;0.12855900231249648;0.10424223729597783;0.10058353676510567;0.1350717748952354;0.10181115574606883;0.11660731834670571;0.10300707867792175;0.14311723557628206;0.14694255628850988;0.11779393249500154;0.14694255628850988;0.09216103210740052;0.11779393249500154;0.09551336617658836;0.09216103210740052;0.14851361862919019;0.11660731834670571;22.0;20.0;20.0;20.0;21.0;20.0;23.0;21.0;22.0;23.0;19.0;22.0;4.0;4.0;5.0;4.0;5.0;4.0;4.0;5.0;4.0;4.0;5.0;4.0;5.0;4.0;6.0;6.0;5.0;6.0;4.0;5.0;4.0;4.0;6.0;5.0;0.0;0.0;0.0;0.0;0.0;0.0;0.0;0.0;0.0;0.0;59.51888529852145;51.171608980389344;0.0;0.0;0.0;0.0;0.0;0.0;0.0;0.0;0.0;0.0;34.32677023732295;29.512583364655047;0.0;0.0;0.0;0.0;0.0;0.0;0.0;0.0;0.0;0.0;30.85100521747685;26.52427994446822
20250139;1059419;MT-Tipo01;ESB01S4;0.43279569892473113;0.7823275862068967;0.7420977011494253;187.39014;201.55464;133.68768;130.65528;192.82283999999999;185.38506;189.18816;212.53428;234.8745;209.08061999999998;241.85028;217.0224;0.8561630383877449;0.8585521930409279;0.8156674002184824;0.8299771240777137;0.8360275708589621;0.8299771240777137;0.8746899728357151;0.8360275708589621;0.8697360343769184;0.8746899728357151;0.8078300625546735;0.8561630383877449;0.06580756273321953;0.0725903212904946;0.08620553171951935;0.07017430808389986;0.0841498470002782;0.07017430808389986;0.06430849179166175;0.0841498470002782;0.06685082872928177;0.06430849179166175;0.08987076435538978;0.06580756273321953;0.07802939887903554;0.06885748566857752;0.09812706806199833;0.09984856783838646;0.07982258214075974;0.09984856783838646;0.06100153537262312;0.07982258214075974;0.06341313689379986;0.06100153537262312;0.10229917308993679;0.07802939887903554;22.0;20.0;20.0;20.0;21.0;20.0;23.0;21.0;22.0;23.0;19.0;22.0;4.0;4.0;5.0;4.0;5.0;4.0;4.0;5.0;4.0;4.0;5.0;4.0;5.0;4.0;6.0;6.0;5.0;6.0;4.0;5.0;4.0;4.0;6.0;5.0;702.0795963319385;832.9814478069593;524.9045270173995;521.9980900215872;739.0360139708838;740.6562309501564;692.6695358450456;814.5844502828178;893.9360957642726;765.5012660918862;989.9626890256988;813.1004063873823;164.19603462601785;194.81017730969205;122.7599297056821;122.08019847279053;172.83906778351312;173.2179894964075;161.99529467343805;190.5076536951751;209.06569981583795;179.02852190858624;231.52353211084883;190.16057891317809;164.19603462601785;194.81017730969205;122.75992970568213;122.08019847279056;172.83906778351312;173.21798949640754;161.99529467343805;190.5076536951751;209.0656998158379;179.02852190858627;231.52353211084886;190.1605789131781
20250139;191624435;MT-Tipo01;ESB01S4;0.43279569892473113;0.7823275862068967;0.7420977011494253;1.714;1.9451500000000002;1.3921700000000001;1.22109;1.53248;1.698;1.36667;0.99938;1.884;0.0;0.0;388.50261;0.8561630383877449;0.8585521930409279;0.8156674002184824;0.8299771240777137;0.8360275708589621;0.8299771240777137;0.8746899728357151;0.8360275708589621;0.8697360343769184;0.8746899728357151;0.8078300625546735;0.8561630383877449;0.06580756273321953;0.0725903212904946;0.08620553171951935;0.07017430808389986;0.0841498470002782;0.07017430808389986;0.06430849179166175;0.0841498470002782;0.06685082872928177;0.06430849179166175;0.08987076435538978;0.06580756273321953;0.07802939887903554;0.06885748566857752;0.09812706806199833;0.09984856783838646;0.07982258214075974;0.09984856783838646;0.06100153537262312;0.07982258214075974;0.06341313689379986;0.06100153537262312;0.10229917308993679;0.07802939887903554;22.0;20.0;20.0;20.0;21.0;20.0;23.0;21.0;22.0;23.0;19.0;22.0;4.0;4.0;5.0;4.0;5.0;4.0;4.0;5.0;4.0;4.0;5.0;4.0;5.0;4.0;6.0;6.0;5.0;6.0;4.0;5.0;4.0;4.0;6.0;5.0;6.421706222712372;8.038881482469005;5.466145686557004;4.878537229758031;5.873567211695979;6.783903083416568;5.0037522144797455;3.830344017556332;7.170534069981584;0.0;0.0;1455.5715450274197;1.5018506488601513;1.8800609918677509;1.2783727815334929;1.1409482230885717;1.3736568478966402;1.5865579791861326;1.1702323727412305;0.8958062621704324;1.6769797421731123;0.0;0.0;340.4159258531868;1.5018506488601513;1.880060991867751;1.278372781533493;1.1409482230885717;1.3736568478966402;1.5865579791861328;1.1702323727412307;0.8958062621704325;1.676979742173112;0.0;0.0;340.4159258531868
20250139;258104247_1;MT-Tipo02;ESB01S4;0.44365057343692194;0.637736560614372;0.7756537387982958;175.913;175.446;156.31217;129.21694;131.12906;156.423;133.94504999999998;119.36646;163.812;1183.16684;165.106;147.76695999999998;0.7727742058319541;0.7739975012447674;0.7161059456537068;0.73806616542345;0.7420535111988559;0.73806616542345;0.7975068769354491;0.7420535111988559;0.7902333848424212;0.7975068769354491;0.7055635614402187;0.7727742058319541;0.11675729621950277;0.12863633429841226;0.14876863890071507;0.12266464147115361;0.14681824735248586;0.12266464147115361;0.11525524370361862;0.14681824735248586;0.11939517740147083;0.11525524370361862;0.1542931510424731;0.11675729621950277;0.11046849794854308;0.0973661644568204;0.13512541544557813;0.13926919310539626;0.11112824144865828;0.13926919310539626;0.0872378793609323;0.11112824144865828;0.09037143775610795;0.0872378793609323;0.1401432875173082;0.11046849794854308;22.0;20.0;20.0;20.0;21.0;20.0;23.0;21.0;22.0;23.0;19.0;22.0;4.0;4.0;5.0;4.0;5.0;4.0;4.0;5.0;4.0;4.0;5.0;4.0;5.0;4.0;6.0;6.0;5.0;6.0;4.0;5.0;4.0;4.0;6.0;5.0;580.3307495716106;637.6769886311248;525.6392503145083;447.84988233496836;435.17364799717126;542.1427108897855;436.19529869328545;396.137498787137;552.6193863518567;3853.0114638636564;575.8284387455817;487.4779615987345;335.4821488723787;368.63331227986066;303.86565826013907;258.89657063473834;251.56859372089517;313.40610811862337;252.1591975639319;229.00227058473146;319.4625467954447;2227.3790704371163;332.8794177368623;281.8050813364494;208.7792089389543;229.41003443856383;189.10344997044868;161.1180248958369;156.55763553283361;195.0407184095328;156.92518356351113;142.5140296096423;198.80979667549758;1386.155543286291;207.15946210777312;175.37458298200872
20250139;191624069;MT-Tipo02;ESB01S4;0.44365057343692194;0.637736560614372;0.7756537387982958;10.567;13.102;10.431299999999998;11.221770000000001;9.72564;12.67;13.20541;6.76832;12.818;11.18;13.868;11.21913;0.7727742058319541;0.7739975012447674;0.7161059456537068;0.73806616542345;0.7420535111988559;0.73806616542345;0.7975068769354491;0.7420535111988559;0.7902333848424212;0.7975068769354491;0.7055635614402187;0.7727742058319541;0.11675729621950277;0.12863633429841226;0.14876863890071507;0.12266464147115361;0.14681824735248586;0.12266464147115361;0.11525524370361862;0.14681824735248586;0.11939517740147083;0.11525524370361862;0.1542931510424731;0.11675729621950277;0.11046849794854308;0.0973661644568204;0.13512541544557813;0.13926919310539626;0.11112824144865828;0.13926919310539626;0.0872378793609323;0.11112824144865828;0.09037143775610795;0.0872378793609323;0.1401432875173082;0.11046849794854308;22.0;20.0;20.0;20.0;21.0;20.0;23.0;21.0;22.0;23.0;19.0;22.0;4.0;4.0;5.0;4.0;5.0;4.0;4.0;5.0;4.0;4.0;5.0;4.0;5.0;4.0;6.0;6.0;5.0;6.0;4.0;5.0;4.0;4.0;6.0;5.0;34.86015832100645;47.62060066940823;35.07788748506102;38.893262555900776;32.276157839514816;43.91264805670254;43.00373742304996;22.461798362713907;43.241492041230806;36.407940714426786;48.3664360382041;37.01151206813221;20.1522335878214;27.52889012853376;20.278100169737186;22.48372209906679;18.658454333735683;25.385367815877196;24.85993763190743;12.98489247351433;24.997380685322263;21.046987766735384;27.960048485062966;21.39590502622643;12.541255625553143;17.131939578069964;12.619585651435463;13.992201163681447;11.611638201658335;15.797970261718422;15.470981482939651;8.080834070873294;15.556515846131713;13.098084268437352;17.400260562975287;13.315224493830986
20250139;198413080_5;MT-Tipo02;ESB01S4;0.44365057343692194;0.637736560614372;0.7756537387982958;29.249;29.824;22.6513;22.179029999999997;20.35641;26.772;24.012610000000002;17.76398;26.057;0.0;0.0;0.0;0.7727742058319541;0.7739975012447674;0.7161059456537068;0.73806616542345;0.7420535111988559;0.73806616542345;0.7975068769354491;0.7420535111988559;0.7902333848424212;0.7975068769354491;0.7055635614402187;0.7727742058319541;0.11675729621950277;0.12863633429841226;0.14876863890071507;0.12266464147115361;0.14681824735248586;0.12266464147115361;0.11525524370361862;0.14681824735248586;0.11939517740147083;0.11525524370361862;0.1542931510424731;0.11675729621950277;0.11046849794854308;0.0973661644568204;0.13512541544557813;0.13926919310539626;0.11112824144865828;0.13926919310539626;0.0872378793609323;0.11112824144865828;0.09037143775610795;0.0872378793609323;0.1401432875173082;0.11046849794854308;22.0;20.0;20.0;20.0;21.0;20.0;23.0;21.0;22.0;23.0;19.0;22.0;4.0;4.0;5.0;4.0;5.0;4.0;4.0;5.0;4.0;4.0;5.0;4.0;5.0;4.0;6.0;6.0;5.0;6.0;4.0;5.0;4.0;4.0;6.0;5.0;96.49141390471448;108.39847308536339;76.1707316240893;76.8697662690645;67.55614049110164;92.7884304478327;78.19764591043396;58.952729315292814;87.90322656563824;0.0;0.0;0.0;55.780512937464565;62.66383904696923;44.03337363269851;44.437477059934864;39.053383261543765;53.639863233359456;45.2051081321456;34.079855887673624;50.81578627847107;0.0;0.0;0.0;34.71365437605791;38.99732605528611;27.403106081347495;27.654590084748282;24.3039294076914;33.38147275822617;28.132306733910685;21.208774824226953;31.62397670484116;0.0;0.0;0.0
20250139;198413080_6;MT-Tipo01;ESB01S4;0.43279569892473113;0.7823275862068967;0.7420977011494253;41.953;38.971;29.79652;31.09355;30.72137;37.968;32.64414;22.552169999999997;35.219;28.91217;35.43;32.56261;0.8561630383877449;0.8585521930409279;0.8156674002184824;0.8299771240777137;0.8360275708589621;0.8299771240777137;0.8746899728357151;0.8360275708589621;0.8697360343769184;0.8746899728357151;0.8078300625546735;0.8561630383877449;0.06580756273321953;0.0725903212904946;0.08620553171951935;0.07017430808389986;0.0841498470002782;0.07017430808389986;0.06430849179166175;0.0841498470002782;0.06685082872928177;0.06430849179166175;0.08987076435538978;0.06580756273321953;0.07802939887903554;0.06885748566857752;0.09812706806199833;0.09984856783838646;0.07982258214075974;0.09984856783838646;0.06100153537262312;0.07982258214075974;0.06341313689379986;0.06100153537262312;0.10229917308993679;0.07802939887903554;22.0;20.0;20.0;20.0;21.0;20.0;23.0;21.0;22.0;23.0;19.0;22.0;4.0;4.0;5.0;4.0;5.0;4.0;4.0;5.0;4.0;4.0;5.0;4.0;5.0;4.0;6.0;6.0;5.0;6.0;4.0;5.0;4.0;4.0;6.0;5.0;157.18193766712494;161.0586588454873;116.99154505010847;124.22593034120567;117.74641857014807;151.69094951187296;119.51911420810205;86.43615986152753;134.04407612031923;105.85535254517539;145.02517041609588;121.99971719063949;36.76029187376308;37.666944407412345;27.360925858493104;29.052838547540027;27.537468859147527;35.476109160034795;27.952050903507732;20.21490835471208;31.34901780233272;24.756493740403915;33.91717695215145;28.5321919236173;36.76029187376308;37.666944407412345;27.36092585849311;29.052838547540038;27.537468859147527;35.4761091600348;27.952050903507736;20.21490835471208;31.349017802332714;24.756493740403922;33.91717695215146;28.5321919236173
20250139;266138434_2;MT-Tipo05;ESB01S4;0.4932432432432433;0.6127266387726639;0.6246702358783365;0.0;0.0;0.0;0.0;0.0;0.0;0.0;0.0;0.0;73.382;61.946;58.695;0.7815815259072254;0.7845721286253035;0.726718950452866;0.7461431172343302;0.7536470651925019;0.7461431172343302;0.8072554311274938;0.7536470651925019;0.8002443965274338;0.8072554311274938;0.7164146064755744;0.7815815259072254;0.10181115574606883;0.11242079269677475;0.1301638139708518;0.10691432647715984;0.12855900231249648;0.10691432647715984;0.10058353676510567;0.12855900231249648;0.10424223729597783;0.10058353676510567;0.1350717748952354;0.10181115574606883;0.11660731834670571;0.10300707867792175;0.14311723557628206;0.14694255628850988;0.11779393249500154;0.14694255628850988;0.09216103210740052;0.11779393249500154;0.09551336617658836;0.09216103210740052;0.14851361862919019;0.11660731834670571;22.0;20.0;20.0;20.0;21.0;20.0;23.0;21.0;22.0;23.0;19.0;22.0;4.0;4.0;5.0;4.0;5.0;4.0;4.0;5.0;4.0;4.0;5.0;4.0;5.0;4.0;6.0;6.0;5.0;6.0;4.0;5.0;4.0;4.0;6.0;5.0;0.0;0.0;0.0;0.0;0.0;0.0;0.0;0.0;0.0;217.57064400823072;197.31118852093599;176.14905806720733;0.0;0.0;0.0;0.0;0.0;0.0;0.0;0.0;0.0;125.48113879818325;113.79675206685258;101.59175887563356;0.0;0.0;0.0;0.0;0.0;0.0;0.0;0.0;0.0;112.77551721276052;102.27423574878631;91.30506195182467
20250139;4636467;MT-Tipo05;ESB01S4;0.4932432432432433;0.6127266387726639;0.6246702358783365;14.962;16.757;13.643;14.237;14.368;13.981;12.353;12.381;12.032;11.926;13.968;13.014;0.7815815259072254;0.7845721286253035;0.726718950452866;0.7461431172343302;0.7536470651925019;0.7461431172343302;0.8072554311274938;0.7536470651925019;0.8002443965274338;0.8072554311274938;0.7164146064755744;0.7815815259072254;0.10181115574606883;0.11242079269677475;0.1301638139708518;0.10691432647715984;0.12855900231249648;0.10691432647715984;0.10058353676510567;0.12855900231249648;0.10424223729597783;0.10058353676510567;0.1350717748952354;0.10181115574606883;0.11660731834670571;0.10300707867792175;0.14311723557628206;0.14694255628850988;0.11779393249500154;0.14694255628850988;0.09216103210740052;0.11779393249500154;0.09551336617658836;0.09216103210740052;0.14851361862919019;0.11660731834670571;22.0;20.0;20.0;20.0;21.0;20.0;23.0;21.0;22.0;23.0;19.0;22.0;4.0;4.0;5.0;4.0;5.0;4.0;4.0;5.0;4.0;4.0;5.0;4.0;5.0;4.0;6.0;6.0;5.0;6.0;4.0;5.0;4.0;4.0;6.0;5.0;44.90232910472027;55.52988366402348;41.876847684709205;44.86815795917932;43.558473386538054;44.061369419630964;36.62546899012938;37.53462270314084;36.9713575574584;35.359454640677;44.49105158138433;39.056203112473575;25.89685486493278;32.026163599666056;24.151946420476595;25.877147085530545;25.121802942525573;25.41184191914045;21.12327965405628;21.64762264973616;21.322766544962732;20.393121764290065;25.659655714167123;22.52517505762834;23.274662866056744;28.783347034344217;21.706435527691934;23.256950602393143;22.578089004412107;22.83876001770447;18.984437111679032;19.455687636666642;19.163724911539724;18.328211527069065;23.06148136988744;20.24438327355049
20250139;198413080_7;MT-Tipo05;ESB01S4;0.4932432432432433;0.6127266387726639;0.6246702358783365;0.587;1.675;2.1313;11.304030000000001;13.55983;17.226;14.75676;10.72298;17.039;15.02783;0.0;0.0;0.7815815259072254;0.7845721286253035;0.726718950452866;0.7461431172343302;0.7536470651925019;0.7461431172343302;0.8072554311274938;0.7536470651925019;0.8002443965274338;0.8072554311274938;0.7164146064755744;0.7815815259072254;0.10181115574606883;0.11242079269677475;0.1301638139708518;0.10691432647715984;0.12855900231249648;0.10691432647715984;0.10058353676510567;0.12855900231249648;0.10424223729597783;0.10058353676510567;0.1350717748952354;0.10181115574606883;0.11660731834670571;0.10300707867792175;0.14311723557628206;0.14694255628850988;0.11779393249500154;0.14694255628850988;0.09216103210740052;0.11779393249500154;0.09551336617658836;0.09216103210740052;0.14851361862919019;0.11660731834670571;22.0;20.0;20.0;20.0;21.0;20.0;23.0;21.0;22.0;23.0;19.0;22.0;4.0;4.0;5.0;4.0;5.0;4.0;4.0;5.0;4.0;4.0;5.0;4.0;5.0;4.0;6.0;6.0;5.0;6.0;4.0;5.0;4.0;4.0;6.0;5.0;1.7616406352406628;5.550668683967257;6.541972108071593;35.62485099496396;41.10840020747357;54.28804446195287;43.752388551346364;32.50811796731485;52.35662910750778;44.55608529538865;0.0;0.0;1.0160041308458456;3.2012785122301515;3.7730003229466957;20.546185781361935;23.708753980661644;31.30994842279618;25.233641080530358;18.748649117249645;30.196028853026927;25.697163092658993;0.0;0.0;0.9131283987685676;2.877132319778395;3.390964306983055;18.465777011868383;21.308118640360345;28.139652390027695;22.678602946016408;16.850250336339847;27.138523002636752;23.095190930138713;0.0;0.0
20250139;258104247_2;MT-Tipo05;ESB01S4;0.4932432432432433;0.6127266387726639;0.6246702358783365;32.68;38.951;33.93;39.856;39.664;71.151;34.017;36.758;36.984;34.339;45.987;43.522;0.7815815259072254;0.7845721286253035;0.726718950452866;0.7461431172343302;0.7536470651925019;0.7461431172343302;0.8072554311274938;0.7536470651925019;0.8002443965274338;0.8072554311274938;0.7164146064755744;0.7815815259072254;0.10181115574606883;0.11242079269677475;0.1301638139708518;0.10691432647715984;0.12855900231249648;0.10691432647715984;0.10058353676510567;0.12855900231249648;0.10424223729597783;0.10058353676510567;0.1350717748952354;0.10181115574606883;0.11660731834670571;0.10300707867792175;0.14311723557628206;0.14694255628850988;0.11779393249500154;0.14694255628850988;0.09216103210740052;0.11779393249500154;0.09551336617658836;0.09216103210740052;0.14851361862919019;0.11660731834670571;22.0;20.0;20.0;20.0;21.0;20.0;23.0;21.0;22.0;23.0;19.0;22.0;4.0;4.0;5.0;4.0;5.0;4.0;4.0;5.0;4.0;4.0;5.0;4.0;5.0;4.0;6.0;6.0;5.0;6.0;4.0;5.0;4.0;4.0;6.0;5.0;98.07566603009346;129.07707218460217;104.14728739589411;125.60689075093426;120.24660971628936;224.23363819298783;100.8571665698398;111.43669019643414;113.64267685380995;101.81186591532848;146.4783783700688;130.6134986830394;56.563909703649465;74.44358168947858;60.065641138075996;72.44219809235832;69.35072326784064;129.32393708524154;58.16810523694911;64.26971273394732;65.54198785728903;58.718716104641665;84.47956667578775;75.32969639296914;50.836518009807136;66.90577969414225;53.98368082200302;65.10704665371786;62.32859982398398;116.22921207493674;52.2782803552162;57.762068180970225;58.905518793915;52.773138992790926;75.9255687111264;67.70217064941329
20250139;266138434_3;MT-Tipo01;ESB01S4;0.43279569892473113;0.7823275862068967;0.7420977011494253;34.652;70.521;28.68957;30.77661;28.93846;34.684;33.92252;72.7795;36.117;28.23217;33.372;29.0487;0.8561630383877449;0.8585521930409279;0.8156674002184824;0.8299771240777137;0.8360275708589621;0.8299771240777137;0.8746899728357151;0.8360275708589621;0.8697360343769184;0.8746899728357151;0.8078300625546735;0.8561630383877449;0.06580756273321953;0.0725903212904946;0.08620553171951935;0.07017430808389986;0.0841498470002782;0.07017430808389986;0.06430849179166175;0.0841498470002782;0.06685082872928177;0.06430849179166175;0.08987076435538978;0.06580756273321953;0.07802939887903554;0.06885748566857752;0.09812706806199833;0.09984856783838646;0.07982258214075974;0.09984856783838646;0.06100153537262312;0.07982258214075974;0.06341313689379986;0.06100153537262312;0.10229917308993679;0.07802939887903554;22.0;20.0;20.0;20.0;21.0;20.0;23.0;21.0;22.0;23.0;19.0;22.0;4.0;4.0;5.0;4.0;5.0;4.0;4.0;5.0;4.0;4.0;5.0;4.0;5.0;4.0;6.0;6.0;5.0;6.0;4.0;5.0;4.0;4.0;6.0;5.0;129.82786699499945;291.44794027463007;112.64527270712286;122.95968167026454;110.91302321268509;138.57060927280344;124.19961261367663;278.9434673755139;137.46187845303868;103.3656867839849;136.60118507270536;108.83443264393516;30.362968893991805;68.16121183842154;26.34445893956905;28.75669974546509;25.939336073934406;32.40764249122016;29.04668359513404;65.23677866040244;32.14834254143646;24.17423319948033;31.94705134764883;25.45321408608161;30.362968893991813;68.16121183842155;26.344458939569055;28.756699745465095;25.93933607393441;32.40764249122016;29.04668359513405;65.23677866040244;32.148342541436456;24.174233199480334;31.947051347648838;25.45321408608161
20250139;4648977;MT-Tipo01;ESB01S4;0.43279569892473113;0.7823275862068967;0.7420977011494253;0.32;0.221;2.02957;2.9983899999999997;0.19231;0.229;0.25945999999999997;0.14224;0.229;0.17912999999999998;0.288;0.18869999999999998;0.8561630383877449;0.8585521930409279;0.8156674002184824;0.8299771240777137;0.8360275708589621;0.8299771240777137;0.8746899728357151;0.8360275708589621;0.8697360343769184;0.8746899728357151;0.8078300625546735;0.8561630383877449;0.06580756273321953;0.0725903212904946;0.08620553171951935;0.07017430808389986;0.0841498470002782;0.07017430808389986;0.06430849179166175;0.0841498470002782;0.06685082872928177;0.06430849179166175;0.08987076435538978;0.06580756273321953;0.07802939887903554;0.06885748566857752;0.09812706806199833;0.09984856783838646;0.07982258214075974;0.09984856783838646;0.06100153537262312;0.07982258214075974;0.06341313689379986;0.06100153537262312;0.10229917308993679;0.07802939887903554;22.0;20.0;20.0;20.0;21.0;20.0;23.0;21.0;22.0;23.0;19.0;22.0;4.0;4.0;5.0;4.0;5.0;4.0;4.0;5.0;4.0;4.0;5.0;4.0;5.0;4.0;6.0;6.0;5.0;6.0;4.0;5.0;4.0;4.0;6.0;5.0;1.1989183146254134;0.9133448873483537;7.968800721941644;11.979262170957247;0.737070441690106;0.9149080130167221;0.9499539388213063;0.5451661360615708;0.8715776550030695;0.6558438644147869;1.1788667535940054;0.7069871436556735;0.2803921864849757;0.21360485268630847;1.863671136583126;2.8016016367561294;0.1723793774920409;0.21397042239907205;0.2221666469824022;0.12749853182085125;0.20383670963781458;0.15338283925829688;0.2757027085018238;0.16534376746785912;0.2803921864849757;0.2136048526863085;1.8636711365831264;2.8016016367561303;0.1723793774920409;0.2139704223990721;0.22216664698240224;0.12749853182085125;0.20383670963781456;0.1533828392582969;0.2757027085018238;0.16534376746785912
20250139;222273078;MT-Tipo05;ESB01S4;0.4932432432432433;0.6127266387726639;0.6246702358783365;8.795;13.618;11.545219999999999;11.411290000000001;13.002559999999999;15.383;13.31351;4.88696;16.222;21.06261;0.0;19.73652;0.7815815259072254;0.7845721286253035;0.726718950452866;0.7461431172343302;0.7536470651925019;0.7461431172343302;0.8072554311274938;0.7536470651925019;0.8002443965274338;0.8072554311274938;0.7164146064755744;0.7815815259072254;0.10181115574606883;0.11242079269677475;0.1301638139708518;0.10691432647715984;0.12855900231249648;0.10691432647715984;0.10058353676510567;0.12855900231249648;0.10424223729597783;0.10058353676510567;0.1350717748952354;0.10181115574606883;0.11660731834670571;0.10300707867792175;0.14311723557628206;0.14694255628850988;0.11779393249500154;0.14694255628850988;0.09216103210740052;0.11779393249500154;0.09551336617658836;0.09216103210740052;0.14851361862919019;0.11660731834670571;22.0;20.0;20.0;20.0;21.0;20.0;23.0;21.0;22.0;23.0;19.0;22.0;4.0;4.0;5.0;4.0;5.0;4.0;4.0;5.0;4.0;4.0;5.0;4.0;5.0;4.0;6.0;6.0;5.0;6.0;4.0;5.0;4.0;4.0;6.0;5.0;26.394598614892047;45.12776485866633;35.4377643792757;35.96288278696378;39.41896323196438;48.47979728075124;39.47328969924532;14.815459152357741;49.84619035048953;62.448633482246336;0.0;59.23109988115852;15.22275354478571;26.026872107194148;20.4382859233757;20.741141375686162;22.73439240453545;27.960114744448717;22.765724512836943;8.544630157851111;28.748164801561288;36.01646573903686;0.0;34.16079360906584;13.681370131464313;23.391515182532647;18.368802578833062;18.640992332625054;20.43241626985027;25.129006891663533;20.460575838315382;7.679441664880415;25.83726275889274;32.36961021232267;0.0;30.701834590909385
20250139;198413080_8;MT-Tipo05;ESB01S4;0.4932432432432433;0.6127266387726639;0.6246702358783365;165.26838;164.84071;153.74069;165.90820000000002;154.18778;156.17421;144.95057;144.2695;146.89114;149.34879999999998;164.63571;163.29378;0.7815815259072254;0.7845721286253035;0.726718950452866;0.7461431172343302;0.7536470651925019;0.7461431172343302;0.8072554311274938;0.7536470651925019;0.8002443965274338;0.8072554311274938;0.7164146064755744;0.7815815259072254;0.10181115574606883;0.11242079269677475;0.1301638139708518;0.10691432647715984;0.12855900231249648;0.10691432647715984;0.10058353676510567;0.12855900231249648;0.10424223729597783;0.10058353676510567;0.1350717748952354;0.10181115574606883;0.11660731834670571;0.10300707867792175;0.14311723557628206;0.14694255628850988;0.11779393249500154;0.14694255628850988;0.09216103210740052;0.11779393249500154;0.09551336617658836;0.09216103210740052;0.14851361862919019;0.11660731834670571;22.0;20.0;20.0;20.0;21.0;20.0;23.0;21.0;22.0;23.0;19.0;22.0;4.0;4.0;5.0;4.0;5.0;4.0;4.0;5.0;4.0;4.0;5.0;4.0;5.0;4.0;6.0;6.0;5.0;6.0;4.0;5.0;4.0;4.0;6.0;5.0;495.9855092476921;546.2544279641363;471.9032073643697;522.8626342855317;467.440444853799;492.1857921914759;429.7646407056244;437.37188030617705;451.3601112834674;442.80497394260783;524.399761293516;490.0595542249558;286.0534187022163;315.0453867843354;272.16425328205685;301.5544633065688;269.59041100400094;283.8619795698908;247.86136372742334;252.24874370940236;260.3162803975596;255.38221228832833;302.44098202015044;282.63569850329253;257.0890139633308;283.1453936455031;244.60619918404103;271.02049672908356;242.29297189815654;255.119469504655;222.76410430397715;226.70723911623278;233.95789552048453;229.52342761310848;271.8172507863109;254.01735580965376
