index,A3-Tipo01_DU,A3-Tipo01_DO,A3-Tipo01_SA,A3-Tipo02_DU,A3-Tipo02_DO,A3-Tipo02_SA,A3-Tipo03_DU,A3-Tipo03_DO,A3-Tipo03_SA,A3-Tipo04_DO,A3-Tipo04_DU,A3-Tipo04_SA,A3-Tipo05_SA,A3-Tipo05_DU,A3-Tipo05_DO,COM-Tipo01_DO,COM-Tipo01_DU,COM-Tipo01_SA,COM-Tipo02_DU,COM-Tipo02_SA,COM-Tipo02_DO,COM-Tipo03_DO,COM-Tipo03_DU,COM-Tipo03_SA,COM-Tipo04_DO,COM-Tipo04_DU,COM-Tipo04_SA,COM-Tipo05_DO,COM-Tipo05_DU,COM-Tipo05_SA,IND-Tipo01_DU,IND-Tipo01_DO,IND-Tipo01_SA,IND-Tipo02_DO,IND-Tipo02_DU,IND-Tipo02_SA,IND-Tipo03_DO,IND-Tipo03_DU,IND-Tipo03_SA,IND-Tipo04_DO,IND-Tipo04_DU,IND-Tipo04_SA,IND-Tipo05_DO,IND-Tipo05_DU,IND-Tipo05_SA,IP-Tipo1_DU,IP-Tipo1_DO,IP-Tipo1_SA,MT-Tipo01_DU,MT-Tipo01_DO,MT-Tipo01_SA,MT-Tipo02_DO,MT-Tipo02_DU,MT-Tipo02_SA,MT-Tipo03_DU,MT-Tipo03_DO,MT-Tipo03_SA,MT-Tipo04_DO,MT-Tipo04_DU,MT-Tipo04_SA,MT-Tipo05_DO,MT-Tipo05_DU,MT-Tipo05_SA,MT-Tipo06_DO,MT-Tipo06_DU,MT-Tipo06_SA,RES-Tipo01_DO,RES-Tipo01_DU,RES-Tipo01_SA,RES-Tipo02_DU,RES-Tipo02_DO,RES-Tipo02_SA,RES-Tipo03_DU,RES-Tipo03_DO,RES-Tipo03_SA,RES-Tipo04_DO,RES-Tipo04_DU,RES-Tipo04_SA,RES-Tipo05_DU,RES-Tipo05_DO,RES-Tipo05_SA,RUR-Tipo01_DO,RUR-Tipo01_DU,RUR-Tipo01_SA,RUR-Tipo02_DU,RUR-Tipo02_DO,RUR-Tipo02_SA,RUR-Tipo03_DO,RUR-Tipo03_DU,RUR-Tipo03_SA,RUR-Tipo04_DO,RUR-Tipo04_DU,RUR-Tipo04_SA,RUR-Tipo05_DO,RUR-Tipo05_DU,RUR-Tipo05_SA,SP-Tipo01_DU,SP-Tipo01_DO,SP-Tipo01_SA,SP-Tipo02_DU,SP-Tipo02_DO,SP-Tipo02_SA,SP-Tipo03_DO,SP-Tipo03_DU,SP-Tipo03_SA,SP-Tipo04_DO,SP-Tipo04_DU,SP-Tipo04_SA
0,0.905116,1.0,1.0,0.239906,0.872637,0.581302,0.743167,1.0,0.74895,0.795814,0.647687,1.0,0.412903,0.127194,0.795297,0.949364,0.862287,0.873791,0.143234,0.433379,0.653516,0.627812,0.361754,0.474167,0.877313,0.090741,0.233223,0.910309,1.0,0.991548,0.383333,0.890756,0.58125,0.868852,0.818182,0.859155,0.9375,0.826923,0.903846,0.857143,0.082474,0.611111,0.9375,0.081081,0.555556,1.0,1.0,1.0,0.169355,0.758621,0.758621,0.806523,0.284922,0.566923,0.417369,0.845371,0.770656,0.972353,0.998699,0.961765,0.851955,0.51834,0.752301,0.96045,0.141642,0.550211,0.844762,0.728244,0.854652,0.69759,0.781694,0.879405,0.98946,0.83604,1.0,0.984108,1.0,0.888106,0.862292,0.901386,0.888394,0.61046,0.414665,0.511487,0.763302,0.855854,0.917485,0.967967,1.0,0.718513,0.962005,0.908431,0.905988,0.757943,0.650577,0.798352,0.764219,0.842053,0.794938,0.210769,0.768409,0.647186,0.898551,0.707317,1.0,0.850829,0.168317,0.86911
1,0.902691,0.997669,0.995691,0.238352,0.857663,0.576636,0.742629,0.949621,0.747389,0.788557,0.647501,0.999985,0.40169,0.128678,0.816704,0.937044,0.858008,0.870821,0.141743,0.425918,0.633509,0.627763,0.365006,0.472551,0.865254,0.091436,0.227809,0.928699,0.98483,0.994659,0.380278,0.869592,0.5716,0.863843,0.812021,0.845201,0.920557,0.82541,0.903846,0.892526,0.09008,0.624871,0.9375,0.081081,0.551852,1.0,1.0,1.0,0.169355,0.779693,0.752874,0.803179,0.272026,0.570869,0.416675,0.842901,0.769347,0.971798,0.999247,0.963391,0.851516,0.513666,0.756932,0.952872,0.142877,0.550153,0.842867,0.727244,0.854655,0.684242,0.767711,0.874421,0.993294,0.83603,0.99949,0.964568,0.996014,0.891112,0.844899,0.881897,0.871422,0.569042,0.414034,0.512025,0.765711,0.853001,0.909544,0.955687,0.995215,0.742172,0.962109,0.906137,0.902389,0.747783,0.614962,0.808873,0.760349,0.82527,0.788221,0.20559,0.763408,0.639493,0.892747,0.705262,0.996268,0.845879,0.167987,0.866981
2,0.900421,0.995455,0.991641,0.236841,0.842908,0.571628,0.742214,0.90213,0.745915,0.781381,0.646975,0.999943,0.391172,0.130065,0.833615,0.925471,0.85397,0.86778,0.140162,0.418783,0.614765,0.627623,0.367186,0.470969,0.853871,0.092085,0.223106,0.945094,0.970615,0.99692,0.377778,0.851229,0.562731,0.859745,0.80621,0.832029,0.904578,0.821225,0.903846,0.925926,0.09742,0.63786,0.9375,0.081081,0.548148,1.0,1.0,1.0,0.169355,0.796935,0.747126,0.80014,0.25967,0.574847,0.415972,0.840586,0.768066,0.971426,0.999614,0.964692,0.850282,0.508895,0.761262,0.945766,0.143899,0.549985,0.840794,0.726222,0.854664,0.670373,0.757115,0.864479,0.9961,0.835998,0.998061,0.946438,0.992283,0.893126,0.828548,0.863651,0.855503,0.533052,0.412283,0.512385,0.767326,0.850636,0.902115,0.943961,0.989521,0.762327,0.962404,0.903596,0.898775,0.739301,0.581824,0.817826,0.75673,0.809559,0.781915,0.200726,0.758503,0.632355,0.887547,0.703884,0.990468,0.841252,0.167657,0.864973
3,0.898394,0.993374,0.988057,0.235373,0.828376,0.566302,0.741911,0.860324,0.744617,0.774288,0.646152,0.999877,0.381837,0.131314,0.8463,0.915222,0.850411,0.864669,0.138498,0.412011,0.597665,0.627397,0.368509,0.469421,0.843841,0.092671,0.219237,0.958892,0.957972,0.998458,0.375833,0.836134,0.555078,0.856557,0.800821,0.820423,0.889757,0.814904,0.903846,0.955357,0.104473,0.649306,0.9375,0.081081,0.544444,1.0,1.0,1.0,0.169355,0.810345,0.741379,0.797543,0.247908,0.578855,0.415261,0.83853,0.766816,0.971201,0.999837,0.965682,0.848375,0.504031,0.765174,0.939455,0.144703,0.549715,0.838557,0.725181,0.854678,0.656006,0.74953,0.850503,0.998027,0.835946,0.995862,0.930674,0.989016,0.894349,0.813484,0.847046,0.841372,0.503427,0.409623,0.512604,0.768306,0.848772,0.895379,0.932854,0.983025,0.778622,0.962862,0.900831,0.895145,0.732572,0.552945,0.825058,0.753455,0.795548,0.776126,0.196417,0.753697,0.62615,0.883152,0.703049,0.982946,0.837086,0.167327,0.863111
4,0.896697,0.991443,0.985146,0.233951,0.814074,0.560682,0.741708,0.826999,0.743581,0.76728,0.645077,0.999791,0.374172,0.132384,0.855028,0.906874,0.847571,0.861492,0.136756,0.405637,0.58259,0.627093,0.369188,0.46791,0.83584,0.093176,0.216324,0.969492,0.947519,0.999399,0.374444,0.824774,0.549074,0.854281,0.795922,0.811163,0.876286,0.80698,0.903846,0.978836,0.11122,0.658436,0.9375,0.081081,0.540741,1.0,1.0,1.0,0.169355,0.819923,0.735632,0.795521,0.236796,0.582893,0.41454,0.836839,0.765597,0.971085,0.999952,0.966374,0.845919,0.499075,0.76855,0.93426,0.145283,0.54935,0.836172,0.72412,0.854696,0.641165,0.744578,0.833418,0.999221,0.835874,0.993042,0.918232,0.986424,0.894976,0.799953,0.832482,0.829761,0.481106,0.406263,0.512716,0.768809,0.847423,0.889516,0.922432,0.975833,0.790703,0.963458,0.897862,0.8915,0.727672,0.530109,0.830415,0.750619,0.783864,0.770959,0.192904,0.748993,0.621252,0.879764,0.70262,0.974045,0.833517,0.166997,0.861418
5,0.895415,0.989679,0.983115,0.232577,0.800006,0.554791,0.741595,0.804953,0.742895,0.760358,0.643794,0.999687,0.368666,0.133233,0.860067,0.901003,0.845692,0.858251,0.13494,0.399698,0.569919,0.626718,0.369438,0.466436,0.830543,0.093582,0.214486,0.976293,0.939874,0.999871,0.373611,0.817616,0.545153,0.852914,0.791585,0.805034,0.864358,0.797988,0.903846,0.994378,0.11764,0.66448,0.9375,0.081081,0.537037,1.0,1.0,1.0,0.169355,0.82567,0.729885,0.794209,0.226389,0.586961,0.41381,0.83562,0.764411,0.971042,0.999994,0.966779,0.843037,0.49403,0.771271,0.930503,0.145635,0.548899,0.833652,0.723041,0.854718,0.625873,0.741883,0.814147,0.99983,0.835781,0.989752,0.910066,0.984714,0.895208,0.7882,0.820358,0.821405,0.467025,0.402416,0.512757,0.768994,0.846604,0.884708,0.912759,0.968051,0.798212,0.964163,0.894712,0.887839,0.724677,0.515099,0.833742,0.748316,0.775136,0.766519,0.190429,0.744394,0.618038,0.877583,0.702462,0.964111,0.830686,0.166667,0.859919
6,0.894636,0.988099,0.982171,0.231253,0.786179,0.548654,0.741559,0.796983,0.742647,0.753524,0.642349,0.99957,0.365806,0.133819,0.861687,0.898186,0.845012,0.854947,0.133057,0.394231,0.560034,0.626278,0.369474,0.465,0.828627,0.09387,0.213847,0.978694,0.935654,1.0,0.373333,0.815126,0.54375,0.852459,0.787879,0.802817,0.854167,0.788462,0.903846,1.0,0.123711,0.666667,0.9375,0.081081,0.533333,1.0,1.0,1.0,0.169355,0.827586,0.724138,0.793742,0.216743,0.591059,0.413073,0.834978,0.763258,0.971036,1.0,0.966912,0.839851,0.4889,0.773222,0.928506,0.145753,0.54837,0.831011,0.721943,0.854744,0.610153,0.741068,0.793617,1.0,0.835668,0.98614,0.907131,0.984098,0.895241,0.778473,0.811073,0.817037,0.462124,0.398292,0.512763,0.76902,0.846327,0.881136,0.9039,0.959784,0.800794,0.964953,0.891401,0.884163,0.723662,0.5097,0.834885,0.746639,0.76999,0.762913,0.189231,0.739905,0.616883,0.876812,0.702439,0.953488,0.828729,0.166337,0.858639
7,0.89416,0.98677,0.981863,0.229954,0.770854,0.541045,0.741638,0.797104,0.742647,0.745898,0.640145,0.999406,0.364518,0.13422,0.856267,0.897277,0.845012,0.851343,0.130863,0.389508,0.552117,0.624664,0.367394,0.46343,0.828627,0.094088,0.214635,0.976836,0.933797,0.999376,0.374074,0.818238,0.544213,0.853294,0.784418,0.802817,0.845615,0.773237,0.893875,1.0,0.130093,0.666667,0.9375,0.081081,0.52963,1.0,1.0,1.0,0.169355,0.822478,0.717593,0.793843,0.206857,0.595783,0.412215,0.834726,0.762216,0.971679,0.998238,0.966462,0.834433,0.482876,0.774634,0.927557,0.145499,0.546691,0.827866,0.720654,0.854817,0.592527,0.746087,0.76472,0.999114,0.833846,0.98015,0.907738,0.984158,0.893977,0.770626,0.80392,0.81532,0.468111,0.392375,0.511709,0.765392,0.846908,0.87828,0.895317,0.948782,0.798353,0.966639,0.887642,0.880424,0.725454,0.510485,0.833002,0.745506,0.767001,0.759983,0.188847,0.735766,0.617124,0.877348,0.703884,0.938541,0.827297,0.165961,0.857443
8,0.89374,0.985664,0.981604,0.228669,0.75367,0.531663,0.741864,0.797406,0.742647,0.7373,0.636641,0.999151,0.363415,0.134549,0.842435,0.896665,0.845012,0.847386,0.128298,0.385497,0.545091,0.621354,0.362196,0.461689,0.828627,0.09429,0.216604,0.97219,0.932608,0.997613,0.375926,0.826019,0.54537,0.855495,0.780958,0.802817,0.83822,0.75,0.868946,1.0,0.136966,0.666667,0.9375,0.081081,0.525926,1.0,1.0,1.0,0.169355,0.809706,0.710089,0.794135,0.196397,0.601256,0.411216,0.834573,0.761296,0.973386,0.993777,0.965339,0.825707,0.475793,0.775836,0.926741,0.144857,0.543266,0.824105,0.719139,0.854958,0.572645,0.758633,0.723816,0.996694,0.829223,0.970659,0.909255,0.984309,0.890657,0.764043,0.797799,0.814225,0.483078,0.383743,0.508865,0.756322,0.848375,0.875605,0.886745,0.934338,0.791724,0.969589,0.883323,0.87661,0.730038,0.512491,0.828292,0.744674,0.764379,0.757442,0.188608,0.732017,0.617725,0.87869,0.707498,0.917715,0.825987,0.16553,0.856247
9,0.893388,0.984658,0.981397,0.227424,0.7367,0.521916,0.742224,0.797799,0.742647,0.728782,0.631961,0.998794,0.362518,0.134823,0.823839,0.896222,0.845012,0.843357,0.125638,0.381775,0.538947,0.617235,0.355439,0.45998,0.828627,0.094464,0.219164,0.966151,0.931756,0.994873,0.378333,0.836134,0.546875,0.858607,0.777778,0.802817,0.831597,0.723558,0.836538,1.0,0.143594,0.666667,0.9375,0.081081,0.522222,1.0,1.0,1.0,0.169355,0.793103,0.702586,0.794597,0.186421,0.606759,0.410207,0.834468,0.760404,0.975824,0.987852,0.963879,0.81508,0.468611,0.776855,0.926076,0.144007,0.538815,0.820152,0.717603,0.855131,0.552219,0.774943,0.677028,0.9931,0.822694,0.959214,0.911227,0.984505,0.885983,0.758255,0.792522,0.81345,0.502536,0.373493,0.504708,0.74453,0.850316,0.87326,0.878662,0.918881,0.781948,0.973102,0.878737,0.87278,0.736224,0.515189,0.82217,0.743998,0.762201,0.755206,0.188442,0.728361,0.618506,0.880435,0.712195,0.894477,0.824862,0.165099,0.855148
10,0.89312,0.983627,0.981244,0.226243,0.722013,0.513211,0.742704,0.798191,0.742647,0.721396,0.626228,0.998323,0.361851,0.135058,0.804126,0.895825,0.845012,0.839533,0.123161,0.377922,0.533677,0.613193,0.348681,0.458506,0.828627,0.094601,0.221723,0.960112,0.930911,0.991319,0.380741,0.84625,0.54838,0.862174,0.775159,0.802817,0.82536,0.698718,0.804131,1.0,0.149239,0.666667,0.9375,0.081081,0.518519,1.0,1.0,1.0,0.169355,0.776501,0.696041,0.795213,0.177986,0.611577,0.409321,0.834359,0.759446,0.978661,0.981698,0.962418,0.803957,0.462291,0.777718,0.925579,0.143127,0.534055,0.816431,0.716252,0.8553,0.532962,0.791253,0.630481,0.988691,0.815158,0.947362,0.913198,0.9847,0.880661,0.752795,0.787899,0.812693,0.521993,0.362723,0.499719,0.732738,0.852317,0.871398,0.871545,0.904836,0.770064,0.976479,0.874173,0.868993,0.742824,0.518053,0.816048,0.743335,0.760548,0.753191,0.188281,0.724498,0.619288,0.882179,0.716893,0.872294,0.823982,0.164723,0.854243
11,0.892949,0.982448,0.981151,0.225151,0.711682,0.506956,0.743291,0.798493,0.742647,0.716193,0.619566,0.997725,0.361434,0.13527,0.786942,0.895348,0.845012,0.836196,0.121144,0.373515,0.529274,0.610118,0.343483,0.457473,0.828627,0.094691,0.223693,0.955466,0.929742,0.987114,0.382593,0.854031,0.549537,0.865741,0.773382,0.802817,0.819123,0.680288,0.779202,1.0,0.153166,0.666667,0.9375,0.081081,0.514815,1.0,1.0,1.0,0.169355,0.763729,0.691411,0.795962,0.17215,0.614994,0.408693,0.834196,0.758326,0.981564,0.976551,0.961295,0.793744,0.457794,0.778451,0.925267,0.142398,0.529706,0.813366,0.71529,0.855427,0.516588,0.8038,0.590297,0.983825,0.807509,0.936652,0.914715,0.984851,0.875394,0.747195,0.78374,0.811651,0.536961,0.35253,0.494374,0.723668,0.853967,0.87017,0.865871,0.89463,0.757113,0.979018,0.869922,0.865307,0.748648,0.520556,0.811339,0.74254,0.759499,0.751312,0.188054,0.720132,0.619889,0.883521,0.720506,0.854633,0.823409,0.164457,0.853629
12,0.892889,0.980996,0.981119,0.224174,0.707778,0.504558,0.743971,0.798614,0.742647,0.714225,0.6121,0.996991,0.36129,0.135475,0.775934,0.894666,0.845012,0.833623,0.119864,0.368132,0.525729,0.608896,0.341404,0.457083,0.828627,0.094723,0.22448,0.953608,0.927918,0.982421,0.383333,0.857143,0.55,0.868852,0.772727,0.802817,0.8125,0.673077,0.769231,1.0,0.154639,0.666667,0.9375,0.081081,0.511111,1.0,1.0,1.0,0.169355,0.758621,0.689655,0.796827,0.16997,0.616292,0.408454,0.833928,0.75695,0.984202,0.973646,0.960846,0.785847,0.456081,0.779079,0.92516,0.141999,0.526487,0.81138,0.714924,0.855478,0.50481,0.808818,0.5626,0.978864,0.800645,0.928631,0.915322,0.984911,0.870888,0.740989,0.779856,0.810022,0.542948,0.344011,0.489151,0.72004,0.854851,0.869727,0.862117,0.890688,0.744136,0.98002,0.866276,0.86178,0.752508,0.522171,0.809456,0.741468,0.759131,0.749483,0.187692,0.714964,0.62013,0.884058,0.721951,0.844961,0.823204,0.164356,0.853403
13,0.893444,0.979169,0.981158,0.223242,0.708513,0.50784,0.745146,0.798493,0.742632,0.734729,0.601472,0.994625,0.362724,0.135651,0.770207,0.89347,0.844524,0.831753,0.11915,0.360126,0.522898,0.610226,0.343042,0.457963,0.831152,0.094573,0.223027,0.954605,0.922259,0.974007,0.381605,0.85652,0.549074,0.871964,0.772727,0.80073,0.804591,0.675926,0.771189,1.0,0.154114,0.666667,0.9375,0.080681,0.506893,1.0,1.0,1.0,0.168409,0.758621,0.689655,0.798753,0.170001,0.614545,0.40893,0.831657,0.754621,0.987034,0.97254,0.96173,0.779355,0.457761,0.779672,0.925317,0.141857,0.524245,0.810113,0.714994,0.85437,0.496628,0.802177,0.543353,0.973213,0.794277,0.923164,0.913073,0.981673,0.867069,0.733186,0.775981,0.805675,0.539778,0.337259,0.482629,0.722889,0.855197,0.869812,0.859939,0.894927,0.726855,0.978151,0.862867,0.858479,0.754611,0.523024,0.816168,0.739561,0.759146,0.747523,0.186636,0.707555,0.61728,0.88379,0.719061,0.840673,0.824841,0.164456,0.854385
14,0.894832,0.976975,0.981255,0.222307,0.710349,0.516045,0.747242,0.798137,0.742588,0.785989,0.586194,0.989609,0.366308,0.135785,0.765966,0.891754,0.843207,0.830237,0.118603,0.349233,0.520542,0.613651,0.347223,0.460279,0.837463,0.09418,0.219395,0.957257,0.911596,0.960056,0.377284,0.854964,0.546759,0.875531,0.772727,0.795514,0.795525,0.683048,0.776353,1.0,0.15273,0.666667,0.9375,0.07968,0.502058,1.0,1.0,1.0,0.16597,0.758621,0.689655,0.802326,0.170096,0.610177,0.410172,0.826498,0.751164,0.990425,0.971831,0.964075,0.772791,0.461962,0.780251,0.925712,0.141764,0.522292,0.808955,0.71519,0.8516,0.48971,0.785134,0.525159,0.966236,0.787625,0.918746,0.907306,0.973375,0.863359,0.723953,0.772134,0.797811,0.531854,0.331339,0.474034,0.730345,0.8555,0.87006,0.858445,0.905523,0.703144,0.973325,0.859343,0.855365,0.75615,0.523659,0.832949,0.736731,0.759188,0.745445,0.184659,0.697625,0.609878,0.883038,0.711834,0.836922,0.828934,0.164741,0.856894
15,0.896636,0.974452,0.981382,0.221429,0.712736,0.526712,0.750281,0.797554,0.742514,0.852627,0.567694,0.982641,0.370968,0.135905,0.762499,0.889848,0.841282,0.828925,0.118162,0.3371,0.51851,0.618326,0.352847,0.463543,0.845667,0.093628,0.214674,0.961054,0.89862,0.942849,0.371667,0.852941,0.54375,0.879098,0.772727,0.788732,0.786458,0.692308,0.783654,1.0,0.150773,0.666667,0.9375,0.078378,0.497222,1.0,1.0,1.0,0.162634,0.758621,0.689655,0.80699,0.170251,0.604498,0.411896,0.819924,0.747272,0.993896,0.971307,0.967421,0.766713,0.467423,0.780774,0.926225,0.141696,0.520542,0.80796,0.715488,0.848,0.483771,0.762011,0.509111,0.958224,0.780847,0.914869,0.899487,0.962144,0.859699,0.714561,0.768556,0.788124,0.521553,0.325811,0.464819,0.740771,0.855751,0.870455,0.857287,0.919298,0.677273,0.966717,0.856019,0.852338,0.75742,0.524182,0.854764,0.733545,0.759259,0.743461,0.182191,0.686616,0.599651,0.881884,0.702439,0.833818,0.834254,0.165192,0.860275
16,0.89844,0.971639,0.981509,0.220665,0.715124,0.537379,0.754285,0.796754,0.742412,0.919265,0.547397,0.974419,0.375627,0.136039,0.759098,0.88808,0.838969,0.827665,0.117763,0.325376,0.516654,0.623405,0.358813,0.46727,0.853871,0.093004,0.209952,0.965487,0.886021,0.924669,0.366049,0.850918,0.540741,0.88221,0.772727,0.781951,0.778549,0.701567,0.792023,1.0,0.14853,0.666667,0.9375,0.077077,0.493004,1.0,1.0,1.0,0.159,0.758621,0.689655,0.812187,0.170468,0.59882,0.413823,0.813405,0.743635,0.996968,0.970761,0.971308,0.76168,0.472884,0.781199,0.926737,0.141627,0.518909,0.807182,0.715864,0.844399,0.478529,0.737127,0.496297,0.94947,0.774102,0.911024,0.891085,0.950107,0.856034,0.70628,0.765485,0.77831,0.511252,0.320234,0.456438,0.75253,0.855941,0.870983,0.85612,0.933073,0.653509,0.959498,0.853205,0.849294,0.758713,0.524693,0.876579,0.730568,0.759355,0.741782,0.179664,0.675967,0.588323,0.880408,0.693044,0.831467,0.839574,0.165787,0.863874
17,0.899828,0.968573,0.981606,0.220075,0.71696,0.545584,0.759275,0.795745,0.742281,0.970525,0.526729,0.965642,0.379211,0.136218,0.755053,0.886778,0.836489,0.826306,0.117346,0.315711,0.514822,0.628042,0.36402,0.470973,0.860182,0.092392,0.20632,0.970048,0.87649,0.9078,0.361728,0.849362,0.538426,0.884411,0.772727,0.776734,0.772955,0.708689,0.800392,1.0,0.146287,0.666667,0.9375,0.076076,0.490021,1.0,1.0,1.0,0.155665,0.758621,0.689655,0.817359,0.170744,0.594452,0.41567,0.808415,0.740946,0.999162,0.969984,0.975274,0.75825,0.477084,0.781485,0.927132,0.141534,0.517309,0.806676,0.716296,0.841629,0.473699,0.714806,0.48781,0.940264,0.767548,0.906702,0.883568,0.93939,0.852306,0.70038,0.763162,0.770065,0.503328,0.314168,0.450344,0.763984,0.856062,0.871629,0.854595,0.94367,0.63612,0.952841,0.851215,0.846133,0.760323,0.525297,0.893359,0.728367,0.759478,0.74062,0.177508,0.667122,0.577619,0.87869,0.685818,0.829978,0.843667,0.166505,0.867038
18,0.900383,0.965294,0.981645,0.219717,0.717694,0.548866,0.765273,0.794537,0.742122,0.991029,0.507117,0.957008,0.380645,0.136469,0.749654,0.886271,0.834063,0.824696,0.116849,0.309753,0.512864,0.631391,0.367368,0.474167,0.862707,0.091879,0.204868,0.974227,0.872714,0.894523,0.36,0.848739,0.5375,0.885246,0.772727,0.774648,0.770833,0.711538,0.807692,1.0,0.14433,0.666667,0.9375,0.075676,0.488889,1.0,1.0,1.0,0.153226,0.758621,0.689655,0.821948,0.17108,0.592704,0.417155,0.806425,0.739896,1.0,0.968765,0.97886,0.756983,0.478764,0.78159,0.927289,0.141391,0.515654,0.806495,0.716758,0.840521,0.468997,0.699367,0.484738,0.930898,0.761344,0.901393,0.878403,0.932121,0.848458,0.698131,0.761825,0.765083,0.500158,0.307172,0.44799,0.773496,0.856104,0.87238,0.852368,0.947908,0.629376,0.94792,0.850363,0.842753,0.762542,0.526097,0.900072,0.727508,0.759625,0.740186,0.176154,0.66152,0.569264,0.876812,0.682927,0.829457,0.845304,0.167327,0.86911
19,0.900279,0.961538,0.980631,0.219504,0.71651,0.545851,0.787181,0.78948,0.739399,0.98971,0.485364,0.947608,0.378781,0.137055,0.740251,0.886793,0.831025,0.822465,0.116182,0.30682,0.511009,0.633868,0.369227,0.476887,0.862152,0.091439,0.205507,0.978787,0.872851,0.883704,0.360704,0.848739,0.5375,0.881603,0.774504,0.775865,0.770833,0.711538,0.814993,0.989418,0.142731,0.666667,0.9375,0.076076,0.490535,1.0,1.0,1.0,0.151571,0.758621,0.689655,0.826599,0.175418,0.593882,0.418456,0.808337,0.741059,0.999259,0.964417,0.982678,0.758225,0.477965,0.78159,0.926418,0.140984,0.514036,0.806891,0.71754,0.841894,0.463968,0.689102,0.487163,0.921263,0.755589,0.894735,0.874886,0.92791,0.843891,0.699388,0.761203,0.762389,0.503996,0.297447,0.450542,0.782271,0.855262,0.874742,0.846989,0.94375,0.631159,0.94477,0.850222,0.839395,0.767056,0.527057,0.898973,0.729614,0.760869,0.744624,0.175443,0.658122,0.563047,0.874068,0.684372,0.830032,0.843667,0.168918,0.870407
20,0.900018,0.957141,0.978059,0.219315,0.713297,0.538313,0.831915,0.777928,0.732752,0.986077,0.459669,0.936553,0.374122,0.138138,0.726473,0.888097,0.827013,0.819638,0.115375,0.304818,0.50942,0.636327,0.37076,0.479532,0.860627,0.090997,0.207136,0.984303,0.873246,0.873065,0.362623,0.848739,0.5375,0.872495,0.779087,0.779169,0.770833,0.711538,0.823362,0.962963,0.141275,0.666667,0.9375,0.077077,0.49465,1.0,1.0,1.0,0.150139,0.758621,0.689655,0.831888,0.186168,0.597022,0.419845,0.81312,0.744,0.99727,0.955481,0.987223,0.761328,0.475832,0.78159,0.924136,0.140235,0.512542,0.807879,0.718769,0.845327,0.458691,0.679605,0.493319,0.911028,0.750164,0.886887,0.871489,0.92465,0.838531,0.702697,0.760794,0.759947,0.51408,0.284861,0.456924,0.791883,0.853126,0.879417,0.837695,0.933353,0.635972,0.942351,0.85014,0.836176,0.774301,0.528143,0.895896,0.734881,0.763734,0.75572,0.17489,0.655023,0.557457,0.869965,0.687986,0.831467,0.839574,0.171727,0.871631
21,0.899679,0.952287,0.974633,0.219156,0.70857,0.528514,0.887519,0.761397,0.723945,0.980616,0.433553,0.924572,0.368065,0.139601,0.711033,0.889791,0.822709,0.816663,0.114545,0.303275,0.507853,0.638576,0.372057,0.482153,0.858345,0.090567,0.209315,0.989977,0.873876,0.863183,0.365469,0.848739,0.5375,0.860656,0.785354,0.784038,0.770833,0.711538,0.831731,0.928571,0.13982,0.666667,0.9375,0.078378,0.5,1.0,1.0,1.0,0.148858,0.758621,0.689655,0.837152,0.201024,0.601533,0.421177,0.819337,0.747898,0.994383,0.943595,0.991862,0.765363,0.472761,0.78159,0.920942,0.13933,0.511077,0.809164,0.720182,0.849789,0.453684,0.671152,0.501528,0.900158,0.7449,0.878122,0.868443,0.92189,0.833101,0.707367,0.760494,0.757863,0.528267,0.271479,0.46522,0.801248,0.850279,0.885183,0.82667,0.919838,0.643011,0.940225,0.850087,0.83281,0.782693,0.529458,0.891167,0.741727,0.767395,0.770145,0.174435,0.652364,0.552265,0.864895,0.692683,0.833333,0.834254,0.175402,0.872709
22,0.89934,0.94716,0.971057,0.219035,0.70284,0.518715,0.942038,0.741406,0.714742,0.973814,0.410538,0.912396,0.362007,0.141325,0.696646,0.891486,0.818792,0.813985,0.113809,0.301723,0.506067,0.64042,0.373209,0.484806,0.855517,0.09016,0.211609,0.995015,0.874716,0.854631,0.368951,0.848739,0.5375,0.848816,0.792181,0.78995,0.770833,0.711538,0.839031,0.89418,0.138221,0.666667,0.9375,0.07968,0.50535,1.0,1.0,1.0,0.14765,0.758621,0.689655,0.841731,0.217682,0.606825,0.422307,0.825553,0.75193,0.990946,0.930398,0.99596,0.769398,0.469146,0.78159,0.917333,0.138454,0.509545,0.810449,0.721517,0.854251,0.449467,0.664016,0.510111,0.888617,0.739625,0.868713,0.865981,0.919181,0.828325,0.712704,0.760198,0.756244,0.544413,0.259365,0.473516,0.809279,0.847306,0.890816,0.816093,0.906323,0.651471,0.937953,0.850034,0.829011,0.790649,0.531103,0.885114,0.748573,0.77103,0.784569,0.174021,0.650288,0.547243,0.859253,0.69738,0.8352,0.828934,0.179593,0.87357
23,0.899079,0.941942,0.968035,0.218958,0.69662,0.511177,0.983517,0.71947,0.706908,0.966159,0.394147,0.900752,0.357348,0.143191,0.686025,0.89279,0.815943,0.812051,0.113281,0.299689,0.503816,0.641668,0.374306,0.487543,0.852357,0.089787,0.21358,0.998621,0.875743,0.847983,0.37278,0.848739,0.5375,0.839709,0.798447,0.796383,0.770833,0.711538,0.844195,0.867725,0.136335,0.666667,0.9375,0.080681,0.509465,1.0,1.0,1.0,0.146443,0.758621,0.689655,0.844963,0.233837,0.612307,0.423091,0.830336,0.755273,0.987311,0.917527,0.998884,0.772502,0.465385,0.78159,0.913806,0.137792,0.507852,0.811437,0.722511,0.857684,0.446556,0.658473,0.51739,0.876368,0.734171,0.858933,0.864333,0.916071,0.824928,0.718018,0.759803,0.755194,0.560375,0.250583,0.479898,0.814894,0.844791,0.895092,0.808147,0.895926,0.660546,0.935096,0.849949,0.824493,0.796583,0.533182,0.878064,0.75384,0.773815,0.795665,0.173588,0.648938,0.542163,0.853432,0.700994,0.836635,0.824841,0.183949,0.87414
24,0.898975,0.936818,0.966271,0.21893,0.690425,0.508162,1.0,0.697106,0.702206,0.958138,0.3879,0.89037,0.355484,0.145081,0.681881,0.893312,0.814842,0.811307,0.11308,0.296703,0.500858,0.642127,0.375439,0.490417,0.849075,0.089461,0.214792,1.0,0.876934,0.843813,0.376667,0.848739,0.5375,0.836066,0.80303,0.802817,0.770833,0.711538,0.846154,0.857143,0.134021,0.666667,0.9375,0.081081,0.511111,1.0,1.0,1.0,0.145161,0.758621,0.689655,0.846188,0.247186,0.617389,0.423385,0.832249,0.757106,0.983825,0.906621,1.0,0.773743,0.461873,0.78159,0.910861,0.13753,0.505904,0.811833,0.7229,0.859057,0.445471,0.654797,0.521688,0.863375,0.728366,0.849055,0.863733,0.912112,0.823635,0.722616,0.759204,0.754821,0.57401,0.247197,0.482451,0.817006,0.843319,0.89679,0.805014,0.891768,0.669433,0.931215,0.849805,0.81897,0.798913,0.535797,0.870344,0.755946,0.774926,0.800103,0.173077,0.648456,0.536797,0.847826,0.702439,0.837209,0.823204,0.188119,0.874346
25,0.899158,0.930973,0.965519,0.221316,0.682757,0.508579,0.999953,0.666468,0.700156,0.945844,0.391591,0.880961,0.359635,0.146932,0.68352,0.892309,0.816068,0.811846,0.113197,0.289408,0.493546,0.641445,0.376484,0.493923,0.844206,0.089148,0.21535,0.999226,0.880599,0.841596,0.381375,0.849362,0.541204,0.839139,0.80607,0.811337,0.770833,0.707265,0.840456,0.857143,0.12994,0.658436,0.9375,0.081081,0.511111,0.989854,0.989854,0.989854,0.143631,0.757024,0.689655,0.843634,0.258781,0.62306,0.423277,0.830359,0.757872,0.98045,0.896301,0.997665,0.772313,0.458783,0.779314,0.908563,0.138017,0.503109,0.811645,0.722699,0.857575,0.449217,0.65224,0.523859,0.848521,0.721983,0.838098,0.864668,0.905814,0.825024,0.727152,0.757667,0.756077,0.587175,0.25276,0.480134,0.816992,0.84268,0.896722,0.806974,0.892248,0.680593,0.924101,0.845948,0.80965,0.798901,0.54446,0.855911,0.752657,0.772658,0.793943,0.172396,0.650312,0.530352,0.842421,0.696296,0.832629,0.823614,0.192305,0.873167
26,0.899617,0.92409,0.964991,0.227696,0.67272,0.509768,0.999814,0.623901,0.698834,0.92751,0.400817,0.87183,0.370157,0.148874,0.687618,0.889802,0.819188,0.813232,0.113531,0.276749,0.480498,0.639741,0.377349,0.498125,0.837079,0.088827,0.215721,0.997019,0.887812,0.840152,0.387455,0.850918,0.550463,0.846995,0.808605,0.822987,0.770833,0.696581,0.826211,0.857143,0.123711,0.63786,0.9375,0.081081,0.511111,0.962911,0.962911,0.962911,0.141876,0.752746,0.689655,0.837045,0.270721,0.630015,0.423009,0.825635,0.758547,0.976852,0.884957,0.991613,0.768297,0.455812,0.773136,0.906521,0.139352,0.499369,0.811176,0.722197,0.853871,0.458583,0.649932,0.525824,0.831481,0.715097,0.825604,0.867008,0.897062,0.828498,0.73231,0.754957,0.759217,0.601963,0.266668,0.474344,0.81695,0.842221,0.896525,0.811875,0.893447,0.695349,0.912865,0.836046,0.795516,0.798866,0.561622,0.83208,0.744353,0.766932,0.778543,0.171573,0.655003,0.522853,0.836882,0.680939,0.821001,0.824637,0.196849,0.870109
27,0.900214,0.917106,0.96458,0.236901,0.661727,0.511641,0.999586,0.577208,0.697836,0.906826,0.412811,0.863099,0.384155,0.151079,0.692946,0.886542,0.823363,0.815114,0.114053,0.261709,0.464865,0.637526,0.378171,0.502429,0.829094,0.088526,0.216007,0.993552,0.896694,0.839076,0.3943,0.852941,0.5625,0.857582,0.810859,0.835681,0.770833,0.682692,0.807692,0.857143,0.116624,0.611111,0.9375,0.081081,0.511111,0.924413,0.924413,0.924413,0.140121,0.746552,0.689655,0.828032,0.282265,0.637222,0.42266,0.819494,0.759111,0.97294,0.873884,0.983274,0.762108,0.452639,0.764028,0.904548,0.141343,0.495332,0.810566,0.721544,0.849055,0.470759,0.64797,0.527497,0.813404,0.707991,0.812631,0.870049,0.88746,0.833013,0.737445,0.751723,0.763299,0.616583,0.284748,0.466816,0.816879,0.84186,0.896211,0.818245,0.895007,0.711193,0.899048,0.82205,0.778946,0.798808,0.582789,0.804212,0.733377,0.75937,0.758523,0.170726,0.661212,0.515291,0.831119,0.660976,0.805497,0.825967,0.201613,0.865888
28,0.900811,0.910958,0.964182,0.247765,0.651189,0.514107,0.999271,0.534195,0.696759,0.887482,0.424806,0.854886,0.398736,0.153718,0.698274,0.883283,0.827752,0.817141,0.114736,0.247273,0.449797,0.63531,0.379088,0.506239,0.821655,0.088275,0.216312,0.988998,0.905365,0.837964,0.4013,0.854964,0.574537,0.868852,0.813056,0.847331,0.770833,0.668803,0.789174,0.857143,0.109966,0.584362,0.9375,0.081081,0.511111,0.879601,0.879601,0.879601,0.13859,0.739208,0.689655,0.818206,0.292673,0.643648,0.422311,0.813353,0.75954,0.968627,0.864374,0.974076,0.75416,0.448944,0.752966,0.902457,0.143802,0.491647,0.809957,0.720891,0.844239,0.482935,0.64645,0.528795,0.79544,0.70095,0.800235,0.87309,0.878614,0.837528,0.741911,0.74861,0.767382,0.629243,0.302828,0.459288,0.816782,0.841518,0.895789,0.824616,0.896566,0.725617,0.884191,0.805908,0.762316,0.798727,0.603469,0.777669,0.722074,0.75159,0.738502,0.169975,0.667621,0.508661,0.825043,0.641012,0.789288,0.827297,0.206459,0.861219
29,0.90127,0.906583,0.96369,0.259119,0.642518,0.517076,0.998872,0.502664,0.695198,0.873169,0.434032,0.847312,0.411004,0.156961,0.702372,0.880775,0.831518,0.818964,0.115551,0.236423,0.438446,0.633606,0.380237,0.508961,0.816164,0.088103,0.216739,0.983529,0.911946,0.83641,0.407847,0.85652,0.583796,0.878757,0.815423,0.855851,0.770833,0.65812,0.774929,0.857143,0.105026,0.563786,0.9375,0.081081,0.511111,0.833718,0.833718,0.833718,0.137507,0.731481,0.689655,0.809177,0.301205,0.64826,0.422042,0.808629,0.759814,0.963822,0.857719,0.96545,0.744866,0.444407,0.740922,0.900061,0.146539,0.488961,0.809487,0.720389,0.840535,0.492301,0.645468,0.529636,0.778741,0.694258,0.789476,0.875429,0.87213,0.841002,0.745064,0.746268,0.770522,0.638153,0.316736,0.453497,0.816659,0.841112,0.895271,0.829516,0.897766,0.736111,0.869833,0.78957,0.748005,0.798622,0.619172,0.757811,0.712786,0.745212,0.723102,0.169437,0.672913,0.503954,0.818565,0.625655,0.775546,0.82832,0.211248,0.856819
30,0.901454,0.904916,0.962998,0.269795,0.637124,0.520458,0.998392,0.49042,0.692752,0.867578,0.437722,0.840499,0.418065,0.16098,0.704011,0.879773,0.83382,0.820233,0.116472,0.232143,0.433962,0.632924,0.381754,0.51,0.814021,0.088039,0.217391,0.97732,0.914557,0.834009,0.413333,0.857143,0.5875,0.885246,0.818182,0.859155,0.770833,0.653846,0.769231,0.857143,0.103093,0.555556,0.9375,0.081081,0.511111,0.792005,0.792005,0.792005,0.137097,0.724138,0.689655,0.802556,0.307119,0.650027,0.421935,0.806739,0.75991,0.958435,0.855214,0.958824,0.734637,0.438707,0.72887,0.897171,0.149364,0.487921,0.8093,0.720188,0.839053,0.496047,0.645119,0.529935,0.764457,0.688197,0.781409,0.876365,0.869611,0.842391,0.746259,0.745343,0.771778,0.641521,0.322299,0.451181,0.816509,0.840562,0.894667,0.831476,0.898246,0.740166,0.857517,0.774986,0.738388,0.798495,0.625404,0.75,0.707859,0.741856,0.716942,0.169231,0.675772,0.502165,0.811594,0.619512,0.767442,0.828729,0.215842,0.853403
31,0.90099,0.904969,0.961885,0.279519,0.634343,0.526595,0.996367,0.491311,0.678983,0.868369,0.435679,0.83489,0.42089,0.167355,0.701066,0.880412,0.834869,0.820955,0.117827,0.234782,0.434452,0.633623,0.383982,0.509599,0.814123,0.088835,0.218959,0.965543,0.9098,0.827836,0.417387,0.855898,0.586806,0.888656,0.821233,0.85759,0.769194,0.654558,0.770655,0.851852,0.10596,0.556456,0.935909,0.081819,0.510288,0.755073,0.755073,0.755073,0.137601,0.717014,0.689043,0.798334,0.31064,0.649042,0.423382,0.806794,0.759134,0.952377,0.855395,0.954084,0.720298,0.428952,0.716654,0.893285,0.152239,0.488719,0.809749,0.721256,0.840227,0.492837,0.64553,0.527555,0.7533,0.683208,0.776048,0.875596,0.871931,0.842017,0.743621,0.745431,0.77152,0.639209,0.322233,0.454715,0.814856,0.839903,0.893258,0.831449,0.898112,0.736009,0.84774,0.762602,0.733051,0.795224,0.623379,0.752246,0.706277,0.74081,0.723351,0.170867,0.67673,0.505978,0.803942,0.620416,0.763915,0.827604,0.219715,0.85067
32,0.899832,0.905102,0.960313,0.289251,0.632333,0.537152,0.991476,0.493538,0.647739,0.870347,0.430572,0.830382,0.422731,0.177316,0.69351,0.88212,0.835565,0.821458,0.11996,0.241802,0.43569,0.63565,0.387239,0.508596,0.814424,0.091154,0.222032,0.945163,0.8968,0.816117,0.420487,0.852786,0.585069,0.891057,0.824411,0.853678,0.76466,0.656339,0.774217,0.838624,0.114101,0.559053,0.931713,0.083984,0.50823,0.71876,0.71876,0.71876,0.138978,0.709387,0.687314,0.795063,0.312947,0.646579,0.427446,0.806954,0.757194,0.945489,0.855847,0.949974,0.699126,0.413544,0.703067,0.88829,0.155471,0.491004,0.811039,0.724251,0.843447,0.484812,0.646559,0.521605,0.744303,0.679112,0.77215,0.873457,0.87773,0.841028,0.736814,0.745689,0.770874,0.633427,0.322069,0.464334,0.810946,0.839171,0.890543,0.831373,0.897716,0.725617,0.839324,0.750938,0.729375,0.786662,0.617834,0.758145,0.705268,0.740152,0.739373,0.175492,0.677326,0.515979,0.795562,0.622674,0.76145,0.824637,0.222876,0.847946
33,0.898327,0.905274,0.958445,0.29968,0.630747,0.551022,0.983932,0.496433,0.605044,0.872918,0.423932,0.826274,0.424107,0.190509,0.683264,0.88458,0.8361,0.821876,0.12286,0.251856,0.437334,0.638898,0.391628,0.507292,0.814913,0.094887,0.226557,0.919034,0.877461,0.800181,0.423299,0.848739,0.582812,0.893004,0.827841,0.848592,0.757812,0.658654,0.778846,0.821429,0.126824,0.563194,0.925781,0.0875,0.505556,0.681158,0.681158,0.681158,0.141028,0.701185,0.684626,0.792194,0.31473,0.643376,0.433708,0.807213,0.754673,0.937584,0.856434,0.946207,0.672215,0.394098,0.68751,0.882577,0.159387,0.494616,0.81308,0.728859,0.84826,0.474379,0.647897,0.51387,0.736097,0.67527,0.768896,0.870201,0.885269,0.839627,0.727501,0.746106,0.770034,0.625911,0.321854,0.478562,0.805868,0.838287,0.886855,0.831259,0.897065,0.712108,0.831299,0.73906,0.726435,0.774267,0.60957,0.766443,0.70454,0.739682,0.760201,0.182682,0.677752,0.530009,0.786578,0.62561,0.759533,0.820442,0.225984,0.84539
34,0.896821,0.905447,0.956446,0.311494,0.629235,0.567099,0.973953,0.499328,0.556921,0.875488,0.417293,0.821863,0.425538,0.20658,0.67225,0.887475,0.836669,0.822343,0.126519,0.263596,0.439038,0.643261,0.397254,0.505988,0.815583,0.099927,0.232485,0.890011,0.853688,0.781358,0.426488,0.844693,0.580556,0.895047,0.83165,0.843505,0.749228,0.660969,0.783476,0.804233,0.143437,0.568724,0.918981,0.092292,0.502881,0.640353,0.640353,0.640353,0.143548,0.692337,0.681141,0.78918,0.31668,0.640174,0.441748,0.807565,0.752151,0.928471,0.857021,0.942496,0.640656,0.372232,0.669382,0.876542,0.164313,0.499395,0.815784,0.734766,0.854213,0.463945,0.649235,0.506134,0.727314,0.671044,0.765465,0.86608,0.892808,0.838013,0.717342,0.746674,0.769194,0.618395,0.32164,0.495923,0.800709,0.837171,0.88253,0.831115,0.896166,0.698598,0.822696,0.72603,0.723307,0.759499,0.599384,0.775882,0.703804,0.739201,0.78103,0.19201,0.6782,0.545907,0.777115,0.628546,0.757651,0.815633,0.229699,0.843161
35,0.895663,0.90558,0.954479,0.325381,0.627449,0.584274,0.961753,0.501555,0.509394,0.877466,0.412185,0.816449,0.427544,0.225175,0.662389,0.890492,0.837467,0.82299,0.130926,0.275674,0.440459,0.648633,0.404221,0.504985,0.816425,0.106166,0.239765,0.860951,0.827385,0.760977,0.430722,0.841581,0.578819,0.897742,0.835964,0.839593,0.739487,0.662749,0.787037,0.791005,0.163248,0.575489,0.912182,0.098286,0.500823,0.594435,0.594435,0.594435,0.146337,0.682771,0.677017,0.785471,0.319488,0.637711,0.451149,0.808004,0.750211,0.917962,0.857473,0.938556,0.605544,0.349561,0.648082,0.870576,0.170575,0.505179,0.819061,0.741658,0.860854,0.45592,0.650264,0.500184,0.716586,0.665792,0.761038,0.861347,0.898608,0.83639,0.707999,0.747382,0.768549,0.612614,0.321475,0.514942,0.796559,0.835741,0.877903,0.830952,0.895028,0.688206,0.812542,0.710912,0.719066,0.743816,0.588076,0.785206,0.702766,0.738511,0.797052,0.203053,0.678862,0.561516,0.767296,0.630804,0.75529,0.810825,0.234679,0.841416
36,0.895199,0.905633,0.952709,0.342029,0.625039,0.601442,0.947548,0.502446,0.468487,0.878257,0.410142,0.809329,0.430645,0.245942,0.655602,0.893312,0.838686,0.823952,0.136072,0.286745,0.441252,0.654908,0.412632,0.504583,0.817429,0.113497,0.248346,0.834708,0.800457,0.740365,0.436667,0.840336,0.578125,0.901639,0.840909,0.838028,0.729167,0.663462,0.788462,0.785714,0.185567,0.583333,0.90625,0.105405,0.5,0.541493,0.541493,0.541493,0.149194,0.672414,0.672414,0.78052,0.323847,0.636725,0.461491,0.808524,0.749435,0.905868,0.857654,0.934099,0.56797,0.327703,0.623013,0.865075,0.1785,0.511808,0.822824,0.749222,0.867728,0.45271,0.650675,0.497804,0.702542,0.658877,0.754792,0.856255,0.900927,0.834957,0.701135,0.748223,0.76829,0.610301,0.32141,0.534142,0.794505,0.833918,0.873309,0.83078,0.893657,0.684049,0.799869,0.692769,0.712787,0.728679,0.576443,0.793159,0.701138,0.737414,0.803461,0.215385,0.679929,0.574675,0.757246,0.631707,0.751938,0.80663,0.241584,0.840314
37,0.895531,0.90276,0.950907,0.366532,0.620933,0.620142,0.907283,0.492949,0.428678,0.870062,0.415677,0.794952,0.440065,0.275875,0.650966,0.895892,0.843809,0.828242,0.147747,0.298832,0.441542,0.674548,0.434055,0.515037,0.82258,0.133775,0.267136,0.809654,0.763766,0.716588,0.451908,0.84162,0.588262,0.912178,0.84852,0.843195,0.712674,0.65916,0.782081,0.801587,0.230771,0.603009,0.900318,0.132939,0.514453,0.461735,0.461735,0.461735,0.152215,0.658545,0.662702,0.770614,0.351527,0.649474,0.47711,0.810037,0.754097,0.885848,0.850289,0.929264,0.51355,0.30249,0.579316,0.859309,0.199948,0.524921,0.832107,0.761648,0.876913,0.469121,0.649714,0.499146,0.67686,0.644886,0.742156,0.847556,0.896399,0.833496,0.695912,0.752234,0.771218,0.616699,0.339186,0.556595,0.793902,0.826509,0.867544,0.830599,0.88145,0.685156,0.780737,0.664578,0.69195,0.711408,0.559713,0.799401,0.695138,0.732479,0.79908,0.237325,0.687982,0.584953,0.745117,0.627552,0.745441,0.802435,0.271222,0.839615
38,0.896457,0.895577,0.948893,0.40113,0.615044,0.641853,0.829442,0.469206,0.384021,0.849574,0.430246,0.771661,0.458567,0.318979,0.646483,0.898493,0.854362,0.837396,0.168433,0.313455,0.441722,0.713968,0.474553,0.542442,0.834015,0.174814,0.301932,0.78318,0.712617,0.687461,0.480892,0.845005,0.614939,0.931304,0.859371,0.856596,0.6875,0.647773,0.765907,0.84127,0.309408,0.640741,0.893519,0.192491,0.55193,0.350357,0.350357,0.350357,0.155726,0.640485,0.645807,0.754723,0.41466,0.681918,0.500977,0.813223,0.766416,0.855763,0.831751,0.924269,0.436761,0.2717,0.511534,0.852817,0.242093,0.54829,0.849474,0.781262,0.889603,0.510147,0.647122,0.502688,0.636941,0.621861,0.721218,0.833806,0.884818,0.831801,0.690674,0.760872,0.778538,0.632694,0.384775,0.58484,0.793386,0.811139,0.860018,0.830387,0.853222,0.688278,0.753972,0.624275,0.651584,0.690077,0.53566,0.804873,0.683254,0.722249,0.788127,0.273645,0.706284,0.594005,0.7304,0.617164,0.735302,0.797626,0.335015,0.838989
39,0.89787,0.886239,0.946908,0.442233,0.6085,0.665374,0.733057,0.438341,0.339905,0.822939,0.450795,0.744598,0.482981,0.370415,0.642462,0.901261,0.867607,0.84933,0.193166,0.328501,0.441852,0.763996,0.525972,0.580865,0.848956,0.230448,0.348018,0.756667,0.655579,0.655441,0.519572,0.84979,0.652553,0.954333,0.871402,0.875084,0.658854,0.631579,0.744391,0.892857,0.406037,0.689583,0.886719,0.272464,0.603604,0.227927,0.227927,0.227927,0.159864,0.621228,0.625718,0.736318,0.499476,0.725357,0.530623,0.817728,0.783895,0.821725,0.807375,0.918952,0.35199,0.239865,0.433162,0.846389,0.298231,0.578959,0.871132,0.804956,0.904022,0.563482,0.643339,0.507706,0.590007,0.594336,0.695155,0.817962,0.869187,0.830095,0.685852,0.771746,0.788054,0.653487,0.446569,0.616605,0.792966,0.79196,0.851983,0.830116,0.817105,0.693113,0.722752,0.578368,0.602088,0.667267,0.508906,0.810242,0.668598,0.709487,0.773889,0.318592,0.730046,0.602807,0.715233,0.603659,0.723487,0.792818,0.419545,0.83846
40,0.899667,0.876901,0.945193,0.486254,0.60243,0.689504,0.637154,0.407475,0.301721,0.796304,0.474272,0.718901,0.510138,0.425345,0.639209,0.904338,0.880805,0.861961,0.21698,0.341862,0.441992,0.815458,0.580158,0.624374,0.864628,0.294512,0.400678,0.731499,0.601219,0.622987,0.563903,0.855275,0.695503,0.976581,0.882548,0.895509,0.631944,0.612854,0.721985,0.944444,0.505219,0.742593,0.880787,0.361259,0.66065,0.115013,0.115013,0.115013,0.164767,0.603768,0.606428,0.718873,0.592204,0.771087,0.563582,0.823197,0.804034,0.789844,0.782495,0.913151,0.273625,0.211515,0.357694,0.840819,0.361656,0.613971,0.893288,0.829621,0.918394,0.616817,0.638803,0.513474,0.543277,0.566848,0.667144,0.802982,0.852512,0.828601,0.681875,0.782471,0.797569,0.67428,0.51296,0.649614,0.792654,0.773122,0.844693,0.829761,0.781237,0.699363,0.690254,0.533362,0.553859,0.645562,0.484073,0.816171,0.654278,0.696953,0.759651,0.366416,0.754482,0.612331,0.701754,0.590154,0.711966,0.788623,0.511392,0.838052
41,0.901742,0.869718,0.943987,0.529604,0.59796,0.713042,0.560762,0.383733,0.274858,0.775816,0.497623,0.699714,0.536867,0.47893,0.637032,0.907868,0.891217,0.873206,0.23491,0.351425,0.442201,0.859181,0.628956,0.667036,0.878251,0.360841,0.455195,0.709056,0.558107,0.592554,0.609838,0.860761,0.738186,0.993365,0.890748,0.914723,0.611979,0.593877,0.70314,0.984127,0.591515,0.792824,0.876591,0.447277,0.714242,0.032181,0.032181,0.032181,0.170573,0.591096,0.591927,0.705859,0.679074,0.810406,0.597388,0.829275,0.824336,0.766234,0.762446,0.906704,0.216056,0.191182,0.298627,0.836896,0.425666,0.650367,0.912148,0.852147,0.930945,0.657844,0.633952,0.519269,0.503973,0.543933,0.640362,0.791825,0.837797,0.827541,0.679174,0.790656,0.804889,0.690274,0.572339,0.681595,0.792459,0.758775,0.8394,0.829295,0.75375,0.706726,0.659654,0.495765,0.517296,0.627546,0.465784,0.823328,0.643405,0.687408,0.748699,0.411367,0.774803,0.623553,0.692099,0.579765,0.702706,0.785656,0.597139,0.837789
42,0.903989,0.866845,0.943532,0.568694,0.596219,0.734789,0.52291,0.374236,0.264706,0.767621,0.517794,0.692175,0.56,0.526333,0.636238,0.911996,0.896107,0.880982,0.24199,0.355082,0.442539,0.885992,0.664211,0.702917,0.88705,0.423268,0.506853,0.690722,0.53481,0.566599,0.653333,0.865546,0.775,1.0,0.893939,0.929577,0.604167,0.576923,0.692308,1.0,0.649485,0.833333,0.875,0.518919,0.755556,0.0,0.0,0.0,0.177419,0.586207,0.586207,0.700749,0.746314,0.834613,0.629572,0.835608,0.842302,0.757006,0.752562,0.899449,0.193669,0.183398,0.269456,0.835412,0.483555,0.685191,0.923919,0.869426,0.939897,0.674255,0.629227,0.524365,0.479315,0.530126,0.617984,0.787449,0.828046,0.827138,0.678177,0.793916,0.807817,0.696672,0.613098,0.710274,0.792392,0.753071,0.837357,0.828691,0.74278,0.714904,0.63413,0.472083,0.502798,0.615803,0.458661,0.832378,0.63909,0.683613,0.744318,0.447692,0.786223,0.637446,0.688406,0.57561,0.697674,0.78453,0.663366,0.837696
43,0.907956,0.867284,0.944974,0.608621,0.602211,0.757408,0.512509,0.388036,0.270697,0.76857,0.536528,0.710009,0.582588,0.573455,0.641736,0.918633,0.897106,0.886077,0.239533,0.350453,0.448931,0.900787,0.690368,0.736699,0.891975,0.493738,0.565479,0.674492,0.524839,0.542285,0.702742,0.870165,0.81112,0.996357,0.892162,0.941824,0.607253,0.559257,0.687174,1.0,0.686944,0.868827,0.875,0.585018,0.789462,0.0,0.0,0.0,0.190153,0.59387,0.616858,0.7015,0.801796,0.84756,0.665719,0.844359,0.860715,0.757577,0.750103,0.888931,0.19506,0.187902,0.260347,0.836336,0.544288,0.7253,0.930704,0.883469,0.946459,0.670071,0.623364,0.529262,0.464798,0.522653,0.597394,0.789336,0.821817,0.827733,0.679145,0.791624,0.805171,0.694676,0.640456,0.739083,0.796186,0.759942,0.838164,0.820996,0.749098,0.73157,0.610824,0.457942,0.505783,0.608256,0.47173,0.849875,0.645295,0.686867,0.746461,0.479533,0.791362,0.661715,0.69109,0.586089,0.69553,0.792306,0.717809,0.843901
44,0.91433,0.86838,0.948579,0.653301,0.617188,0.782427,0.505052,0.422536,0.285675,0.770943,0.556618,0.754594,0.607797,0.625431,0.655737,0.928328,0.897771,0.890653,0.233391,0.338879,0.464259,0.914212,0.716041,0.774113,0.896007,0.579846,0.637033,0.658307,0.516149,0.516798,0.763169,0.875283,0.852066,0.98725,0.887579,0.954517,0.614969,0.538499,0.682574,1.0,0.721245,0.906173,0.875,0.656859,0.824536,0.0,0.0,0.0,0.210614,0.613027,0.693487,0.703377,0.859049,0.858867,0.708987,0.856576,0.882134,0.759005,0.748502,0.87453,0.198661,0.199163,0.252567,0.838658,0.615038,0.774618,0.936933,0.89758,0.952748,0.659611,0.61567,0.534639,0.45152,0.515902,0.57539,0.794052,0.815906,0.829221,0.681696,0.785894,0.798557,0.689687,0.666437,0.770604,0.805671,0.777119,0.840221,0.802809,0.764892,0.760152,0.586361,0.44503,0.513244,0.60133,0.504405,0.877862,0.660807,0.695002,0.751817,0.512735,0.795926,0.69841,0.697799,0.612285,0.693655,0.811745,0.773757,0.859414
45,0.921715,0.869805,0.953265,0.697379,0.636659,0.806943,0.499443,0.467387,0.305147,0.774028,0.576587,0.812554,0.632628,0.676277,0.674501,0.93918,0.898247,0.894686,0.225405,0.323832,0.484022,0.92572,0.739324,0.810801,0.899409,0.668905,0.710996,0.643462,0.508978,0.492632,0.825694,0.880402,0.892759,0.97541,0.881313,0.966465,0.625,0.51746,0.678686,1.0,0.751251,0.941667,0.875,0.726522,0.857508,0.0,0.0,0.0,0.234428,0.637931,0.793103,0.705818,0.912783,0.868487,0.75327,0.870231,0.903727,0.760861,0.747357,0.858829,0.203606,0.213803,0.246263,0.841707,0.686414,0.825786,0.942303,0.910589,0.958353,0.646014,0.607438,0.540042,0.440106,0.510157,0.554274,0.800183,0.810677,0.831154,0.685306,0.778446,0.789958,0.683201,0.689642,0.801292,0.818001,0.799448,0.842986,0.779433,0.785425,0.793986,0.563148,0.433946,0.522943,0.595361,0.546882,0.910243,0.680972,0.705577,0.758781,0.544111,0.799755,0.74002,0.706522,0.646341,0.692103,0.837017,0.826125,0.879581
46,0.928717,0.87123,0.957951,0.735495,0.656131,0.82805,0.494582,0.512237,0.324619,0.777113,0.594958,0.870514,0.654078,0.720007,0.694292,0.949286,0.89868,0.898154,0.21742,0.308786,0.503713,0.934762,0.758313,0.842404,0.902445,0.748227,0.77685,0.631254,0.503562,0.472282,0.881399,0.885021,0.928117,0.96357,0.874486,0.976476,0.635031,0.49895,0.675689,1.0,0.775824,0.971605,0.875,0.786087,0.885107,0.0,0.0,0.0,0.257222,0.662835,0.89272,0.708258,0.957712,0.876369,0.79246,0.883296,0.922658,0.762718,0.746266,0.844413,0.209033,0.228443,0.241579,0.844811,0.749024,0.871445,0.946513,0.921329,0.962865,0.632416,0.599958,0.545021,0.43118,0.505702,0.536343,0.806315,0.806492,0.833088,0.689446,0.770998,0.781359,0.676715,0.70867,0.827601,0.830331,0.821778,0.845916,0.756171,0.805958,0.826405,0.54359,0.425288,0.532643,0.590683,0.589359,0.940921,0.701138,0.716153,0.765745,0.57047,0.802687,0.779039,0.715244,0.680397,0.690927,0.862288,0.869827,0.899748
47,0.933941,0.872326,0.961556,0.762294,0.671108,0.842844,0.489373,0.546738,0.339597,0.779486,0.610254,0.915098,0.669148,0.750634,0.711368,0.956745,0.899216,0.901032,0.211277,0.297212,0.518831,0.940789,0.771103,0.864562,0.905378,0.805124,0.824076,0.622978,0.500139,0.458243,0.921363,0.888639,0.953057,0.954463,0.868219,0.983357,0.642747,0.485783,0.673759,1.0,0.793827,0.992284,0.875,0.827634,0.904065,0.0,0.0,0.0,0.274623,0.681992,0.969349,0.710135,0.988547,0.882465,0.820452,0.893741,0.936095,0.764146,0.744827,0.833869,0.214078,0.239704,0.238662,0.847297,0.793477,0.904236,0.949261,0.92863,0.965873,0.621957,0.594523,0.549121,0.425366,0.502821,0.523898,0.811031,0.803715,0.834575,0.693592,0.765269,0.774744,0.671726,0.722123,0.845987,0.839816,0.838955,0.848466,0.738325,0.821752,0.850745,0.530091,0.419655,0.540104,0.58763,0.622034,0.963799,0.716649,0.724288,0.771101,0.588625,0.804564,0.807956,0.721954,0.706594,0.690183,0.881727,0.899777,0.915261
48,0.935993,0.872765,0.962998,0.772417,0.677099,0.848421,0.482717,0.560538,0.345588,0.780436,0.620996,0.932932,0.674839,0.762173,0.721992,0.959653,0.9,0.903298,0.20882,0.292582,0.524871,0.943252,0.775789,0.872917,0.908471,0.826909,0.842155,0.619931,0.498945,0.453009,0.936667,0.890756,0.9625,0.95082,0.863636,0.985915,0.645833,0.480769,0.673077,1.0,0.804124,1.0,0.875,0.843243,0.911111,0.0,0.0,0.0,0.282258,0.689655,1.0,0.710886,1.0,0.886725,0.83114,0.899538,0.941204,0.764717,0.742639,0.829779,0.217877,0.244208,0.237657,0.848494,0.810382,0.916802,0.950244,0.931323,0.966966,0.617773,0.592424,0.55189,0.423289,0.501798,0.519239,0.812918,0.802709,0.83517,0.697218,0.762977,0.772099,0.669731,0.728599,0.852904,0.84361,0.845826,0.850093,0.731198,0.82807,0.860339,0.525057,0.417644,0.543089,0.586538,0.635104,0.972779,0.722854,0.727542,0.773244,0.595385,0.805226,0.819264,0.724638,0.717073,0.689922,0.889503,0.910891,0.921466
49,0.935242,0.872689,0.962082,0.768737,0.676675,0.845084,0.475487,0.548712,0.343616,0.779006,0.627517,0.922407,0.6746,0.759008,0.727041,0.958701,0.901056,0.904922,0.210475,0.29432,0.520043,0.943642,0.773788,0.86767,0.911401,0.816195,0.83364,0.623011,0.501212,0.46101,0.92642,0.891714,0.956944,0.952034,0.860176,0.983275,0.642747,0.482906,0.673077,0.996362,0.809008,1.0,0.87623,0.835636,0.908642,0.0,0.0,0.0,0.283271,0.684547,0.98212,0.710512,0.989621,0.88944,0.82754,0.901792,0.938478,0.762539,0.738989,0.830181,0.220594,0.243573,0.240593,0.848753,0.803554,0.910904,0.950221,0.93005,0.966817,0.618948,0.592619,0.553798,0.42373,0.503203,0.520919,0.811864,0.804941,0.834587,0.70081,0.764498,0.772229,0.673828,0.730613,0.84703,0.842376,0.843328,0.850909,0.731404,0.822192,0.857826,0.528939,0.418533,0.541182,0.587019,0.622094,0.963736,0.72069,0.725549,0.772096,0.593134,0.804962,0.814334,0.723833,0.715628,0.690758,0.887047,0.904364,0.919527
50,0.933363,0.872498,0.959792,0.759536,0.675613,0.836741,0.468683,0.51735,0.33842,0.775343,0.631923,0.896094,0.674002,0.751095,0.730472,0.956319,0.902346,0.906071,0.214793,0.299042,0.507973,0.943872,0.768785,0.854552,0.913897,0.789409,0.812351,0.630711,0.507003,0.481012,0.900802,0.892314,0.943056,0.95507,0.856715,0.976526,0.635031,0.488248,0.673077,0.986772,0.812127,1.0,0.87963,0.816617,0.902469,0.0,0.0,0.0,0.283864,0.671775,0.93742,0.709484,0.963494,0.891252,0.818539,0.903235,0.931664,0.756665,0.733582,0.831185,0.223019,0.241917,0.248216,0.848907,0.786483,0.896159,0.950162,0.926867,0.966443,0.621885,0.593106,0.555556,0.424831,0.506715,0.52512,0.809231,0.810522,0.833033,0.704889,0.7683,0.77259,0.68407,0.73186,0.832347,0.839291,0.837084,0.851476,0.73192,0.807497,0.851544,0.538644,0.420838,0.536415,0.588411,0.589569,0.940817,0.71528,0.720568,0.769226,0.587507,0.804302,0.802008,0.72182,0.712014,0.693114,0.880909,0.888045,0.914679
51,0.930922,0.872251,0.956816,0.747575,0.674233,0.825896,0.461401,0.472626,0.331079,0.770386,0.635401,0.861887,0.673226,0.740808,0.733159,0.953222,0.903925,0.90701,0.220807,0.306015,0.492281,0.944022,0.762281,0.8375,0.916307,0.754587,0.784676,0.640722,0.514806,0.507015,0.8675,0.892747,0.925,0.959016,0.853535,0.96743,0.625,0.495192,0.673077,0.973214,0.814369,1.0,0.884766,0.791892,0.894444,0.0,0.0,0.0,0.28425,0.655172,0.87931,0.707941,0.92913,0.892642,0.806837,0.904282,0.922806,0.748084,0.726638,0.832491,0.225232,0.239618,0.258744,0.849012,0.764291,0.876991,0.950086,0.922729,0.965957,0.625702,0.593739,0.557077,0.426263,0.511282,0.530582,0.805807,0.817777,0.830804,0.708973,0.773244,0.773137,0.697385,0.732716,0.813258,0.835281,0.828967,0.851929,0.732591,0.788394,0.843378,0.551261,0.424011,0.530218,0.590639,0.547286,0.910336,0.708247,0.714092,0.765496,0.580192,0.803444,0.785985,0.719203,0.707317,0.696762,0.872928,0.866832,0.908377
52,0.92848,0.872003,0.95384,0.735613,0.672853,0.81505,0.452738,0.420713,0.322673,0.765076,0.639138,0.827681,0.672449,0.730522,0.735976,0.950126,0.905849,0.908006,0.22755,0.314506,0.47659,0.94417,0.755776,0.820448,0.918977,0.719765,0.757001,0.650732,0.523109,0.533018,0.834198,0.893205,0.906944,0.962963,0.850917,0.957746,0.614969,0.502137,0.673077,0.957672,0.816626,1.0,0.891204,0.767167,0.88642,0.0,0.0,0.0,0.284641,0.63857,0.821201,0.706025,0.894044,0.894087,0.795136,0.905349,0.913948,0.737787,0.718378,0.833796,0.22731,0.237052,0.270397,0.84912,0.742099,0.857822,0.95001,0.918591,0.965471,0.62952,0.594372,0.558272,0.427694,0.515848,0.536044,0.802383,0.825032,0.828194,0.712582,0.778187,0.773822,0.7107,0.733557,0.794169,0.831271,0.82085,0.852401,0.733261,0.769291,0.835211,0.563878,0.427507,0.524021,0.593628,0.505004,0.87861,0.701214,0.707616,0.761765,0.572877,0.802586,0.769962,0.716586,0.70262,0.701474,0.864948,0.845618,0.902075
53,0.926602,0.871813,0.95155,0.726412,0.671791,0.806708,0.44179,0.367785,0.314282,0.760353,0.64432,0.801368,0.671852,0.722609,0.7398,0.947744,0.908172,0.909325,0.234054,0.32378,0.464519,0.944398,0.750773,0.80733,0.922254,0.692979,0.735713,0.658432,0.530398,0.55302,0.80858,0.893878,0.893056,0.965999,0.84914,0.949237,0.607253,0.507479,0.673077,0.94213,0.819787,1.0,0.89851,0.748148,0.880247,0.0,0.0,0.0,0.28525,0.625798,0.776501,0.703874,0.865747,0.896069,0.786134,0.906848,0.907133,0.726764,0.709024,0.834801,0.229332,0.234595,0.281396,0.849284,0.725029,0.843077,0.949951,0.915407,0.965097,0.632457,0.594858,0.559054,0.428795,0.519361,0.540245,0.799749,0.830613,0.8255,0.715235,0.781989,0.7746,0.720943,0.734758,0.779485,0.828186,0.814606,0.853027,0.733777,0.754596,0.828929,0.573583,0.430778,0.519254,0.597303,0.472479,0.851951,0.695804,0.702634,0.758896,0.567251,0.801927,0.757636,0.714573,0.699006,0.707022,0.858809,0.8293,0.897227
54,0.925851,0.871737,0.950634,0.722732,0.671367,0.803371,0.427653,0.320016,0.306985,0.757155,0.652135,0.790843,0.671613,0.719444,0.745505,0.946791,0.910949,0.911232,0.239352,0.333104,0.459691,0.944785,0.748772,0.802083,0.926485,0.682264,0.727198,0.661512,0.535162,0.561021,0.798333,0.894958,0.8875,0.967213,0.848485,0.943662,0.604167,0.509615,0.673077,0.928571,0.824742,1.0,0.90625,0.740541,0.877778,0.0,0.0,0.0,0.28629,0.62069,0.758621,0.701631,0.851752,0.899067,0.782534,0.909196,0.904408,0.716005,0.698796,0.835202,0.231378,0.232625,0.289958,0.849559,0.7182,0.837179,0.949928,0.914134,0.964948,0.633632,0.595053,0.559334,0.429236,0.520766,0.541925,0.798696,0.832845,0.823015,0.716451,0.78351,0.775426,0.72504,0.736697,0.773612,0.826952,0.812108,0.85394,0.733983,0.748718,0.826416,0.577465,0.433277,0.517348,0.601589,0.459469,0.836676,0.69364,0.700642,0.757748,0.565,0.801663,0.752706,0.713768,0.697561,0.713178,0.856354,0.822772,0.895288
55,0.927186,0.872547,0.951264,0.740648,0.681937,0.814434,0.389034,0.269374,0.299727,0.755403,0.684519,0.806145,0.685972,0.740225,0.762056,0.949188,0.916811,0.916625,0.244091,0.345634,0.463566,0.947867,0.756079,0.811501,0.93528,0.702305,0.747405,0.657442,0.538128,0.560464,0.809272,0.903674,0.895833,0.962356,0.851772,0.940173,0.608796,0.503205,0.672098,0.915013,0.841995,1.0,0.91862,0.759359,0.886831,0.0,0.0,0.0,0.30741,0.62069,0.763547,0.699061,0.84826,0.90909,0.798643,0.917943,0.910511,0.704077,0.684368,0.83006,0.233307,0.230906,0.297095,0.853281,0.739074,0.84924,0.952139,0.920495,0.967544,0.632434,0.587202,0.549667,0.425405,0.517558,0.537057,0.804218,0.832761,0.820272,0.716717,0.779486,0.776351,0.721905,0.742115,0.77405,0.829884,0.81819,0.855618,0.733777,0.754574,0.839274,0.575669,0.435302,0.519601,0.613421,0.466517,0.830549,0.697949,0.707288,0.761244,0.577562,0.804357,0.768218,0.717881,0.713186,0.723976,0.864074,0.8359,0.901265
56,0.930525,0.874572,0.952839,0.78544,0.708363,0.842092,0.317,0.209248,0.291434,0.754183,0.750791,0.8444,0.722795,0.79218,0.793245,0.95518,0.92685,0.926575,0.249199,0.362921,0.473255,0.954944,0.775211,0.835377,0.949831,0.752708,0.797924,0.647014,0.540924,0.558966,0.836708,0.923388,0.916667,0.950213,0.86035,0.936881,0.62037,0.487179,0.669516,0.899471,0.875646,1.0,0.9375,0.806406,0.909465,0.0,0.0,0.0,0.358827,0.62069,0.776683,0.695849,0.846044,0.928494,0.838914,0.935324,0.925874,0.689689,0.664184,0.81683,0.23503,0.229075,0.304529,0.862104,0.79126,0.879392,0.957808,0.936396,0.974035,0.629373,0.567575,0.5255,0.415829,0.509337,0.524888,0.818184,0.83255,0.816928,0.716875,0.769424,0.777497,0.714069,0.752432,0.775264,0.83769,0.833394,0.858362,0.733261,0.769885,0.87142,0.571181,0.437384,0.525447,0.636755,0.484842,0.826442,0.708721,0.724504,0.770084,0.610029,0.811553,0.806999,0.72862,0.752439,0.74163,0.883513,0.86872,0.916276
57,0.934866,0.877204,0.954887,0.843668,0.742718,0.878047,0.229186,0.147939,0.283154,0.753183,0.833213,0.894132,0.7727,0.859722,0.832188,0.96297,0.938815,0.938614,0.254127,0.381828,0.485849,0.964242,0.801984,0.867147,0.96686,0.818889,0.863599,0.632901,0.543386,0.556781,0.87257,0.948489,0.94375,0.934426,0.872294,0.933979,0.635417,0.466346,0.665865,0.883929,0.916983,1.0,0.958984,0.867568,0.938889,0.0,0.0,0.0,0.426602,0.62069,0.795567,0.692015,0.844483,0.952283,0.891267,0.95678,0.946081,0.674042,0.641117,0.798805,0.236706,0.227322,0.311549,0.873558,0.8591,0.91859,0.965484,0.957067,0.982474,0.625252,0.54206,0.494083,0.403379,0.498205,0.509068,0.836694,0.832276,0.813476,0.71698,0.756345,0.778927,0.703883,0.766036,0.777107,0.848879,0.853159,0.862043,0.732591,0.79127,0.913208,0.565346,0.439333,0.533516,0.667045,0.510217,0.823336,0.722725,0.748205,0.781793,0.654568,0.821915,0.857413,0.743586,0.803887,0.763186,0.909091,0.911386,0.935941
58,0.939207,0.879837,0.956934,0.901897,0.777072,0.914003,0.143229,0.093752,0.27594,0.752093,0.914047,0.943863,0.826306,0.927263,0.872,0.97076,0.950454,0.95027,0.258326,0.399218,0.498444,0.973988,0.832215,0.900245,0.983084,0.886269,0.929273,0.617777,0.545349,0.554168,0.908787,0.973365,0.970833,0.91864,0.885682,0.931664,0.650463,0.445513,0.661681,0.87037,0.957296,1.0,0.979167,0.928729,0.968313,0.0,0.0,0.0,0.496799,0.62069,0.817734,0.687575,0.842951,0.975462,0.94362,0.977751,0.966714,0.658337,0.618043,0.779279,0.238491,0.225836,0.317443,0.885172,0.926941,0.957787,0.973719,0.977738,0.990912,0.620871,0.516545,0.462665,0.390929,0.486267,0.493247,0.855847,0.832002,0.810403,0.717086,0.743265,0.780702,0.693696,0.781317,0.779433,0.861964,0.872924,0.866532,0.73192,0.815344,0.954997,0.55951,0.440961,0.542438,0.699743,0.538416,0.82021,0.736729,0.774307,0.793898,0.703348,0.834111,0.907828,0.76038,0.856098,0.785687,0.935227,0.954052,0.95588
59,0.942545,0.881862,0.95851,0.946688,0.803498,0.941661,0.076765,0.054988,0.270841,0.750601,0.975555,0.982118,0.874232,0.979218,0.905797,0.976753,0.959515,0.959075,0.261249,0.411953,0.508132,0.982408,0.86172,0.928107,0.995224,0.940263,0.979792,0.604315,0.546647,0.551383,0.937287,0.992406,0.991667,0.906497,0.898589,0.930132,0.662037,0.429487,0.657496,0.86078,0.987872,1.0,0.994141,0.975776,0.990947,0.0,0.0,0.0,0.555481,0.62069,0.840722,0.682548,0.840825,0.993033,0.983891,0.993678,0.983356,0.643776,0.597837,0.761545,0.240542,0.224806,0.321502,0.894475,0.979126,0.987939,0.981064,0.99364,0.997404,0.617032,0.496918,0.438498,0.381353,0.475626,0.481078,0.871742,0.831791,0.8082,0.717249,0.733204,0.782881,0.68586,0.796663,0.782093,0.875456,0.888128,0.871701,0.731404,0.838725,0.987142,0.555022,0.442076,0.550842,0.730304,0.56521,0.816043,0.747501,0.798725,0.803925,0.748538,0.846807,0.946609,0.776603,0.897637,0.806179,0.956341,0.986872,0.971712
60,0.943881,0.882672,0.95914,0.964604,0.814069,0.952724,0.047428,0.039951,0.268908,0.748398,1.0,0.99742,0.907097,1.0,0.926694,0.97915,0.963747,0.962559,0.262345,0.416896,0.512007,0.98773,0.886316,0.944167,1.0,0.966292,1.0,0.595189,0.547117,0.548682,0.95,1.0,1.0,0.901639,0.909091,0.929577,0.666667,0.423077,0.653846,0.857143,1.0,1.0,1.0,0.994595,1.0,0.0,0.0,0.0,0.58871,0.62069,0.862069,0.67695,0.837482,1.0,1.0,1.0,0.991589,0.631559,0.583374,0.748897,0.243017,0.224421,0.323013,0.898996,1.0,1.0,0.986068,1.0,1.0,0.614535,0.489067,0.428832,0.377522,0.468386,0.47621,0.880481,0.831707,0.807357,0.717523,0.729179,0.785528,0.682726,0.810464,0.784939,0.887867,0.894209,0.877421,0.731198,0.85803,1.0,0.553226,0.44249,0.557359,0.754181,0.586374,0.809814,0.75181,0.817374,0.809401,0.782308,0.85867,0.962121,0.789855,0.917073,0.821705,0.966851,1.0,0.979058
61,0.943514,0.880742,0.958878,0.963874,0.813518,0.950887,0.042897,0.039579,0.273336,0.739809,0.989075,0.986441,0.9294,0.999642,0.937717,0.978608,0.964661,0.962026,0.262261,0.412062,0.509748,0.990848,0.909144,0.951392,0.997795,0.97301,0.999708,0.589117,0.542688,0.545367,0.951972,1.0,0.998817,0.902854,0.917418,0.931664,0.664738,0.430199,0.650938,0.857143,0.988321,0.995199,0.99537,0.991584,0.999297,0.0,0.0,0.0,0.603903,0.625798,0.88597,0.669214,0.830302,0.989135,0.999528,0.999315,0.993988,0.621587,0.572724,0.740461,0.246576,0.22474,0.320513,0.900219,0.998679,0.997759,0.989428,0.999941,0.999014,0.613238,0.502644,0.442493,0.377546,0.463538,0.477249,0.883679,0.835162,0.811436,0.719409,0.734719,0.791436,0.688126,0.82284,0.788521,0.901511,0.893318,0.886192,0.73388,0.875675,0.999556,0.558307,0.439761,0.562046,0.774139,0.604416,0.796683,0.750852,0.832459,0.811662,0.808698,0.872116,0.958514,0.800733,0.920881,0.834099,0.969995,0.996631,0.980404
62,0.942596,0.8758,0.958163,0.962,0.812141,0.946294,0.039117,0.039273,0.285528,0.722442,0.960573,0.957854,0.950922,0.998581,0.946779,0.977254,0.965326,0.960695,0.262028,0.39998,0.503827,0.993739,0.934231,0.957299,0.991992,0.978726,0.998856,0.583292,0.53125,0.541048,0.953621,1.0,0.995521,0.905889,0.925204,0.936881,0.659568,0.448006,0.648386,0.857143,0.9569,0.982167,0.983796,0.98328,0.997257,0.0,0.0,0.0,0.617441,0.63857,0.915344,0.658659,0.817843,0.960288,0.998236,0.997573,0.996043,0.612698,0.562492,0.733036,0.251376,0.225583,0.313992,0.901262,0.995018,0.991571,0.99266,0.999772,0.996551,0.612324,0.536588,0.476646,0.377617,0.458877,0.480074,0.88587,0.843801,0.821827,0.723957,0.749424,0.801962,0.701626,0.835105,0.793369,0.918088,0.891089,0.899207,0.740586,0.894907,0.998274,0.571254,0.432936,0.566089,0.794715,0.623405,0.774577,0.748458,0.847965,0.813654,0.835441,0.888771,0.949495,0.81133,0.923487,0.846492,0.972692,0.987899,0.981293
63,0.941402,0.869116,0.957097,0.959455,0.81035,0.940322,0.03612,0.039035,0.303848,0.700908,0.9209,0.918184,0.970203,0.996839,0.954325,0.975494,0.965824,0.958964,0.26167,0.384272,0.495523,0.996251,0.958718,0.962147,0.983809,0.983344,0.997479,0.578096,0.515574,0.536441,0.95493,1.0,0.990489,0.909836,0.93263,0.943662,0.652083,0.471154,0.645833,0.857143,0.911161,0.962963,0.96875,0.970771,0.993981,0.0,0.0,0.0,0.628828,0.655172,0.945813,0.646634,0.801247,0.919083,0.996308,0.995241,0.997712,0.604505,0.553355,0.726428,0.256815,0.226774,0.304914,0.902106,0.98947,0.982242,0.995548,0.999506,0.993347,0.611587,0.580715,0.521045,0.377732,0.454714,0.484247,0.887523,0.855031,0.835763,0.730544,0.77042,0.815008,0.719176,0.847437,0.79931,0.935184,0.888193,0.91438,0.749304,0.913588,0.996231,0.588623,0.424065,0.56981,0.814014,0.641457,0.746628,0.745346,0.862481,0.815314,0.86024,0.906113,0.937771,0.821492,0.925381,0.857881,0.974887,0.975866,0.981926
64,0.940208,0.861963,0.955783,0.956715,0.80856,0.934351,0.033939,0.038865,0.326658,0.679817,0.876464,0.873957,0.985784,0.994438,0.960802,0.973734,0.96624,0.957232,0.26121,0.368564,0.486117,0.998233,0.979747,0.966193,0.974464,0.986763,0.995612,0.57391,0.498428,0.532262,0.955884,1.0,0.984098,0.913783,0.939875,0.950443,0.64321,0.494302,0.642925,0.857143,0.856526,0.939643,0.953704,0.955148,0.989575,0.0,0.0,0.0,0.637573,0.671775,0.972998,0.634491,0.781657,0.871145,0.993929,0.992789,0.998956,0.596619,0.545991,0.720443,0.262292,0.228139,0.294744,0.902732,0.982488,0.970576,0.997878,0.999154,0.990144,0.610816,0.624841,0.565445,0.377888,0.451358,0.489331,0.88911,0.866261,0.850473,0.738547,0.794832,0.828478,0.736726,0.860016,0.80617,0.950383,0.885296,0.929624,0.758021,0.92958,0.993501,0.606969,0.415193,0.573531,0.830143,0.656686,0.715966,0.742234,0.874597,0.816578,0.880797,0.921622,0.926046,0.831065,0.927055,0.86726,0.976524,0.962596,0.982502
65,0.93929,0.85561,0.954325,0.954253,0.807182,0.929758,0.032606,0.038762,0.352322,0.663781,0.833672,0.831699,0.996203,0.991399,0.966657,0.97238,0.966655,0.955901,0.260673,0.356481,0.476891,0.999533,0.99446,0.969697,0.965174,0.988888,0.99329,0.571119,0.482586,0.52923,0.956468,1.0,0.976726,0.916818,0.94712,0.95566,0.633873,0.512108,0.639304,0.857143,0.798421,0.914266,0.94213,0.9375,0.984139,0.0,0.0,0.0,0.643182,0.684547,0.99252,0.623579,0.760217,0.822098,0.991285,0.990685,0.999732,0.588651,0.541076,0.714885,0.267204,0.229504,0.284947,0.903121,0.974527,0.957377,0.999434,0.99873,0.98768,0.609805,0.658785,0.599598,0.378082,0.449117,0.494889,0.891102,0.8749,0.863189,0.747342,0.819786,0.840277,0.750226,0.873022,0.813775,0.961274,0.883067,0.942852,0.764727,0.940743,0.990161,0.62285,0.408369,0.577574,0.841208,0.667206,0.685722,0.739841,0.882901,0.817383,0.894817,0.932776,0.917027,0.839894,0.929,0.873624,0.977547,0.950151,0.983225
66,0.938923,0.85133,0.952826,0.952543,0.806632,0.92792,0.032154,0.038728,0.379202,0.657411,0.798932,0.797936,1.0,0.987744,0.972337,0.971839,0.967153,0.955368,0.260083,0.351648,0.469125,1.0,1.0,0.972917,0.957157,0.989617,0.990548,0.570103,0.470816,0.52806,0.956667,1.0,0.96875,0.918033,0.954545,0.957746,0.625,0.519231,0.634615,0.857143,0.742268,0.888889,0.9375,0.918919,0.977778,0.0,0.0,0.0,0.645161,0.689655,1.0,0.615249,0.738069,0.777564,0.98856,0.989397,1.0,0.580214,0.539287,0.709559,0.27095,0.230695,0.276987,0.903255,0.966037,0.943451,1.0,0.998245,0.986695,0.608344,0.672362,0.613259,0.378311,0.448302,0.500483,0.893969,0.878355,0.871144,0.756306,0.842408,0.848306,0.755626,0.886635,0.821953,0.96544,0.882176,0.951977,0.767409,0.944939,0.986287,0.63282,0.405639,0.582261,0.845318,0.671132,0.659026,0.738883,0.885982,0.817665,0.9,0.937055,0.91342,0.847826,0.931707,0.875969,0.977901,0.940594,0.984293
67,0.939264,0.848513,0.950831,0.951358,0.807377,0.92861,0.032551,0.038728,0.420035,0.659658,0.768015,0.768632,0.989589,0.960311,0.978374,0.973925,0.9678,0.956674,0.258963,0.364214,0.461804,0.995616,0.994542,0.976163,0.949284,0.979672,0.981356,0.573234,0.461703,0.534996,0.950247,0.998133,0.955276,0.916818,0.963173,0.957746,0.615741,0.517806,0.623783,0.857143,0.673897,0.855281,0.9375,0.889927,0.956696,0.0,0.0,0.0,0.639785,0.684547,0.994891,0.608768,0.70792,0.732586,0.984618,0.988794,0.997318,0.570076,0.539648,0.704022,0.273973,0.231634,0.269896,0.902602,0.952106,0.922959,0.999504,0.997188,0.987653,0.604514,0.669395,0.610227,0.378987,0.448535,0.507388,0.89901,0.875801,0.875212,0.768636,0.866614,0.852874,0.751869,0.903247,0.831985,0.965023,0.884869,0.958265,0.756577,0.944022,0.974232,0.637786,0.40624,0.58773,0.841179,0.661107,0.632336,0.744475,0.885068,0.817589,0.897151,0.935031,0.913741,0.854393,0.935359,0.875969,0.976673,0.932797,0.986366
68,0.940159,0.845819,0.948085,0.950207,0.809472,0.930434,0.033575,0.038728,0.480667,0.665274,0.734779,0.73752,0.962041,0.8969,0.984613,0.97914,0.968541,0.959984,0.257099,0.39563,0.45369,0.984257,0.980897,0.979401,0.940355,0.954809,0.962126,0.581061,0.452501,0.552338,0.934198,0.993464,0.934004,0.913783,0.973064,0.957746,0.605093,0.514245,0.604938,0.857143,0.585245,0.809328,0.9375,0.846254,0.913939,0.0,0.0,0.0,0.626344,0.671775,0.98212,0.602648,0.666652,0.681583,0.97893,0.988372,0.990612,0.558299,0.540654,0.698286,0.276963,0.232445,0.262268,0.900968,0.93054,0.89292,0.998167,0.995277,0.990049,0.597647,0.661754,0.602467,0.380408,0.449189,0.516413,0.906488,0.869414,0.878357,0.785841,0.895525,0.856153,0.742478,0.923234,0.844607,0.963927,0.8916,0.964167,0.729496,0.941441,0.950442,0.64139,0.40784,0.593831,0.830569,0.636045,0.602422,0.758455,0.882783,0.817397,0.890028,0.929973,0.914665,0.859736,0.939708,0.875969,0.973603,0.924752,0.989529
69,0.941418,0.84342,0.944992,0.949171,0.812703,0.933024,0.034979,0.038728,0.549125,0.672576,0.702766,0.707784,0.922879,0.813976,0.990475,0.985919,0.969282,0.964381,0.254915,0.43647,0.445729,0.968608,0.963158,0.982373,0.931478,0.922486,0.936565,0.591237,0.44399,0.574882,0.913333,0.987395,0.909198,0.909836,0.982955,0.957746,0.59375,0.509615,0.582532,0.857143,0.490901,0.759259,0.9375,0.796797,0.859865,0.0,0.0,0.0,0.608871,0.655172,0.965517,0.59711,0.621668,0.629253,0.972595,0.988039,0.981894,0.546437,0.542193,0.692837,0.279689,0.233256,0.254918,0.898844,0.905872,0.858432,0.996218,0.992866,0.993164,0.589406,0.651332,0.591989,0.382407,0.450195,0.526425,0.91532,0.861111,0.880945,0.804759,0.92508,0.858844,0.730269,0.943744,0.858823,0.96239,0.900351,0.969373,0.69429,0.93745,0.921128,0.644294,0.410139,0.600449,0.816196,0.603464,0.572887,0.776629,0.879812,0.817149,0.880769,0.923397,0.916129,0.864615,0.944599,0.875969,0.969613,0.917203,0.993128
70,0.942849,0.841492,0.941959,0.948331,0.816858,0.936011,0.036515,0.038728,0.613436,0.679877,0.675515,0.682604,0.87763,0.728006,0.99538,0.992699,0.969929,0.968952,0.252833,0.47731,0.438871,0.951358,0.945419,0.984816,0.923764,0.890164,0.908375,0.601413,0.436948,0.597426,0.892469,0.981326,0.885127,0.905889,0.991582,0.957746,0.582407,0.504986,0.561016,0.857143,0.405452,0.713306,0.9375,0.750454,0.804833,0.0,0.0,0.0,0.591398,0.63857,0.948914,0.59237,0.580371,0.580289,0.96671,0.987705,0.973176,0.536041,0.544153,0.688163,0.281922,0.234195,0.248661,0.89672,0.882638,0.824589,0.993882,0.990312,0.996279,0.581459,0.640021,0.580799,0.384818,0.451482,0.536288,0.924424,0.852808,0.883338,0.82223,0.95122,0.861647,0.718061,0.961924,0.873638,0.960647,0.909102,0.973573,0.659084,0.932304,0.892499,0.647159,0.412833,0.60747,0.800769,0.570884,0.547331,0.794803,0.876842,0.8169,0.87151,0.916821,0.918074,0.869788,0.949877,0.875969,0.965623,0.910891,0.99651
71,0.944259,0.840208,0.939389,0.947767,0.821722,0.939026,0.037934,0.038728,0.661627,0.685494,0.656569,0.665162,0.831818,0.655454,0.998748,0.997914,0.970386,0.972782,0.251273,0.508725,0.434061,0.935193,0.931774,0.986473,0.918322,0.8653,0.881263,0.60924,0.432151,0.614767,0.87642,0.976657,0.866055,0.902854,0.997685,0.957746,0.571759,0.501425,0.544842,0.857143,0.343485,0.679698,0.9375,0.716124,0.759203,0.0,0.0,0.0,0.577957,0.625798,0.936143,0.588648,0.550164,0.539388,0.962375,0.987278,0.96647,0.528664,0.546421,0.684751,0.283431,0.23539,0.244309,0.895086,0.865372,0.796487,0.991388,0.987972,0.998675,0.575469,0.629711,0.570905,0.387473,0.452982,0.544867,0.932718,0.846422,0.885903,0.835096,0.969882,0.865264,0.708669,0.974923,0.888057,0.958933,0.915833,0.976456,0.632002,0.926259,0.870768,0.650648,0.415622,0.614783,0.786998,0.545822,0.529356,0.808782,0.874557,0.816709,0.864387,0.911762,0.920438,0.876016,0.955388,0.875969,0.962554,0.906559,0.999018
72,0.945459,0.839741,0.937686,0.947562,0.827084,0.9417,0.038987,0.038728,0.681723,0.68774,0.649466,0.658641,0.790968,0.612786,1.0,1.0,0.97056,0.974957,0.25066,0.521291,0.432247,0.922802,0.926316,0.987083,0.916261,0.855355,0.858932,0.612371,0.43038,0.621704,0.87,0.97479,0.85625,0.901639,1.0,0.957746,0.5625,0.5,0.538462,0.857143,0.319588,0.666667,0.9375,0.702703,0.733333,0.0,0.0,0.0,0.572581,0.62069,0.931034,0.586161,0.538449,0.511245,0.960685,0.986668,0.963788,0.52586,0.548886,0.683088,0.283985,0.236969,0.242678,0.894433,0.858609,0.779222,0.988963,0.986201,0.999633,0.573102,0.622297,0.564314,0.390204,0.454624,0.551027,0.93912,0.843867,0.889003,0.840195,0.977005,0.870395,0.704913,0.97989,0.901085,0.957484,0.918526,0.977713,0.62117,0.919568,0.862144,0.655421,0.418202,0.622272,0.777592,0.535797,0.522564,0.814374,0.873643,0.816632,0.861538,0.909739,0.92316,0.884058,0.960976,0.875969,0.961326,0.90495,1.0
73,0.946402,0.839898,0.936575,0.94855,0.837291,0.944408,0.039803,0.038758,0.683619,0.682456,0.666864,0.664533,0.749805,0.591331,0.99528,0.999929,0.96937,0.975857,0.254647,0.517883,0.432459,0.913729,0.927001,0.985077,0.918425,0.860305,0.840869,0.608298,0.433624,0.618812,0.872679,0.976657,0.85272,0.902854,0.999439,0.959398,0.553627,0.500831,0.549858,0.867725,0.326641,0.666667,0.9375,0.717572,0.72257,0.0,0.0,0.0,0.589307,0.62069,0.936143,0.584425,0.542129,0.491408,0.962292,0.985565,0.964451,0.528312,0.552417,0.682504,0.282744,0.240403,0.245536,0.895323,0.86097,0.770061,0.986469,0.98479,0.999291,0.588846,0.617019,0.560064,0.394001,0.456967,0.555083,0.944369,0.844184,0.893299,0.840323,0.974631,0.88272,0.71637,0.978637,0.913295,0.956109,0.915815,0.978027,0.63355,0.90624,0.86618,0.664309,0.421072,0.631363,0.772221,0.570182,0.550793,0.811272,0.87686,0.81854,0.867515,0.91341,0.930853,0.899036,0.967738,0.875664,0.964191,0.907005,1.0
74,0.947235,0.84029,0.935542,0.951196,0.854331,0.947518,0.040626,0.038834,0.685186,0.669245,0.71036,0.679262,0.70283,0.571979,0.982929,0.999732,0.966396,0.976532,0.265289,0.509361,0.433077,0.905559,0.928835,0.980062,0.923834,0.873158,0.823898,0.598116,0.44209,0.61124,0.879757,0.981326,0.849676,0.905889,0.997868,0.963658,0.54429,0.503086,0.578348,0.89418,0.344909,0.666667,0.9375,0.75545,0.714619,0.0,0.0,0.0,0.63184,0.62069,0.948914,0.582851,0.55153,0.472954,0.966392,0.983866,0.96611,0.534442,0.557619,0.682007,0.27964,0.246451,0.253237,0.897613,0.867251,0.762607,0.983651,0.983372,0.998353,0.629,0.612001,0.55602,0.399309,0.460435,0.558328,0.949639,0.845053,0.898662,0.840397,0.96861,0.904096,0.745014,0.975506,0.925625,0.954579,0.909037,0.97829,0.6645,0.8836,0.876271,0.67784,0.424584,0.642467,0.768246,0.656146,0.621365,0.803516,0.884904,0.823609,0.882852,0.922861,0.945643,0.922296,0.976049,0.874821,0.971353,0.912383,1.0
75,0.94805,0.8408,0.934644,0.955021,0.874448,0.950659,0.041387,0.038932,0.686417,0.652072,0.766904,0.698409,0.655236,0.555531,0.96566,0.999429,0.96253,0.977066,0.2806,0.498283,0.434077,0.898037,0.931488,0.973542,0.930867,0.890919,0.807726,0.58488,0.453877,0.600645,0.889798,0.987395,0.847188,0.909836,0.995455,0.969484,0.535417,0.50641,0.615385,0.928571,0.370049,0.666667,0.9375,0.806241,0.708376,0.0,0.0,0.0,0.68871,0.62069,0.965517,0.581509,0.5642,0.456876,0.97191,0.981786,0.968266,0.542411,0.563976,0.681608,0.275605,0.254173,0.264472,0.900731,0.87625,0.756459,0.980564,0.982064,0.996945,0.682943,0.607455,0.552436,0.405147,0.464766,0.561095,0.954493,0.846346,0.904266,0.840444,0.960587,0.929486,0.78225,0.971436,0.937624,0.953075,0.900226,0.978498,0.704735,0.856882,0.88939,0.693222,0.428219,0.653948,0.764916,0.767898,0.713109,0.793433,0.89536,0.83086,0.903658,0.935742,0.963741,0.94893,0.984669,0.873547,0.980663,0.919907,1.0
76,0.948941,0.84131,0.933935,0.959549,0.893887,0.953458,0.042017,0.03903,0.687306,0.634898,0.823448,0.717557,0.612212,0.542789,0.946187,0.999042,0.958665,0.977545,0.298597,0.487205,0.435432,0.890905,0.934629,0.967022,0.937899,0.910589,0.792065,0.571643,0.467084,0.588682,0.901366,0.993464,0.845324,0.913783,0.992368,0.97583,0.527932,0.510446,0.652422,0.962963,0.397721,0.666667,0.9375,0.859849,0.702741,0.0,0.0,0.0,0.748447,0.62069,0.98212,0.580466,0.577683,0.444163,0.977769,0.979543,0.970422,0.55038,0.570975,0.681312,0.27157,0.262631,0.27793,0.904106,0.886762,0.751217,0.977263,0.980984,0.995196,0.740056,0.603591,0.549564,0.410532,0.469694,0.563716,0.958499,0.847938,0.909289,0.840491,0.95221,0.953856,0.819487,0.967366,0.948842,0.951777,0.891414,0.97865,0.744971,0.831319,0.902509,0.707665,0.431459,0.664173,0.761475,0.879651,0.804852,0.783351,0.905817,0.83931,0.926045,0.949707,0.981359,0.974031,0.99236,0.871949,0.989973,0.928397,1.0
77,0.949999,0.841702,0.93347,0.964301,0.908893,0.955543,0.042446,0.039106,0.687844,0.621687,0.866943,0.732286,0.578952,0.534556,0.927222,0.998593,0.955691,0.978053,0.317296,0.478683,0.437118,0.883908,0.937927,0.962006,0.943308,0.929175,0.776622,0.561461,0.47981,0.577007,0.913023,0.998133,0.844155,0.916818,0.988777,0.981655,0.522762,0.514839,0.680912,0.989418,0.423585,0.666667,0.9375,0.906179,0.696613,0.0,0.0,0.0,0.799582,0.62069,0.994891,0.579791,0.589525,0.435808,0.98289,0.977354,0.97208,0.55651,0.5781,0.681129,0.268467,0.270884,0.292301,0.907166,0.897585,0.746481,0.973802,0.98025,0.993235,0.78972,0.600621,0.547656,0.414483,0.474956,0.566524,0.961221,0.849702,0.912907,0.840563,0.945126,0.972171,0.848131,0.964235,0.958829,0.950866,0.884636,0.978743,0.775921,0.812143,0.9126,0.718377,0.433783,0.671507,0.757173,0.965615,0.875424,0.775595,0.913861,0.84798,0.946122,0.962407,0.994708,0.99269,0.997884,0.870137,0.997135,0.936675,1.0
78,0.951318,0.841859,0.933302,0.968799,0.915711,0.95654,0.042605,0.039136,0.688025,0.616403,0.884342,0.738177,0.560645,0.531633,0.91148,0.998105,0.954501,0.978676,0.334715,0.475275,0.439108,0.876789,0.941053,0.96,0.945472,0.943678,0.761106,0.557388,0.490155,0.567275,0.923333,1.0,0.84375,0.918033,0.984848,0.985915,0.520833,0.519231,0.692308,1.0,0.443299,0.666667,0.9375,0.935135,0.688889,0.0,0.0,0.0,0.830645,0.62069,1.0,0.57955,0.597273,0.432803,0.986197,0.975436,0.972744,0.558962,0.584838,0.681066,0.267225,0.277992,0.306276,0.90934,0.907515,0.741848,0.970237,0.979979,0.991191,0.821316,0.598757,0.546964,0.416018,0.480288,0.569852,0.962225,0.851513,0.914295,0.840687,0.940983,0.979395,0.859588,0.962983,0.967135,0.950522,0.881925,0.978774,0.788301,0.804588,0.916637,0.722568,0.434673,0.674314,0.751254,1.0,0.903653,0.772492,0.917078,0.855888,0.96,0.971496,1.0,1.0,1.0,0.868217,1.0,0.943564,1.0
79,0.953594,0.840932,0.935056,0.974035,0.916925,0.9568,0.042515,0.039106,0.674447,0.616853,0.88421,0.733883,0.552032,0.536687,0.896967,0.99743,0.957871,0.979535,0.35137,0.482967,0.447706,0.86922,0.944215,0.962963,0.943695,0.955811,0.745655,0.560483,0.499148,0.559051,0.933206,0.99593,0.844387,0.915604,0.977553,0.989132,0.521605,0.525047,0.691595,1.0,0.459195,0.666667,0.9375,0.951679,0.678549,0.0,0.0,0.0,0.847372,0.62069,0.989509,0.584473,0.60171,0.440198,0.988211,0.973905,0.97247,0.557903,0.591836,0.683068,0.273067,0.283745,0.323111,0.910905,0.918379,0.737469,0.965847,0.98005,0.988113,0.840015,0.597739,0.547919,0.415373,0.486003,0.574423,0.960284,0.853694,0.91369,0.841982,0.939194,0.979185,0.853061,0.963054,0.974649,0.950883,0.885286,0.975809,0.783246,0.816244,0.916384,0.719827,0.433803,0.668744,0.738853,0.998973,0.897292,0.775305,0.916018,0.864447,0.969547,0.978122,0.998929,0.999757,0.997981,0.865149,0.999424,0.94994,0.999095
80,0.957035,0.838612,0.939488,0.980632,0.917735,0.956955,0.042292,0.03903,0.639509,0.618005,0.88388,0.722745,0.544528,0.549323,0.881076,0.996451,0.966297,0.980591,0.36905,0.503401,0.465909,0.861333,0.947752,0.97037,0.939135,0.96847,0.730524,0.568767,0.508565,0.550901,0.943975,0.985294,0.846065,0.909532,0.965544,0.992349,0.523765,0.533001,0.689601,1.0,0.475513,0.666667,0.9375,0.966978,0.666173,0.0,0.0,0.0,0.862664,0.62069,0.962598,0.597074,0.605395,0.458686,0.9901,0.972609,0.971747,0.555256,0.599641,0.688072,0.288568,0.288865,0.34476,0.912444,0.931539,0.733615,0.960423,0.980227,0.98357,0.857436,0.597054,0.550605,0.41366,0.492459,0.580148,0.955172,0.856507,0.912082,0.844973,0.937919,0.978579,0.836744,0.963261,0.982158,0.951855,0.893689,0.968336,0.770608,0.845384,0.915651,0.712691,0.431424,0.654741,0.718606,0.99599,0.88091,0.782769,0.913367,0.874743,0.978798,0.984665,0.995971,0.999061,0.992454,0.860465,0.99779,0.956935,0.996639
81,0.961003,0.835597,0.945353,0.987559,0.918313,0.95706,0.042002,0.038932,0.591908,0.619561,0.883452,0.707379,0.538337,0.56575,0.865598,0.995234,0.977251,0.981687,0.387681,0.532611,0.488736,0.853567,0.951521,0.98,0.932953,0.980437,0.715593,0.580735,0.517623,0.542989,0.95484,0.970457,0.848438,0.901639,0.951515,0.995305,0.527083,0.541667,0.686538,1.0,0.490776,0.666667,0.9375,0.980246,0.653056,0.0,0.0,0.0,0.875806,0.62069,0.926108,0.614107,0.608536,0.482721,0.991756,0.971359,0.970716,0.551815,0.607591,0.694577,0.31069,0.293815,0.367959,0.913841,0.945089,0.730068,0.954782,0.980458,0.978464,0.872634,0.596537,0.554755,0.411211,0.499452,0.586142,0.947956,0.859728,0.909786,0.848798,0.936923,0.977616,0.815531,0.963597,0.989054,0.953269,0.904613,0.95849,0.754178,0.883266,0.914478,0.702788,0.427881,0.63637,0.695018,0.991198,0.858558,0.793422,0.909921,0.885308,0.987111,0.990624,0.99151,0.997962,0.984218,0.855136,0.995235,0.963757,0.993019
82,0.964859,0.832582,0.951403,0.993783,0.918829,0.957167,0.041711,0.038834,0.540339,0.621221,0.883024,0.690403,0.533662,0.582177,0.852325,0.993842,0.988204,0.982664,0.407191,0.566632,0.511209,0.84636,0.955381,0.98963,0.926307,0.990493,0.700748,0.594884,0.525539,0.535479,0.964999,0.953782,0.851157,0.893746,0.938159,0.99774,0.531327,0.54962,0.682621,1.0,0.503507,0.666667,0.9375,0.990696,0.640494,0.0,0.0,0.0,0.886081,0.62069,0.886882,0.632324,0.611341,0.506755,0.993072,0.969964,0.969521,0.548374,0.615021,0.701083,0.336395,0.299055,0.389446,0.914982,0.957126,0.726611,0.94974,0.980688,0.973698,0.884661,0.596023,0.560101,0.408358,0.50678,0.591519,0.939706,0.863134,0.907115,0.852598,0.935968,0.97633,0.794318,0.964054,0.994731,0.954956,0.915536,0.948405,0.737749,0.921148,0.912902,0.691749,0.423521,0.617695,0.672592,0.984744,0.834289,0.805801,0.906475,0.894672,0.993844,0.995499,0.98593,0.996511,0.974069,0.850129,0.991897,0.969612,0.988624
83,0.967966,0.830263,0.956395,0.998274,0.919454,0.957329,0.041488,0.038758,0.493499,0.622689,0.882694,0.674431,0.530708,0.594813,0.843048,0.99234,0.99663,0.983366,0.427505,0.601497,0.528344,0.840151,0.95919,0.997037,0.920357,0.99742,0.685869,0.60971,0.531529,0.528532,0.973653,0.937631,0.853877,0.887675,0.928171,0.999391,0.536265,0.555437,0.678063,1.0,0.512228,0.666667,0.9375,0.997543,0.629784,0.0,0.0,0.0,0.892772,0.62069,0.851761,0.648478,0.614018,0.525243,0.99394,0.968237,0.968306,0.545727,0.621269,0.706087,0.362647,0.305049,0.405956,0.915751,0.965744,0.723027,0.946116,0.980866,0.970176,0.892571,0.595344,0.566376,0.405435,0.514242,0.595395,0.931487,0.866503,0.904384,0.855509,0.934818,0.974759,0.778001,0.964623,0.998582,0.956749,0.923939,0.940216,0.725111,0.950287,0.910962,0.681204,0.418691,0.602781,0.655834,0.976774,0.812153,0.818443,0.903824,0.901367,0.998354,0.998792,0.979613,0.994758,0.962804,0.846415,0.987914,0.973706,0.983841
84,0.969687,0.829335,0.959081,1.0,0.920359,0.9576,0.041399,0.038728,0.460084,0.623665,0.882562,0.662081,0.529677,0.599868,0.839557,0.990793,1.0,0.983635,0.448549,0.633242,0.535163,0.835378,0.962807,1.0,0.916261,1.0,0.670841,0.623711,0.53481,0.522312,0.98,0.92437,0.85625,0.885246,0.924242,1.0,0.541667,0.557692,0.673077,1.0,0.515464,0.666667,0.9375,1.0,0.622222,0.0,0.0,0.0,0.895161,0.62069,0.827586,0.659321,0.616775,0.532639,0.994253,0.965988,0.967214,0.544668,0.625671,0.708088,0.386406,0.312259,0.414226,0.916033,0.96904,0.719099,0.944726,0.980936,0.968802,0.895419,0.594336,0.57331,0.402773,0.521634,0.596883,0.924368,0.869611,0.901905,0.856671,0.933238,0.97294,0.771474,0.965296,1.0,0.958478,0.9273,0.936057,0.720056,0.961943,0.908697,0.672781,0.413735,0.595691,0.649247,0.967436,0.796203,0.829886,0.902764,0.903926,1.0,1.0,0.972944,0.992754,0.95122,0.844961,0.983425,0.975248,0.979058
85,0.970375,0.829939,0.960144,0.998286,0.921584,0.960349,0.04141,0.038743,0.435875,0.62418,0.888493,0.651896,0.533692,0.596301,0.839748,0.989054,0.999597,0.983011,0.471504,0.667479,0.533511,0.831805,0.966701,0.998469,0.913463,0.998072,0.65551,0.639927,0.536135,0.51618,0.984903,0.912353,0.858623,0.88646,0.924242,0.996945,0.551698,0.556268,0.663818,0.992725,0.501718,0.666667,0.9375,0.99725,0.617404,0.0,0.0,0.0,0.894564,0.62069,0.811075,0.66641,0.619494,0.532398,0.993699,0.961903,0.966329,0.548314,0.628493,0.706345,0.408869,0.320991,0.416735,0.914275,0.967604,0.715084,0.94555,0.979731,0.969323,0.885732,0.591846,0.587013,0.400185,0.530136,0.59438,0.917334,0.872872,0.899451,0.853244,0.930934,0.967419,0.773188,0.968369,0.977877,0.960576,0.925332,0.934709,0.724698,0.954716,0.900899,0.666377,0.406671,0.594051,0.65157,0.936045,0.785891,0.842095,0.90408,0.900335,0.995757,0.999373,0.963541,0.98913,0.937342,0.851852,0.973207,0.972406,0.973887
86,0.970865,0.83148,0.961076,0.993806,0.923062,0.966759,0.041444,0.038783,0.412042,0.624527,0.903321,0.641338,0.543728,0.58696,0.840289,0.987008,0.998495,0.981449,0.49676,0.708577,0.529382,0.828793,0.97108,0.99436,0.910759,0.993252,0.639939,0.66029,0.536953,0.509793,0.989565,0.899315,0.861343,0.889496,0.924242,0.988971,0.56821,0.552707,0.648575,0.973545,0.467354,0.666667,0.9375,0.989758,0.613717,0.0,0.0,0.0,0.89307,0.62069,0.79511,0.673178,0.621997,0.531754,0.992125,0.955411,0.96555,0.557695,0.630641,0.701988,0.432745,0.331333,0.418394,0.909881,0.963651,0.711198,0.947611,0.976718,0.970707,0.861514,0.587514,0.610205,0.39736,0.540151,0.588123,0.909327,0.876547,0.896719,0.844676,0.92791,0.956591,0.777473,0.974936,0.92257,0.96329,0.920411,0.933546,0.736305,0.935174,0.885125,0.660609,0.396567,0.592741,0.657376,0.872095,0.777417,0.856653,0.907371,0.891013,0.984661,0.997652,0.950057,0.982848,0.919514,0.869078,0.954901,0.964593,0.967785
87,0.971241,0.833554,0.961849,0.987548,0.92481,0.975103,0.041499,0.038847,0.390366,0.624806,0.922598,0.6314,0.556774,0.573884,0.841138,0.984771,0.996851,0.97942,0.523055,0.750699,0.524014,0.826175,0.975412,0.988399,0.908332,0.986986,0.624335,0.681637,0.537529,0.503762,0.993696,0.886686,0.864062,0.893443,0.924242,0.977867,0.5875,0.548077,0.630769,0.946429,0.42268,0.666667,0.9375,0.978663,0.610648,0.0,0.0,0.0,0.891129,0.62069,0.780788,0.679194,0.624398,0.53082,0.989661,0.947432,0.964747,0.570471,0.632417,0.696324,0.457265,0.343415,0.419591,0.904168,0.957713,0.707157,0.950289,0.972801,0.972689,0.830031,0.582362,0.637544,0.394449,0.550316,0.579989,0.901351,0.880188,0.893915,0.833538,0.924369,0.94327,0.783043,0.98319,0.85067,0.966174,0.914014,0.932596,0.751393,0.906531,0.865566,0.655185,0.385352,0.591713,0.664925,0.791005,0.769952,0.871521,0.911649,0.878132,0.969164,0.995073,0.934422,0.974452,0.899007,0.891473,0.932942,0.952874,0.960908
88,0.971585,0.835757,0.962436,0.980504,0.926843,0.983656,0.041578,0.038929,0.372629,0.625117,0.941874,0.623072,0.569821,0.559111,0.84225,0.982458,0.994826,0.97739,0.549126,0.788011,0.518646,0.823785,0.979166,0.981312,0.906369,0.98072,0.608905,0.700802,0.538126,0.498699,0.997005,0.875895,0.866435,0.897389,0.924242,0.965422,0.605864,0.543447,0.613818,0.915344,0.378007,0.666667,0.9375,0.965102,0.607682,0.0,0.0,0.0,0.889188,0.62069,0.769203,0.684026,0.626815,0.529711,0.986439,0.938887,0.963792,0.584305,0.634122,0.690659,0.481661,0.357368,0.420711,0.898455,0.950325,0.702676,0.952968,0.968883,0.974999,0.798549,0.577416,0.663688,0.391603,0.559266,0.571855,0.89441,0.883344,0.891244,0.8224,0.920518,0.930272,0.788613,0.991324,0.77877,0.968785,0.907616,0.931883,0.766481,0.871998,0.846408,0.649813,0.374954,0.590916,0.672473,0.708192,0.76267,0.884663,0.915926,0.863867,0.951716,0.991873,0.91857,0.964488,0.877096,0.913867,0.911766,0.938317,0.95341
89,0.971978,0.837684,0.962809,0.973662,0.929176,0.990693,0.041678,0.039027,0.36061,0.625558,0.956702,0.617348,0.579857,0.544679,0.843582,0.980185,0.992579,0.975829,0.573712,0.814677,0.514516,0.821455,0.981808,0.973826,0.905056,0.9759,0.593856,0.714622,0.539007,0.495213,0.999203,0.868372,0.868113,0.900425,0.924242,0.953424,0.619599,0.539886,0.60114,0.884259,0.343643,0.666667,0.9375,0.950213,0.604304,0.0,0.0,0.0,0.887694,0.62069,0.761449,0.687241,0.629361,0.528542,0.982591,0.930699,0.962555,0.596858,0.636057,0.686302,0.505162,0.373323,0.422141,0.894061,0.942018,0.697471,0.955029,0.96587,0.977371,0.774331,0.573698,0.683292,0.388973,0.565637,0.565598,0.88951,0.885567,0.888912,0.813832,0.916561,0.920409,0.792898,0.99753,0.723463,0.970678,0.902695,0.931436,0.778087,0.834787,0.831842,0.644202,0.367301,0.5903,0.678279,0.639077,0.754743,0.894042,0.919217,0.85039,0.934767,0.98829,0.904432,0.953499,0.855051,0.931094,0.895808,0.921987,0.945446
90,0.972504,0.838931,0.962939,0.968013,0.931825,0.994488,0.041801,0.039136,0.356092,0.626228,0.962633,0.615219,0.583871,0.532627,0.84509,0.978067,0.990268,0.975205,0.595552,0.824863,0.512864,0.819018,0.982807,0.966667,0.904576,0.973972,0.579395,0.719931,0.540436,0.493915,1.0,0.865546,0.86875,0.901639,0.924242,0.943662,0.625,0.538462,0.596154,0.857143,0.329897,0.666667,0.9375,0.935135,0.6,0.0,0.0,0.0,0.887097,0.62069,0.758621,0.688409,0.632155,0.527427,0.978248,0.923788,0.960906,0.605793,0.638523,0.684559,0.527002,0.391409,0.424268,0.892303,0.933326,0.691258,0.955853,0.964665,0.979538,0.764644,0.572231,0.691014,0.38671,0.568063,0.563095,0.887653,0.886408,0.887123,0.810405,0.912705,0.916496,0.794612,1.0,0.70134,0.971407,0.900727,0.931282,0.78273,0.798111,0.826056,0.638061,0.364322,0.589815,0.680602,0.599076,0.745344,0.897622,0.920533,0.839876,0.920769,0.984561,0.893939,0.942029,0.834146,0.937984,0.889503,0.90495,0.937173
91,0.973219,0.839567,0.962077,0.96358,0.936142,0.996006,0.05547,0.039365,0.355933,0.629623,0.951341,0.621474,0.57625,0.523509,0.847695,0.975834,0.986947,0.975861,0.61602,0.818351,0.52105,0.816191,0.981573,0.958894,0.909553,0.974425,0.565518,0.713415,0.550535,0.496042,0.999565,0.866791,0.865,0.900804,0.924897,0.934943,0.62037,0.538462,0.597731,0.830026,0.335242,0.65625,0.9375,0.919099,0.594307,0.0,0.0,0.0,0.89546,0.62069,0.760111,0.685863,0.635757,0.526325,0.971065,0.918151,0.956812,0.611908,0.642345,0.686246,0.546726,0.416312,0.427308,0.892408,0.923532,0.682374,0.955568,0.965173,0.981887,0.775745,0.573314,0.68435,0.384873,0.565754,0.564169,0.887886,0.881817,0.885662,0.811271,0.90828,0.916644,0.792522,0.99317,0.703956,0.968984,0.9029,0.932736,0.77654,0.758853,0.827446,0.630876,0.365683,0.589389,0.67989,0.580571,0.732904,0.895037,0.914354,0.83212,0.910344,0.979472,0.88699,0.925972,0.812655,0.936681,0.889503,0.884596,0.928093
92,0.974089,0.840006,0.959923,0.959561,0.9426,0.997338,0.089436,0.039765,0.355801,0.637302,0.921674,0.637374,0.556618,0.515783,0.852057,0.973339,0.982176,0.977555,0.636582,0.802071,0.541954,0.813045,0.978218,0.94965,0.921995,0.975558,0.552036,0.697124,0.573022,0.501849,0.998311,0.869904,0.855083,0.898604,0.926674,0.925553,0.608796,0.538462,0.602055,0.798942,0.348606,0.62963,0.9375,0.900421,0.58738,0.0,0.0,0.0,0.916368,0.62069,0.764155,0.679497,0.640208,0.525123,0.959272,0.913014,0.949034,0.617516,0.647535,0.69073,0.564932,0.450201,0.431306,0.892687,0.911433,0.670205,0.954792,0.966443,0.984718,0.803718,0.576294,0.66769,0.383321,0.55998,0.566928,0.88854,0.870339,0.884241,0.813685,0.902978,0.917065,0.787298,0.975031,0.710555,0.962885,0.908331,0.936372,0.761065,0.712928,0.830921,0.622751,0.369417,0.588993,0.678109,0.56531,0.717619,0.888235,0.898907,0.825228,0.901614,0.972343,0.881633,0.903601,0.789211,0.933126,0.889503,0.858368,0.91789
93,0.975055,0.840357,0.957123,0.955703,0.949893,0.998443,0.133541,0.04024,0.355699,0.647959,0.879947,0.658624,0.529817,0.508341,0.857736,0.970879,0.976871,0.979868,0.656116,0.780907,0.5701,0.809952,0.973264,0.939786,0.938169,0.97703,0.538883,0.675945,0.601554,0.510473,0.996316,0.87395,0.841,0.895492,0.929293,0.916499,0.59375,0.538462,0.608516,0.767857,0.365979,0.59375,0.9375,0.878866,0.57963,0.0,0.0,0.0,0.943548,0.62069,0.770115,0.671221,0.644836,0.523828,0.943865,0.908139,0.938641,0.622544,0.653173,0.697144,0.582428,0.489435,0.436389,0.893084,0.896833,0.656039,0.953643,0.968094,0.987625,0.84057,0.580768,0.646032,0.3819,0.552473,0.570671,0.889548,0.855417,0.882961,0.817376,0.89755,0.917727,0.780507,0.949111,0.719263,0.954866,0.915392,0.941098,0.740947,0.662093,0.835438,0.614319,0.374997,0.58865,0.675794,0.552763,0.701308,0.878647,0.878825,0.818838,0.893282,0.964212,0.877028,0.879035,0.765629,0.927847,0.889503,0.827422,0.906988
94,0.976062,0.84073,0.954322,0.951755,0.956718,0.999281,0.177623,0.040696,0.355626,0.66029,0.832474,0.68093,0.500691,0.500076,0.864293,0.968753,0.971948,0.982384,0.6735,0.759743,0.600012,0.807284,0.967234,0.930156,0.954344,0.978503,0.525989,0.654766,0.629788,0.521052,0.993658,0.877996,0.82475,0.891925,0.932473,0.908786,0.578704,0.538462,0.616504,0.740741,0.383352,0.555556,0.9375,0.8542,0.571468,0.0,0.0,0.0,0.970729,0.62069,0.777352,0.662945,0.648971,0.522449,0.925841,0.903289,0.926697,0.626922,0.658339,0.704621,0.600021,0.530373,0.442684,0.893544,0.879539,0.641166,0.952242,0.969746,0.990203,0.878308,0.586331,0.624374,0.380459,0.544967,0.574699,0.89084,0.840496,0.881922,0.82207,0.892745,0.918596,0.773716,0.918938,0.728207,0.946683,0.922453,0.945825,0.720829,0.608106,0.839956,0.606213,0.381896,0.588378,0.673479,0.542399,0.685788,0.867703,0.858744,0.812589,0.884049,0.956116,0.872332,0.85639,0.743723,0.921376,0.889503,0.792913,0.895814
95,0.977052,0.841236,0.952168,0.947464,0.96177,0.999814,0.211523,0.041039,0.355582,0.672988,0.785571,0.699994,0.474084,0.48988,0.871289,0.967258,0.968322,0.984688,0.68761,0.743463,0.626212,0.80541,0.960651,0.92161,0.966786,0.979635,0.513287,0.638475,0.651379,0.532723,0.990416,0.881108,0.808333,0.888358,0.935933,0.903421,0.56713,0.538462,0.625407,0.721561,0.396716,0.521991,0.9375,0.826188,0.563306,0.0,0.0,0.0,0.991637,0.62069,0.785228,0.656579,0.651944,0.520995,0.906195,0.898226,0.914268,0.630577,0.662113,0.712296,0.618521,0.569375,0.450316,0.894012,0.859355,0.626873,0.950708,0.971016,0.992046,0.908938,0.592582,0.607714,0.378844,0.539193,0.578314,0.89235,0.829018,0.881225,0.827496,0.889313,0.91964,0.768492,0.888038,0.735514,0.940092,0.927885,0.949461,0.705354,0.552725,0.843431,0.599068,0.389587,0.5882,0.671699,0.533687,0.672879,0.856833,0.843296,0.806121,0.872619,0.949093,0.866706,0.839784,0.725307,0.914243,0.889503,0.755994,0.884791
96,0.977969,0.841984,0.951306,0.94258,0.963743,1.0,0.22508,0.041174,0.355567,0.68475,0.745552,0.711522,0.454839,0.476648,0.878285,0.966694,0.96691,0.986363,0.697324,0.736951,0.643225,0.804703,0.954035,0.915,0.971762,0.980088,0.500709,0.631959,0.659986,0.544625,0.986667,0.882353,0.79375,0.885246,0.939394,0.901408,0.5625,0.538462,0.634615,0.714286,0.402062,0.5,0.9375,0.794595,0.555556,0.0,0.0,0.0,1.0,0.62069,0.793103,0.654033,0.653084,0.519473,0.885923,0.892715,0.902422,0.63344,0.663576,0.719301,0.638734,0.602799,0.459414,0.894433,0.836086,0.614451,0.949159,0.971524,0.992751,0.924469,0.599116,0.60105,0.376902,0.536883,0.580816,0.89401,0.824427,0.880971,0.83338,0.888002,0.920826,0.766403,0.859939,0.739311,0.936847,0.930058,0.950915,0.699164,0.497706,0.844821,0.593515,0.397543,0.588137,0.670987,0.526097,0.664398,0.847466,0.837117,0.79907,0.857692,0.944181,0.859307,0.833333,0.712195,0.906977,0.889503,0.717822,0.874346
97,0.978763,0.843971,0.951337,0.937021,0.962114,0.994708,0.213886,0.040932,0.355727,0.695917,0.709268,0.71729,0.441812,0.451289,0.887037,0.967327,0.967299,0.987463,0.70315,0.739829,0.651978,0.804835,0.946498,0.909551,0.97025,0.969141,0.487462,0.633229,0.658137,0.557768,0.977627,0.879241,0.778704,0.88264,0.943977,0.90356,0.567248,0.537037,0.648097,0.721561,0.389175,0.48624,0.93287,0.752859,0.548148,0.004261,0.004261,0.004261,0.986869,0.625,0.803533,0.658322,0.634974,0.517562,0.861724,0.885729,0.888795,0.635457,0.655021,0.726084,0.661022,0.630118,0.474536,0.894768,0.801723,0.602447,0.947237,0.970289,0.992245,0.929473,0.607593,0.601609,0.373998,0.537139,0.582229,0.896336,0.826638,0.882811,0.84238,0.889107,0.922898,0.767974,0.831457,0.740586,0.935924,0.925601,0.948341,0.709647,0.437412,0.839849,0.588902,0.40611,0.591749,0.672454,0.518818,0.658876,0.838291,0.837713,0.790215,0.825926,0.941252,0.847521,0.833557,0.702461,0.89684,0.886638,0.672317,0.863124
98,0.97947,0.847685,0.951429,0.930884,0.958039,0.981361,0.1859,0.040329,0.356137,0.707639,0.671019,0.722068,0.430376,0.410345,0.898359,0.96902,0.96835,0.988377,0.707048,0.747582,0.658043,0.805216,0.937207,0.904188,0.966337,0.939773,0.473435,0.636793,0.653514,0.5736,0.960524,0.87146,0.76113,0.880186,0.950243,0.909233,0.580009,0.533476,0.667684,0.740741,0.356701,0.473251,0.921296,0.69785,0.540741,0.016415,0.016415,0.016415,0.952427,0.636782,0.817795,0.669708,0.588296,0.515178,0.83154,0.87723,0.871994,0.636859,0.633077,0.733443,0.684937,0.654356,0.498826,0.895055,0.75216,0.589484,0.944717,0.966939,0.990927,0.933787,0.619135,0.603236,0.370061,0.537845,0.583212,0.899765,0.832388,0.88749,0.85603,0.892096,0.926402,0.772376,0.799073,0.741608,0.935134,0.914459,0.941904,0.736672,0.369208,0.827419,0.584379,0.416254,0.601631,0.676612,0.511728,0.653795,0.8279,0.839419,0.779582,0.772731,0.939174,0.830797,0.83421,0.693318,0.882528,0.879476,0.616759,0.850511
99,0.980162,0.852467,0.951579,0.924187,0.952742,0.963749,0.149518,0.039543,0.356693,0.719824,0.633287,0.72605,0.420149,0.361155,0.910393,0.971466,0.969888,0.989188,0.710073,0.758883,0.662913,0.805825,0.926775,0.899315,0.960965,0.897193,0.459583,0.642286,0.647504,0.591908,0.93845,0.861345,0.743375,0.877732,0.957071,0.917254,0.598558,0.528846,0.68956,0.767857,0.313918,0.461806,0.90625,0.634475,0.533333,0.035513,0.035513,0.035513,0.904095,0.65431,0.833333,0.685966,0.524529,0.512686,0.798234,0.86846,0.854539,0.638002,0.603325,0.741044,0.710066,0.677207,0.530285,0.895351,0.693059,0.576963,0.941913,0.962012,0.9891,0.937314,0.632533,0.60585,0.365788,0.53891,0.584026,0.904106,0.840352,0.893743,0.872373,0.896479,0.931005,0.779138,0.765812,0.742425,0.934492,0.899975,0.933537,0.7736,0.299356,0.811259,0.580279,0.428382,0.616347,0.683092,0.505335,0.649408,0.817578,0.842111,0.768681,0.709938,0.937475,0.811397,0.835266,0.685292,0.866726,0.870166,0.55734,0.838038
100,0.980911,0.857661,0.951785,0.916945,0.947446,0.945667,0.113136,0.038758,0.35729,0.732378,0.598558,0.729431,0.410749,0.311057,0.921286,0.974355,0.971737,0.989976,0.713281,0.772407,0.668077,0.806638,0.915812,0.895335,0.95507,0.846612,0.446863,0.649341,0.641493,0.612479,0.914499,0.851229,0.727787,0.875126,0.963337,0.926448,0.620667,0.524217,0.70991,0.798942,0.270103,0.452675,0.891204,0.567643,0.525926,0.060609,0.060609,0.060609,0.849298,0.675862,0.847595,0.704873,0.455153,0.510453,0.764668,0.860659,0.838951,0.639238,0.571344,0.748552,0.736,0.70036,0.566915,0.895714,0.630078,0.566285,0.939141,0.956043,0.987064,0.939955,0.646577,0.609372,0.361874,0.54024,0.584932,0.90917,0.849206,0.900305,0.889449,0.901767,0.936375,0.787788,0.734703,0.743081,0.934015,0.885491,0.925169,0.813796,0.234115,0.7951,0.576937,0.4429,0.634462,0.691527,0.500142,0.645964,0.808613,0.845668,0.759023,0.649382,0.935683,0.791581,0.836697,0.678908,0.852117,0.860855,0.50025,0.827234
101,0.98179,0.862611,0.952046,0.909174,0.943371,0.930905,0.085149,0.038154,0.357825,0.745209,0.569315,0.732405,0.401794,0.267392,0.929182,0.97738,0.973723,0.990825,0.717726,0.78683,0.675025,0.807635,0.904929,0.892651,0.949593,0.793239,0.43623,0.65759,0.63687,0.635103,0.891762,0.843448,0.716713,0.872217,0.96792,0.935642,0.644112,0.520655,0.724919,0.830026,0.234536,0.446631,0.87963,0.502263,0.518519,0.090757,0.090757,0.090757,0.795458,0.699713,0.858025,0.724204,0.391646,0.508845,0.733703,0.855068,0.82775,0.640922,0.542715,0.755632,0.762328,0.725509,0.606719,0.8962,0.568879,0.558851,0.936717,0.94957,0.985122,0.941611,0.660058,0.613725,0.359015,0.541744,0.586189,0.914765,0.857625,0.905911,0.905301,0.907472,0.942179,0.797858,0.708773,0.743623,0.933718,0.874349,0.918733,0.85062,0.179746,0.78267,0.574686,0.460216,0.654543,0.70155,0.496656,0.643714,0.80229,0.849968,0.75212,0.602894,0.933324,0.773609,0.838477,0.674693,0.841383,0.853693,0.45168,0.819629
102,0.982871,0.866658,0.952359,0.900891,0.941742,0.923256,0.073955,0.037913,0.358193,0.758223,0.548043,0.735168,0.392903,0.237496,0.932227,0.980233,0.975669,0.991818,0.724463,0.800824,0.685249,0.808793,0.894737,0.891667,0.945472,0.742284,0.428639,0.666667,0.635021,0.659567,0.873333,0.840336,0.7125,0.868852,0.969697,0.943662,0.666667,0.519231,0.730769,0.857143,0.216495,0.444444,0.875,0.443243,0.511111,0.125009,0.125009,0.125009,0.75,0.724138,0.862069,0.741736,0.345489,0.508228,0.708201,0.852929,0.823456,0.643408,0.523019,0.761949,0.788641,0.754344,0.647699,0.896866,0.515122,0.556061,0.934956,0.943128,0.983575,0.942185,0.671765,0.618828,0.357908,0.54333,0.588057,0.920701,0.864283,0.909297,0.917972,0.913102,0.948086,0.808875,0.691048,0.744097,0.933615,0.869892,0.916158,0.877437,0.14251,0.777698,0.573862,0.480737,0.675154,0.712793,0.495381,0.642908,0.799897,0.854886,0.749483,0.582308,0.929929,0.75974,0.84058,0.673171,0.837209,0.850829,0.417822,0.816754
103,0.984731,0.87015,0.954737,0.891715,0.945836,0.920585,0.074158,0.038321,0.358445,0.773536,0.532615,0.737613,0.383366,0.217887,0.930239,0.983527,0.97812,0.993181,0.750592,0.815732,0.717146,0.812489,0.885327,0.892346,0.942805,0.687601,0.423756,0.681762,0.642532,0.690568,0.859301,0.843703,0.714815,0.863894,0.969042,0.951682,0.692994,0.526856,0.729345,0.884259,0.211388,0.449588,0.884259,0.38512,0.502675,0.205192,0.205192,0.205192,0.708506,0.75878,0.860579,0.758237,0.311175,0.517728,0.687011,0.856616,0.826802,0.651468,0.51,0.767524,0.817339,0.794236,0.702199,0.900342,0.464945,0.557008,0.933746,0.935573,0.982431,0.941247,0.681265,0.636894,0.367873,0.545125,0.597559,0.929084,0.869127,0.910828,0.927983,0.920313,0.955789,0.828526,0.679822,0.744475,0.933833,0.87953,0.922053,0.897548,0.116433,0.781935,0.590144,0.518344,0.701704,0.73509,0.499691,0.656306,0.809064,0.866986,0.76139,0.579354,0.921487,0.749456,0.84966,0.675697,0.840182,0.857833,0.395033,0.820086
104,0.987522,0.873709,0.960161,0.881432,0.956097,0.918269,0.074711,0.039455,0.358688,0.791663,0.519157,0.739641,0.373304,0.200318,0.92525,0.987655,0.981367,0.994909,0.803219,0.833124,0.777836,0.819829,0.876227,0.894043,0.940785,0.623196,0.420177,0.705762,0.662308,0.72999,0.847051,0.852418,0.720602,0.857114,0.967265,0.960876,0.726126,0.54705,0.725783,0.915344,0.207942,0.463374,0.907407,0.322794,0.493004,0.351207,0.351207,0.351207,0.664106,0.808174,0.856535,0.775672,0.27722,0.541718,0.667178,0.866082,0.835166,0.66729,0.497936,0.772683,0.84925,0.845803,0.775393,0.908144,0.412918,0.559375,0.932728,0.926057,0.981438,0.938901,0.689496,0.673915,0.393489,0.547359,0.61783,0.940726,0.873262,0.911877,0.937206,0.929966,0.966035,0.860436,0.670859,0.744741,0.934462,0.903624,0.936826,0.917609,0.092221,0.793085,0.63173,0.57892,0.737499,0.773447,0.511277,0.689802,0.832518,0.889474,0.791797,0.577521,0.906443,0.740475,0.868885,0.68223,0.847928,0.875698,0.375326,0.828812
105,0.990678,0.877098,0.96708,0.870307,0.969491,0.916365,0.075532,0.041178,0.358906,0.810105,0.507528,0.741455,0.363586,0.184984,0.918725,0.991979,0.984856,0.996727,0.868408,0.852023,0.851893,0.828889,0.867203,0.89625,0.938997,0.554502,0.417255,0.73485,0.690209,0.773409,0.835624,0.8644,0.728125,0.849727,0.964646,0.97007,0.761396,0.575792,0.721154,0.946429,0.205412,0.483333,0.9375,0.261718,0.483333,0.529226,0.529226,0.529226,0.62054,0.862931,0.850575,0.793613,0.246133,0.573433,0.648862,0.87893,0.84604,0.687356,0.487211,0.777546,0.881593,0.900603,0.854526,0.918662,0.362349,0.562453,0.931844,0.915561,0.980509,0.935851,0.6973,0.720483,0.428336,0.550094,0.643297,0.953493,0.877104,0.912693,0.945712,0.940389,0.977065,0.898042,0.66339,0.744961,0.935463,0.934946,0.95611,0.93601,0.071157,0.808807,0.687728,0.650874,0.777951,0.82025,0.528124,0.733345,0.864188,0.917198,0.832736,0.576278,0.888006,0.732417,0.892995,0.691202,0.858689,0.899703,0.358375,0.841028
106,0.993633,0.880078,0.973943,0.858608,0.982985,0.914933,0.076538,0.043353,0.359083,0.826369,0.497587,0.743257,0.355079,0.172083,0.912126,0.995858,0.988034,0.998364,0.932225,0.871449,0.92389,0.837744,0.858021,0.898457,0.937025,0.486955,0.414342,0.765203,0.722099,0.816396,0.824057,0.877571,0.735648,0.842947,0.961467,0.978091,0.794133,0.609058,0.716524,0.973545,0.203055,0.506996,0.967593,0.207347,0.474897,0.705419,0.705419,0.705419,0.581549,0.913665,0.843338,0.811631,0.220424,0.606109,0.632221,0.892765,0.856914,0.708146,0.478208,0.78223,0.911592,0.950197,0.926841,0.930285,0.316546,0.56553,0.931039,0.905067,0.979559,0.932801,0.705524,0.767191,0.465995,0.553393,0.668386,0.965253,0.881071,0.913523,0.953568,0.949907,0.98712,0.934779,0.65665,0.745202,0.9368,0.966268,0.975537,0.951144,0.054523,0.826758,0.747246,0.722615,0.818471,0.867885,0.548215,0.776889,0.898002,0.945005,0.876237,0.575093,0.869384,0.724898,0.916729,0.701045,0.870705,0.925123,0.343854,0.854831
107,0.995821,0.88241,0.979198,0.846603,0.993546,0.91403,0.077648,0.045843,0.359201,0.837958,0.489193,0.74525,0.348648,0.161808,0.906918,0.998655,0.990347,0.999545,0.980734,0.890423,0.978401,0.844468,0.848446,0.900154,0.934454,0.425991,0.410791,0.793004,0.75384,0.854524,0.811392,0.889851,0.741435,0.837988,0.958006,0.983764,0.819669,0.642827,0.712963,0.992725,0.200124,0.531893,0.990741,0.165137,0.46893,0.845959,0.845959,0.845959,0.550875,0.95099,0.835462,0.829299,0.202603,0.632981,0.617413,0.905192,0.865278,0.726141,0.471308,0.786856,0.936469,0.986142,0.979584,0.941405,0.278816,0.567897,0.930256,0.895557,0.978499,0.930455,0.715013,0.804629,0.500045,0.557316,0.687527,0.973874,0.885579,0.914615,0.960845,0.956845,0.994442,0.964086,0.649871,0.74553,0.938434,0.990362,0.990738,0.961404,0.043601,0.844596,0.799394,0.782553,0.854472,0.90874,0.569535,0.810384,0.927889,0.967742,0.914331,0.573434,0.853786,0.717539,0.934827,0.710192,0.88222,0.947238,0.331435,0.868317
108,0.996676,0.883856,0.981294,0.834557,0.998141,0.913716,0.078778,0.048512,0.359244,0.842375,0.482206,0.747635,0.345161,0.154356,0.904564,0.999729,0.991241,1.0,1.0,0.907967,1.0,0.847137,0.838246,0.900833,0.930867,0.377045,0.405955,0.814433,0.781294,0.883367,0.796667,0.89916,0.74375,0.836066,0.954545,0.985915,0.833333,0.673077,0.711538,1.0,0.195876,0.555556,1.0,0.140541,0.466667,0.917015,0.917015,0.917015,0.532258,0.965517,0.827586,0.846188,0.19518,0.647285,0.604597,0.913815,0.868624,0.737822,0.466894,0.791544,0.953445,1.0,1.0,0.950411,0.252467,0.568844,0.929437,0.888011,0.977244,0.929517,0.72661,0.823391,0.524067,0.561927,0.695145,0.977221,0.891044,0.916218,0.96761,0.95953,0.997274,0.979398,0.642285,0.746011,0.940328,1.0,0.997347,0.965181,0.039676,0.859978,0.833279,0.819095,0.881365,0.935201,0.590069,0.823782,0.947777,0.980257,0.93905,0.570769,0.844418,0.709957,0.942029,0.717073,0.891473,0.961326,0.320792,0.879581
109,0.995991,0.884742,0.980881,0.820996,0.998695,0.914863,0.080355,0.051551,0.358466,0.842217,0.476539,0.750332,0.343533,0.148513,0.904219,0.999431,0.990178,0.998764,0.99947,0.926244,0.999281,0.842933,0.827265,0.895423,0.921465,0.336957,0.398026,0.83197,0.808357,0.90641,0.778586,0.906601,0.741163,0.839139,0.949963,0.98476,0.838392,0.70395,0.712963,1.0,0.187715,0.583333,1.0,0.12746,0.466667,0.94055,0.94055,0.94055,0.522225,0.965517,0.817156,0.862696,0.193899,0.65275,0.592726,0.919786,0.868094,0.74434,0.463974,0.796696,0.965296,0.999774,0.993181,0.957964,0.234012,0.568673,0.928625,0.882164,0.975727,0.932399,0.745416,0.829296,0.539394,0.568704,0.69418,0.974872,0.89952,0.919806,0.974547,0.958441,0.996674,0.985179,0.634563,0.747123,0.946145,0.999537,0.998138,0.963368,0.039936,0.875067,0.852432,0.837782,0.901722,0.951616,0.610561,0.821262,0.960579,0.985668,0.954241,0.564227,0.839865,0.701574,0.939882,0.722509,0.89868,0.969684,0.311797,0.89007
110,0.99428,0.885533,0.979828,0.80539,0.999156,0.917729,0.082581,0.055399,0.35652,0.841821,0.471919,0.753219,0.342122,0.143119,0.904014,0.998656,0.987519,0.995616,0.997934,0.946496,0.997204,0.832424,0.815616,0.881437,0.904263,0.29946,0.386638,0.849652,0.839121,0.928985,0.757354,0.914212,0.734082,0.846995,0.943696,0.981593,0.841752,0.739517,0.716524,1.0,0.175258,0.618519,1.0,0.11623,0.466667,0.960786,0.960786,0.960786,0.514378,0.965517,0.802895,0.879261,0.192837,0.657528,0.581107,0.925584,0.866645,0.749518,0.461364,0.802299,0.976271,0.999127,0.976135,0.965545,0.217808,0.568214,0.927872,0.876985,0.973968,0.939814,0.772493,0.834366,0.552238,0.578659,0.691767,0.969001,0.91133,0.925927,0.981815,0.95572,0.995175,0.990185,0.627452,0.749222,0.957587,0.99824,0.998796,0.958637,0.040586,0.89217,0.86827,0.852635,0.920751,0.966868,0.633073,0.814961,0.972751,0.990429,0.968517,0.552585,0.836335,0.692575,0.934514,0.728042,0.90535,0.977476,0.304212,0.901617
111,0.992055,0.886199,0.97841,0.789421,0.99952,0.921454,0.085039,0.06029,0.353992,0.841307,0.467926,0.756442,0.340964,0.138446,0.903878,0.997579,0.984063,0.991394,0.995478,0.96636,0.993889,0.818763,0.803463,0.862242,0.883063,0.265321,0.373302,0.865991,0.869742,0.94943,0.734258,0.921314,0.723529,0.857582,0.936869,0.976861,0.844213,0.77565,0.721154,1.0,0.161082,0.655556,1.0,0.106954,0.466667,0.977286,0.977286,0.977286,0.508072,0.965517,0.787356,0.895516,0.191999,0.661482,0.570436,0.930801,0.864491,0.753845,0.459163,0.807848,0.985798,0.998105,0.953975,0.972768,0.203925,0.567551,0.927137,0.872311,0.972001,0.949917,0.802626,0.838495,0.563503,0.591154,0.688629,0.961369,0.9243,0.933436,0.988705,0.952182,0.993225,0.994294,0.6203,0.75219,0.971673,0.996247,0.999316,0.952049,0.04143,0.909165,0.881725,0.86479,0.937818,0.980145,0.657562,0.806769,0.983537,0.994393,0.981055,0.537784,0.833477,0.683716,0.927536,0.733188,0.91166,0.984275,0.29755,0.912899
112,0.989831,0.886712,0.976906,0.774772,0.999785,0.92518,0.087311,0.06646,0.351463,0.840793,0.464141,0.760143,0.340093,0.13477,0.903741,0.996378,0.980607,0.986934,0.992183,0.983474,0.989453,0.805101,0.790969,0.841207,0.861667,0.235307,0.359529,0.879503,0.896373,0.966089,0.710586,0.927227,0.710526,0.868852,0.930602,0.971011,0.846571,0.80822,0.725783,1.0,0.147766,0.688889,1.0,0.099737,0.466667,0.989613,0.989613,0.989613,0.502659,0.965517,0.773095,0.911092,0.191392,0.664474,0.561407,0.935032,0.861845,0.757808,0.457468,0.812837,0.993308,0.996753,0.931815,0.979247,0.192436,0.566765,0.926381,0.86798,0.969864,0.960864,0.830605,0.841576,0.574089,0.605551,0.685492,0.953737,0.936256,0.941186,0.994506,0.948645,0.991276,0.997382,0.612458,0.755913,0.985423,0.993695,0.999693,0.944666,0.042275,0.923931,0.893731,0.875383,0.952287,0.990634,0.68399,0.798578,0.992178,0.997408,0.991031,0.521766,0.830939,0.675759,0.920558,0.737463,0.917791,0.989659,0.291322,0.922594
113,0.98812,0.887042,0.975593,0.763125,0.999946,0.928046,0.088981,0.074142,0.349518,0.840397,0.460144,0.764468,0.339545,0.132364,0.903532,0.995231,0.977949,0.983077,0.988134,0.995475,0.984018,0.794592,0.778298,0.821698,0.843877,0.210186,0.346831,0.8887,0.915172,0.9773,0.687626,0.931274,0.696092,0.878757,0.926019,0.964491,0.849623,0.833098,0.729345,1.0,0.137887,0.712963,1.0,0.094681,0.466667,0.99733,0.99733,0.99733,0.497496,0.965517,0.762665,0.925623,0.191023,0.66637,0.554714,0.937868,0.85892,0.761896,0.45638,0.816762,0.998232,0.995117,0.914768,0.9846,0.183413,0.565941,0.925563,0.863829,0.967593,0.970807,0.851214,0.843503,0.584898,0.621209,0.683078,0.947866,0.945024,0.948034,0.998508,0.945923,0.989776,0.999325,0.603274,0.760273,0.995859,0.990722,0.999922,0.937547,0.042925,0.934346,0.905222,0.88555,0.963527,0.997523,0.712314,0.792277,0.997918,0.999327,0.99762,0.506473,0.828369,0.669462,0.915191,0.740383,0.923922,0.9932,0.285041,0.929381
114,0.987435,0.887158,0.974747,0.756162,1.0,0.929192,0.08963,0.083571,0.348739,0.840239,0.455516,0.769561,0.339355,0.1315,0.903181,0.994314,0.976886,0.98066,0.983415,1.0,0.977702,0.790389,0.765614,0.807083,0.833496,0.190727,0.33672,0.892096,0.922293,0.981406,0.666667,0.932773,0.68125,0.885246,0.924242,0.957746,0.854167,0.846154,0.730769,1.0,0.134021,0.722222,1.0,0.091892,0.466667,1.0,1.0,1.0,0.491935,0.965517,0.758621,0.93874,0.190899,0.667032,0.55105,0.938904,0.85593,0.766598,0.455995,0.819118,1.0,0.993243,0.90795,0.988439,0.176927,0.565161,0.924643,0.859695,0.965223,0.977903,0.859242,0.844168,0.596832,0.637491,0.682113,0.945518,0.94843,0.952833,1.0,0.944835,0.989176,1.0,0.592098,0.765156,1.0,0.987466,1.0,0.931755,0.043185,0.938289,0.917131,0.896427,0.970901,1.0,0.742494,0.789756,1.0,1.0,1.0,0.493846,0.825416,0.665584,0.913043,0.741463,0.930233,0.994475,0.278218,0.931937
115,0.988366,0.886979,0.974317,0.752559,0.997005,0.92565,0.089243,0.105145,0.357565,0.852073,0.450512,0.777017,0.342843,0.133414,0.900631,0.993664,0.976904,0.979462,0.972144,0.987617,0.961486,0.791146,0.752963,0.796663,0.828296,0.17453,0.329102,0.889547,0.920417,0.981387,0.647268,0.930295,0.659926,0.889306,0.924242,0.947872,0.863426,0.850843,0.729345,1.0,0.134021,0.713992,0.99537,0.09049,0.466667,1.0,1.0,1.0,0.486518,0.968072,0.758621,0.95181,0.191663,0.664037,0.549241,0.938563,0.852264,0.771626,0.457398,0.820243,0.999714,0.989914,0.910658,0.991348,0.172069,0.564473,0.923389,0.855451,0.962794,0.983051,0.856083,0.836084,0.60933,0.656826,0.682586,0.949553,0.944707,0.956233,0.998402,0.948921,0.989978,0.989655,0.575883,0.774374,0.997657,0.981826,0.998303,0.9274,0.042818,0.936408,0.930146,0.90822,0.975638,0.99604,0.781896,0.791689,0.9983,0.995953,0.995962,0.48396,0.821753,0.66362,0.91367,0.741312,0.936792,0.993247,0.269878,0.931549
116,0.990693,0.886502,0.974017,0.749726,0.989019,0.916768,0.088276,0.144963,0.380201,0.881659,0.445492,0.78756,0.351565,0.138199,0.894695,0.993142,0.976949,0.978597,0.950356,0.956301,0.930119,0.793039,0.740218,0.787326,0.823638,0.159244,0.32256,0.882925,0.915729,0.981331,0.62826,0.923723,0.629289,0.893139,0.924242,0.933527,0.878241,0.853894,0.725783,1.0,0.134021,0.693416,0.983796,0.089449,0.466667,1.0,1.0,1.0,0.481847,0.974457,0.758621,0.965544,0.193649,0.656319,0.547675,0.937599,0.847484,0.776541,0.461432,0.82096,0.99892,0.984144,0.917676,0.994063,0.167869,0.563814,0.921774,0.851184,0.960256,0.988126,0.848183,0.815874,0.621569,0.680645,0.683913,0.959643,0.935398,0.959504,0.994408,0.959137,0.991982,0.963453,0.553545,0.789548,0.991507,0.972758,0.993796,0.923629,0.041873,0.931322,0.9437,0.920093,0.979507,0.985581,0.832464,0.796839,0.993617,0.985677,0.985461,0.475192,0.817596,0.662327,0.915369,0.74087,0.943471,0.990178,0.260216,0.93058
117,0.993718,0.885817,0.973777,0.747446,0.977538,0.905165,0.087018,0.196811,0.410891,0.92012,0.44019,0.800036,0.362903,0.144419,0.886601,0.992658,0.977007,0.977902,0.921008,0.914797,0.889365,0.795501,0.727279,0.778824,0.819701,0.145711,0.316624,0.873762,0.909634,0.981236,0.609837,0.91435,0.595221,0.896516,0.924242,0.917505,0.895833,0.85609,0.721154,1.0,0.134021,0.666667,0.96875,0.088649,0.466667,1.0,1.0,1.0,0.477375,0.982759,0.758621,0.978585,0.196403,0.645782,0.546389,0.936105,0.842062,0.781602,0.467834,0.821486,0.997712,0.976326,0.927344,0.996436,0.16431,0.563098,0.92006,0.847061,0.957516,0.992744,0.837914,0.789601,0.634056,0.706812,0.685957,0.972759,0.923296,0.962427,0.989215,0.972417,0.994588,0.92864,0.527377,0.807275,0.982871,0.96198,0.987358,0.920057,0.040583,0.923871,0.956841,0.931617,0.982691,0.970756,0.886023,0.804239,0.986578,0.971974,0.970914,0.466939,0.813405,0.661358,0.917874,0.740157,0.950151,0.986188,0.250498,0.929319
118,0.996742,0.885015,0.973525,0.7455,0.964059,0.893461,0.08576,0.254478,0.443876,0.958581,0.434339,0.813287,0.374241,0.150639,0.877582,0.99212,0.977066,0.977214,0.88706,0.871851,0.84499,0.797963,0.714048,0.770907,0.816666,0.13477,0.310822,0.863596,0.90354,0.981105,0.592191,0.903469,0.563603,0.899211,0.924242,0.902601,0.913426,0.858215,0.716524,1.0,0.134021,0.639918,0.953704,0.087968,0.466667,1.0,1.0,1.0,0.472554,0.99106,0.758621,0.989579,0.199465,0.63433,0.545424,0.934171,0.836467,0.78707,0.476341,0.822037,0.996185,0.966851,0.938002,0.998316,0.161374,0.562239,0.918509,0.843246,0.954481,0.996518,0.827644,0.763327,0.647303,0.733188,0.68858,0.985875,0.911194,0.964784,0.984023,0.985698,0.997194,0.892463,0.499674,0.824151,0.973068,0.951211,0.979868,0.916299,0.039182,0.914892,0.968619,0.942363,0.985368,0.953697,0.9344,0.812916,0.977811,0.957643,0.954738,0.458597,0.80964,0.660366,0.920916,0.739192,0.95671,0.982198,0.241989,0.928059
119,0.999069,0.884186,0.97319,0.743671,0.950078,0.884273,0.084792,0.311749,0.473398,0.988166,0.427674,0.826157,0.382963,0.155423,0.868867,0.991438,0.977111,0.976369,0.851467,0.83621,0.802759,0.799856,0.700427,0.763326,0.814713,0.12726,0.304681,0.853961,0.898851,0.980936,0.575514,0.892372,0.540319,0.900994,0.924242,0.891609,0.928241,0.861052,0.712963,1.0,0.134021,0.619342,0.94213,0.087287,0.466667,1.0,1.0,1.0,0.466838,0.997446,0.758621,0.997169,0.202381,0.623866,0.544816,0.93189,0.831173,0.793204,0.48669,0.82283,0.994433,0.956111,0.94799,0.999554,0.159043,0.561149,0.917386,0.839904,0.951055,0.999065,0.819745,0.743117,0.661817,0.757637,0.691642,0.995964,0.901885,0.966358,0.980028,0.995914,0.999198,0.86217,0.472728,0.836772,0.96342,0.94217,0.972203,0.91197,0.037902,0.905224,0.978081,0.9519,0.98772,0.936536,0.96942,0.821903,0.967943,0.945486,0.939351,0.449562,0.80676,0.659004,0.924226,0.737995,0.963031,0.979128,0.235956,0.927089
120,1.0,0.88342,0.972701,0.741741,0.937093,0.88022,0.084405,0.362413,0.493697,1.0,0.419929,0.837489,0.386452,0.157337,0.861687,0.990523,0.977129,0.975205,0.817188,0.816621,0.768439,0.800613,0.686316,0.755833,0.814021,0.124022,0.297732,0.846392,0.896976,0.98073,0.56,0.882353,0.53125,0.901639,0.924242,0.887324,0.9375,0.865385,0.711538,1.0,0.134021,0.611111,0.9375,0.086486,0.466667,1.0,1.0,1.0,0.459677,1.0,0.758621,1.0,0.204693,0.616292,0.544605,0.929351,0.826649,0.800263,0.498617,0.824081,0.992551,0.944498,0.955649,1.0,0.1573,0.559744,0.916953,0.837202,0.947146,1.0,0.816585,0.735033,0.678108,0.778019,0.695008,1.0,0.898162,0.966932,0.97843,1.0,1.0,0.845008,0.448834,0.841736,0.955246,0.936576,0.965243,0.906685,0.036977,0.895706,0.984278,0.959799,0.989927,0.921405,0.98291,0.830229,0.957601,0.938302,0.927169,0.439231,0.805226,0.656926,0.927536,0.736585,0.968992,0.977901,0.233663,0.926702
121,0.999632,0.88257,0.971767,0.739971,0.923727,0.879741,0.088841,0.407692,0.50517,0.999901,0.407787,0.848012,0.382634,0.157044,0.855668,0.98852,0.97546,0.973398,0.781872,0.809216,0.741058,0.796071,0.671715,0.748957,0.814598,0.12335,0.288823,0.84039,0.899086,0.970407,0.545975,0.872846,0.532176,0.900425,0.921312,0.889411,0.942901,0.874945,0.716435,1.0,0.134021,0.611111,0.9375,0.08546,0.468313,1.0,1.0,1.0,0.448945,0.994253,0.761175,0.999043,0.206299,0.611412,0.547987,0.925175,0.823025,0.810007,0.53163,0.82966,0.990245,0.929553,0.961881,0.99912,0.156054,0.555991,0.917181,0.835232,0.942304,0.997919,0.830171,0.75466,0.698685,0.794397,0.700989,0.999933,0.899773,0.964549,0.978501,0.99917,0.99856,0.838223,0.427034,0.839396,0.948347,0.933823,0.958694,0.898158,0.036292,0.884894,0.988391,0.966583,0.992198,0.906815,0.980362,0.838345,0.942557,0.935222,0.918043,0.425959,0.804558,0.650264,0.931249,0.73139,0.975277,0.979128,0.233957,0.930192
122,0.998627,0.881533,0.970207,0.738574,0.908438,0.87946,0.101127,0.452808,0.513333,0.999628,0.390343,0.858825,0.372716,0.156283,0.84972,0.985087,0.971165,0.97088,0.742398,0.803785,0.715542,0.78425,0.656673,0.742974,0.816041,0.122911,0.278054,0.834556,0.90436,0.944946,0.533241,0.862689,0.534491,0.897389,0.913518,0.894627,0.94784,0.890992,0.729345,1.0,0.134021,0.611111,0.9375,0.084284,0.472428,1.0,1.0,1.0,0.433936,0.97931,0.767561,0.996476,0.207563,0.607458,0.556441,0.918481,0.819913,0.822873,0.594997,0.841549,0.987165,0.909583,0.968305,0.9968,0.155128,0.54896,0.917751,0.833779,0.936316,0.992715,0.864137,0.803728,0.724036,0.808798,0.710723,0.999738,0.904047,0.958591,0.978696,0.997096,0.994731,0.833556,0.405249,0.833546,0.941621,0.931891,0.951781,0.885922,0.035612,0.871605,0.992129,0.972947,0.99449,0.890762,0.973493,0.847156,0.92069,0.933158,0.909906,0.409736,0.80398,0.637543,0.935767,0.720564,0.982135,0.982198,0.23469,0.938918
123,0.997133,0.880461,0.968119,0.737265,0.892481,0.879278,0.119732,0.497548,0.520116,0.999211,0.370944,0.869326,0.358999,0.155227,0.844007,0.980895,0.965317,0.967872,0.700568,0.799558,0.691502,0.767856,0.641164,0.737256,0.817916,0.122604,0.266821,0.829069,0.911217,0.911935,0.521204,0.852281,0.5375,0.893443,0.902357,0.901408,0.952083,0.9106,0.747596,1.0,0.134021,0.611111,0.9375,0.083108,0.477778,1.0,1.0,1.0,0.416239,0.958621,0.775862,0.992759,0.208727,0.60398,0.567431,0.910112,0.817006,0.837142,0.673099,0.857139,0.983328,0.886131,0.97433,0.993516,0.154376,0.540221,0.918491,0.832538,0.929443,0.985951,0.908293,0.867516,0.751644,0.822035,0.722303,0.999423,0.910147,0.950846,0.978988,0.9944,0.989253,0.829997,0.38409,0.825941,0.93503,0.930377,0.94466,0.872323,0.03499,0.85706,0.995324,0.978721,0.99661,0.874601,0.963468,0.856374,0.895788,0.93158,0.902299,0.39241,0.803507,0.622004,0.940821,0.706718,0.988803,0.986188,0.235644,0.950262
124,0.9953,0.879506,0.965602,0.735755,0.877106,0.879093,0.143125,0.541701,0.527448,0.998686,0.352941,0.878915,0.343784,0.154051,0.838687,0.976615,0.958984,0.964592,0.658185,0.795765,0.66855,0.749595,0.625163,0.731175,0.819792,0.122327,0.256524,0.82411,0.918073,0.87896,0.50927,0.84202,0.540509,0.889496,0.889325,0.90819,0.955401,0.930844,0.768519,1.0,0.134021,0.611111,0.9375,0.082082,0.483128,1.0,1.0,1.0,0.397442,0.935632,0.784163,0.988349,0.210034,0.600525,0.578421,0.900909,0.814002,0.851095,0.750312,0.873818,0.978747,0.860743,0.979364,0.989746,0.153649,0.531343,0.919232,0.831208,0.921947,0.979187,0.952448,0.931305,0.778994,0.83492,0.733824,0.998996,0.917234,0.943101,0.979352,0.991704,0.982862,0.826533,0.364168,0.818337,0.928539,0.928875,0.937484,0.859705,0.03448,0.842481,0.997811,0.983732,0.998364,0.859691,0.951451,0.865712,0.871638,0.929961,0.894767,0.375831,0.803151,0.606891,0.946144,0.692464,0.994513,0.990178,0.236597,0.961606
125,0.993276,0.878822,0.962751,0.73376,0.863567,0.878804,0.169775,0.585054,0.537256,0.998083,0.339683,0.886989,0.329372,0.152929,0.833923,0.972921,0.953238,0.96126,0.61705,0.791636,0.646298,0.732175,0.608643,0.724105,0.821234,0.12198,0.248561,0.819858,0.923347,0.853611,0.496845,0.832303,0.542824,0.88646,0.87592,0.913406,0.957562,0.948799,0.789441,1.0,0.134021,0.611111,0.9375,0.081356,0.487243,1.0,1.0,1.0,0.379134,0.913793,0.790549,0.983705,0.211727,0.596643,0.586876,0.891715,0.810595,0.86301,0.811019,0.888975,0.973437,0.83496,0.982818,0.985968,0.152802,0.523894,0.919801,0.829487,0.914089,0.973983,0.986414,0.980373,0.803568,0.848264,0.743382,0.998465,0.924472,0.937143,0.97976,0.98963,0.976296,0.822154,0.346096,0.812487,0.922112,0.926981,0.930409,0.850415,0.034135,0.829093,0.999425,0.987811,0.999559,0.847387,0.938606,0.874882,0.852028,0.927771,0.886853,0.361847,0.802928,0.595445,0.951467,0.680411,0.998501,0.993247,0.23733,0.970332
126,0.99121,0.878559,0.959666,0.730991,0.853114,0.878312,0.198151,0.627395,0.551471,0.997437,0.33452,0.892949,0.318065,0.152037,0.829876,0.970485,0.949148,0.958096,0.578967,0.786401,0.624357,0.718303,0.591579,0.715417,0.821811,0.121462,0.244329,0.816495,0.925457,0.843475,0.483333,0.823529,0.54375,0.885246,0.863636,0.915493,0.958333,0.961538,0.807692,1.0,0.134021,0.611111,0.9375,0.081081,0.488889,1.0,1.0,1.0,0.362903,0.896552,0.793103,0.979286,0.214048,0.591882,0.590257,0.883372,0.806479,0.871168,0.839597,0.9,0.967412,0.810328,0.9841,0.982659,0.151687,0.519445,0.920029,0.827072,0.90613,0.971902,1.0,1.0,0.82285,0.862881,0.749069,0.99784,0.931023,0.93476,0.980187,0.9888,0.970295,0.815848,0.330486,0.810147,0.915714,0.924292,0.923587,0.846797,0.034008,0.818116,1.0,0.990787,1.0,0.839047,0.926097,0.883596,0.840745,0.924482,0.878099,0.352308,0.80285,0.590909,0.956522,0.673171,1.0,0.994475,0.237624,0.973822
127,0.98831,0.878971,0.95529,0.724205,0.845255,0.871849,0.242484,0.674003,0.596542,0.996704,0.33457,0.897247,0.308525,0.151267,0.826313,0.969126,0.94664,0.95504,0.543454,0.780291,0.602223,0.707812,0.57345,0.70319,0.821684,0.120598,0.242742,0.813619,0.92217,0.845304,0.466695,0.815608,0.541898,0.887675,0.850231,0.907147,0.958333,0.970747,0.823718,0.989418,0.133496,0.608282,0.9375,0.081081,0.488889,1.0,1.0,1.0,0.347814,0.881865,0.786638,0.974363,0.220205,0.584997,0.587428,0.875442,0.801236,0.876803,0.845766,0.907464,0.958575,0.785604,0.98127,0.979327,0.149984,0.517102,0.917975,0.821626,0.896999,0.972756,0.996481,0.995151,0.837972,0.880125,0.751606,0.995229,0.938011,0.935695,0.980835,0.988838,0.964421,0.805428,0.315724,0.810856,0.909099,0.918834,0.917185,0.848559,0.034178,0.808353,0.994758,0.993114,0.99848,0.833273,0.911711,0.891648,0.835955,0.915694,0.867718,0.346449,0.803026,0.591951,0.962024,0.669334,0.996555,0.993621,0.236607,0.971502
128,0.984199,0.880134,0.94911,0.711274,0.838474,0.855468,0.309616,0.726136,0.682921,0.995776,0.334721,0.900853,0.298534,0.150453,0.822955,0.968109,0.944712,0.951905,0.508887,0.773901,0.580062,0.698399,0.554126,0.686918,0.821318,0.119378,0.241641,0.810835,0.91379,0.850318,0.446946,0.808141,0.537269,0.893746,0.834019,0.886281,0.958333,0.97965,0.839744,0.962963,0.132111,0.600823,0.9375,0.081081,0.488889,1.0,1.0,1.0,0.332375,0.866411,0.770115,0.968376,0.231534,0.575943,0.579931,0.867163,0.794845,0.882092,0.850118,0.913892,0.945858,0.759286,0.973666,0.975493,0.147683,0.514986,0.912699,0.812208,0.886219,0.97489,0.98721,0.982355,0.851745,0.899657,0.753283,0.989733,0.946341,0.938233,0.981796,0.988934,0.95798,0.790314,0.300675,0.812629,0.902249,0.910114,0.911109,0.853397,0.034634,0.798379,0.981574,0.99528,0.99457,0.827944,0.89384,0.899235,0.832768,0.899629,0.855866,0.341913,0.803466,0.594557,0.968331,0.665854,0.987941,0.991249,0.233907,0.965234
129,0.979653,0.881937,0.942031,0.693586,0.832492,0.831806,0.386933,0.777552,0.78853,0.994594,0.334971,0.903943,0.289065,0.149676,0.819887,0.967275,0.943049,0.948711,0.475353,0.767008,0.558488,0.689567,0.534171,0.668094,0.820735,0.117952,0.24082,0.808337,0.902538,0.857812,0.426577,0.801062,0.53125,0.901639,0.81734,0.859155,0.958333,0.987637,0.855769,0.928571,0.130155,0.590278,0.9375,0.081081,0.488889,1.0,1.0,1.0,0.317344,0.851724,0.747845,0.962036,0.245472,0.566067,0.569257,0.858893,0.787598,0.886732,0.853336,0.919606,0.930818,0.732531,0.962621,0.97165,0.145109,0.513184,0.905528,0.800607,0.874939,0.977665,0.974115,0.96424,0.864166,0.919749,0.754548,0.982851,0.954849,0.941974,0.982879,0.989058,0.951323,0.771908,0.286663,0.814933,0.895458,0.899948,0.905124,0.860632,0.035301,0.78908,0.964259,0.997169,0.989246,0.82333,0.874551,0.906671,0.830385,0.879694,0.843508,0.338158,0.804038,0.597944,0.974638,0.662881,0.976744,0.98765,0.230053,0.956058
130,0.975447,0.88427,0.934962,0.672528,0.827029,0.803498,0.461822,0.822007,0.891297,0.993093,0.335318,0.906691,0.281095,0.149018,0.817195,0.966462,0.941336,0.945481,0.442941,0.759387,0.538115,0.680814,0.514147,0.648213,0.819959,0.116468,0.240069,0.806315,0.890636,0.867078,0.408079,0.794308,0.525231,0.909532,0.802531,0.832029,0.958333,0.994098,0.871795,0.89418,0.127911,0.578189,0.9375,0.081081,0.488889,1.0,1.0,1.0,0.303476,0.839336,0.724138,0.956052,0.259456,0.556717,0.556894,0.850989,0.779787,0.890422,0.856103,0.924925,0.915013,0.706493,0.94947,0.968293,0.142587,0.511787,0.89779,0.788612,0.864311,0.980439,0.959125,0.943433,0.875235,0.938671,0.755853,0.976081,0.962368,0.946518,0.98389,0.989183,0.944803,0.751608,0.275014,0.817237,0.889025,0.89015,0.898997,0.869591,0.0361,0.781342,0.946625,0.998664,0.983483,0.819699,0.855914,0.914272,0.828006,0.85929,0.831605,0.334642,0.80461,0.601331,0.98014,0.660569,0.965547,0.983112,0.22557,0.945012
131,0.972355,0.887024,0.928807,0.649487,0.821808,0.773178,0.521668,0.853259,0.969145,0.991214,0.335761,0.909274,0.275598,0.148563,0.814963,0.965509,0.939257,0.942238,0.411738,0.750816,0.519558,0.671643,0.494616,0.628767,0.819011,0.115076,0.239181,0.804961,0.880306,0.87741,0.393945,0.787813,0.520602,0.915604,0.791932,0.811163,0.958333,0.998423,0.887821,0.867725,0.125668,0.566101,0.9375,0.081081,0.488889,1.0,1.0,1.0,0.291529,0.830779,0.703305,0.951135,0.270924,0.549239,0.544331,0.843808,0.771706,0.892858,0.859104,0.93017,0.9,0.68233,0.935544,0.965916,0.140441,0.510883,0.890813,0.778013,0.855483,0.982573,0.944169,0.922561,0.884948,0.954695,0.757646,0.97092,0.967734,0.951468,0.984637,0.989278,0.938769,0.730817,0.267052,0.81901,0.883246,0.882534,0.892494,0.879596,0.036954,0.77605,0.932484,0.999646,0.978255,0.817324,0.839997,0.922354,0.824832,0.841825,0.82112,0.330821,0.80505,0.603936,0.984031,0.65907,0.956934,0.977925,0.220988,0.933135
132,0.971152,0.890087,0.924475,0.625852,0.816548,0.743481,0.553859,0.865063,1.0,0.988894,0.336299,0.911866,0.273548,0.148394,0.813278,0.964257,0.936496,0.939003,0.381832,0.741071,0.503431,0.661554,0.47614,0.61125,0.817916,0.113924,0.237949,0.804467,0.873769,0.8881,0.386667,0.781513,0.51875,0.918033,0.787879,0.802817,0.958333,1.0,0.903846,0.857143,0.123711,0.555556,0.9375,0.081081,0.488889,1.0,1.0,1.0,0.282258,0.827586,0.689655,0.947995,0.277311,0.544981,0.533058,0.837707,0.763648,0.893737,0.863023,0.935662,0.887337,0.661197,0.922176,0.965014,0.138996,0.510562,0.885924,0.770599,0.849605,0.983427,0.931175,0.904252,0.893304,0.966092,0.760378,0.968867,0.969782,0.956421,0.984929,0.989316,0.933574,0.710935,0.264104,0.819719,0.878419,0.878917,0.885381,0.889972,0.037787,0.774089,0.925647,1.0,0.974538,0.816472,0.828868,0.931232,0.820062,0.830701,0.813017,0.326154,0.805226,0.604978,0.985507,0.658537,0.953488,0.972376,0.216832,0.921466
133,0.971348,0.895131,0.921366,0.598182,0.810682,0.706364,0.565599,0.848636,0.994765,0.983589,0.342704,0.914191,0.273962,0.148565,0.812085,0.962175,0.932149,0.935949,0.352307,0.729547,0.488071,0.648623,0.457096,0.594902,0.814657,0.113061,0.235858,0.813351,0.869942,0.903774,0.383828,0.7747,0.51875,0.91439,0.790123,0.802817,0.96142,1.0,0.922098,0.857143,0.122112,0.54501,0.9375,0.081081,0.485597,1.0,1.0,1.0,0.275602,0.83014,0.681114,0.946369,0.280165,0.542884,0.522534,0.832047,0.754141,0.891926,0.867543,0.942086,0.875581,0.642356,0.908063,0.965532,0.138025,0.510865,0.882918,0.765854,0.84568,0.98162,0.919983,0.885768,0.900149,0.974512,0.766804,0.97005,0.969297,0.962999,0.984482,0.987506,0.929189,0.688564,0.264165,0.807669,0.874775,0.878101,0.876127,0.9053,0.038521,0.781868,0.923857,0.998415,0.9723,0.817432,0.822123,0.94284,0.807585,0.824028,0.806334,0.32074,0.803856,0.602894,0.984255,0.658537,0.954673,0.964504,0.212944,0.906694
134,0.971838,0.903221,0.9184,0.563863,0.804301,0.657518,0.573623,0.807567,0.980819,0.973635,0.358863,0.916073,0.275159,0.148995,0.811182,0.959211,0.925968,0.93309,0.322815,0.715839,0.472347,0.632811,0.436679,0.578353,0.808301,0.112364,0.232902,0.835561,0.866383,0.926564,0.381389,0.767265,0.51875,0.905282,0.795735,0.802817,0.969136,1.0,0.94302,0.857143,0.120657,0.532922,0.9375,0.081081,0.477366,1.0,1.0,1.0,0.270481,0.836526,0.673052,0.945312,0.282684,0.541034,0.511451,0.826285,0.74263,0.887398,0.872096,0.949326,0.863103,0.624459,0.891698,0.966828,0.137118,0.511712,0.880518,0.761898,0.842061,0.976528,0.90902,0.86446,0.905732,0.982445,0.778485,0.973009,0.968084,0.972007,0.983196,0.982678,0.925254,0.661869,0.264346,0.776592,0.871999,0.877586,0.864548,0.927685,0.03922,0.801315,0.922332,0.994152,0.970636,0.819832,0.817295,0.957399,0.785385,0.817858,0.799792,0.314969,0.800316,0.597683,0.980855,0.658537,0.957795,0.9531,0.208862,0.887061
135,0.972476,0.913331,0.915765,0.525526,0.798109,0.605184,0.579607,0.754179,0.960805,0.960287,0.381944,0.917833,0.277073,0.149553,0.810432,0.95592,0.918625,0.930218,0.294292,0.700029,0.457666,0.616453,0.416686,0.562178,0.800492,0.111726,0.229636,0.864433,0.863285,0.952026,0.379401,0.760037,0.51875,0.893443,0.80303,0.802817,0.979167,1.0,0.963942,0.857143,0.119201,0.520833,0.9375,0.081081,0.466667,1.0,1.0,1.0,0.266129,0.844828,0.665948,0.944511,0.284788,0.539491,0.500141,0.820924,0.730779,0.881512,0.876985,0.956497,0.851177,0.607744,0.874108,0.968512,0.136326,0.51301,0.878442,0.758478,0.83893,0.968642,0.898089,0.843086,0.910658,0.989427,0.794078,0.976854,0.966508,0.981828,0.981154,0.975744,0.921618,0.634591,0.264645,0.734099,0.869564,0.877227,0.852431,0.952738,0.040014,0.826597,0.9211,0.987951,0.969213,0.822952,0.813365,0.972652,0.75881,0.812507,0.793868,0.308734,0.795456,0.590909,0.975845,0.658537,0.962209,0.939585,0.204661,0.865931
136,0.973113,0.924437,0.91365,0.485799,0.792813,0.5576,0.585228,0.70079,0.937362,0.9448,0.409116,0.919797,0.279637,0.150111,0.8097,0.952857,0.910793,0.927121,0.267673,0.682197,0.445436,0.601881,0.39891,0.546954,0.792877,0.11104,0.226617,0.893305,0.860837,0.975715,0.377917,0.753847,0.51875,0.881603,0.810325,0.802817,0.989198,1.0,0.982194,0.857143,0.117602,0.510288,0.9375,0.081081,0.455967,1.0,1.0,1.0,0.261777,0.853129,0.660281,0.943652,0.286393,0.538315,0.488938,0.816471,0.720254,0.875626,0.882512,0.962714,0.84108,0.592451,0.856321,0.970197,0.135698,0.514667,0.876411,0.755341,0.836468,0.958454,0.886997,0.824403,0.915528,0.99499,0.812243,0.9807,0.964932,0.990845,0.978441,0.967612,0.918131,0.610473,0.265062,0.687801,0.866941,0.876882,0.841563,0.976068,0.041032,0.851879,0.920186,0.98055,0.967699,0.826071,0.809313,0.98634,0.733207,0.808293,0.789043,0.301925,0.790128,0.584135,0.969762,0.658537,0.96727,0.925376,0.200415,0.846672
137,0.973604,0.935516,0.912243,0.447311,0.789117,0.523008,0.592163,0.659721,0.913132,0.928429,0.437549,0.922286,0.282786,0.15054,0.80885,0.950577,0.903144,0.923591,0.243896,0.662426,0.437065,0.591426,0.385147,0.533258,0.787101,0.110196,0.224398,0.915515,0.859228,0.993188,0.376988,0.749525,0.51875,0.872495,0.815937,0.802817,0.996914,1.0,0.995103,0.857143,0.115717,0.502829,0.9375,0.081081,0.447737,1.0,1.0,1.0,0.256656,0.859515,0.656529,0.94242,0.287416,0.537565,0.478172,0.813429,0.712718,0.871098,0.888982,0.967094,0.834086,0.578818,0.839366,0.971493,0.135284,0.51659,0.874144,0.752234,0.834858,0.946455,0.875547,0.811171,0.920947,0.99867,0.831637,0.983658,0.963719,0.997442,0.975139,0.95919,0.914643,0.593258,0.265594,0.645308,0.863604,0.876406,0.833732,0.993285,0.042406,0.871326,0.919619,0.972688,0.965761,0.828471,0.80412,0.996209,0.713924,0.805532,0.785796,0.294434,0.785183,0.578924,0.963142,0.658537,0.97233,0.911892,0.196196,0.832648
138,0.9738,0.945542,0.911732,0.41269,0.787729,0.509646,0.60209,0.643294,0.890756,0.912431,0.464413,0.925623,0.286452,0.150712,0.807746,0.949634,0.89635,0.919415,0.223897,0.640797,0.433962,0.587423,0.377193,0.521667,0.78481,0.109088,0.223535,0.924399,0.85865,1.0,0.376667,0.747899,0.51875,0.868852,0.818182,0.802817,1.0,1.0,1.0,0.857143,0.113402,0.5,0.9375,0.081081,0.444444,1.0,1.0,1.0,0.25,0.862069,0.655172,0.940502,0.287775,0.537301,0.468178,0.812303,0.709836,0.869287,0.896698,0.96875,0.831471,0.567085,0.824268,0.972011,0.135135,0.518687,0.871359,0.748903,0.834282,0.933136,0.863544,0.806148,0.927517,1.0,0.850917,0.984841,0.963234,1.0,0.971334,0.951388,0.911004,0.586688,0.26624,0.614231,0.859025,0.875658,0.830724,1.0,0.044265,0.879105,0.919424,0.965103,0.963067,0.829431,0.796767,1.0,0.706308,0.804541,0.784607,0.286154,0.781473,0.57684,0.956522,0.658537,0.976744,0.900552,0.192079,0.827225
139,0.971128,0.954687,0.915058,0.381333,0.790736,0.509978,0.61652,0.654764,0.869628,0.896266,0.490562,0.931397,0.294287,0.149814,0.806305,0.949553,0.89028,0.91422,0.206536,0.615827,0.441798,0.588155,0.372958,0.511575,0.788067,0.107424,0.223749,0.924333,0.864037,0.999961,0.376813,0.753132,0.521209,0.868852,0.818182,0.805034,0.998023,0.993189,0.997329,0.857143,0.110276,0.503729,0.9375,0.081081,0.448302,1.0,1.0,1.0,0.241119,0.858397,0.658844,0.933501,0.287762,0.538378,0.458831,0.81331,0.711606,0.87306,0.906962,0.968718,0.831631,0.556644,0.810701,0.971637,0.135346,0.521517,0.867965,0.74539,0.834906,0.913692,0.850968,0.807895,0.935452,0.99394,0.870871,0.984838,0.964605,0.996101,0.964088,0.943989,0.907239,0.586798,0.272592,0.591954,0.851301,0.874193,0.833506,0.999852,0.083439,0.874001,0.921027,0.95747,0.958477,0.826768,0.784549,0.992861,0.70727,0.805714,0.784685,0.276675,0.778733,0.579282,0.949432,0.660456,0.98062,0.890963,0.188051,0.827783
140,0.963723,0.963805,0.924337,0.350922,0.79924,0.5123,0.635427,0.687926,0.847418,0.878638,0.518651,0.940592,0.309132,0.147314,0.804562,0.949485,0.884357,0.90787,0.190278,0.586326,0.463916,0.590661,0.369233,0.502114,0.797288,0.105057,0.224436,0.923877,0.879031,0.999687,0.377284,0.767818,0.528009,0.868852,0.818182,0.811163,0.992284,0.974359,0.989316,0.857143,0.106147,0.514403,0.9375,0.081081,0.459259,1.0,1.0,1.0,0.230031,0.84802,0.669221,0.918274,0.28767,0.541405,0.449805,0.816261,0.716853,0.883651,0.920557,0.968491,0.832437,0.546863,0.79769,0.970557,0.135956,0.525572,0.864091,0.741904,0.836732,0.884099,0.837941,0.813367,0.944491,0.976965,0.893047,0.984814,0.968438,0.985037,0.951095,0.936185,0.903472,0.587568,0.288931,0.571104,0.839348,0.871774,0.841553,0.998814,0.188001,0.859203,0.925501,0.949016,0.951355,0.819321,0.766121,0.972673,0.710674,0.809129,0.785086,0.265761,0.77616,0.586219,0.941134,0.665763,0.984496,0.88182,0.18405,0.82994
141,0.952502,0.972895,0.938519,0.321515,0.812461,0.518603,0.658177,0.740904,0.824187,0.859663,0.548544,0.952628,0.329701,0.143508,0.802552,0.949433,0.87859,0.900507,0.175471,0.552813,0.498231,0.595412,0.366135,0.493464,0.811648,0.102096,0.225662,0.922637,0.901877,0.998944,0.378125,0.790441,0.538281,0.868852,0.818182,0.820423,0.983073,0.945913,0.975962,0.857143,0.10116,0.53125,0.9375,0.081081,0.476389,1.0,1.0,1.0,0.217022,0.831897,0.685345,0.896392,0.287419,0.546078,0.441122,0.821049,0.725479,0.899967,0.937007,0.967877,0.834381,0.537942,0.785289,0.968836,0.136927,0.530661,0.859784,0.738446,0.83969,0.846025,0.824481,0.822909,0.954522,0.950882,0.917247,0.984749,0.974314,0.967757,0.933387,0.928,0.899704,0.589659,0.313282,0.552156,0.823868,0.868566,0.854421,0.995996,0.344945,0.835484,0.932341,0.939813,0.942124,0.807901,0.742496,0.941283,0.717296,0.814629,0.78606,0.253563,0.773798,0.597064,0.931763,0.67378,0.988372,0.873179,0.180076,0.834424
142,0.938382,0.981958,0.956557,0.29317,0.82962,0.530877,0.684139,0.811825,0.799993,0.839457,0.580105,0.966928,0.35471,0.13869,0.800314,0.949394,0.872984,0.892277,0.162463,0.515805,0.542659,0.602874,0.363778,0.485803,0.830322,0.09865,0.227491,0.920224,0.930823,0.997496,0.379383,0.819483,0.551157,0.868852,0.818182,0.832029,0.970679,0.910256,0.957265,0.857143,0.095456,0.553498,0.9375,0.081081,0.498765,1.0,1.0,1.0,0.202381,0.810983,0.706258,0.869425,0.28693,0.552092,0.432805,0.827567,0.737386,0.920918,0.955832,0.96668,0.837954,0.530081,0.773554,0.966535,0.138223,0.536592,0.855095,0.735016,0.843709,0.801137,0.810608,0.836866,0.965435,0.917495,0.943271,0.984624,0.981813,0.945209,0.911996,0.919456,0.895936,0.593731,0.343671,0.535587,0.805565,0.864733,0.871663,0.990509,0.541264,0.803614,0.941042,0.929933,0.931205,0.793323,0.714687,0.900536,0.72791,0.822054,0.78786,0.240231,0.771691,0.611231,0.921453,0.68383,0.992248,0.865097,0.176128,0.841962
143,0.922281,0.990993,0.9774,0.265948,0.849939,0.551113,0.71268,0.898815,0.774894,0.818135,0.613198,0.982912,0.382872,0.133154,0.797883,0.949371,0.867548,0.883323,0.151602,0.475821,0.595116,0.613518,0.36228,0.47931,0.852485,0.094828,0.229989,0.916245,0.964115,0.995109,0.381103,0.853427,0.56577,0.868852,0.818182,0.845201,0.955392,0.869792,0.933226,0.857143,0.08918,0.580376,0.9375,0.081081,0.525463,1.0,1.0,1.0,0.186396,0.786239,0.731003,0.838945,0.286124,0.559141,0.42488,0.83571,0.752478,0.94541,0.976555,0.964708,0.843649,0.52348,0.76254,0.963719,0.139807,0.543172,0.850071,0.731616,0.84872,0.751103,0.796339,0.855583,0.977118,0.878613,0.970922,0.984417,0.990515,0.918342,0.887954,0.910577,0.892166,0.600445,0.378123,0.521872,0.785142,0.860441,0.892832,0.981462,0.763951,0.764367,0.951098,0.919449,0.919019,0.7764,0.68371,0.852277,0.743293,0.831248,0.790735,0.225916,0.76988,0.628134,0.910337,0.695235,0.996124,0.857628,0.172209,0.853282
